dataset,fit,score,fusion,variant,n_train,seed,img_ap,img_auroc,k_used,seconds
mvtec_AD/bottle,k3,nll,raw,k3|nll|raw,1,0,0.9993,0.9976,3/3,5.2
mvtec_AD/bottle,k3,maha,raw,k3|maha|raw,1,0,0.9993,0.9976,3/3,5.3
mvtec_AD/bottle,k3,chi2,raw,k3|chi2|raw,1,0,0.9993,0.9976,3/3,5.3
mvtec_AD/bottle,k3s2000,nll,raw,k3s2000|nll|raw,1,0,0.998,0.9937,3/3,6.3
mvtec_AD/bottle,k3s2000,maha,raw,k3s2000|maha|raw,1,0,0.9973,0.9913,3/3,6.4
mvtec_AD/bottle,k3s2000,chi2,raw,k3s2000|chi2|raw,1,0,0.9988,0.996,3/3,6.4
mvtec_AD/bottle,k6s2000,nll,raw,k6s2000|nll|raw,1,0,0.9983,0.9944,6/6,10.7
mvtec_AD/bottle,k6s2000,maha,raw,k6s2000|maha|raw,1,0,0.9973,0.9913,6/6,10.7
mvtec_AD/bottle,k6s2000,chi2,raw,k6s2000|chi2|raw,1,0,0.9981,0.9937,6/6,10.8
mvtec_AD/bottle,k12s2000,nll,raw,k12s2000|nll|raw,1,0,0.9995,0.9984,12/12,21.1
mvtec_AD/bottle,k12s2000,maha,raw,k12s2000|maha|raw,1,0,0.9988,0.996,12/12,21.1
mvtec_AD/bottle,k12s2000,chi2,raw,k12s2000|chi2|raw,1,0,0.9993,0.9976,12/12,21.1
mvtec_AD/bottle,k3,nll,raw,k3|nll|raw,1,1,0.999,0.9968,3/3,3.4
mvtec_AD/bottle,k3,maha,raw,k3|maha|raw,1,1,0.9992,0.9976,3/3,3.4
mvtec_AD/bottle,k3,chi2,raw,k3|chi2|raw,1,1,0.9992,0.9976,3/3,3.5
mvtec_AD/bottle,k3s2000,nll,raw,k3s2000|nll|raw,1,1,0.9998,0.9992,3/3,5.1
mvtec_AD/bottle,k3s2000,maha,raw,k3s2000|maha|raw,1,1,0.9995,0.9984,3/3,5.1
mvtec_AD/bottle,k3s2000,chi2,raw,k3s2000|chi2|raw,1,1,0.9998,0.9992,3/3,5.2
mvtec_AD/bottle,k6s2000,nll,raw,k6s2000|nll|raw,1,1,0.9995,0.9984,6/6,10.3
mvtec_AD/bottle,k6s2000,maha,raw,k6s2000|maha|raw,1,1,0.9995,0.9984,6/6,10.3
mvtec_AD/bottle,k6s2000,chi2,raw,k6s2000|chi2|raw,1,1,0.9998,0.9992,6/6,10.3
mvtec_AD/bottle,k12s2000,nll,raw,k12s2000|nll|raw,1,1,0.9998,0.9992,12/12,22.5
mvtec_AD/bottle,k12s2000,maha,raw,k12s2000|maha|raw,1,1,0.9998,0.9992,12/12,22.5
mvtec_AD/bottle,k12s2000,chi2,raw,k12s2000|chi2|raw,1,1,0.9998,0.9992,12/12,22.6
mvtec_AD/bottle,k3,nll,raw,k3|nll|raw,1,2,1.0,1.0,3/3,3.7
mvtec_AD/bottle,k3,maha,raw,k3|maha|raw,1,2,1.0,1.0,3/3,3.7
mvtec_AD/bottle,k3,chi2,raw,k3|chi2|raw,1,2,1.0,1.0,3/3,3.7
mvtec_AD/bottle,k3s2000,nll,raw,k3s2000|nll|raw,1,2,1.0,1.0,3/3,5.9
mvtec_AD/bottle,k3s2000,maha,raw,k3s2000|maha|raw,1,2,1.0,1.0,3/3,5.9
mvtec_AD/bottle,k3s2000,chi2,raw,k3s2000|chi2|raw,1,2,1.0,1.0,3/3,5.9
mvtec_AD/bottle,k6s2000,nll,raw,k6s2000|nll|raw,1,2,1.0,1.0,6/6,11.1
mvtec_AD/bottle,k6s2000,maha,raw,k6s2000|maha|raw,1,2,1.0,1.0,6/6,11.1
mvtec_AD/bottle,k6s2000,chi2,raw,k6s2000|chi2|raw,1,2,1.0,1.0,6/6,11.2
mvtec_AD/bottle,k12s2000,nll,raw,k12s2000|nll|raw,1,2,1.0,1.0,12/12,22.5
mvtec_AD/bottle,k12s2000,maha,raw,k12s2000|maha|raw,1,2,1.0,1.0,12/12,22.5
mvtec_AD/bottle,k12s2000,chi2,raw,k12s2000|chi2|raw,1,2,1.0,1.0,12/12,22.6
mvtec_AD/bottle,k3,nll,raw,k3|nll|raw,2,0,0.9969,0.9905,3/3,14.0
mvtec_AD/bottle,k3,maha,raw,k3|maha|raw,2,0,0.9967,0.9897,3/3,14.0
mvtec_AD/bottle,k3,chi2,raw,k3|chi2|raw,2,0,0.9969,0.9905,3/3,14.0
mvtec_AD/bottle,k3s2000,nll,raw,k3s2000|nll|raw,2,0,0.9978,0.9929,3/3,9.2
mvtec_AD/bottle,k3s2000,maha,raw,k3s2000|maha|raw,2,0,0.9972,0.9913,3/3,9.2
mvtec_AD/bottle,k3s2000,chi2,raw,k3s2000|chi2|raw,2,0,0.9988,0.996,3/3,9.3
mvtec_AD/bottle,k6s2000,nll,raw,k6s2000|nll|raw,2,0,0.9977,0.9929,6/6,20.2
mvtec_AD/bottle,k6s2000,maha,raw,k6s2000|maha|raw,2,0,0.9959,0.9873,6/6,20.2
mvtec_AD/bottle,k6s2000,chi2,raw,k6s2000|chi2|raw,2,0,0.9978,0.9929,6/6,20.2
mvtec_AD/bottle,k12s2000,nll,raw,k12s2000|nll|raw,2,0,0.9982,0.9944,12/12,43.4
mvtec_AD/bottle,k12s2000,maha,raw,k12s2000|maha|raw,2,0,0.9972,0.9913,12/12,43.4
mvtec_AD/bottle,k12s2000,chi2,raw,k12s2000|chi2|raw,2,0,0.9985,0.9952,12/12,43.5
mvtec_AD/bottle,k3,nll,raw,k3|nll|raw,2,1,0.9982,0.9944,3/3,8.8
mvtec_AD/bottle,k3,maha,raw,k3|maha|raw,2,1,0.9985,0.9952,3/3,8.8
mvtec_AD/bottle,k3,chi2,raw,k3|chi2|raw,2,1,0.9987,0.996,3/3,8.8
mvtec_AD/bottle,k3s2000,nll,raw,k3s2000|nll|raw,2,1,0.9992,0.9976,3/3,6.5
mvtec_AD/bottle,k3s2000,maha,raw,k3s2000|maha|raw,2,1,0.9985,0.9952,3/3,6.6
mvtec_AD/bottle,k3s2000,chi2,raw,k3s2000|chi2|raw,2,1,0.9992,0.9976,3/3,6.6
mvtec_AD/bottle,k6s2000,nll,raw,k6s2000|nll|raw,2,1,0.9995,0.9984,6/6,19.8
mvtec_AD/bottle,k6s2000,maha,raw,k6s2000|maha|raw,2,1,0.9987,0.996,6/6,19.9
mvtec_AD/bottle,k6s2000,chi2,raw,k6s2000|chi2|raw,2,1,0.9995,0.9984,6/6,19.9
mvtec_AD/bottle,k12s2000,nll,raw,k12s2000|nll|raw,2,1,0.9995,0.9984,12/12,41.1
mvtec_AD/bottle,k12s2000,maha,raw,k12s2000|maha|raw,2,1,0.9992,0.9976,12/12,41.2
mvtec_AD/bottle,k12s2000,chi2,raw,k12s2000|chi2|raw,2,1,0.9992,0.9976,12/12,41.3
mvtec_AD/bottle,k3,nll,raw,k3|nll|raw,2,2,0.9978,0.9929,3/3,8.6
mvtec_AD/bottle,k3,maha,raw,k3|maha|raw,2,2,0.9946,0.9833,3/3,8.6
mvtec_AD/bottle,k3,chi2,raw,k3|chi2|raw,2,2,0.9964,0.9889,3/3,8.7
mvtec_AD/bottle,k3s2000,nll,raw,k3s2000|nll|raw,2,2,0.9991,0.9968,3/3,15.7
mvtec_AD/bottle,k3s2000,maha,raw,k3s2000|maha|raw,2,2,0.9985,0.9952,3/3,15.9
mvtec_AD/bottle,k3s2000,chi2,raw,k3s2000|chi2|raw,2,2,0.9995,0.9984,3/3,15.9
mvtec_AD/bottle,k6s2000,nll,raw,k6s2000|nll|raw,2,2,0.9993,0.9976,6/6,19.3
mvtec_AD/bottle,k6s2000,maha,raw,k6s2000|maha|raw,2,2,0.9986,0.9952,6/6,19.4
mvtec_AD/bottle,k6s2000,chi2,raw,k6s2000|chi2|raw,2,2,0.9993,0.9976,6/6,19.5
mvtec_AD/bottle,k12s2000,nll,raw,k12s2000|nll|raw,2,2,0.9993,0.9976,12/12,58.8
mvtec_AD/bottle,k12s2000,maha,raw,k12s2000|maha|raw,2,2,0.9993,0.9976,12/12,58.8
mvtec_AD/bottle,k12s2000,chi2,raw,k12s2000|chi2|raw,2,2,0.9993,0.9976,12/12,58.8
VisA/candle,k3,nll,raw,k3|nll|raw,1,0,0.8775,0.8846,3/3,12.2
VisA/candle,k3,maha,raw,k3|maha|raw,1,0,0.8674,0.8836,3/3,12.3
VisA/candle,k3,chi2,raw,k3|chi2|raw,1,0,0.8834,0.8995,3/3,12.4
VisA/candle,k3s2000,nll,raw,k3s2000|nll|raw,1,0,0.8795,0.8678,3/3,9.3
VisA/candle,k3s2000,maha,raw,k3s2000|maha|raw,1,0,0.8693,0.8659,3/3,9.4
VisA/candle,k3s2000,chi2,raw,k3s2000|chi2|raw,1,0,0.8901,0.8929,3/3,9.5
VisA/candle,k6s2000,nll,raw,k6s2000|nll|raw,1,0,0.8766,0.8669,6/6,15.3
VisA/candle,k6s2000,maha,raw,k6s2000|maha|raw,1,0,0.8671,0.8584,6/6,15.5
VisA/candle,k6s2000,chi2,raw,k6s2000|chi2|raw,1,0,0.893,0.8903,6/6,15.7
VisA/candle,k12s2000,nll,raw,k12s2000|nll|raw,1,0,0.8776,0.8624,12/12,26.4
VisA/candle,k12s2000,maha,raw,k12s2000|maha|raw,1,0,0.8731,0.8621,12/12,26.5
VisA/candle,k12s2000,chi2,raw,k12s2000|chi2|raw,1,0,0.8957,0.8919,12/12,26.7
VisA/candle,k3,nll,raw,k3|nll|raw,1,1,0.8795,0.8605,3/3,6.4
VisA/candle,k3,maha,raw,k3|maha|raw,1,1,0.8805,0.8587,3/3,6.5
VisA/candle,k3,chi2,raw,k3|chi2|raw,1,1,0.8588,0.8377,3/3,6.6
VisA/candle,k3s2000,nll,raw,k3s2000|nll|raw,1,1,0.9259,0.929,3/3,11.2
VisA/candle,k3s2000,maha,raw,k3s2000|maha|raw,1,1,0.9138,0.917,3/3,11.3
VisA/candle,k3s2000,chi2,raw,k3s2000|chi2|raw,1,1,0.9313,0.9386,3/3,11.3
VisA/candle,k6s2000,nll,raw,k6s2000|nll|raw,1,1,0.9172,0.9247,6/6,12.7
VisA/candle,k6s2000,maha,raw,k6s2000|maha|raw,1,1,0.9146,0.9241,6/6,12.7
VisA/candle,k6s2000,chi2,raw,k6s2000|chi2|raw,1,1,0.9278,0.9391,6/6,12.8
VisA/candle,k12s2000,nll,raw,k12s2000|nll|raw,1,1,0.9178,0.9258,12/12,33.8
VisA/candle,k12s2000,maha,raw,k12s2000|maha|raw,1,1,0.9125,0.9233,12/12,33.9
VisA/candle,k12s2000,chi2,raw,k12s2000|chi2|raw,1,1,0.9247,0.9368,12/12,34.0
VisA/candle,k3,nll,raw,k3|nll|raw,1,2,0.7651,0.7213,3/3,9.2
VisA/candle,k3,maha,raw,k3|maha|raw,1,2,0.7496,0.7059,3/3,9.2
VisA/candle,k3,chi2,raw,k3|chi2|raw,1,2,0.713,0.6738,3/3,9.3
VisA/candle,k3s2000,nll,raw,k3s2000|nll|raw,1,2,0.8583,0.8469,3/3,9.2
VisA/candle,k3s2000,maha,raw,k3s2000|maha|raw,1,2,0.8462,0.8433,3/3,9.3
VisA/candle,k3s2000,chi2,raw,k3s2000|chi2|raw,1,2,0.8502,0.8513,3/3,9.4
VisA/candle,k6s2000,nll,raw,k6s2000|nll|raw,1,2,0.8645,0.857,6/6,9.7
VisA/candle,k6s2000,maha,raw,k6s2000|maha|raw,1,2,0.8491,0.8446,6/6,9.8
VisA/candle,k6s2000,chi2,raw,k6s2000|chi2|raw,1,2,0.8688,0.878,6/6,9.9
VisA/candle,k12s2000,nll,raw,k12s2000|nll|raw,1,2,0.8639,0.8508,12/12,22.5
VisA/candle,k12s2000,maha,raw,k12s2000|maha|raw,1,2,0.8541,0.8449,12/12,22.5
VisA/candle,k12s2000,chi2,raw,k12s2000|chi2|raw,1,2,0.8737,0.8749,12/12,22.7
VisA/candle,k3,nll,raw,k3|nll|raw,2,0,0.8659,0.8798,3/3,12.4
VisA/candle,k3,maha,raw,k3|maha|raw,2,0,0.8391,0.8812,3/3,12.5
VisA/candle,k3,chi2,raw,k3|chi2|raw,2,0,0.8725,0.9135,3/3,12.6
VisA/candle,k3s2000,nll,raw,k3s2000|nll|raw,2,0,0.8564,0.8528,3/3,18.8
VisA/candle,k3s2000,maha,raw,k3s2000|maha|raw,2,0,0.8263,0.8392,3/3,18.8
VisA/candle,k3s2000,chi2,raw,k3s2000|chi2|raw,2,0,0.8728,0.8933,3/3,18.9
VisA/candle,k6s2000,nll,raw,k6s2000|nll|raw,2,0,0.8385,0.8318,6/6,45.8
VisA/candle,k6s2000,maha,raw,k6s2000|maha|raw,2,0,0.7944,0.7961,6/6,45.8
VisA/candle,k6s2000,chi2,raw,k6s2000|chi2|raw,2,0,0.8372,0.8467,6/6,46.0
VisA/candle,k12s2000,nll,raw,k12s2000|nll|raw,2,0,0.8527,0.8521,12/12,39.5
VisA/candle,k12s2000,maha,raw,k12s2000|maha|raw,2,0,0.8352,0.8321,12/12,39.6
VisA/candle,k12s2000,chi2,raw,k12s2000|chi2|raw,2,0,0.8778,0.8868,12/12,39.7
VisA/candle,k3,nll,raw,k3|nll|raw,2,1,0.9159,0.9442,3/3,13.1
VisA/candle,k3,maha,raw,k3|maha|raw,2,1,0.9138,0.9458,3/3,13.1
VisA/candle,k3,chi2,raw,k3|chi2|raw,2,1,0.9091,0.9433,3/3,13.2
VisA/candle,k3s2000,nll,raw,k3s2000|nll|raw,2,1,0.9273,0.9447,3/3,14.2
VisA/candle,k3s2000,maha,raw,k3s2000|maha|raw,2,1,0.9168,0.9403,3/3,14.2
VisA/candle,k3s2000,chi2,raw,k3s2000|chi2|raw,2,1,0.9255,0.9447,3/3,14.3
VisA/candle,k6s2000,nll,raw,k6s2000|nll|raw,2,1,0.9241,0.9444,6/6,36.9
VisA/candle,k6s2000,maha,raw,k6s2000|maha|raw,2,1,0.9119,0.9386,6/6,37.0
VisA/candle,k6s2000,chi2,raw,k6s2000|chi2|raw,2,1,0.9247,0.9477,6/6,37.2
VisA/candle,k12s2000,nll,raw,k12s2000|nll|raw,2,1,0.9279,0.9484,12/12,45.8
VisA/candle,k12s2000,maha,raw,k12s2000|maha|raw,2,1,0.9203,0.9445,12/12,45.9
VisA/candle,k12s2000,chi2,raw,k12s2000|chi2|raw,2,1,0.9247,0.9506,12/12,46.0
VisA/candle,k3,nll,raw,k3|nll|raw,2,2,0.8185,0.8447,3/3,14.1
VisA/candle,k3,maha,raw,k3|maha|raw,2,2,0.8033,0.8413,3/3,14.2
VisA/candle,k3,chi2,raw,k3|chi2|raw,2,2,0.8241,0.8625,3/3,14.3
VisA/candle,k3s2000,nll,raw,k3s2000|nll|raw,2,2,0.8385,0.8372,3/3,21.4
VisA/candle,k3s2000,maha,raw,k3s2000|maha|raw,2,2,0.7954,0.7989,3/3,21.5
VisA/candle,k3s2000,chi2,raw,k3s2000|chi2|raw,2,2,0.8051,0.8156,3/3,21.7
VisA/candle,k6s2000,nll,raw,k6s2000|nll|raw,2,2,0.8455,0.8457,6/6,31.8
VisA/candle,k6s2000,maha,raw,k6s2000|maha|raw,2,2,0.8096,0.8146,6/6,31.9
VisA/candle,k6s2000,chi2,raw,k6s2000|chi2|raw,2,2,0.8221,0.846,6/6,32.0
VisA/candle,k12s2000,nll,raw,k12s2000|nll|raw,2,2,0.8526,0.8532,12/12,65.3
VisA/candle,k12s2000,maha,raw,k12s2000|maha|raw,2,2,0.8438,0.8446,12/12,65.4
VisA/candle,k12s2000,chi2,raw,k12s2000|chi2|raw,2,2,0.8685,0.8847,12/12,65.6
mvtec_AD/cable,k3,nll,raw,k3|nll|raw,1,0,0.9576,0.9202,3/3,8.4
mvtec_AD/cable,k3,maha,raw,k3|maha|raw,1,0,0.9541,0.9149,3/3,8.5
mvtec_AD/cable,k3,chi2,raw,k3|chi2|raw,1,0,0.9585,0.9239,3/3,8.6
mvtec_AD/cable,k3s2000,nll,raw,k3s2000|nll|raw,1,0,0.9573,0.919,3/3,8.1
mvtec_AD/cable,k3s2000,maha,raw,k3s2000|maha|raw,1,0,0.9582,0.9237,3/3,8.2
mvtec_AD/cable,k3s2000,chi2,raw,k3s2000|chi2|raw,1,0,0.966,0.9389,3/3,8.3
mvtec_AD/cable,k6s2000,nll,raw,k6s2000|nll|raw,1,0,0.9552,0.9136,6/6,16.9
mvtec_AD/cable,k6s2000,maha,raw,k6s2000|maha|raw,1,0,0.9481,0.8986,6/6,16.9
mvtec_AD/cable,k6s2000,chi2,raw,k6s2000|chi2|raw,1,0,0.9571,0.913,6/6,17.0
mvtec_AD/cable,k12s2000,nll,raw,k12s2000|nll|raw,1,0,0.9563,0.9166,12/12,26.7
mvtec_AD/cable,k12s2000,maha,raw,k12s2000|maha|raw,1,0,0.953,0.9095,12/12,27.0
mvtec_AD/cable,k12s2000,chi2,raw,k12s2000|chi2|raw,1,0,0.9572,0.9132,12/12,27.1
mvtec_AD/cable,k3,nll,raw,k3|nll|raw,1,1,0.9284,0.8728,3/3,7.0
mvtec_AD/cable,k3,maha,raw,k3|maha|raw,1,1,0.9286,0.8743,3/3,7.3
mvtec_AD/cable,k3,chi2,raw,k3|chi2|raw,1,1,0.9372,0.8872,3/3,7.5
mvtec_AD/cable,k3s2000,nll,raw,k3s2000|nll|raw,1,1,0.9221,0.857,3/3,13.0
mvtec_AD/cable,k3s2000,maha,raw,k3s2000|maha|raw,1,1,0.9237,0.8602,3/3,13.2
mvtec_AD/cable,k3s2000,chi2,raw,k3s2000|chi2|raw,1,1,0.941,0.8896,3/3,13.5
mvtec_AD/cable,k6s2000,nll,raw,k6s2000|nll|raw,1,1,0.9227,0.8585,6/6,11.6
mvtec_AD/cable,k6s2000,maha,raw,k6s2000|maha|raw,1,1,0.9225,0.857,6/6,11.7
mvtec_AD/cable,k6s2000,chi2,raw,k6s2000|chi2|raw,1,1,0.9384,0.8836,6/6,11.9
mvtec_AD/cable,k12s2000,nll,raw,k12s2000|nll|raw,1,1,0.9252,0.8636,12/12,20.0
mvtec_AD/cable,k12s2000,maha,raw,k12s2000|maha|raw,1,1,0.9265,0.8641,12/12,20.1
mvtec_AD/cable,k12s2000,chi2,raw,k12s2000|chi2|raw,1,1,0.9429,0.8902,12/12,20.1
mvtec_AD/cable,k3,nll,raw,k3|nll|raw,1,2,0.945,0.8943,3/3,8.3
mvtec_AD/cable,k3,maha,raw,k3|maha|raw,1,2,0.9395,0.8799,3/3,8.3
mvtec_AD/cable,k3,chi2,raw,k3|chi2|raw,1,2,0.9388,0.8799,3/3,8.4
mvtec_AD/cable,k3s2000,nll,raw,k3s2000|nll|raw,1,2,0.9568,0.92,3/3,7.4
mvtec_AD/cable,k3s2000,maha,raw,k3s2000|maha|raw,1,2,0.9537,0.9134,3/3,7.5
mvtec_AD/cable,k3s2000,chi2,raw,k3s2000|chi2|raw,1,2,0.9592,0.9209,3/3,7.6
mvtec_AD/cable,k6s2000,nll,raw,k6s2000|nll|raw,1,2,0.9663,0.9367,6/6,8.7
mvtec_AD/cable,k6s2000,maha,raw,k6s2000|maha|raw,1,2,0.9679,0.9398,6/6,8.8
mvtec_AD/cable,k6s2000,chi2,raw,k6s2000|chi2|raw,1,2,0.9684,0.9391,6/6,8.9
mvtec_AD/cable,k12s2000,nll,raw,k12s2000|nll|raw,1,2,0.9652,0.9333,12/12,22.5
mvtec_AD/cable,k12s2000,maha,raw,k12s2000|maha|raw,1,2,0.9661,0.935,12/12,22.5
mvtec_AD/cable,k12s2000,chi2,raw,k12s2000|chi2|raw,1,2,0.9676,0.9353,12/12,22.7
mvtec_AD/cable,k3,nll,raw,k3|nll|raw,2,0,0.9692,0.9372,3/3,21.2
mvtec_AD/cable,k3,maha,raw,k3|maha|raw,2,0,0.9683,0.9359,3/3,21.3
mvtec_AD/cable,k3,chi2,raw,k3|chi2|raw,2,0,0.9681,0.9348,3/3,21.4
mvtec_AD/cable,k3s2000,nll,raw,k3s2000|nll|raw,2,0,0.9545,0.9084,3/3,13.6
mvtec_AD/cable,k3s2000,maha,raw,k3s2000|maha|raw,2,0,0.9575,0.9132,3/3,13.7
mvtec_AD/cable,k3s2000,chi2,raw,k3s2000|chi2|raw,2,0,0.9618,0.9204,3/3,13.7
mvtec_AD/cable,k6s2000,nll,raw,k6s2000|nll|raw,2,0,0.9558,0.9123,6/6,25.7
mvtec_AD/cable,k6s2000,maha,raw,k6s2000|maha|raw,2,0,0.9234,0.8634,6/6,25.7
mvtec_AD/cable,k6s2000,chi2,raw,k6s2000|chi2|raw,2,0,0.9245,0.8613,6/6,25.8
mvtec_AD/cable,k12s2000,nll,raw,k12s2000|nll|raw,2,0,0.961,0.9174,12/12,100.7
mvtec_AD/cable,k12s2000,maha,raw,k12s2000|maha|raw,2,0,0.947,0.8971,12/12,100.8
mvtec_AD/cable,k12s2000,chi2,raw,k12s2000|chi2|raw,2,0,0.9562,0.908,12/12,100.8
mvtec_AD/cable,k3,nll,raw,k3|nll|raw,2,1,0.9366,0.8831,3/3,44.4
mvtec_AD/cable,k3,maha,raw,k3|maha|raw,2,1,0.9291,0.8636,3/3,44.4
mvtec_AD/cable,k3,chi2,raw,k3|chi2|raw,2,1,0.9323,0.8709,3/3,44.5
mvtec_AD/cable,k3s2000,nll,raw,k3s2000|nll|raw,2,1,0.9363,0.8874,3/3,31.6
mvtec_AD/cable,k3s2000,maha,raw,k3s2000|maha|raw,2,1,0.9392,0.8904,3/3,31.7
mvtec_AD/cable,k3s2000,chi2,raw,k3s2000|chi2|raw,2,1,0.9485,0.9039,3/3,31.8
mvtec_AD/cable,k6s2000,nll,raw,k6s2000|nll|raw,2,1,0.9439,0.8975,6/6,89.6
mvtec_AD/cable,k6s2000,maha,raw,k6s2000|maha|raw,2,1,0.9444,0.8956,6/6,89.7
mvtec_AD/cable,k6s2000,chi2,raw,k6s2000|chi2|raw,2,1,0.9521,0.9065,6/6,89.7
mvtec_AD/cable,k12s2000,nll,raw,k12s2000|nll|raw,2,1,0.9462,0.9033,12/12,119.9
mvtec_AD/cable,k12s2000,maha,raw,k12s2000|maha|raw,2,1,0.947,0.9037,12/12,120.0
mvtec_AD/cable,k12s2000,chi2,raw,k12s2000|chi2|raw,2,1,0.9572,0.9155,12/12,120.0
mvtec_AD/cable,k3,nll,raw,k3|nll|raw,2,2,0.9634,0.9318,3/3,45.7
mvtec_AD/cable,k3,maha,raw,k3|maha|raw,2,2,0.955,0.9166,3/3,45.8
mvtec_AD/cable,k3,chi2,raw,k3|chi2|raw,2,2,0.9529,0.9129,3/3,45.8
mvtec_AD/cable,k3s2000,nll,raw,k3s2000|nll|raw,2,2,0.9637,0.9308,3/3,22.0
mvtec_AD/cable,k3s2000,maha,raw,k3s2000|maha|raw,2,2,0.9621,0.9284,3/3,22.0
mvtec_AD/cable,k3s2000,chi2,raw,k3s2000|chi2|raw,2,2,0.9615,0.9252,3/3,22.1
mvtec_AD/cable,k6s2000,nll,raw,k6s2000|nll|raw,2,2,0.9665,0.9344,6/6,43.0
mvtec_AD/cable,k6s2000,maha,raw,k6s2000|maha|raw,2,2,0.9642,0.9297,6/6,43.0
mvtec_AD/cable,k6s2000,chi2,raw,k6s2000|chi2|raw,2,2,0.9618,0.9241,6/6,43.1
mvtec_AD/cable,k12s2000,nll,raw,k12s2000|nll|raw,2,2,0.9684,0.9374,12/12,83.5
mvtec_AD/cable,k12s2000,maha,raw,k12s2000|maha|raw,2,2,0.9672,0.9346,12/12,83.6
mvtec_AD/cable,k12s2000,chi2,raw,k12s2000|chi2|raw,2,2,0.9664,0.9316,12/12,83.6
VisA/capsules,k3,nll,raw,k3|nll|raw,1,0,0.9335,0.8838,3/3,12.7
VisA/capsules,k3,maha,raw,k3|maha|raw,1,0,0.9283,0.8712,3/3,12.7
VisA/capsules,k3,chi2,raw,k3|chi2|raw,1,0,0.9485,0.9042,3/3,12.8
VisA/capsules,k3s2000,nll,raw,k3s2000|nll|raw,1,0,0.9299,0.8727,3/3,16.3
VisA/capsules,k3s2000,maha,raw,k3s2000|maha|raw,1,0,0.9358,0.8823,3/3,16.3
VisA/capsules,k3s2000,chi2,raw,k3s2000|chi2|raw,1,0,0.958,0.9255,3/3,16.4
VisA/capsules,k6s2000,nll,raw,k6s2000|nll|raw,1,0,0.9318,0.8785,6/6,19.7
VisA/capsules,k6s2000,maha,raw,k6s2000|maha|raw,1,0,0.9366,0.8842,6/6,19.7
VisA/capsules,k6s2000,chi2,raw,k6s2000|chi2|raw,1,0,0.9609,0.9293,6/6,19.8
VisA/capsules,k12s2000,nll,raw,k12s2000|nll|raw,1,0,0.9403,0.8923,12/12,88.2
VisA/capsules,k12s2000,maha,raw,k12s2000|maha|raw,1,0,0.9432,0.8962,12/12,88.2
VisA/capsules,k12s2000,chi2,raw,k12s2000|chi2|raw,1,0,0.9671,0.9412,12/12,88.3
VisA/capsules,k3,nll,raw,k3|nll|raw,1,1,0.9567,0.9245,3/3,12.9
VisA/capsules,k3,maha,raw,k3|maha|raw,1,1,0.9361,0.8968,3/3,13.0
VisA/capsules,k3,chi2,raw,k3|chi2|raw,1,1,0.9382,0.9007,3/3,13.1
VisA/capsules,k3s2000,nll,raw,k3s2000|nll|raw,1,1,0.9623,0.9322,3/3,25.8
VisA/capsules,k3s2000,maha,raw,k3s2000|maha|raw,1,1,0.9584,0.9275,3/3,25.9
VisA/capsules,k3s2000,chi2,raw,k3s2000|chi2|raw,1,1,0.9652,0.9422,3/3,26.0
VisA/capsules,k6s2000,nll,raw,k6s2000|nll|raw,1,1,0.9676,0.9427,6/6,30.1
VisA/capsules,k6s2000,maha,raw,k6s2000|maha|raw,1,1,0.9649,0.9373,6/6,30.2
VisA/capsules,k6s2000,chi2,raw,k6s2000|chi2|raw,1,1,0.9719,0.9542,6/6,30.3
VisA/capsules,k12s2000,nll,raw,k12s2000|nll|raw,1,1,0.9713,0.9488,12/12,43.7
VisA/capsules,k12s2000,maha,raw,k12s2000|maha|raw,1,1,0.9694,0.9445,12/12,43.7
VisA/capsules,k12s2000,chi2,raw,k12s2000|chi2|raw,1,1,0.9756,0.9597,12/12,43.9
VisA/capsules,k3,nll,raw,k3|nll|raw,1,2,0.9521,0.9148,3/3,10.9
VisA/capsules,k3,maha,raw,k3|maha|raw,1,2,0.9449,0.9037,3/3,11.0
VisA/capsules,k3,chi2,raw,k3|chi2|raw,1,2,0.9517,0.9152,3/3,11.0
VisA/capsules,k3s2000,nll,raw,k3s2000|nll|raw,1,2,0.9478,0.9128,3/3,14.1
VisA/capsules,k3s2000,maha,raw,k3s2000|maha|raw,1,2,0.9494,0.914,3/3,14.2
VisA/capsules,k3s2000,chi2,raw,k3s2000|chi2|raw,1,2,0.966,0.9445,3/3,14.2
VisA/capsules,k6s2000,nll,raw,k6s2000|nll|raw,1,2,0.9579,0.9283,6/6,36.8
VisA/capsules,k6s2000,maha,raw,k6s2000|maha|raw,1,2,0.9581,0.9283,6/6,36.8
VisA/capsules,k6s2000,chi2,raw,k6s2000|chi2|raw,1,2,0.9737,0.9588,6/6,36.9
VisA/capsules,k12s2000,nll,raw,k12s2000|nll|raw,1,2,0.9565,0.928,12/12,65.9
VisA/capsules,k12s2000,maha,raw,k12s2000|maha|raw,1,2,0.9574,0.9285,12/12,65.9
VisA/capsules,k12s2000,chi2,raw,k12s2000|chi2|raw,1,2,0.9744,0.9592,12/12,66.0
VisA/capsules,k3,nll,raw,k3|nll|raw,2,0,0.914,0.8412,3/3,17.9
VisA/capsules,k3,maha,raw,k3|maha|raw,2,0,0.9218,0.8568,3/3,17.9
VisA/capsules,k3,chi2,raw,k3|chi2|raw,2,0,0.9429,0.902,3/3,18.0
VisA/capsules,k3s2000,nll,raw,k3s2000|nll|raw,2,0,0.9196,0.854,3/3,22.6
VisA/capsules,k3s2000,maha,raw,k3s2000|maha|raw,2,0,0.9225,0.8587,3/3,22.6
VisA/capsules,k3s2000,chi2,raw,k3s2000|chi2|raw,2,0,0.9555,0.9217,3/3,22.7
VisA/capsules,k6s2000,nll,raw,k6s2000|nll|raw,2,0,0.912,0.8363,6/6,68.5
VisA/capsules,k6s2000,maha,raw,k6s2000|maha|raw,2,0,0.9087,0.8325,6/6,68.6
VisA/capsules,k6s2000,chi2,raw,k6s2000|chi2|raw,2,0,0.9611,0.9308,6/6,68.8
VisA/capsules,k12s2000,nll,raw,k12s2000|nll|raw,2,0,0.9139,0.8383,12/12,141.0
VisA/capsules,k12s2000,maha,raw,k12s2000|maha|raw,2,0,0.9125,0.8385,12/12,141.1
VisA/capsules,k12s2000,chi2,raw,k12s2000|chi2|raw,2,0,0.9646,0.9395,12/12,141.2
VisA/capsules,k3,nll,raw,k3|nll|raw,2,1,0.967,0.9438,3/3,27.9
VisA/capsules,k3,maha,raw,k3|maha|raw,2,1,0.9397,0.9067,3/3,28.0
VisA/capsules,k3,chi2,raw,k3|chi2|raw,2,1,0.9497,0.9207,3/3,28.1
VisA/capsules,k3s2000,nll,raw,k3s2000|nll|raw,2,1,0.9747,0.9547,3/3,20.9
VisA/capsules,k3s2000,maha,raw,k3s2000|maha|raw,2,1,0.9662,0.9423,3/3,21.0
VisA/capsules,k3s2000,chi2,raw,k3s2000|chi2|raw,2,1,0.9675,0.9473,3/3,21.1
VisA/capsules,k6s2000,nll,raw,k6s2000|nll|raw,2,1,0.9782,0.9615,6/6,39.0
VisA/capsules,k6s2000,maha,raw,k6s2000|maha|raw,2,1,0.9713,0.9513,6/6,39.1
VisA/capsules,k6s2000,chi2,raw,k6s2000|chi2|raw,2,1,0.978,0.9633,6/6,39.3
VisA/capsules,k12s2000,nll,raw,k12s2000|nll|raw,2,1,0.9785,0.9625,12/12,85.3
VisA/capsules,k12s2000,maha,raw,k12s2000|maha|raw,2,1,0.9762,0.9592,12/12,85.4
VisA/capsules,k12s2000,chi2,raw,k12s2000|chi2|raw,2,1,0.9818,0.9703,12/12,85.5
VisA/capsules,k3,nll,raw,k3|nll|raw,2,2,0.9691,0.9465,3/3,19.1
VisA/capsules,k3,maha,raw,k3|maha|raw,2,2,0.9497,0.9138,3/3,19.2
VisA/capsules,k3,chi2,raw,k3|chi2|raw,2,2,0.9489,0.9127,3/3,19.3
VisA/capsules,k3s2000,nll,raw,k3s2000|nll|raw,2,2,0.9726,0.95,3/3,41.0
VisA/capsules,k3s2000,maha,raw,k3s2000|maha|raw,2,2,0.9691,0.9443,3/3,41.1
VisA/capsules,k3s2000,chi2,raw,k3s2000|chi2|raw,2,2,0.9712,0.953,3/3,41.3
VisA/capsules,k6s2000,nll,raw,k6s2000|nll|raw,2,2,0.9738,0.9528,6/6,34.2
VisA/capsules,k6s2000,maha,raw,k6s2000|maha|raw,2,2,0.9725,0.9503,6/6,34.3
VisA/capsules,k6s2000,chi2,raw,k6s2000|chi2|raw,2,2,0.9802,0.9683,6/6,34.4
VisA/capsules,k12s2000,nll,raw,k12s2000|nll|raw,2,2,0.9777,0.9583,12/12,34.1
VisA/capsules,k12s2000,maha,raw,k12s2000|maha|raw,2,2,0.9755,0.9553,12/12,34.2
VisA/capsules,k12s2000,chi2,raw,k12s2000|chi2|raw,2,2,0.9807,0.9702,12/12,34.4
mvtec_AD/capsule,k3,nll,raw,k3|nll|raw,1,0,0.975,0.8863,3/3,13.2
mvtec_AD/capsule,k3,maha,raw,k3|maha|raw,1,0,0.9703,0.866,3/3,13.3
mvtec_AD/capsule,k3,chi2,raw,k3|chi2|raw,1,0,0.9742,0.8839,3/3,13.4
mvtec_AD/capsule,k3s2000,nll,raw,k3s2000|nll|raw,1,0,0.9434,0.7667,3/3,9.1
mvtec_AD/capsule,k3s2000,maha,raw,k3s2000|maha|raw,1,0,0.9487,0.7878,3/3,9.2
mvtec_AD/capsule,k3s2000,chi2,raw,k3s2000|chi2|raw,1,0,0.9517,0.8125,3/3,9.3
mvtec_AD/capsule,k6s2000,nll,raw,k6s2000|nll|raw,1,0,0.9592,0.8201,6/6,15.4
mvtec_AD/capsule,k6s2000,maha,raw,k6s2000|maha|raw,1,0,0.9595,0.8265,6/6,15.5
mvtec_AD/capsule,k6s2000,chi2,raw,k6s2000|chi2|raw,1,0,0.9627,0.842,6/6,15.6
mvtec_AD/capsule,k12s2000,nll,raw,k12s2000|nll|raw,1,0,0.9562,0.8121,12/12,51.4
mvtec_AD/capsule,k12s2000,maha,raw,k12s2000|maha|raw,1,0,0.9597,0.8253,12/12,51.4
mvtec_AD/capsule,k12s2000,chi2,raw,k12s2000|chi2|raw,1,0,0.9614,0.8377,12/12,51.6
mvtec_AD/capsule,k3,nll,raw,k3|nll|raw,1,1,0.9358,0.7451,3/3,11.8
mvtec_AD/capsule,k3,maha,raw,k3|maha|raw,1,1,0.9322,0.7316,3/3,11.9
mvtec_AD/capsule,k3,chi2,raw,k3|chi2|raw,1,1,0.936,0.7467,3/3,12.0
mvtec_AD/capsule,k3s2000,nll,raw,k3s2000|nll|raw,1,1,0.9333,0.7387,3/3,12.5
mvtec_AD/capsule,k3s2000,maha,raw,k3s2000|maha|raw,1,1,0.936,0.7507,3/3,12.5
mvtec_AD/capsule,k3s2000,chi2,raw,k3s2000|chi2|raw,1,1,0.9361,0.7495,3/3,12.7
mvtec_AD/capsule,k6s2000,nll,raw,k6s2000|nll|raw,1,1,0.9328,0.7431,6/6,24.4
mvtec_AD/capsule,k6s2000,maha,raw,k6s2000|maha|raw,1,1,0.9328,0.7411,6/6,24.4
mvtec_AD/capsule,k6s2000,chi2,raw,k6s2000|chi2|raw,1,1,0.9364,0.7539,6/6,24.5
mvtec_AD/capsule,k12s2000,nll,raw,k12s2000|nll|raw,1,1,0.9344,0.7479,12/12,75.9
mvtec_AD/capsule,k12s2000,maha,raw,k12s2000|maha|raw,1,1,0.937,0.7567,12/12,76.0
mvtec_AD/capsule,k12s2000,chi2,raw,k12s2000|chi2|raw,1,1,0.9385,0.7603,12/12,76.1
mvtec_AD/capsule,k3,nll,raw,k3|nll|raw,1,2,0.9598,0.8245,3/3,8.6
mvtec_AD/capsule,k3,maha,raw,k3|maha|raw,1,2,0.9378,0.7391,3/3,8.7
mvtec_AD/capsule,k3,chi2,raw,k3|chi2|raw,1,2,0.929,0.7244,3/3,8.8
mvtec_AD/capsule,k3s2000,nll,raw,k3s2000|nll|raw,1,2,0.9391,0.7515,3/3,12.4
mvtec_AD/capsule,k3s2000,maha,raw,k3s2000|maha|raw,1,2,0.9417,0.7663,3/3,12.5
mvtec_AD/capsule,k3s2000,chi2,raw,k3s2000|chi2|raw,1,2,0.9485,0.7938,3/3,12.5
mvtec_AD/capsule,k6s2000,nll,raw,k6s2000|nll|raw,1,2,0.9434,0.7694,6/6,17.1
mvtec_AD/capsule,k6s2000,maha,raw,k6s2000|maha|raw,1,2,0.9452,0.7814,6/6,17.2
mvtec_AD/capsule,k6s2000,chi2,raw,k6s2000|chi2|raw,1,2,0.9502,0.7994,6/6,17.3
mvtec_AD/capsule,k12s2000,nll,raw,k12s2000|nll|raw,1,2,0.9479,0.7826,12/12,33.5
mvtec_AD/capsule,k12s2000,maha,raw,k12s2000|maha|raw,1,2,0.9488,0.7894,12/12,33.5
mvtec_AD/capsule,k12s2000,chi2,raw,k12s2000|chi2|raw,1,2,0.9492,0.7942,12/12,33.5
mvtec_AD/capsule,k3,nll,raw,k3|nll|raw,2,0,0.9592,0.8333,3/3,37.2
mvtec_AD/capsule,k3,maha,raw,k3|maha|raw,2,0,0.948,0.7846,3/3,37.2
mvtec_AD/capsule,k3,chi2,raw,k3|chi2|raw,2,0,0.9496,0.7934,3/3,37.3
mvtec_AD/capsule,k3s2000,nll,raw,k3s2000|nll|raw,2,0,0.9441,0.7818,3/3,21.3
mvtec_AD/capsule,k3s2000,maha,raw,k3s2000|maha|raw,2,0,0.9473,0.7958,3/3,21.3
mvtec_AD/capsule,k3s2000,chi2,raw,k3s2000|chi2|raw,2,0,0.9438,0.7902,3/3,21.4
mvtec_AD/capsule,k6s2000,nll,raw,k6s2000|nll|raw,2,0,0.9552,0.8137,6/6,35.2
mvtec_AD/capsule,k6s2000,maha,raw,k6s2000|maha|raw,2,0,0.9588,0.8301,6/6,35.2
mvtec_AD/capsule,k6s2000,chi2,raw,k6s2000|chi2|raw,2,0,0.9614,0.8448,6/6,35.3
mvtec_AD/capsule,k12s2000,nll,raw,k12s2000|nll|raw,2,0,0.9595,0.8329,12/12,65.6
mvtec_AD/capsule,k12s2000,maha,raw,k12s2000|maha|raw,2,0,0.9617,0.8404,12/12,65.7
mvtec_AD/capsule,k12s2000,chi2,raw,k12s2000|chi2|raw,2,0,0.9651,0.8564,12/12,65.7
mvtec_AD/capsule,k3,nll,raw,k3|nll|raw,2,1,0.9373,0.7487,3/3,20.1
mvtec_AD/capsule,k3,maha,raw,k3|maha|raw,2,1,0.9321,0.7316,3/3,20.1
mvtec_AD/capsule,k3,chi2,raw,k3|chi2|raw,2,1,0.9352,0.7391,3/3,20.2
mvtec_AD/capsule,k3s2000,nll,raw,k3s2000|nll|raw,2,1,0.9356,0.7495,3/3,18.1
mvtec_AD/capsule,k3s2000,maha,raw,k3s2000|maha|raw,2,1,0.9377,0.7519,3/3,18.2
mvtec_AD/capsule,k3s2000,chi2,raw,k3s2000|chi2|raw,2,1,0.9399,0.7587,3/3,18.2
mvtec_AD/capsule,k6s2000,nll,raw,k6s2000|nll|raw,2,1,0.9371,0.7543,6/6,37.1
mvtec_AD/capsule,k6s2000,maha,raw,k6s2000|maha|raw,2,1,0.9334,0.7399,6/6,37.1
mvtec_AD/capsule,k6s2000,chi2,raw,k6s2000|chi2|raw,2,1,0.9416,0.7671,6/6,37.2
mvtec_AD/capsule,k12s2000,nll,raw,k12s2000|nll|raw,2,1,0.9381,0.7615,12/12,69.2
mvtec_AD/capsule,k12s2000,maha,raw,k12s2000|maha|raw,2,1,0.9394,0.7615,12/12,69.2
mvtec_AD/capsule,k12s2000,chi2,raw,k12s2000|chi2|raw,2,1,0.9446,0.7814,12/12,69.3
mvtec_AD/capsule,k3,nll,raw,k3|nll|raw,2,2,0.9441,0.7762,3/3,24.9
mvtec_AD/capsule,k3,maha,raw,k3|maha|raw,2,2,0.9407,0.7651,3/3,25.0
mvtec_AD/capsule,k3,chi2,raw,k3|chi2|raw,2,2,0.9509,0.7954,3/3,25.0
mvtec_AD/capsule,k3s2000,nll,raw,k3s2000|nll|raw,2,2,0.9388,0.7531,3/3,13.6
mvtec_AD/capsule,k3s2000,maha,raw,k3s2000|maha|raw,2,2,0.9376,0.7635,3/3,13.7
mvtec_AD/capsule,k3s2000,chi2,raw,k3s2000|chi2|raw,2,2,0.9454,0.7958,3/3,13.7
mvtec_AD/capsule,k6s2000,nll,raw,k6s2000|nll|raw,2,2,0.948,0.791,6/6,36.6
mvtec_AD/capsule,k6s2000,maha,raw,k6s2000|maha|raw,2,2,0.953,0.8073,6/6,36.6
mvtec_AD/capsule,k6s2000,chi2,raw,k6s2000|chi2|raw,2,2,0.9627,0.8508,6/6,36.7
mvtec_AD/capsule,k12s2000,nll,raw,k12s2000|nll|raw,2,2,0.9521,0.7978,12/12,52.4
mvtec_AD/capsule,k12s2000,maha,raw,k12s2000|maha|raw,2,2,0.9536,0.8093,12/12,52.4
mvtec_AD/capsule,k12s2000,chi2,raw,k12s2000|chi2|raw,2,2,0.9637,0.85,12/12,52.5
VisA/cashew,k3,nll,raw,k3|nll|raw,1,0,0.8839,0.7924,3/3,17.0
VisA/cashew,k3,maha,raw,k3|maha|raw,1,0,0.8875,0.7852,3/3,17.0
VisA/cashew,k3,chi2,raw,k3|chi2|raw,1,0,0.9011,0.8072,3/3,17.1
VisA/cashew,k3s2000,nll,raw,k3s2000|nll|raw,1,0,0.9164,0.846,3/3,13.0
VisA/cashew,k3s2000,maha,raw,k3s2000|maha|raw,1,0,0.9152,0.842,3/3,13.1
VisA/cashew,k3s2000,chi2,raw,k3s2000|chi2|raw,1,0,0.9499,0.9074,3/3,13.2
VisA/cashew,k6s2000,nll,raw,k6s2000|nll|raw,1,0,0.9195,0.8484,6/6,13.7
VisA/cashew,k6s2000,maha,raw,k6s2000|maha|raw,1,0,0.9185,0.8474,6/6,13.8
VisA/cashew,k6s2000,chi2,raw,k6s2000|chi2|raw,1,0,0.9517,0.907,6/6,13.8
VisA/cashew,k12s2000,nll,raw,k12s2000|nll|raw,1,0,0.9187,0.8508,12/12,53.6
VisA/cashew,k12s2000,maha,raw,k12s2000|maha|raw,1,0,0.9159,0.8454,12/12,53.7
VisA/cashew,k12s2000,chi2,raw,k12s2000|chi2|raw,1,0,0.9521,0.9076,12/12,53.7
VisA/cashew,k3,nll,raw,k3|nll|raw,1,1,0.9612,0.9352,3/3,10.2
VisA/cashew,k3,maha,raw,k3|maha|raw,1,1,0.9573,0.9282,3/3,10.2
VisA/cashew,k3,chi2,raw,k3|chi2|raw,1,1,0.9603,0.9316,3/3,10.3
VisA/cashew,k3s2000,nll,raw,k3s2000|nll|raw,1,1,0.9554,0.9256,3/3,10.3
VisA/cashew,k3s2000,maha,raw,k3s2000|maha|raw,1,1,0.954,0.9226,3/3,10.3
VisA/cashew,k3s2000,chi2,raw,k3s2000|chi2|raw,1,1,0.9624,0.9324,3/3,10.4
VisA/cashew,k6s2000,nll,raw,k6s2000|nll|raw,1,1,0.9606,0.9342,6/6,22.1
VisA/cashew,k6s2000,maha,raw,k6s2000|maha|raw,1,1,0.9607,0.9346,6/6,22.2
VisA/cashew,k6s2000,chi2,raw,k6s2000|chi2|raw,1,1,0.9699,0.945,6/6,22.2
VisA/cashew,k12s2000,nll,raw,k12s2000|nll|raw,1,1,0.9583,0.9304,12/12,39.7
VisA/cashew,k12s2000,maha,raw,k12s2000|maha|raw,1,1,0.958,0.9296,12/12,39.8
VisA/cashew,k12s2000,chi2,raw,k12s2000|chi2|raw,1,1,0.9652,0.9372,12/12,39.8
VisA/cashew,k3,nll,raw,k3|nll|raw,1,2,0.9058,0.8066,3/3,8.9
VisA/cashew,k3,maha,raw,k3|maha|raw,1,2,0.8815,0.7606,3/3,9.0
VisA/cashew,k3,chi2,raw,k3|chi2|raw,1,2,0.8869,0.7752,3/3,9.1
VisA/cashew,k3s2000,nll,raw,k3s2000|nll|raw,1,2,0.9236,0.8612,3/3,10.3
VisA/cashew,k3s2000,maha,raw,k3s2000|maha|raw,1,2,0.9218,0.8576,3/3,10.3
VisA/cashew,k3s2000,chi2,raw,k3s2000|chi2|raw,1,2,0.9532,0.9128,3/3,10.3
VisA/cashew,k6s2000,nll,raw,k6s2000|nll|raw,1,2,0.9233,0.868,6/6,20.1
VisA/cashew,k6s2000,maha,raw,k6s2000|maha|raw,1,2,0.923,0.8664,6/6,20.2
VisA/cashew,k6s2000,chi2,raw,k6s2000|chi2|raw,1,2,0.9452,0.9046,6/6,20.2
VisA/cashew,k12s2000,nll,raw,k12s2000|nll|raw,1,2,0.9336,0.8826,12/12,56.1
VisA/cashew,k12s2000,maha,raw,k12s2000|maha|raw,1,2,0.9326,0.881,12/12,56.1
VisA/cashew,k12s2000,chi2,raw,k12s2000|chi2|raw,1,2,0.9549,0.921,12/12,56.1
VisA/cashew,k3,nll,raw,k3|nll|raw,2,0,0.9488,0.9084,3/3,22.3
VisA/cashew,k3,maha,raw,k3|maha|raw,2,0,0.9329,0.8774,3/3,22.3
VisA/cashew,k3,chi2,raw,k3|chi2|raw,2,0,0.931,0.8736,3/3,22.3
VisA/cashew,k3s2000,nll,raw,k3s2000|nll|raw,2,0,0.9478,0.9074,3/3,30.4
VisA/cashew,k3s2000,maha,raw,k3s2000|maha|raw,2,0,0.9308,0.8768,3/3,30.5
VisA/cashew,k3s2000,chi2,raw,k3s2000|chi2|raw,2,0,0.9396,0.8868,3/3,30.5
VisA/cashew,k6s2000,nll,raw,k6s2000|nll|raw,2,0,0.9538,0.917,6/6,28.5
VisA/cashew,k6s2000,maha,raw,k6s2000|maha|raw,2,0,0.9484,0.9082,6/6,28.6
VisA/cashew,k6s2000,chi2,raw,k6s2000|chi2|raw,2,0,0.9725,0.9444,6/6,28.6
VisA/cashew,k12s2000,nll,raw,k12s2000|nll|raw,2,0,0.9511,0.912,12/12,74.8
VisA/cashew,k12s2000,maha,raw,k12s2000|maha|raw,2,0,0.9465,0.9038,12/12,74.8
VisA/cashew,k12s2000,chi2,raw,k12s2000|chi2|raw,2,0,0.9725,0.9462,12/12,74.9
VisA/cashew,k3,nll,raw,k3|nll|raw,2,1,0.9663,0.9414,3/3,20.1
VisA/cashew,k3,maha,raw,k3|maha|raw,2,1,0.9622,0.9362,3/3,20.1
VisA/cashew,k3,chi2,raw,k3|chi2|raw,2,1,0.96,0.9272,3/3,20.1
VisA/cashew,k3s2000,nll,raw,k3s2000|nll|raw,2,1,0.9638,0.937,3/3,26.3
VisA/cashew,k3s2000,maha,raw,k3s2000|maha|raw,2,1,0.9448,0.9104,3/3,26.3
VisA/cashew,k3s2000,chi2,raw,k3s2000|chi2|raw,2,1,0.9549,0.926,3/3,26.3
VisA/cashew,k6s2000,nll,raw,k6s2000|nll|raw,2,1,0.968,0.9442,6/6,33.3
VisA/cashew,k6s2000,maha,raw,k6s2000|maha|raw,2,1,0.9634,0.937,6/6,33.3
VisA/cashew,k6s2000,chi2,raw,k6s2000|chi2|raw,2,1,0.9725,0.9458,6/6,33.4
VisA/cashew,k12s2000,nll,raw,k12s2000|nll|raw,2,1,0.9703,0.9476,12/12,101.7
VisA/cashew,k12s2000,maha,raw,k12s2000|maha|raw,2,1,0.9684,0.9438,12/12,101.7
VisA/cashew,k12s2000,chi2,raw,k12s2000|chi2|raw,2,1,0.9741,0.9482,12/12,101.7
VisA/cashew,k3,nll,raw,k3|nll|raw,2,2,0.9196,0.8516,3/3,17.6
VisA/cashew,k3,maha,raw,k3|maha|raw,2,2,0.9184,0.8526,3/3,17.6
VisA/cashew,k3,chi2,raw,k3|chi2|raw,2,2,0.943,0.8984,3/3,17.7
VisA/cashew,k3s2000,nll,raw,k3s2000|nll|raw,2,2,0.9125,0.842,3/3,21.1
VisA/cashew,k3s2000,maha,raw,k3s2000|maha|raw,2,2,0.9097,0.8392,3/3,21.1
VisA/cashew,k3s2000,chi2,raw,k3s2000|chi2|raw,2,2,0.9453,0.9024,3/3,21.2
VisA/cashew,k6s2000,nll,raw,k6s2000|nll|raw,2,2,0.919,0.8462,6/6,35.1
VisA/cashew,k6s2000,maha,raw,k6s2000|maha|raw,2,2,0.9134,0.837,6/6,35.1
VisA/cashew,k6s2000,chi2,raw,k6s2000|chi2|raw,2,2,0.9543,0.91,6/6,35.2
VisA/cashew,k12s2000,nll,raw,k12s2000|nll|raw,2,2,0.9196,0.849,12/12,75.5
VisA/cashew,k12s2000,maha,raw,k12s2000|maha|raw,2,2,0.9173,0.8442,12/12,75.5
VisA/cashew,k12s2000,chi2,raw,k12s2000|chi2|raw,2,2,0.9551,0.9118,12/12,75.6
mvtec_AD/carpet,k3,nll,raw,k3|nll|raw,1,0,0.9955,0.9872,3/3,11.4
mvtec_AD/carpet,k3,maha,raw,k3|maha|raw,1,0,0.9952,0.9864,3/3,11.4
mvtec_AD/carpet,k3,chi2,raw,k3|chi2|raw,1,0,0.9963,0.9892,3/3,11.5
mvtec_AD/carpet,k3s2000,nll,raw,k3s2000|nll|raw,1,0,0.9952,0.986,3/3,10.0
mvtec_AD/carpet,k3s2000,maha,raw,k3s2000|maha|raw,1,0,0.9951,0.986,3/3,10.0
mvtec_AD/carpet,k3s2000,chi2,raw,k3s2000|chi2|raw,1,0,0.9974,0.992,3/3,10.1
mvtec_AD/carpet,k6s2000,nll,raw,k6s2000|nll|raw,1,0,0.9948,0.9848,6/6,39.7
mvtec_AD/carpet,k6s2000,maha,raw,k6s2000|maha|raw,1,0,0.9957,0.9872,6/6,39.7
mvtec_AD/carpet,k6s2000,chi2,raw,k6s2000|chi2|raw,1,0,0.9975,0.9924,6/6,39.8
mvtec_AD/carpet,k12s2000,nll,raw,k12s2000|nll|raw,1,0,0.9948,0.9848,12/12,71.1
mvtec_AD/carpet,k12s2000,maha,raw,k12s2000|maha|raw,1,0,0.9949,0.9852,12/12,71.1
mvtec_AD/carpet,k12s2000,chi2,raw,k12s2000|chi2|raw,1,0,0.9975,0.9924,12/12,71.1
mvtec_AD/carpet,k3,nll,raw,k3|nll|raw,1,1,0.9957,0.9876,3/3,6.0
mvtec_AD/carpet,k3,maha,raw,k3|maha|raw,1,1,0.9958,0.9876,3/3,6.0
mvtec_AD/carpet,k3,chi2,raw,k3|chi2|raw,1,1,0.9974,0.992,3/3,6.0
mvtec_AD/carpet,k3s2000,nll,raw,k3s2000|nll|raw,1,1,0.9955,0.9864,3/3,9.9
mvtec_AD/carpet,k3s2000,maha,raw,k3s2000|maha|raw,1,1,0.9957,0.9872,3/3,9.9
mvtec_AD/carpet,k3s2000,chi2,raw,k3s2000|chi2|raw,1,1,0.9981,0.994,3/3,9.9
mvtec_AD/carpet,k6s2000,nll,raw,k6s2000|nll|raw,1,1,0.996,0.988,6/6,20.3
mvtec_AD/carpet,k6s2000,maha,raw,k6s2000|maha|raw,1,1,0.9958,0.9876,6/6,20.4
mvtec_AD/carpet,k6s2000,chi2,raw,k6s2000|chi2|raw,1,1,0.9981,0.994,6/6,20.4
mvtec_AD/carpet,k12s2000,nll,raw,k12s2000|nll|raw,1,1,0.9956,0.9868,12/12,37.1
mvtec_AD/carpet,k12s2000,maha,raw,k12s2000|maha|raw,1,1,0.9958,0.9872,12/12,37.1
mvtec_AD/carpet,k12s2000,chi2,raw,k12s2000|chi2|raw,1,1,0.9981,0.994,12/12,37.2
mvtec_AD/carpet,k3,nll,raw,k3|nll|raw,1,2,0.9944,0.9839,3/3,7.3
mvtec_AD/carpet,k3,maha,raw,k3|maha|raw,1,2,0.9951,0.986,3/3,7.4
mvtec_AD/carpet,k3,chi2,raw,k3|chi2|raw,1,2,0.9966,0.99,3/3,7.4
mvtec_AD/carpet,k3s2000,nll,raw,k3s2000|nll|raw,1,2,0.993,0.9803,3/3,8.3
mvtec_AD/carpet,k3s2000,maha,raw,k3s2000|maha|raw,1,2,0.9935,0.9815,3/3,8.3
mvtec_AD/carpet,k3s2000,chi2,raw,k3s2000|chi2|raw,1,2,0.9974,0.992,3/3,8.4
mvtec_AD/carpet,k6s2000,nll,raw,k6s2000|nll|raw,1,2,0.9931,0.9803,6/6,32.6
mvtec_AD/carpet,k6s2000,maha,raw,k6s2000|maha|raw,1,2,0.994,0.9827,6/6,32.6
mvtec_AD/carpet,k6s2000,chi2,raw,k6s2000|chi2|raw,1,2,0.9974,0.992,6/6,32.7
mvtec_AD/carpet,k12s2000,nll,raw,k12s2000|nll|raw,1,2,0.9932,0.9807,12/12,68.7
mvtec_AD/carpet,k12s2000,maha,raw,k12s2000|maha|raw,1,2,0.9936,0.9815,12/12,68.7
mvtec_AD/carpet,k12s2000,chi2,raw,k12s2000|chi2|raw,1,2,0.9973,0.9916,12/12,68.7
mvtec_AD/carpet,k3,nll,raw,k3|nll|raw,2,0,0.9954,0.9868,3/3,15.0
mvtec_AD/carpet,k3,maha,raw,k3|maha|raw,2,0,0.9957,0.9876,3/3,15.1
mvtec_AD/carpet,k3,chi2,raw,k3|chi2|raw,2,0,0.9971,0.9912,3/3,15.1
mvtec_AD/carpet,k3s2000,nll,raw,k3s2000|nll|raw,2,0,0.9956,0.9872,3/3,18.1
mvtec_AD/carpet,k3s2000,maha,raw,k3s2000|maha|raw,2,0,0.9954,0.9864,3/3,18.2
mvtec_AD/carpet,k3s2000,chi2,raw,k3s2000|chi2|raw,2,0,0.997,0.9908,3/3,18.2
mvtec_AD/carpet,k6s2000,nll,raw,k6s2000|nll|raw,2,0,0.9957,0.9872,6/6,30.6
mvtec_AD/carpet,k6s2000,maha,raw,k6s2000|maha|raw,2,0,0.9963,0.9888,6/6,30.6
mvtec_AD/carpet,k6s2000,chi2,raw,k6s2000|chi2|raw,2,0,0.9981,0.994,6/6,30.7
mvtec_AD/carpet,k12s2000,nll,raw,k12s2000|nll|raw,2,0,0.9951,0.9856,12/12,91.6
mvtec_AD/carpet,k12s2000,maha,raw,k12s2000|maha|raw,2,0,0.9956,0.9868,12/12,91.6
mvtec_AD/carpet,k12s2000,chi2,raw,k12s2000|chi2|raw,2,0,0.9976,0.9928,12/12,91.6
mvtec_AD/carpet,k3,nll,raw,k3|nll|raw,2,1,0.9955,0.9868,3/3,16.5
mvtec_AD/carpet,k3,maha,raw,k3|maha|raw,2,1,0.9954,0.9864,3/3,16.6
mvtec_AD/carpet,k3,chi2,raw,k3|chi2|raw,2,1,0.9975,0.9924,3/3,16.6
mvtec_AD/carpet,k3s2000,nll,raw,k3s2000|nll|raw,2,1,0.995,0.9852,3/3,18.8
mvtec_AD/carpet,k3s2000,maha,raw,k3s2000|maha|raw,2,1,0.9954,0.9864,3/3,18.9
mvtec_AD/carpet,k3s2000,chi2,raw,k3s2000|chi2|raw,2,1,0.9978,0.9932,3/3,18.9
mvtec_AD/carpet,k6s2000,nll,raw,k6s2000|nll|raw,2,1,0.9955,0.9868,6/6,42.3
mvtec_AD/carpet,k6s2000,maha,raw,k6s2000|maha|raw,2,1,0.9957,0.9872,6/6,42.3
mvtec_AD/carpet,k6s2000,chi2,raw,k6s2000|chi2|raw,2,1,0.9979,0.9936,6/6,42.4
mvtec_AD/carpet,k12s2000,nll,raw,k12s2000|nll|raw,2,1,0.9953,0.986,12/12,69.9
mvtec_AD/carpet,k12s2000,maha,raw,k12s2000|maha|raw,2,1,0.9957,0.9872,12/12,69.9
mvtec_AD/carpet,k12s2000,chi2,raw,k12s2000|chi2|raw,2,1,0.9979,0.9936,12/12,70.0
mvtec_AD/carpet,k3,nll,raw,k3|nll|raw,2,2,0.9943,0.9835,3/3,14.2
mvtec_AD/carpet,k3,maha,raw,k3|maha|raw,2,2,0.9949,0.9856,3/3,14.2
mvtec_AD/carpet,k3,chi2,raw,k3|chi2|raw,2,2,0.9962,0.9888,3/3,14.3
mvtec_AD/carpet,k3s2000,nll,raw,k3s2000|nll|raw,2,2,0.9932,0.9807,3/3,6.1
mvtec_AD/carpet,k3s2000,maha,raw,k3s2000|maha|raw,2,2,0.9939,0.9823,3/3,6.1
mvtec_AD/carpet,k3s2000,chi2,raw,k3s2000|chi2|raw,2,2,0.9971,0.9912,3/3,6.2
mvtec_AD/carpet,k6s2000,nll,raw,k6s2000|nll|raw,2,2,0.9937,0.9819,6/6,23.8
mvtec_AD/carpet,k6s2000,maha,raw,k6s2000|maha|raw,2,2,0.9943,0.9835,6/6,23.8
mvtec_AD/carpet,k6s2000,chi2,raw,k6s2000|chi2|raw,2,2,0.9974,0.992,6/6,23.8
mvtec_AD/carpet,k12s2000,nll,raw,k12s2000|nll|raw,2,2,0.993,0.9799,12/12,31.3
mvtec_AD/carpet,k12s2000,maha,raw,k12s2000|maha|raw,2,2,0.9936,0.9815,12/12,31.3
mvtec_AD/carpet,k12s2000,chi2,raw,k12s2000|chi2|raw,2,2,0.9968,0.9904,12/12,31.3
VisA/chewinggum,k3,nll,raw,k3|nll|raw,1,0,0.9837,0.9662,3/3,7.1
VisA/chewinggum,k3,maha,raw,k3|maha|raw,1,0,0.9852,0.9692,3/3,7.1
VisA/chewinggum,k3,chi2,raw,k3|chi2|raw,1,0,0.987,0.9726,3/3,7.2
VisA/chewinggum,k3s2000,nll,raw,k3s2000|nll|raw,1,0,0.9566,0.9074,3/3,20.5
VisA/chewinggum,k3s2000,maha,raw,k3s2000|maha|raw,1,0,0.9601,0.9154,3/3,20.5
VisA/chewinggum,k3s2000,chi2,raw,k3s2000|chi2|raw,1,0,0.9731,0.9444,3/3,20.6
VisA/chewinggum,k6s2000,nll,raw,k6s2000|nll|raw,1,0,0.9534,0.9012,6/6,24.8
VisA/chewinggum,k6s2000,maha,raw,k6s2000|maha|raw,1,0,0.9539,0.9026,6/6,24.8
VisA/chewinggum,k6s2000,chi2,raw,k6s2000|chi2|raw,1,0,0.9694,0.9356,6/6,24.9
VisA/chewinggum,k12s2000,nll,raw,k12s2000|nll|raw,1,0,0.9526,0.8994,12/12,67.5
VisA/chewinggum,k12s2000,maha,raw,k12s2000|maha|raw,1,0,0.9537,0.9024,12/12,67.5
VisA/chewinggum,k12s2000,chi2,raw,k12s2000|chi2|raw,1,0,0.9683,0.9326,12/12,67.5
VisA/chewinggum,k3,nll,raw,k3|nll|raw,1,1,0.9818,0.9636,3/3,14.8
VisA/chewinggum,k3,maha,raw,k3|maha|raw,1,1,0.9813,0.9628,3/3,14.8
VisA/chewinggum,k3,chi2,raw,k3|chi2|raw,1,1,0.9835,0.968,3/3,14.8
VisA/chewinggum,k3s2000,nll,raw,k3s2000|nll|raw,1,1,0.9795,0.9576,3/3,14.3
VisA/chewinggum,k3s2000,maha,raw,k3s2000|maha|raw,1,1,0.9811,0.961,3/3,14.3
VisA/chewinggum,k3s2000,chi2,raw,k3s2000|chi2|raw,1,1,0.988,0.9752,3/3,14.4
VisA/chewinggum,k6s2000,nll,raw,k6s2000|nll|raw,1,1,0.9813,0.962,6/6,26.1
VisA/chewinggum,k6s2000,maha,raw,k6s2000|maha|raw,1,1,0.9811,0.9622,6/6,26.1
VisA/chewinggum,k6s2000,chi2,raw,k6s2000|chi2|raw,1,1,0.9866,0.9722,6/6,26.1
VisA/chewinggum,k12s2000,nll,raw,k12s2000|nll|raw,1,1,0.9804,0.9582,12/12,42.4
VisA/chewinggum,k12s2000,maha,raw,k12s2000|maha|raw,1,1,0.979,0.956,12/12,42.4
VisA/chewinggum,k12s2000,chi2,raw,k12s2000|chi2|raw,1,1,0.9848,0.9686,12/12,42.5
VisA/chewinggum,k3,nll,raw,k3|nll|raw,1,2,0.9932,0.9872,3/3,16.6
VisA/chewinggum,k3,maha,raw,k3|maha|raw,1,2,0.9931,0.9868,3/3,16.6
VisA/chewinggum,k3,chi2,raw,k3|chi2|raw,1,2,0.9949,0.9902,3/3,16.7
VisA/chewinggum,k3s2000,nll,raw,k3s2000|nll|raw,1,2,0.9772,0.9548,3/3,16.3
VisA/chewinggum,k3s2000,maha,raw,k3s2000|maha|raw,1,2,0.9768,0.9544,3/3,16.4
VisA/chewinggum,k3s2000,chi2,raw,k3s2000|chi2|raw,1,2,0.9898,0.9822,3/3,16.4
VisA/chewinggum,k6s2000,nll,raw,k6s2000|nll|raw,1,2,0.9771,0.9544,6/6,25.2
VisA/chewinggum,k6s2000,maha,raw,k6s2000|maha|raw,1,2,0.9766,0.9534,6/6,25.3
VisA/chewinggum,k6s2000,chi2,raw,k6s2000|chi2|raw,1,2,0.9883,0.9784,6/6,25.3
VisA/chewinggum,k12s2000,nll,raw,k12s2000|nll|raw,1,2,0.974,0.947,12/12,41.2
VisA/chewinggum,k12s2000,maha,raw,k12s2000|maha|raw,1,2,0.9749,0.949,12/12,41.2
VisA/chewinggum,k12s2000,chi2,raw,k12s2000|chi2|raw,1,2,0.9918,0.9842,12/12,41.3
VisA/chewinggum,k3,nll,raw,k3|nll|raw,2,0,0.9836,0.9666,3/3,33.7
VisA/chewinggum,k3,maha,raw,k3|maha|raw,2,0,0.9843,0.9682,3/3,33.7
VisA/chewinggum,k3,chi2,raw,k3|chi2|raw,2,0,0.9862,0.971,3/3,33.7
VisA/chewinggum,k3s2000,nll,raw,k3s2000|nll|raw,2,0,0.9781,0.9554,3/3,34.7
VisA/chewinggum,k3s2000,maha,raw,k3s2000|maha|raw,2,0,0.9765,0.9534,3/3,34.8
VisA/chewinggum,k3s2000,chi2,raw,k3s2000|chi2|raw,2,0,0.9831,0.9676,3/3,34.8
VisA/chewinggum,k6s2000,nll,raw,k6s2000|nll|raw,2,0,0.9759,0.9538,6/6,50.3
VisA/chewinggum,k6s2000,maha,raw,k6s2000|maha|raw,2,0,0.9767,0.9546,6/6,50.3
VisA/chewinggum,k6s2000,chi2,raw,k6s2000|chi2|raw,2,0,0.9847,0.97,6/6,50.4
VisA/chewinggum,k12s2000,nll,raw,k12s2000|nll|raw,2,0,0.9763,0.9536,12/12,70.6
VisA/chewinggum,k12s2000,maha,raw,k12s2000|maha|raw,2,0,0.9765,0.9536,12/12,70.6
VisA/chewinggum,k12s2000,chi2,raw,k12s2000|chi2|raw,2,0,0.9836,0.9678,12/12,70.7
VisA/chewinggum,k3,nll,raw,k3|nll|raw,2,1,0.9734,0.947,3/3,16.1
VisA/chewinggum,k3,maha,raw,k3|maha|raw,2,1,0.976,0.9508,3/3,16.1
VisA/chewinggum,k3,chi2,raw,k3|chi2|raw,2,1,0.9781,0.9538,3/3,16.2
VisA/chewinggum,k3s2000,nll,raw,k3s2000|nll|raw,2,1,0.9763,0.9522,3/3,22.3
VisA/chewinggum,k3s2000,maha,raw,k3s2000|maha|raw,2,1,0.9768,0.954,3/3,22.4
VisA/chewinggum,k3s2000,chi2,raw,k3s2000|chi2|raw,2,1,0.9823,0.9654,3/3,22.4
VisA/chewinggum,k6s2000,nll,raw,k6s2000|nll|raw,2,1,0.9739,0.9492,6/6,36.5
VisA/chewinggum,k6s2000,maha,raw,k6s2000|maha|raw,2,1,0.9708,0.9424,6/6,36.5
VisA/chewinggum,k6s2000,chi2,raw,k6s2000|chi2|raw,2,1,0.9779,0.9556,6/6,36.6
VisA/chewinggum,k12s2000,nll,raw,k12s2000|nll|raw,2,1,0.9736,0.946,12/12,60.1
VisA/chewinggum,k12s2000,maha,raw,k12s2000|maha|raw,2,1,0.9743,0.949,12/12,60.2
VisA/chewinggum,k12s2000,chi2,raw,k12s2000|chi2|raw,2,1,0.9817,0.9632,12/12,60.2
VisA/chewinggum,k3,nll,raw,k3|nll|raw,2,2,0.9782,0.9548,3/3,32.4
VisA/chewinggum,k3,maha,raw,k3|maha|raw,2,2,0.9777,0.9534,3/3,32.4
VisA/chewinggum,k3,chi2,raw,k3|chi2|raw,2,2,0.9844,0.9678,3/3,32.5
VisA/chewinggum,k3s2000,nll,raw,k3s2000|nll|raw,2,2,0.9754,0.9504,3/3,26.7
VisA/chewinggum,k3s2000,maha,raw,k3s2000|maha|raw,2,2,0.9719,0.9426,3/3,26.7
VisA/chewinggum,k3s2000,chi2,raw,k3s2000|chi2|raw,2,2,0.9854,0.973,3/3,26.8
VisA/chewinggum,k6s2000,nll,raw,k6s2000|nll|raw,2,2,0.974,0.9476,6/6,38.6
VisA/chewinggum,k6s2000,maha,raw,k6s2000|maha|raw,2,2,0.9755,0.951,6/6,38.6
VisA/chewinggum,k6s2000,chi2,raw,k6s2000|chi2|raw,2,2,0.9885,0.9794,6/6,38.7
VisA/chewinggum,k12s2000,nll,raw,k12s2000|nll|raw,2,2,0.9726,0.9452,12/12,72.9
VisA/chewinggum,k12s2000,maha,raw,k12s2000|maha|raw,2,2,0.9736,0.9472,12/12,73.0
VisA/chewinggum,k12s2000,chi2,raw,k12s2000|chi2|raw,2,2,0.9881,0.9792,12/12,73.0
mvtec_AD/grid,k3,nll,raw,k3|nll|raw,1,0,0.9761,0.9298,3/3,9.5
mvtec_AD/grid,k3,maha,raw,k3|maha|raw,1,0,0.9751,0.9256,3/3,9.5
mvtec_AD/grid,k3,chi2,raw,k3|chi2|raw,1,0,0.9811,0.944,3/3,9.5
mvtec_AD/grid,k3s2000,nll,raw,k3s2000|nll|raw,1,0,0.9726,0.9206,3/3,12.0
mvtec_AD/grid,k3s2000,maha,raw,k3s2000|maha|raw,1,0,0.9723,0.9198,3/3,12.0
mvtec_AD/grid,k3s2000,chi2,raw,k3s2000|chi2|raw,1,0,0.9859,0.9591,3/3,12.0
mvtec_AD/grid,k6s2000,nll,raw,k6s2000|nll|raw,1,0,0.9703,0.9165,6/6,13.3
mvtec_AD/grid,k6s2000,maha,raw,k6s2000|maha|raw,1,0,0.9709,0.9165,6/6,13.4
mvtec_AD/grid,k6s2000,chi2,raw,k6s2000|chi2|raw,1,0,0.9842,0.9541,6/6,13.4
mvtec_AD/grid,k12s2000,nll,raw,k12s2000|nll|raw,1,0,0.9707,0.9173,12/12,23.2
mvtec_AD/grid,k12s2000,maha,raw,k12s2000|maha|raw,1,0,0.9713,0.919,12/12,23.2
mvtec_AD/grid,k12s2000,chi2,raw,k12s2000|chi2|raw,1,0,0.982,0.9482,12/12,23.2
mvtec_AD/grid,k3,nll,raw,k3|nll|raw,1,1,0.9552,0.8764,3/3,9.0
mvtec_AD/grid,k3,maha,raw,k3|maha|raw,1,1,0.9564,0.8814,3/3,9.1
mvtec_AD/grid,k3,chi2,raw,k3|chi2|raw,1,1,0.9651,0.9056,3/3,9.1
mvtec_AD/grid,k3s2000,nll,raw,k3s2000|nll|raw,1,1,0.9488,0.853,3/3,9.2
mvtec_AD/grid,k3s2000,maha,raw,k3s2000|maha|raw,1,1,0.9501,0.8571,3/3,9.2
mvtec_AD/grid,k3s2000,chi2,raw,k3s2000|chi2|raw,1,1,0.9673,0.9064,3/3,9.3
mvtec_AD/grid,k6s2000,nll,raw,k6s2000|nll|raw,1,1,0.9491,0.8521,6/6,15.9
mvtec_AD/grid,k6s2000,maha,raw,k6s2000|maha|raw,1,1,0.9501,0.8555,6/6,15.9
mvtec_AD/grid,k6s2000,chi2,raw,k6s2000|chi2|raw,1,1,0.9661,0.9006,6/6,15.9
mvtec_AD/grid,k12s2000,nll,raw,k12s2000|nll|raw,1,1,0.947,0.8471,12/12,26.7
mvtec_AD/grid,k12s2000,maha,raw,k12s2000|maha|raw,1,1,0.9474,0.8488,12/12,26.7
mvtec_AD/grid,k12s2000,chi2,raw,k12s2000|chi2|raw,1,1,0.961,0.8881,12/12,26.8
mvtec_AD/grid,k3,nll,raw,k3|nll|raw,1,2,0.9994,0.9983,3/3,12.4
mvtec_AD/grid,k3,maha,raw,k3|maha|raw,1,2,0.9991,0.9975,3/3,12.4
mvtec_AD/grid,k3,chi2,raw,k3|chi2|raw,1,2,0.9994,0.9983,3/3,12.4
mvtec_AD/grid,k3s2000,nll,raw,k3s2000|nll|raw,1,2,0.9851,0.9566,3/3,10.8
mvtec_AD/grid,k3s2000,maha,raw,k3s2000|maha|raw,1,2,0.9879,0.9649,3/3,10.8
mvtec_AD/grid,k3s2000,chi2,raw,k3s2000|chi2|raw,1,2,0.997,0.9908,3/3,10.9
mvtec_AD/grid,k6s2000,nll,raw,k6s2000|nll|raw,1,2,0.9845,0.9541,6/6,18.7
mvtec_AD/grid,k6s2000,maha,raw,k6s2000|maha|raw,1,2,0.9875,0.9632,6/6,18.8
mvtec_AD/grid,k6s2000,chi2,raw,k6s2000|chi2|raw,1,2,0.997,0.9908,6/6,18.8
mvtec_AD/grid,k12s2000,nll,raw,k12s2000|nll|raw,1,2,0.9815,0.9457,12/12,30.6
mvtec_AD/grid,k12s2000,maha,raw,k12s2000|maha|raw,1,2,0.9834,0.9515,12/12,30.6
mvtec_AD/grid,k12s2000,chi2,raw,k12s2000|chi2|raw,1,2,0.9964,0.9891,12/12,30.6
mvtec_AD/grid,k3,nll,raw,k3|nll|raw,2,0,0.9628,0.8897,3/3,27.8
mvtec_AD/grid,k3,maha,raw,k3|maha|raw,2,0,0.9576,0.8797,3/3,27.8
mvtec_AD/grid,k3,chi2,raw,k3|chi2|raw,2,0,0.9684,0.9098,3/3,27.9
mvtec_AD/grid,k3s2000,nll,raw,k3s2000|nll|raw,2,0,0.9711,0.9123,3/3,40.8
mvtec_AD/grid,k3s2000,maha,raw,k3s2000|maha|raw,2,0,0.9732,0.919,3/3,40.8
mvtec_AD/grid,k3s2000,chi2,raw,k3s2000|chi2|raw,2,0,0.992,0.9758,3/3,40.8
mvtec_AD/grid,k6s2000,nll,raw,k6s2000|nll|raw,2,0,0.968,0.9031,6/6,51.9
mvtec_AD/grid,k6s2000,maha,raw,k6s2000|maha|raw,2,0,0.9676,0.9023,6/6,52.0
mvtec_AD/grid,k6s2000,chi2,raw,k6s2000|chi2|raw,2,0,0.9858,0.9574,6/6,52.0
mvtec_AD/grid,k12s2000,nll,raw,k12s2000|nll|raw,2,0,0.9691,0.9056,12/12,97.2
mvtec_AD/grid,k12s2000,maha,raw,k12s2000|maha|raw,2,0,0.9688,0.9056,12/12,97.2
mvtec_AD/grid,k12s2000,chi2,raw,k12s2000|chi2|raw,2,0,0.9872,0.9624,12/12,97.2
mvtec_AD/grid,k3,nll,raw,k3|nll|raw,2,1,0.988,0.9666,3/3,38.2
mvtec_AD/grid,k3,maha,raw,k3|maha|raw,2,1,0.9871,0.9641,3/3,38.2
mvtec_AD/grid,k3,chi2,raw,k3|chi2|raw,2,1,0.9939,0.9833,3/3,38.2
mvtec_AD/grid,k3s2000,nll,raw,k3s2000|nll|raw,2,1,0.9788,0.9382,3/3,20.9
mvtec_AD/grid,k3s2000,maha,raw,k3s2000|maha|raw,2,1,0.9787,0.9382,3/3,20.9
mvtec_AD/grid,k3s2000,chi2,raw,k3s2000|chi2|raw,2,1,0.9938,0.9816,3/3,20.9
mvtec_AD/grid,k6s2000,nll,raw,k6s2000|nll|raw,2,1,0.9838,0.9524,6/6,63.3
mvtec_AD/grid,k6s2000,maha,raw,k6s2000|maha|raw,2,1,0.9839,0.9532,6/6,63.3
mvtec_AD/grid,k6s2000,chi2,raw,k6s2000|chi2|raw,2,1,0.9978,0.9933,6/6,63.3
mvtec_AD/grid,k12s2000,nll,raw,k12s2000|nll|raw,2,1,0.9834,0.9524,12/12,86.3
mvtec_AD/grid,k12s2000,maha,raw,k12s2000|maha|raw,2,1,0.9801,0.9424,12/12,86.3
mvtec_AD/grid,k12s2000,chi2,raw,k12s2000|chi2|raw,2,1,0.9959,0.9883,12/12,86.4
mvtec_AD/grid,k3,nll,raw,k3|nll|raw,2,2,0.9921,0.9808,3/3,25.9
mvtec_AD/grid,k3,maha,raw,k3|maha|raw,2,2,0.9903,0.9766,3/3,25.9
mvtec_AD/grid,k3,chi2,raw,k3|chi2|raw,2,2,0.9965,0.9908,3/3,25.9
mvtec_AD/grid,k3s2000,nll,raw,k3s2000|nll|raw,2,2,0.9871,0.9649,3/3,28.3
mvtec_AD/grid,k3s2000,maha,raw,k3s2000|maha|raw,2,2,0.9895,0.9733,3/3,28.3
mvtec_AD/grid,k3s2000,chi2,raw,k3s2000|chi2|raw,2,2,0.997,0.9916,3/3,28.3
mvtec_AD/grid,k6s2000,nll,raw,k6s2000|nll|raw,2,2,0.975,0.9265,6/6,31.2
mvtec_AD/grid,k6s2000,maha,raw,k6s2000|maha|raw,2,2,0.9802,0.949,6/6,31.2
mvtec_AD/grid,k6s2000,chi2,raw,k6s2000|chi2|raw,2,2,0.9937,0.9825,6/6,31.2
mvtec_AD/grid,k12s2000,nll,raw,k12s2000|nll|raw,2,2,0.9811,0.9457,12/12,55.1
mvtec_AD/grid,k12s2000,maha,raw,k12s2000|maha|raw,2,2,0.9817,0.9507,12/12,55.1
mvtec_AD/grid,k12s2000,chi2,raw,k12s2000|chi2|raw,2,2,0.9936,0.9825,12/12,55.2
VisA/fryum,k3,nll,raw,k3|nll|raw,1,0,0.9562,0.9044,3/3,11.0
VisA/fryum,k3,maha,raw,k3|maha|raw,1,0,0.9604,0.913,3/3,11.1
VisA/fryum,k3,chi2,raw,k3|chi2|raw,1,0,0.9616,0.9154,3/3,11.1
VisA/fryum,k3s2000,nll,raw,k3s2000|nll|raw,1,0,0.9496,0.887,3/3,13.7
VisA/fryum,k3s2000,maha,raw,k3s2000|maha|raw,1,0,0.947,0.8894,3/3,13.7
VisA/fryum,k3s2000,chi2,raw,k3s2000|chi2|raw,1,0,0.9527,0.9042,3/3,13.8
VisA/fryum,k6s2000,nll,raw,k6s2000|nll|raw,1,0,0.9503,0.8872,6/6,29.5
VisA/fryum,k6s2000,maha,raw,k6s2000|maha|raw,1,0,0.9493,0.8884,6/6,29.5
VisA/fryum,k6s2000,chi2,raw,k6s2000|chi2|raw,1,0,0.9547,0.9052,6/6,29.6
VisA/fryum,k12s2000,nll,raw,k12s2000|nll|raw,1,0,0.9489,0.8834,12/12,38.4
VisA/fryum,k12s2000,maha,raw,k12s2000|maha|raw,1,0,0.9461,0.8798,12/12,38.5
VisA/fryum,k12s2000,chi2,raw,k12s2000|chi2|raw,1,0,0.9538,0.9008,12/12,38.5
VisA/fryum,k3,nll,raw,k3|nll|raw,1,1,0.9529,0.8972,3/3,17.2
VisA/fryum,k3,maha,raw,k3|maha|raw,1,1,0.961,0.9158,3/3,17.3
VisA/fryum,k3,chi2,raw,k3|chi2|raw,1,1,0.9612,0.917,3/3,17.3
VisA/fryum,k3s2000,nll,raw,k3s2000|nll|raw,1,1,0.9488,0.8874,3/3,14.8
VisA/fryum,k3s2000,maha,raw,k3s2000|maha|raw,1,1,0.9461,0.8888,3/3,14.9
VisA/fryum,k3s2000,chi2,raw,k3s2000|chi2|raw,1,1,0.9514,0.9028,3/3,14.9
VisA/fryum,k6s2000,nll,raw,k6s2000|nll|raw,1,1,0.9487,0.887,6/6,23.7
VisA/fryum,k6s2000,maha,raw,k6s2000|maha|raw,1,1,0.9456,0.8816,6/6,23.7
VisA/fryum,k6s2000,chi2,raw,k6s2000|chi2|raw,1,1,0.9571,0.9104,6/6,23.8
VisA/fryum,k12s2000,nll,raw,k12s2000|nll|raw,1,1,0.9511,0.8906,12/12,48.4
VisA/fryum,k12s2000,maha,raw,k12s2000|maha|raw,1,1,0.9513,0.892,12/12,48.4
VisA/fryum,k12s2000,chi2,raw,k12s2000|chi2|raw,1,1,0.958,0.9116,12/12,48.5
VisA/fryum,k3,nll,raw,k3|nll|raw,1,2,0.9549,0.913,3/3,17.0
VisA/fryum,k3,maha,raw,k3|maha|raw,1,2,0.9439,0.9018,3/3,17.0
VisA/fryum,k3,chi2,raw,k3|chi2|raw,1,2,0.943,0.8964,3/3,17.1
VisA/fryum,k3s2000,nll,raw,k3s2000|nll|raw,1,2,0.9592,0.9094,3/3,11.2
VisA/fryum,k3s2000,maha,raw,k3s2000|maha|raw,1,2,0.964,0.9214,3/3,11.3
VisA/fryum,k3s2000,chi2,raw,k3s2000|chi2|raw,1,2,0.9642,0.9212,3/3,11.3
VisA/fryum,k6s2000,nll,raw,k6s2000|nll|raw,1,2,0.9611,0.9134,6/6,26.2
VisA/fryum,k6s2000,maha,raw,k6s2000|maha|raw,1,2,0.9603,0.915,6/6,26.3
VisA/fryum,k6s2000,chi2,raw,k6s2000|chi2|raw,1,2,0.9659,0.928,6/6,26.4
VisA/fryum,k12s2000,nll,raw,k12s2000|nll|raw,1,2,0.9623,0.9164,12/12,54.5
VisA/fryum,k12s2000,maha,raw,k12s2000|maha|raw,1,2,0.9651,0.9226,12/12,54.5
VisA/fryum,k12s2000,chi2,raw,k12s2000|chi2|raw,1,2,0.9679,0.931,12/12,54.5
VisA/fryum,k3,nll,raw,k3|nll|raw,2,0,0.9419,0.8888,3/3,24.8
VisA/fryum,k3,maha,raw,k3|maha|raw,2,0,0.9336,0.8844,3/3,24.8
VisA/fryum,k3,chi2,raw,k3|chi2|raw,2,0,0.9363,0.8884,3/3,24.9
VisA/fryum,k3s2000,nll,raw,k3s2000|nll|raw,2,0,0.9532,0.9024,3/3,21.2
VisA/fryum,k3s2000,maha,raw,k3s2000|maha|raw,2,0,0.9345,0.8854,3/3,21.3
VisA/fryum,k3s2000,chi2,raw,k3s2000|chi2|raw,2,0,0.943,0.8994,3/3,21.3
VisA/fryum,k6s2000,nll,raw,k6s2000|nll|raw,2,0,0.9551,0.903,6/6,34.5
VisA/fryum,k6s2000,maha,raw,k6s2000|maha|raw,2,0,0.9477,0.8954,6/6,34.5
VisA/fryum,k6s2000,chi2,raw,k6s2000|chi2|raw,2,0,0.9559,0.912,6/6,34.6
VisA/fryum,k12s2000,nll,raw,k12s2000|nll|raw,2,0,0.956,0.9048,12/12,167.1
VisA/fryum,k12s2000,maha,raw,k12s2000|maha|raw,2,0,0.951,0.9002,12/12,167.1
VisA/fryum,k12s2000,chi2,raw,k12s2000|chi2|raw,2,0,0.9593,0.9178,12/12,167.2
VisA/fryum,k3,nll,raw,k3|nll|raw,2,1,0.9668,0.9352,3/3,18.5
VisA/fryum,k3,maha,raw,k3|maha|raw,2,1,0.9663,0.9362,3/3,18.5
VisA/fryum,k3,chi2,raw,k3|chi2|raw,2,1,0.9687,0.9384,3/3,18.6
VisA/fryum,k3s2000,nll,raw,k3s2000|nll|raw,2,1,0.9667,0.9288,3/3,15.7
VisA/fryum,k3s2000,maha,raw,k3s2000|maha|raw,2,1,0.9663,0.9372,3/3,15.7
VisA/fryum,k3s2000,chi2,raw,k3s2000|chi2|raw,2,1,0.9681,0.9378,3/3,15.7
VisA/fryum,k6s2000,nll,raw,k6s2000|nll|raw,2,1,0.9659,0.9262,6/6,56.3
VisA/fryum,k6s2000,maha,raw,k6s2000|maha|raw,2,1,0.9643,0.9274,6/6,56.3
VisA/fryum,k6s2000,chi2,raw,k6s2000|chi2|raw,2,1,0.9729,0.9456,6/6,56.3
VisA/fryum,k12s2000,nll,raw,k12s2000|nll|raw,2,1,0.9662,0.9246,12/12,122.2
VisA/fryum,k12s2000,maha,raw,k12s2000|maha|raw,2,1,0.9616,0.9192,12/12,122.2
VisA/fryum,k12s2000,chi2,raw,k12s2000|chi2|raw,2,1,0.9726,0.9432,12/12,122.2
VisA/fryum,k3,nll,raw,k3|nll|raw,2,2,0.9544,0.9068,3/3,35.2
VisA/fryum,k3,maha,raw,k3|maha|raw,2,2,0.928,0.8666,3/3,35.2
VisA/fryum,k3,chi2,raw,k3|chi2|raw,2,2,0.9283,0.866,3/3,35.2
VisA/fryum,k3s2000,nll,raw,k3s2000|nll|raw,2,2,0.9522,0.8956,3/3,25.9
VisA/fryum,k3s2000,maha,raw,k3s2000|maha|raw,2,2,0.9289,0.8806,3/3,25.9
VisA/fryum,k3s2000,chi2,raw,k3s2000|chi2|raw,2,2,0.9385,0.89,3/3,26.0
VisA/fryum,k6s2000,nll,raw,k6s2000|nll|raw,2,2,0.9572,0.9044,6/6,48.0
VisA/fryum,k6s2000,maha,raw,k6s2000|maha|raw,2,2,0.9525,0.903,6/6,48.0
VisA/fryum,k6s2000,chi2,raw,k6s2000|chi2|raw,2,2,0.9635,0.9268,6/6,48.1
VisA/fryum,k12s2000,nll,raw,k12s2000|nll|raw,2,2,0.9586,0.9072,12/12,106.5
VisA/fryum,k12s2000,maha,raw,k12s2000|maha|raw,2,2,0.9551,0.9052,12/12,106.5
VisA/fryum,k12s2000,chi2,raw,k12s2000|chi2|raw,2,2,0.9661,0.9312,12/12,106.6
mvtec_AD/hazelnut,k3,nll,raw,k3|nll|raw,1,0,0.9047,0.8271,3/3,11.4
mvtec_AD/hazelnut,k3,maha,raw,k3|maha|raw,1,0,0.8948,0.8129,3/3,11.5
mvtec_AD/hazelnut,k3,chi2,raw,k3|chi2|raw,1,0,0.9078,0.8343,3/3,11.5
mvtec_AD/hazelnut,k3s2000,nll,raw,k3s2000|nll|raw,1,0,0.8969,0.8114,3/3,15.4
mvtec_AD/hazelnut,k3s2000,maha,raw,k3s2000|maha|raw,1,0,0.9009,0.82,3/3,15.4
mvtec_AD/hazelnut,k3s2000,chi2,raw,k3s2000|chi2|raw,1,0,0.9217,0.8557,3/3,15.4
mvtec_AD/hazelnut,k6s2000,nll,raw,k6s2000|nll|raw,1,0,0.9008,0.8168,6/6,21.0
mvtec_AD/hazelnut,k6s2000,maha,raw,k6s2000|maha|raw,1,0,0.9052,0.8243,6/6,21.1
mvtec_AD/hazelnut,k6s2000,chi2,raw,k6s2000|chi2|raw,1,0,0.9258,0.8611,6/6,21.1
mvtec_AD/hazelnut,k12s2000,nll,raw,k12s2000|nll|raw,1,0,0.9008,0.8171,12/12,34.7
mvtec_AD/hazelnut,k12s2000,maha,raw,k12s2000|maha|raw,1,0,0.9058,0.8254,12/12,34.7
mvtec_AD/hazelnut,k12s2000,chi2,raw,k12s2000|chi2|raw,1,0,0.9269,0.8611,12/12,34.7
mvtec_AD/hazelnut,k3,nll,raw,k3|nll|raw,1,1,0.923,0.8596,3/3,14.2
mvtec_AD/hazelnut,k3,maha,raw,k3|maha|raw,1,1,0.9154,0.8507,3/3,14.2
mvtec_AD/hazelnut,k3,chi2,raw,k3|chi2|raw,1,1,0.9215,0.86,3/3,14.3
mvtec_AD/hazelnut,k3s2000,nll,raw,k3s2000|nll|raw,1,1,0.9473,0.8971,3/3,12.8
mvtec_AD/hazelnut,k3s2000,maha,raw,k3s2000|maha|raw,1,1,0.9434,0.89,3/3,12.8
mvtec_AD/hazelnut,k3s2000,chi2,raw,k3s2000|chi2|raw,1,1,0.9547,0.9143,3/3,12.9
mvtec_AD/hazelnut,k6s2000,nll,raw,k6s2000|nll|raw,1,1,0.9482,0.8993,6/6,14.4
mvtec_AD/hazelnut,k6s2000,maha,raw,k6s2000|maha|raw,1,1,0.947,0.8961,6/6,14.4
mvtec_AD/hazelnut,k6s2000,chi2,raw,k6s2000|chi2|raw,1,1,0.9556,0.9129,6/6,14.5
mvtec_AD/hazelnut,k12s2000,nll,raw,k12s2000|nll|raw,1,1,0.9493,0.9018,12/12,33.9
mvtec_AD/hazelnut,k12s2000,maha,raw,k12s2000|maha|raw,1,1,0.9491,0.9011,12/12,33.9
mvtec_AD/hazelnut,k12s2000,chi2,raw,k12s2000|chi2|raw,1,1,0.9559,0.9125,12/12,33.9
mvtec_AD/hazelnut,k3,nll,raw,k3|nll|raw,1,2,0.9103,0.8343,3/3,9.0
mvtec_AD/hazelnut,k3,maha,raw,k3|maha|raw,1,2,0.8868,0.7961,3/3,9.0
mvtec_AD/hazelnut,k3,chi2,raw,k3|chi2|raw,1,2,0.8933,0.8057,3/3,9.0
mvtec_AD/hazelnut,k3s2000,nll,raw,k3s2000|nll|raw,1,2,0.961,0.9271,3/3,9.2
mvtec_AD/hazelnut,k3s2000,maha,raw,k3s2000|maha|raw,1,2,0.9585,0.9211,3/3,9.3
mvtec_AD/hazelnut,k3s2000,chi2,raw,k3s2000|chi2|raw,1,2,0.9688,0.9411,3/3,9.3
mvtec_AD/hazelnut,k6s2000,nll,raw,k6s2000|nll|raw,1,2,0.9622,0.9271,6/6,22.4
mvtec_AD/hazelnut,k6s2000,maha,raw,k6s2000|maha|raw,1,2,0.9599,0.9221,6/6,22.5
mvtec_AD/hazelnut,k6s2000,chi2,raw,k6s2000|chi2|raw,1,2,0.9696,0.9432,6/6,22.5
mvtec_AD/hazelnut,k12s2000,nll,raw,k12s2000|nll|raw,1,2,0.963,0.9286,12/12,29.2
mvtec_AD/hazelnut,k12s2000,maha,raw,k12s2000|maha|raw,1,2,0.9608,0.9239,12/12,29.3
mvtec_AD/hazelnut,k12s2000,chi2,raw,k12s2000|chi2|raw,1,2,0.967,0.9389,12/12,29.3
mvtec_AD/hazelnut,k3,nll,raw,k3|nll|raw,2,0,0.9223,0.8571,3/3,14.0
mvtec_AD/hazelnut,k3,maha,raw,k3|maha|raw,2,0,0.9042,0.8325,3/3,14.0
mvtec_AD/hazelnut,k3,chi2,raw,k3|chi2|raw,2,0,0.9198,0.8579,3/3,14.1
mvtec_AD/hazelnut,k3s2000,nll,raw,k3s2000|nll|raw,2,0,0.9174,0.8436,3/3,27.5
mvtec_AD/hazelnut,k3s2000,maha,raw,k3s2000|maha|raw,2,0,0.9243,0.8579,3/3,27.6
mvtec_AD/hazelnut,k3s2000,chi2,raw,k3s2000|chi2|raw,2,0,0.955,0.9161,3/3,27.6
mvtec_AD/hazelnut,k6s2000,nll,raw,k6s2000|nll|raw,2,0,0.9198,0.8471,6/6,48.3
mvtec_AD/hazelnut,k6s2000,maha,raw,k6s2000|maha|raw,2,0,0.9353,0.8789,6/6,48.4
mvtec_AD/hazelnut,k6s2000,chi2,raw,k6s2000|chi2|raw,2,0,0.9603,0.9257,6/6,48.4
mvtec_AD/hazelnut,k12s2000,nll,raw,k12s2000|nll|raw,2,0,0.9193,0.8454,12/12,76.8
mvtec_AD/hazelnut,k12s2000,maha,raw,k12s2000|maha|raw,2,0,0.9293,0.8646,12/12,76.8
mvtec_AD/hazelnut,k12s2000,chi2,raw,k12s2000|chi2|raw,2,0,0.954,0.9129,12/12,76.9
mvtec_AD/hazelnut,k3,nll,raw,k3|nll|raw,2,1,0.9502,0.9021,3/3,14.4
mvtec_AD/hazelnut,k3,maha,raw,k3|maha|raw,2,1,0.9416,0.8864,3/3,14.4
mvtec_AD/hazelnut,k3,chi2,raw,k3|chi2|raw,2,1,0.9525,0.9079,3/3,14.4
mvtec_AD/hazelnut,k3s2000,nll,raw,k3s2000|nll|raw,2,1,0.9497,0.9029,3/3,13.6
mvtec_AD/hazelnut,k3s2000,maha,raw,k3s2000|maha|raw,2,1,0.9468,0.8964,3/3,13.6
mvtec_AD/hazelnut,k3s2000,chi2,raw,k3s2000|chi2|raw,2,1,0.9663,0.9368,3/3,13.7
mvtec_AD/hazelnut,k6s2000,nll,raw,k6s2000|nll|raw,2,1,0.9553,0.9129,6/6,38.2
mvtec_AD/hazelnut,k6s2000,maha,raw,k6s2000|maha|raw,2,1,0.9608,0.9239,6/6,38.3
mvtec_AD/hazelnut,k6s2000,chi2,raw,k6s2000|chi2|raw,2,1,0.9766,0.9557,6/6,38.3
mvtec_AD/hazelnut,k12s2000,nll,raw,k12s2000|nll|raw,2,1,0.9532,0.9093,12/12,58.6
mvtec_AD/hazelnut,k12s2000,maha,raw,k12s2000|maha|raw,2,1,0.9566,0.9154,12/12,58.6
mvtec_AD/hazelnut,k12s2000,chi2,raw,k12s2000|chi2|raw,2,1,0.9715,0.945,12/12,58.6
mvtec_AD/hazelnut,k3,nll,raw,k3|nll|raw,2,2,0.945,0.9057,3/3,11.2
mvtec_AD/hazelnut,k3,maha,raw,k3|maha|raw,2,2,0.8835,0.8389,3/3,11.2
mvtec_AD/hazelnut,k3,chi2,raw,k3|chi2|raw,2,2,0.8753,0.8407,3/3,11.2
mvtec_AD/hazelnut,k3s2000,nll,raw,k3s2000|nll|raw,2,2,0.9466,0.9004,3/3,23.5
mvtec_AD/hazelnut,k3s2000,maha,raw,k3s2000|maha|raw,2,2,0.9433,0.8932,3/3,23.5
mvtec_AD/hazelnut,k3s2000,chi2,raw,k3s2000|chi2|raw,2,2,0.9649,0.9354,3/3,23.5
mvtec_AD/hazelnut,k6s2000,nll,raw,k6s2000|nll|raw,2,2,0.9626,0.93,6/6,73.7
mvtec_AD/hazelnut,k6s2000,maha,raw,k6s2000|maha|raw,2,2,0.9644,0.9332,6/6,73.7
mvtec_AD/hazelnut,k6s2000,chi2,raw,k6s2000|chi2|raw,2,2,0.9811,0.9646,6/6,73.8
mvtec_AD/hazelnut,k12s2000,nll,raw,k12s2000|nll|raw,2,2,0.9567,0.92,12/12,61.3
mvtec_AD/hazelnut,k12s2000,maha,raw,k12s2000|maha|raw,2,2,0.9613,0.9289,12/12,61.3
mvtec_AD/hazelnut,k12s2000,chi2,raw,k12s2000|chi2|raw,2,2,0.9774,0.9604,12/12,61.3
VisA/macaroni1,k3,nll,raw,k3|nll|raw,1,0,0.7685,0.7682,3/3,10.7
VisA/macaroni1,k3,maha,raw,k3|maha|raw,1,0,0.758,0.781,3/3,10.7
VisA/macaroni1,k3,chi2,raw,k3|chi2|raw,1,0,0.7967,0.8198,3/3,10.8
VisA/macaroni1,k3s2000,nll,raw,k3s2000|nll|raw,1,0,0.7508,0.7384,3/3,16.3
VisA/macaroni1,k3s2000,maha,raw,k3s2000|maha|raw,1,0,0.7176,0.6995,3/3,16.3
VisA/macaroni1,k3s2000,chi2,raw,k3s2000|chi2|raw,1,0,0.7965,0.7991,3/3,16.4
VisA/macaroni1,k6s2000,nll,raw,k6s2000|nll|raw,1,0,0.7271,0.705,6/6,26.6
VisA/macaroni1,k6s2000,maha,raw,k6s2000|maha|raw,1,0,0.6901,0.6757,6/6,26.7
VisA/macaroni1,k6s2000,chi2,raw,k6s2000|chi2|raw,1,0,0.7873,0.7979,6/6,26.7
VisA/macaroni1,k12s2000,nll,raw,k12s2000|nll|raw,1,0,0.7236,0.7076,12/12,63.6
VisA/macaroni1,k12s2000,maha,raw,k12s2000|maha|raw,1,0,0.6986,0.685,12/12,63.6
VisA/macaroni1,k12s2000,chi2,raw,k12s2000|chi2|raw,1,0,0.7898,0.7999,12/12,63.7
VisA/macaroni1,k3,nll,raw,k3|nll|raw,1,1,0.7338,0.7271,3/3,9.9
VisA/macaroni1,k3,maha,raw,k3|maha|raw,1,1,0.7146,0.7177,3/3,9.9
VisA/macaroni1,k3,chi2,raw,k3|chi2|raw,1,1,0.7433,0.7548,3/3,10.0
VisA/macaroni1,k3s2000,nll,raw,k3s2000|nll|raw,1,1,0.726,0.6854,3/3,14.5
VisA/macaroni1,k3s2000,maha,raw,k3s2000|maha|raw,1,1,0.7007,0.6841,3/3,14.6
VisA/macaroni1,k3s2000,chi2,raw,k3s2000|chi2|raw,1,1,0.7876,0.7842,3/3,14.6
VisA/macaroni1,k6s2000,nll,raw,k6s2000|nll|raw,1,1,0.7209,0.6833,6/6,33.0
VisA/macaroni1,k6s2000,maha,raw,k6s2000|maha|raw,1,1,0.7042,0.6771,6/6,33.0
VisA/macaroni1,k6s2000,chi2,raw,k6s2000|chi2|raw,1,1,0.7925,0.7823,6/6,33.1
VisA/macaroni1,k12s2000,nll,raw,k12s2000|nll|raw,1,1,0.7099,0.672,12/12,49.9
VisA/macaroni1,k12s2000,maha,raw,k12s2000|maha|raw,1,1,0.7094,0.6816,12/12,50.0
VisA/macaroni1,k12s2000,chi2,raw,k12s2000|chi2|raw,1,1,0.7977,0.7918,12/12,50.0
VisA/macaroni1,k3,nll,raw,k3|nll|raw,1,2,0.7477,0.7346,3/3,12.9
VisA/macaroni1,k3,maha,raw,k3|maha|raw,1,2,0.7391,0.7262,3/3,12.9
VisA/macaroni1,k3,chi2,raw,k3|chi2|raw,1,2,0.7755,0.775,3/3,13.0
VisA/macaroni1,k3s2000,nll,raw,k3s2000|nll|raw,1,2,0.7099,0.7063,3/3,11.5
VisA/macaroni1,k3s2000,maha,raw,k3s2000|maha|raw,1,2,0.7316,0.7085,3/3,11.5
VisA/macaroni1,k3s2000,chi2,raw,k3s2000|chi2|raw,1,2,0.7979,0.7995,3/3,11.6
VisA/macaroni1,k6s2000,nll,raw,k6s2000|nll|raw,1,2,0.6562,0.6714,6/6,25.4
VisA/macaroni1,k6s2000,maha,raw,k6s2000|maha|raw,1,2,0.6643,0.6656,6/6,25.4
VisA/macaroni1,k6s2000,chi2,raw,k6s2000|chi2|raw,1,2,0.7671,0.7576,6/6,25.5
VisA/macaroni1,k12s2000,nll,raw,k12s2000|nll|raw,1,2,0.6561,0.6702,12/12,69.5
VisA/macaroni1,k12s2000,maha,raw,k12s2000|maha|raw,1,2,0.6629,0.662,12/12,69.6
VisA/macaroni1,k12s2000,chi2,raw,k12s2000|chi2|raw,1,2,0.7712,0.764,12/12,69.6
VisA/macaroni1,k3,nll,raw,k3|nll|raw,2,0,0.7513,0.7491,3/3,14.2
VisA/macaroni1,k3,maha,raw,k3|maha|raw,2,0,0.7059,0.6914,3/3,14.3
VisA/macaroni1,k3,chi2,raw,k3|chi2|raw,2,0,0.7511,0.7392,3/3,14.3
VisA/macaroni1,k3s2000,nll,raw,k3s2000|nll|raw,2,0,0.7527,0.741,3/3,16.8
VisA/macaroni1,k3s2000,maha,raw,k3s2000|maha|raw,2,0,0.7058,0.686,3/3,16.9
VisA/macaroni1,k3s2000,chi2,raw,k3s2000|chi2|raw,2,0,0.763,0.755,3/3,17.0
VisA/macaroni1,k6s2000,nll,raw,k6s2000|nll|raw,2,0,0.7343,0.7176,6/6,59.7
VisA/macaroni1,k6s2000,maha,raw,k6s2000|maha|raw,2,0,0.703,0.6816,6/6,59.8
VisA/macaroni1,k6s2000,chi2,raw,k6s2000|chi2|raw,2,0,0.7913,0.7821,6/6,59.9
VisA/macaroni1,k12s2000,nll,raw,k12s2000|nll|raw,2,0,0.7281,0.7113,12/12,94.9
VisA/macaroni1,k12s2000,maha,raw,k12s2000|maha|raw,2,0,0.7054,0.6917,12/12,94.9
VisA/macaroni1,k12s2000,chi2,raw,k12s2000|chi2|raw,2,0,0.8142,0.8195,12/12,95.0
VisA/macaroni1,k3,nll,raw,k3|nll|raw,2,1,0.7415,0.7169,3/3,15.9
VisA/macaroni1,k3,maha,raw,k3|maha|raw,2,1,0.737,0.7249,3/3,16.0
VisA/macaroni1,k3,chi2,raw,k3|chi2|raw,2,1,0.7833,0.7869,3/3,16.0
VisA/macaroni1,k3s2000,nll,raw,k3s2000|nll|raw,2,1,0.7188,0.6787,3/3,22.5
VisA/macaroni1,k3s2000,maha,raw,k3s2000|maha|raw,2,1,0.7258,0.7061,3/3,22.5
VisA/macaroni1,k3s2000,chi2,raw,k3s2000|chi2|raw,2,1,0.7944,0.8009,3/3,22.6
VisA/macaroni1,k6s2000,nll,raw,k6s2000|nll|raw,2,1,0.7103,0.6714,6/6,55.9
VisA/macaroni1,k6s2000,maha,raw,k6s2000|maha|raw,2,1,0.6931,0.6616,6/6,55.9
VisA/macaroni1,k6s2000,chi2,raw,k6s2000|chi2|raw,2,1,0.7935,0.7964,6/6,56.0
VisA/macaroni1,k12s2000,nll,raw,k12s2000|nll|raw,2,1,0.6952,0.658,12/12,142.4
VisA/macaroni1,k12s2000,maha,raw,k12s2000|maha|raw,2,1,0.6854,0.6476,12/12,142.5
VisA/macaroni1,k12s2000,chi2,raw,k12s2000|chi2|raw,2,1,0.767,0.7623,12/12,142.5
VisA/macaroni1,k3,nll,raw,k3|nll|raw,2,2,0.7594,0.7509,3/3,27.5
VisA/macaroni1,k3,maha,raw,k3|maha|raw,2,2,0.7078,0.7008,3/3,27.6
VisA/macaroni1,k3,chi2,raw,k3|chi2|raw,2,2,0.7485,0.7605,3/3,27.6
VisA/macaroni1,k3s2000,nll,raw,k3s2000|nll|raw,2,2,0.7473,0.7304,3/3,18.2
VisA/macaroni1,k3s2000,maha,raw,k3s2000|maha|raw,2,2,0.6996,0.6884,3/3,18.3
VisA/macaroni1,k3s2000,chi2,raw,k3s2000|chi2|raw,2,2,0.7574,0.769,3/3,18.3
VisA/macaroni1,k6s2000,nll,raw,k6s2000|nll|raw,2,2,0.7418,0.716,6/6,22.6
VisA/macaroni1,k6s2000,maha,raw,k6s2000|maha|raw,2,2,0.7231,0.709,6/6,22.6
VisA/macaroni1,k6s2000,chi2,raw,k6s2000|chi2|raw,2,2,0.8218,0.8342,6/6,22.7
VisA/macaroni1,k12s2000,nll,raw,k12s2000|nll|raw,2,2,0.7193,0.6996,12/12,29.7
VisA/macaroni1,k12s2000,maha,raw,k12s2000|maha|raw,2,2,0.6816,0.6697,12/12,29.7
VisA/macaroni1,k12s2000,chi2,raw,k12s2000|chi2|raw,2,2,0.7892,0.804,12/12,29.8
mvtec_AD/leather,k3,nll,raw,k3|nll|raw,1,0,1.0,1.0,3/3,5.7
mvtec_AD/leather,k3,maha,raw,k3|maha|raw,1,0,1.0,1.0,3/3,5.7
mvtec_AD/leather,k3,chi2,raw,k3|chi2|raw,1,0,1.0,1.0,3/3,5.8
mvtec_AD/leather,k3s2000,nll,raw,k3s2000|nll|raw,1,0,1.0,1.0,3/3,4.2
mvtec_AD/leather,k3s2000,maha,raw,k3s2000|maha|raw,1,0,1.0,1.0,3/3,4.2
mvtec_AD/leather,k3s2000,chi2,raw,k3s2000|chi2|raw,1,0,1.0,1.0,3/3,4.3
mvtec_AD/leather,k6s2000,nll,raw,k6s2000|nll|raw,1,0,1.0,1.0,6/6,9.9
mvtec_AD/leather,k6s2000,maha,raw,k6s2000|maha|raw,1,0,1.0,1.0,6/6,9.9
mvtec_AD/leather,k6s2000,chi2,raw,k6s2000|chi2|raw,1,0,1.0,1.0,6/6,9.9
mvtec_AD/leather,k12s2000,nll,raw,k12s2000|nll|raw,1,0,1.0,1.0,12/12,16.6
mvtec_AD/leather,k12s2000,maha,raw,k12s2000|maha|raw,1,0,1.0,1.0,12/12,16.6
mvtec_AD/leather,k12s2000,chi2,raw,k12s2000|chi2|raw,1,0,1.0,1.0,12/12,16.7
mvtec_AD/leather,k3,nll,raw,k3|nll|raw,1,1,1.0,1.0,3/3,4.8
mvtec_AD/leather,k3,maha,raw,k3|maha|raw,1,1,1.0,1.0,3/3,4.9
mvtec_AD/leather,k3,chi2,raw,k3|chi2|raw,1,1,1.0,1.0,3/3,4.9
mvtec_AD/leather,k3s2000,nll,raw,k3s2000|nll|raw,1,1,1.0,1.0,3/3,4.3
mvtec_AD/leather,k3s2000,maha,raw,k3s2000|maha|raw,1,1,1.0,1.0,3/3,4.3
mvtec_AD/leather,k3s2000,chi2,raw,k3s2000|chi2|raw,1,1,1.0,1.0,3/3,4.4
mvtec_AD/leather,k6s2000,nll,raw,k6s2000|nll|raw,1,1,1.0,1.0,6/6,10.9
mvtec_AD/leather,k6s2000,maha,raw,k6s2000|maha|raw,1,1,1.0,1.0,6/6,10.9
mvtec_AD/leather,k6s2000,chi2,raw,k6s2000|chi2|raw,1,1,1.0,1.0,6/6,11.0
mvtec_AD/leather,k12s2000,nll,raw,k12s2000|nll|raw,1,1,1.0,1.0,12/12,15.5
mvtec_AD/leather,k12s2000,maha,raw,k12s2000|maha|raw,1,1,1.0,1.0,12/12,15.5
mvtec_AD/leather,k12s2000,chi2,raw,k12s2000|chi2|raw,1,1,1.0,1.0,12/12,15.6
mvtec_AD/leather,k3,nll,raw,k3|nll|raw,1,2,1.0,1.0,3/3,5.5
mvtec_AD/leather,k3,maha,raw,k3|maha|raw,1,2,1.0,1.0,3/3,5.5
mvtec_AD/leather,k3,chi2,raw,k3|chi2|raw,1,2,1.0,1.0,3/3,5.5
mvtec_AD/leather,k3s2000,nll,raw,k3s2000|nll|raw,1,2,1.0,1.0,3/3,18.0
mvtec_AD/leather,k3s2000,maha,raw,k3s2000|maha|raw,1,2,1.0,1.0,3/3,18.0
mvtec_AD/leather,k3s2000,chi2,raw,k3s2000|chi2|raw,1,2,1.0,1.0,3/3,18.1
mvtec_AD/leather,k6s2000,nll,raw,k6s2000|nll|raw,1,2,1.0,1.0,6/6,18.8
mvtec_AD/leather,k6s2000,maha,raw,k6s2000|maha|raw,1,2,1.0,1.0,6/6,18.9
mvtec_AD/leather,k6s2000,chi2,raw,k6s2000|chi2|raw,1,2,1.0,1.0,6/6,18.9
mvtec_AD/leather,k12s2000,nll,raw,k12s2000|nll|raw,1,2,1.0,1.0,12/12,30.6
mvtec_AD/leather,k12s2000,maha,raw,k12s2000|maha|raw,1,2,1.0,1.0,12/12,30.6
mvtec_AD/leather,k12s2000,chi2,raw,k12s2000|chi2|raw,1,2,1.0,1.0,12/12,30.7
mvtec_AD/leather,k3,nll,raw,k3|nll|raw,2,0,1.0,1.0,3/3,22.8
mvtec_AD/leather,k3,maha,raw,k3|maha|raw,2,0,1.0,1.0,3/3,22.8
mvtec_AD/leather,k3,chi2,raw,k3|chi2|raw,2,0,1.0,1.0,3/3,22.9
mvtec_AD/leather,k3s2000,nll,raw,k3s2000|nll|raw,2,0,1.0,1.0,3/3,18.4
mvtec_AD/leather,k3s2000,maha,raw,k3s2000|maha|raw,2,0,0.9999,0.9997,3/3,18.5
mvtec_AD/leather,k3s2000,chi2,raw,k3s2000|chi2|raw,2,0,1.0,1.0,3/3,18.5
mvtec_AD/leather,k6s2000,nll,raw,k6s2000|nll|raw,2,0,1.0,1.0,6/6,33.5
mvtec_AD/leather,k6s2000,maha,raw,k6s2000|maha|raw,2,0,1.0,1.0,6/6,33.5
mvtec_AD/leather,k6s2000,chi2,raw,k6s2000|chi2|raw,2,0,1.0,1.0,6/6,33.5
mvtec_AD/leather,k12s2000,nll,raw,k12s2000|nll|raw,2,0,1.0,1.0,12/12,61.6
mvtec_AD/leather,k12s2000,maha,raw,k12s2000|maha|raw,2,0,0.9999,0.9997,12/12,61.6
mvtec_AD/leather,k12s2000,chi2,raw,k12s2000|chi2|raw,2,0,1.0,1.0,12/12,61.7
mvtec_AD/leather,k3,nll,raw,k3|nll|raw,2,1,1.0,1.0,3/3,28.3
mvtec_AD/leather,k3,maha,raw,k3|maha|raw,2,1,0.9998,0.9993,3/3,28.3
mvtec_AD/leather,k3,chi2,raw,k3|chi2|raw,2,1,1.0,1.0,3/3,28.3
mvtec_AD/leather,k3s2000,nll,raw,k3s2000|nll|raw,2,1,1.0,1.0,3/3,22.8
mvtec_AD/leather,k3s2000,maha,raw,k3s2000|maha|raw,2,1,1.0,1.0,3/3,22.8
mvtec_AD/leather,k3s2000,chi2,raw,k3s2000|chi2|raw,2,1,1.0,1.0,3/3,22.9
mvtec_AD/leather,k6s2000,nll,raw,k6s2000|nll|raw,2,1,1.0,1.0,6/6,105.6
mvtec_AD/leather,k6s2000,maha,raw,k6s2000|maha|raw,2,1,1.0,1.0,6/6,105.6
mvtec_AD/leather,k6s2000,chi2,raw,k6s2000|chi2|raw,2,1,1.0,1.0,6/6,105.7
mvtec_AD/leather,k12s2000,nll,raw,k12s2000|nll|raw,2,1,1.0,1.0,12/12,81.8
mvtec_AD/leather,k12s2000,maha,raw,k12s2000|maha|raw,2,1,1.0,1.0,12/12,81.8
mvtec_AD/leather,k12s2000,chi2,raw,k12s2000|chi2|raw,2,1,1.0,1.0,12/12,81.9
mvtec_AD/leather,k3,nll,raw,k3|nll|raw,2,2,1.0,1.0,3/3,20.2
mvtec_AD/leather,k3,maha,raw,k3|maha|raw,2,2,1.0,1.0,3/3,20.2
mvtec_AD/leather,k3,chi2,raw,k3|chi2|raw,2,2,1.0,1.0,3/3,20.3
mvtec_AD/leather,k3s2000,nll,raw,k3s2000|nll|raw,2,2,1.0,1.0,3/3,23.0
mvtec_AD/leather,k3s2000,maha,raw,k3s2000|maha|raw,2,2,1.0,1.0,3/3,23.1
mvtec_AD/leather,k3s2000,chi2,raw,k3s2000|chi2|raw,2,2,1.0,1.0,3/3,23.1
mvtec_AD/leather,k6s2000,nll,raw,k6s2000|nll|raw,2,2,1.0,1.0,6/6,27.5
mvtec_AD/leather,k6s2000,maha,raw,k6s2000|maha|raw,2,2,1.0,1.0,6/6,27.6
mvtec_AD/leather,k6s2000,chi2,raw,k6s2000|chi2|raw,2,2,1.0,1.0,6/6,27.6
mvtec_AD/leather,k12s2000,nll,raw,k12s2000|nll|raw,2,2,1.0,1.0,12/12,110.2
mvtec_AD/leather,k12s2000,maha,raw,k12s2000|maha|raw,2,2,1.0,1.0,12/12,110.2
mvtec_AD/leather,k12s2000,chi2,raw,k12s2000|chi2|raw,2,2,1.0,1.0,12/12,110.3
VisA/macaroni2,k3,nll,raw,k3|nll|raw,1,0,0.5119,0.5512,3/3,11.7
VisA/macaroni2,k3,maha,raw,k3|maha|raw,1,0,0.5533,0.567,3/3,11.7
VisA/macaroni2,k3,chi2,raw,k3|chi2|raw,1,0,0.5648,0.5812,3/3,11.8
VisA/macaroni2,k3s2000,nll,raw,k3s2000|nll|raw,1,0,0.4596,0.4856,3/3,11.9
VisA/macaroni2,k3s2000,maha,raw,k3s2000|maha|raw,1,0,0.4859,0.5157,3/3,11.9
VisA/macaroni2,k3s2000,chi2,raw,k3s2000|chi2|raw,1,0,0.5281,0.5732,3/3,12.0
VisA/macaroni2,k6s2000,nll,raw,k6s2000|nll|raw,1,0,0.4579,0.4762,6/6,27.0
VisA/macaroni2,k6s2000,maha,raw,k6s2000|maha|raw,1,0,0.4613,0.4863,6/6,27.1
VisA/macaroni2,k6s2000,chi2,raw,k6s2000|chi2|raw,1,0,0.5187,0.5663,6/6,27.1
VisA/macaroni2,k12s2000,nll,raw,k12s2000|nll|raw,1,0,0.4531,0.4728,12/12,44.3
VisA/macaroni2,k12s2000,maha,raw,k12s2000|maha|raw,1,0,0.4512,0.4694,12/12,44.3
VisA/macaroni2,k12s2000,chi2,raw,k12s2000|chi2|raw,1,0,0.4869,0.5287,12/12,44.4
VisA/macaroni2,k3,nll,raw,k3|nll|raw,1,1,0.5135,0.557,3/3,6.9
VisA/macaroni2,k3,maha,raw,k3|maha|raw,1,1,0.5275,0.5615,3/3,7.0
VisA/macaroni2,k3,chi2,raw,k3|chi2|raw,1,1,0.5467,0.5787,3/3,7.0
VisA/macaroni2,k3s2000,nll,raw,k3s2000|nll|raw,1,1,0.4785,0.498,3/3,10.9
VisA/macaroni2,k3s2000,maha,raw,k3s2000|maha|raw,1,1,0.5011,0.5332,3/3,10.9
VisA/macaroni2,k3s2000,chi2,raw,k3s2000|chi2|raw,1,1,0.5992,0.6272,3/3,11.0
VisA/macaroni2,k6s2000,nll,raw,k6s2000|nll|raw,1,1,0.4854,0.5078,6/6,18.8
VisA/macaroni2,k6s2000,maha,raw,k6s2000|maha|raw,1,1,0.4908,0.5185,6/6,18.8
VisA/macaroni2,k6s2000,chi2,raw,k6s2000|chi2|raw,1,1,0.5832,0.6116,6/6,18.9
VisA/macaroni2,k12s2000,nll,raw,k12s2000|nll|raw,1,1,0.4857,0.506,12/12,56.5
VisA/macaroni2,k12s2000,maha,raw,k12s2000|maha|raw,1,1,0.4826,0.5084,12/12,56.6
VisA/macaroni2,k12s2000,chi2,raw,k12s2000|chi2|raw,1,1,0.5758,0.6154,12/12,56.7
VisA/macaroni2,k3,nll,raw,k3|nll|raw,1,2,0.6105,0.604,3/3,11.0
VisA/macaroni2,k3,maha,raw,k3|maha|raw,1,2,0.5677,0.5686,3/3,11.0
VisA/macaroni2,k3,chi2,raw,k3|chi2|raw,1,2,0.5723,0.5695,3/3,11.1
VisA/macaroni2,k3s2000,nll,raw,k3s2000|nll|raw,1,2,0.5422,0.5742,3/3,15.3
VisA/macaroni2,k3s2000,maha,raw,k3s2000|maha|raw,1,2,0.5549,0.5742,3/3,15.3
VisA/macaroni2,k3s2000,chi2,raw,k3s2000|chi2|raw,1,2,0.6218,0.6088,3/3,15.4
VisA/macaroni2,k6s2000,nll,raw,k6s2000|nll|raw,1,2,0.5292,0.5696,6/6,22.0
VisA/macaroni2,k6s2000,maha,raw,k6s2000|maha|raw,1,2,0.5239,0.5597,6/6,22.1
VisA/macaroni2,k6s2000,chi2,raw,k6s2000|chi2|raw,1,2,0.5738,0.6183,6/6,22.1
VisA/macaroni2,k12s2000,nll,raw,k12s2000|nll|raw,1,2,0.5284,0.574,12/12,38.3
VisA/macaroni2,k12s2000,maha,raw,k12s2000|maha|raw,1,2,0.5349,0.5784,12/12,38.3
VisA/macaroni2,k12s2000,chi2,raw,k12s2000|chi2|raw,1,2,0.5786,0.6211,12/12,38.4
VisA/macaroni2,k3,nll,raw,k3|nll|raw,2,0,0.5651,0.5748,3/3,17.1
VisA/macaroni2,k3,maha,raw,k3|maha|raw,2,0,0.5895,0.597,3/3,17.1
VisA/macaroni2,k3,chi2,raw,k3|chi2|raw,2,0,0.6112,0.6178,3/3,17.2
VisA/macaroni2,k3s2000,nll,raw,k3s2000|nll|raw,2,0,0.5213,0.5498,3/3,20.6
VisA/macaroni2,k3s2000,maha,raw,k3s2000|maha|raw,2,0,0.5578,0.5659,3/3,20.6
VisA/macaroni2,k3s2000,chi2,raw,k3s2000|chi2|raw,2,0,0.6435,0.6478,3/3,20.7
VisA/macaroni2,k6s2000,nll,raw,k6s2000|nll|raw,2,0,0.4969,0.5229,6/6,38.6
VisA/macaroni2,k6s2000,maha,raw,k6s2000|maha|raw,2,0,0.4952,0.5157,6/6,38.7
VisA/macaroni2,k6s2000,chi2,raw,k6s2000|chi2|raw,2,0,0.5853,0.6075,6/6,38.7
VisA/macaroni2,k12s2000,nll,raw,k12s2000|nll|raw,2,0,0.5098,0.5356,12/12,82.7
VisA/macaroni2,k12s2000,maha,raw,k12s2000|maha|raw,2,0,0.503,0.5229,12/12,82.8
VisA/macaroni2,k12s2000,chi2,raw,k12s2000|chi2|raw,2,0,0.6224,0.647,12/12,82.8
VisA/macaroni2,k3,nll,raw,k3|nll|raw,2,1,0.482,0.5092,3/3,36.5
VisA/macaroni2,k3,maha,raw,k3|maha|raw,2,1,0.4939,0.5141,3/3,36.5
VisA/macaroni2,k3,chi2,raw,k3|chi2|raw,2,1,0.5553,0.5782,3/3,36.6
VisA/macaroni2,k3s2000,nll,raw,k3s2000|nll|raw,2,1,0.4755,0.4933,3/3,16.7
VisA/macaroni2,k3s2000,maha,raw,k3s2000|maha|raw,2,1,0.551,0.5607,3/3,16.7
VisA/macaroni2,k3s2000,chi2,raw,k3s2000|chi2|raw,2,1,0.6934,0.6869,3/3,16.8
VisA/macaroni2,k6s2000,nll,raw,k6s2000|nll|raw,2,1,0.4573,0.469,6/6,42.8
VisA/macaroni2,k6s2000,maha,raw,k6s2000|maha|raw,2,1,0.4526,0.4686,6/6,42.8
VisA/macaroni2,k6s2000,chi2,raw,k6s2000|chi2|raw,2,1,0.5382,0.5714,6/6,42.9
VisA/macaroni2,k12s2000,nll,raw,k12s2000|nll|raw,2,1,0.4758,0.4893,12/12,111.5
VisA/macaroni2,k12s2000,maha,raw,k12s2000|maha|raw,2,1,0.4613,0.4785,12/12,111.6
VisA/macaroni2,k12s2000,chi2,raw,k12s2000|chi2|raw,2,1,0.5933,0.6134,12/12,111.6
VisA/macaroni2,k3,nll,raw,k3|nll|raw,2,2,0.547,0.5721,3/3,35.2
VisA/macaroni2,k3,maha,raw,k3|maha|raw,2,2,0.5593,0.5619,3/3,35.2
VisA/macaroni2,k3,chi2,raw,k3|chi2|raw,2,2,0.5692,0.5696,3/3,35.3
VisA/macaroni2,k3s2000,nll,raw,k3s2000|nll|raw,2,2,0.5425,0.5762,3/3,16.5
VisA/macaroni2,k3s2000,maha,raw,k3s2000|maha|raw,2,2,0.589,0.5876,3/3,16.6
VisA/macaroni2,k3s2000,chi2,raw,k3s2000|chi2|raw,2,2,0.6292,0.6119,3/3,16.6
VisA/macaroni2,k6s2000,nll,raw,k6s2000|nll|raw,2,2,0.5217,0.5593,6/6,43.5
VisA/macaroni2,k6s2000,maha,raw,k6s2000|maha|raw,2,2,0.5068,0.5319,6/6,43.6
VisA/macaroni2,k6s2000,chi2,raw,k6s2000|chi2|raw,2,2,0.5605,0.5859,6/6,43.6
VisA/macaroni2,k12s2000,nll,raw,k12s2000|nll|raw,2,2,0.5276,0.5692,12/12,76.7
VisA/macaroni2,k12s2000,maha,raw,k12s2000|maha|raw,2,2,0.5264,0.5577,12/12,76.7
VisA/macaroni2,k12s2000,chi2,raw,k12s2000|chi2|raw,2,2,0.5994,0.6185,12/12,76.8
mvtec_AD/metal_nut,k3,nll,raw,k3|nll|raw,1,0,0.9916,0.9653,3/3,7.4
mvtec_AD/metal_nut,k3,maha,raw,k3|maha|raw,1,0,0.9931,0.9717,3/3,7.4
mvtec_AD/metal_nut,k3,chi2,raw,k3|chi2|raw,1,0,0.9957,0.9819,3/3,7.4
mvtec_AD/metal_nut,k3s2000,nll,raw,k3s2000|nll|raw,1,0,0.9899,0.9585,3/3,8.3
mvtec_AD/metal_nut,k3s2000,maha,raw,k3s2000|maha|raw,1,0,0.9915,0.9648,3/3,8.4
mvtec_AD/metal_nut,k3s2000,chi2,raw,k3s2000|chi2|raw,1,0,0.997,0.9873,3/3,8.4
mvtec_AD/metal_nut,k6s2000,nll,raw,k6s2000|nll|raw,1,0,0.9871,0.9472,6/6,18.7
mvtec_AD/metal_nut,k6s2000,maha,raw,k6s2000|maha|raw,1,0,0.9891,0.9545,6/6,18.7
mvtec_AD/metal_nut,k6s2000,chi2,raw,k6s2000|chi2|raw,1,0,0.9965,0.9853,6/6,18.7
mvtec_AD/metal_nut,k12s2000,nll,raw,k12s2000|nll|raw,1,0,0.9868,0.9457,12/12,31.6
mvtec_AD/metal_nut,k12s2000,maha,raw,k12s2000|maha|raw,1,0,0.9877,0.9487,12/12,31.6
mvtec_AD/metal_nut,k12s2000,chi2,raw,k12s2000|chi2|raw,1,0,0.9956,0.9814,12/12,31.7
mvtec_AD/metal_nut,k3,nll,raw,k3|nll|raw,1,1,0.9794,0.9037,3/3,9.5
mvtec_AD/metal_nut,k3,maha,raw,k3|maha|raw,1,1,0.9825,0.9179,3/3,9.5
mvtec_AD/metal_nut,k3,chi2,raw,k3|chi2|raw,1,1,0.9845,0.9267,3/3,9.5
mvtec_AD/metal_nut,k3s2000,nll,raw,k3s2000|nll|raw,1,1,0.9714,0.8749,3/3,12.6
mvtec_AD/metal_nut,k3s2000,maha,raw,k3s2000|maha|raw,1,1,0.9767,0.8983,3/3,12.7
mvtec_AD/metal_nut,k3s2000,chi2,raw,k3s2000|chi2|raw,1,1,0.9857,0.935,3/3,12.7
mvtec_AD/metal_nut,k6s2000,nll,raw,k6s2000|nll|raw,1,1,0.9674,0.8587,6/6,32.5
mvtec_AD/metal_nut,k6s2000,maha,raw,k6s2000|maha|raw,1,1,0.9681,0.8602,6/6,32.5
mvtec_AD/metal_nut,k6s2000,chi2,raw,k6s2000|chi2|raw,1,1,0.9804,0.912,6/6,32.5
mvtec_AD/metal_nut,k12s2000,nll,raw,k12s2000|nll|raw,1,1,0.9684,0.8622,12/12,28.3
mvtec_AD/metal_nut,k12s2000,maha,raw,k12s2000|maha|raw,1,1,0.9688,0.8636,12/12,28.4
mvtec_AD/metal_nut,k12s2000,chi2,raw,k12s2000|chi2|raw,1,1,0.9799,0.9101,12/12,28.4
mvtec_AD/metal_nut,k3,nll,raw,k3|nll|raw,1,2,0.9852,0.9409,3/3,6.6
mvtec_AD/metal_nut,k3,maha,raw,k3|maha|raw,1,2,0.9808,0.9262,3/3,6.6
mvtec_AD/metal_nut,k3,chi2,raw,k3|chi2|raw,1,2,0.9831,0.9355,3/3,6.7
mvtec_AD/metal_nut,k3s2000,nll,raw,k3s2000|nll|raw,1,2,0.9769,0.9057,3/3,11.1
mvtec_AD/metal_nut,k3s2000,maha,raw,k3s2000|maha|raw,1,2,0.9777,0.9096,3/3,11.1
mvtec_AD/metal_nut,k3s2000,chi2,raw,k3s2000|chi2|raw,1,2,0.9875,0.9482,3/3,11.1
mvtec_AD/metal_nut,k6s2000,nll,raw,k6s2000|nll|raw,1,2,0.9772,0.9076,6/6,17.8
mvtec_AD/metal_nut,k6s2000,maha,raw,k6s2000|maha|raw,1,2,0.9787,0.913,6/6,17.8
mvtec_AD/metal_nut,k6s2000,chi2,raw,k6s2000|chi2|raw,1,2,0.9866,0.9438,6/6,17.9
mvtec_AD/metal_nut,k12s2000,nll,raw,k12s2000|nll|raw,1,2,0.9752,0.9003,12/12,32.5
mvtec_AD/metal_nut,k12s2000,maha,raw,k12s2000|maha|raw,1,2,0.9766,0.9057,12/12,32.6
mvtec_AD/metal_nut,k12s2000,chi2,raw,k12s2000|chi2|raw,1,2,0.9856,0.9404,12/12,32.6
mvtec_AD/metal_nut,k3,nll,raw,k3|nll|raw,2,0,0.9883,0.9477,3/3,19.0
mvtec_AD/metal_nut,k3,maha,raw,k3|maha|raw,2,0,0.9934,0.9702,3/3,19.0
mvtec_AD/metal_nut,k3,chi2,raw,k3|chi2|raw,2,0,0.9976,0.9897,3/3,19.0
mvtec_AD/metal_nut,k3s2000,nll,raw,k3s2000|nll|raw,2,0,0.9841,0.9306,3/3,15.9
mvtec_AD/metal_nut,k3s2000,maha,raw,k3s2000|maha|raw,2,0,0.9866,0.9409,3/3,16.0
mvtec_AD/metal_nut,k3s2000,chi2,raw,k3s2000|chi2|raw,2,0,0.9961,0.9829,3/3,16.0
mvtec_AD/metal_nut,k6s2000,nll,raw,k6s2000|nll|raw,2,0,0.9786,0.9081,6/6,33.3
mvtec_AD/metal_nut,k6s2000,maha,raw,k6s2000|maha|raw,2,0,0.98,0.9125,6/6,33.4
mvtec_AD/metal_nut,k6s2000,chi2,raw,k6s2000|chi2|raw,2,0,0.9934,0.9712,6/6,33.4
mvtec_AD/metal_nut,k12s2000,nll,raw,k12s2000|nll|raw,2,0,0.9771,0.9003,12/12,60.5
mvtec_AD/metal_nut,k12s2000,maha,raw,k12s2000|maha|raw,2,0,0.9797,0.911,12/12,60.5
mvtec_AD/metal_nut,k12s2000,chi2,raw,k12s2000|chi2|raw,2,0,0.9921,0.9648,12/12,60.5
mvtec_AD/metal_nut,k3,nll,raw,k3|nll|raw,2,1,0.9755,0.891,3/3,28.3
mvtec_AD/metal_nut,k3,maha,raw,k3|maha|raw,2,1,0.9793,0.9106,3/3,28.3
mvtec_AD/metal_nut,k3,chi2,raw,k3|chi2|raw,2,1,0.9837,0.9321,3/3,28.4
mvtec_AD/metal_nut,k3s2000,nll,raw,k3s2000|nll|raw,2,1,0.9691,0.868,3/3,26.0
mvtec_AD/metal_nut,k3s2000,maha,raw,k3s2000|maha|raw,2,1,0.9691,0.8656,3/3,26.0
mvtec_AD/metal_nut,k3s2000,chi2,raw,k3s2000|chi2|raw,2,1,0.9847,0.9306,3/3,26.0
mvtec_AD/metal_nut,k6s2000,nll,raw,k6s2000|nll|raw,2,1,0.9724,0.8798,6/6,52.3
mvtec_AD/metal_nut,k6s2000,maha,raw,k6s2000|maha|raw,2,1,0.9739,0.8861,6/6,52.3
mvtec_AD/metal_nut,k6s2000,chi2,raw,k6s2000|chi2|raw,2,1,0.986,0.9374,6/6,52.3
mvtec_AD/metal_nut,k12s2000,nll,raw,k12s2000|nll|raw,2,1,0.969,0.8661,12/12,40.6
mvtec_AD/metal_nut,k12s2000,maha,raw,k12s2000|maha|raw,2,1,0.9706,0.8715,12/12,40.7
mvtec_AD/metal_nut,k12s2000,chi2,raw,k12s2000|chi2|raw,2,1,0.9854,0.9345,12/12,40.7
mvtec_AD/metal_nut,k3,nll,raw,k3|nll|raw,2,2,0.9812,0.9233,3/3,15.9
mvtec_AD/metal_nut,k3,maha,raw,k3|maha|raw,2,2,0.9892,0.9565,3/3,16.0
mvtec_AD/metal_nut,k3,chi2,raw,k3|chi2|raw,2,2,0.9943,0.9761,3/3,16.0
mvtec_AD/metal_nut,k3s2000,nll,raw,k3s2000|nll|raw,2,2,0.979,0.9145,3/3,21.4
mvtec_AD/metal_nut,k3s2000,maha,raw,k3s2000|maha|raw,2,2,0.98,0.9184,3/3,21.4
mvtec_AD/metal_nut,k3s2000,chi2,raw,k3s2000|chi2|raw,2,2,0.992,0.9673,3/3,21.5
mvtec_AD/metal_nut,k6s2000,nll,raw,k6s2000|nll|raw,2,2,0.9803,0.9198,6/6,35.8
mvtec_AD/metal_nut,k6s2000,maha,raw,k6s2000|maha|raw,2,2,0.9815,0.9247,6/6,35.8
mvtec_AD/metal_nut,k6s2000,chi2,raw,k6s2000|chi2|raw,2,2,0.993,0.9717,6/6,35.9
mvtec_AD/metal_nut,k12s2000,nll,raw,k12s2000|nll|raw,2,2,0.9771,0.9066,12/12,94.8
mvtec_AD/metal_nut,k12s2000,maha,raw,k12s2000|maha|raw,2,2,0.9792,0.9154,12/12,94.8
mvtec_AD/metal_nut,k12s2000,chi2,raw,k12s2000|chi2|raw,2,2,0.9901,0.9594,12/12,94.9
VisA/pcb1,k3,nll,raw,k3|nll|raw,1,0,0.871,0.9015,3/3,13.6
VisA/pcb1,k3,maha,raw,k3|maha|raw,1,0,0.7374,0.7662,3/3,13.6
VisA/pcb1,k3,chi2,raw,k3|chi2|raw,1,0,0.7179,0.7464,3/3,13.7
VisA/pcb1,k3s2000,nll,raw,k3s2000|nll|raw,1,0,0.9664,0.9678,3/3,9.1
VisA/pcb1,k3s2000,maha,raw,k3s2000|maha|raw,1,0,0.9416,0.9519,3/3,9.2
VisA/pcb1,k3s2000,chi2,raw,k3s2000|chi2|raw,1,0,0.9204,0.9339,3/3,9.3
VisA/pcb1,k6s2000,nll,raw,k6s2000|nll|raw,1,0,0.9661,0.9668,6/6,24.7
VisA/pcb1,k6s2000,maha,raw,k6s2000|maha|raw,1,0,0.9583,0.9634,6/6,24.7
VisA/pcb1,k6s2000,chi2,raw,k6s2000|chi2|raw,1,0,0.9323,0.9455,6/6,24.8
VisA/pcb1,k12s2000,nll,raw,k12s2000|nll|raw,1,0,0.9703,0.9712,12/12,35.6
VisA/pcb1,k12s2000,maha,raw,k12s2000|maha|raw,1,0,0.9645,0.9674,12/12,35.7
VisA/pcb1,k12s2000,chi2,raw,k12s2000|chi2|raw,1,0,0.946,0.9559,12/12,35.8
VisA/pcb1,k3,nll,raw,k3|nll|raw,1,1,0.9057,0.905,3/3,6.9
VisA/pcb1,k3,maha,raw,k3|maha|raw,1,1,0.8356,0.838,3/3,6.9
VisA/pcb1,k3,chi2,raw,k3|chi2|raw,1,1,0.8213,0.8235,3/3,7.0
VisA/pcb1,k3s2000,nll,raw,k3s2000|nll|raw,1,1,0.9488,0.9475,3/3,10.2
VisA/pcb1,k3s2000,maha,raw,k3s2000|maha|raw,1,1,0.9446,0.9477,3/3,10.2
VisA/pcb1,k3s2000,chi2,raw,k3s2000|chi2|raw,1,1,0.9313,0.9366,3/3,10.3
VisA/pcb1,k6s2000,nll,raw,k6s2000|nll|raw,1,1,0.9495,0.9498,6/6,23.5
VisA/pcb1,k6s2000,maha,raw,k6s2000|maha|raw,1,1,0.949,0.9495,6/6,23.5
VisA/pcb1,k6s2000,chi2,raw,k6s2000|chi2|raw,1,1,0.927,0.9343,6/6,23.6
VisA/pcb1,k12s2000,nll,raw,k12s2000|nll|raw,1,1,0.948,0.95,12/12,55.0
VisA/pcb1,k12s2000,maha,raw,k12s2000|maha|raw,1,1,0.9495,0.9502,12/12,55.0
VisA/pcb1,k12s2000,chi2,raw,k12s2000|chi2|raw,1,1,0.9364,0.9398,12/12,55.1
VisA/pcb1,k3,nll,raw,k3|nll|raw,1,2,0.9272,0.9456,3/3,11.1
VisA/pcb1,k3,maha,raw,k3|maha|raw,1,2,0.7906,0.813,3/3,11.2
VisA/pcb1,k3,chi2,raw,k3|chi2|raw,1,2,0.7826,0.8126,3/3,11.2
VisA/pcb1,k3s2000,nll,raw,k3s2000|nll|raw,1,2,0.9631,0.9679,3/3,8.5
VisA/pcb1,k3s2000,maha,raw,k3s2000|maha|raw,1,2,0.9575,0.9663,3/3,8.5
VisA/pcb1,k3s2000,chi2,raw,k3s2000|chi2|raw,1,2,0.9469,0.9539,3/3,8.6
VisA/pcb1,k6s2000,nll,raw,k6s2000|nll|raw,1,2,0.97,0.9727,6/6,25.2
VisA/pcb1,k6s2000,maha,raw,k6s2000|maha|raw,1,2,0.955,0.9652,6/6,25.3
VisA/pcb1,k6s2000,chi2,raw,k6s2000|chi2|raw,1,2,0.9543,0.9601,6/6,25.4
VisA/pcb1,k12s2000,nll,raw,k12s2000|nll|raw,1,2,0.9678,0.9717,12/12,30.0
VisA/pcb1,k12s2000,maha,raw,k12s2000|maha|raw,1,2,0.9636,0.9706,12/12,30.0
VisA/pcb1,k12s2000,chi2,raw,k12s2000|chi2|raw,1,2,0.9573,0.9625,12/12,30.1
VisA/pcb1,k3,nll,raw,k3|nll|raw,2,0,0.9047,0.9288,3/3,20.0
VisA/pcb1,k3,maha,raw,k3|maha|raw,2,0,0.7943,0.8278,3/3,20.0
VisA/pcb1,k3,chi2,raw,k3|chi2|raw,2,0,0.7897,0.8231,3/3,20.1
VisA/pcb1,k3s2000,nll,raw,k3s2000|nll|raw,2,0,0.9574,0.9598,3/3,16.4
VisA/pcb1,k3s2000,maha,raw,k3s2000|maha|raw,2,0,0.8888,0.9081,3/3,16.4
VisA/pcb1,k3s2000,chi2,raw,k3s2000|chi2|raw,2,0,0.8754,0.8981,3/3,16.5
VisA/pcb1,k6s2000,nll,raw,k6s2000|nll|raw,2,0,0.9693,0.9703,6/6,35.4
VisA/pcb1,k6s2000,maha,raw,k6s2000|maha|raw,2,0,0.9347,0.9468,6/6,35.5
VisA/pcb1,k6s2000,chi2,raw,k6s2000|chi2|raw,2,0,0.9175,0.9322,6/6,35.5
VisA/pcb1,k12s2000,nll,raw,k12s2000|nll|raw,2,0,0.9655,0.9669,12/12,49.0
VisA/pcb1,k12s2000,maha,raw,k12s2000|maha|raw,2,0,0.959,0.963,12/12,49.1
VisA/pcb1,k12s2000,chi2,raw,k12s2000|chi2|raw,2,0,0.9545,0.9587,12/12,49.1
VisA/pcb1,k3,nll,raw,k3|nll|raw,2,1,0.9046,0.9114,3/3,21.8
VisA/pcb1,k3,maha,raw,k3|maha|raw,2,1,0.685,0.6618,3/3,21.9
VisA/pcb1,k3,chi2,raw,k3|chi2|raw,2,1,0.6853,0.6615,3/3,21.9
VisA/pcb1,k3s2000,nll,raw,k3s2000|nll|raw,2,1,0.945,0.9458,3/3,17.6
VisA/pcb1,k3s2000,maha,raw,k3s2000|maha|raw,2,1,0.8356,0.8485,3/3,17.6
VisA/pcb1,k3s2000,chi2,raw,k3s2000|chi2|raw,2,1,0.8388,0.8415,3/3,17.7
VisA/pcb1,k6s2000,nll,raw,k6s2000|nll|raw,2,1,0.9314,0.9336,6/6,21.9
VisA/pcb1,k6s2000,maha,raw,k6s2000|maha|raw,2,1,0.9056,0.9104,6/6,21.9
VisA/pcb1,k6s2000,chi2,raw,k6s2000|chi2|raw,2,1,0.8713,0.8798,6/6,22.0
VisA/pcb1,k12s2000,nll,raw,k12s2000|nll|raw,2,1,0.9129,0.9166,12/12,46.9
VisA/pcb1,k12s2000,maha,raw,k12s2000|maha|raw,2,1,0.8969,0.9003,12/12,46.9
VisA/pcb1,k12s2000,chi2,raw,k12s2000|chi2|raw,2,1,0.8864,0.8974,12/12,47.0
VisA/pcb1,k3,nll,raw,k3|nll|raw,2,2,0.9088,0.933,3/3,23.0
VisA/pcb1,k3,maha,raw,k3|maha|raw,2,2,0.8095,0.8223,3/3,23.0
VisA/pcb1,k3,chi2,raw,k3|chi2|raw,2,2,0.7968,0.8157,3/3,23.1
VisA/pcb1,k3s2000,nll,raw,k3s2000|nll|raw,2,2,0.9632,0.9691,3/3,14.2
VisA/pcb1,k3s2000,maha,raw,k3s2000|maha|raw,2,2,0.9071,0.919,3/3,14.3
VisA/pcb1,k3s2000,chi2,raw,k3s2000|chi2|raw,2,2,0.9172,0.9273,3/3,14.3
VisA/pcb1,k6s2000,nll,raw,k6s2000|nll|raw,2,2,0.9679,0.9715,6/6,25.8
VisA/pcb1,k6s2000,maha,raw,k6s2000|maha|raw,2,2,0.9358,0.9478,6/6,25.8
VisA/pcb1,k6s2000,chi2,raw,k6s2000|chi2|raw,2,2,0.9395,0.9451,6/6,25.9
VisA/pcb1,k12s2000,nll,raw,k12s2000|nll|raw,2,2,0.9694,0.973,12/12,41.3
VisA/pcb1,k12s2000,maha,raw,k12s2000|maha|raw,2,2,0.9538,0.9609,12/12,41.4
VisA/pcb1,k12s2000,chi2,raw,k12s2000|chi2|raw,2,2,0.9585,0.9593,12/12,41.5
mvtec_AD/pill,k3,nll,raw,k3|nll|raw,1,0,0.9815,0.904,3/3,8.9
mvtec_AD/pill,k3,maha,raw,k3|maha|raw,1,0,0.9826,0.9089,3/3,8.9
mvtec_AD/pill,k3,chi2,raw,k3|chi2|raw,1,0,0.9836,0.9143,3/3,9.0
mvtec_AD/pill,k3s2000,nll,raw,k3s2000|nll|raw,1,0,0.9811,0.9037,3/3,9.0
mvtec_AD/pill,k3s2000,maha,raw,k3s2000|maha|raw,1,0,0.9793,0.8969,3/3,9.1
mvtec_AD/pill,k3s2000,chi2,raw,k3s2000|chi2|raw,1,0,0.9877,0.9356,3/3,9.1
mvtec_AD/pill,k6s2000,nll,raw,k6s2000|nll|raw,1,0,0.98,0.898,6/6,32.3
mvtec_AD/pill,k6s2000,maha,raw,k6s2000|maha|raw,1,0,0.9792,0.8963,6/6,32.4
mvtec_AD/pill,k6s2000,chi2,raw,k6s2000|chi2|raw,1,0,0.9876,0.9345,6/6,32.4
mvtec_AD/pill,k12s2000,nll,raw,k12s2000|nll|raw,1,0,0.9809,0.9021,12/12,48.8
mvtec_AD/pill,k12s2000,maha,raw,k12s2000|maha|raw,1,0,0.9802,0.8985,12/12,48.9
mvtec_AD/pill,k12s2000,chi2,raw,k12s2000|chi2|raw,1,0,0.9869,0.9302,12/12,48.9
mvtec_AD/pill,k3,nll,raw,k3|nll|raw,1,1,0.9848,0.9184,3/3,11.0
mvtec_AD/pill,k3,maha,raw,k3|maha|raw,1,1,0.9837,0.9135,3/3,11.0
mvtec_AD/pill,k3,chi2,raw,k3|chi2|raw,1,1,0.9873,0.9334,3/3,11.1
mvtec_AD/pill,k3s2000,nll,raw,k3s2000|nll|raw,1,1,0.9896,0.9427,3/3,18.2
mvtec_AD/pill,k3s2000,maha,raw,k3s2000|maha|raw,1,1,0.9883,0.9359,3/3,18.3
mvtec_AD/pill,k3s2000,chi2,raw,k3s2000|chi2|raw,1,1,0.9897,0.9454,3/3,18.3
mvtec_AD/pill,k6s2000,nll,raw,k6s2000|nll|raw,1,1,0.9886,0.9373,6/6,33.6
mvtec_AD/pill,k6s2000,maha,raw,k6s2000|maha|raw,1,1,0.9874,0.9313,6/6,33.6
mvtec_AD/pill,k6s2000,chi2,raw,k6s2000|chi2|raw,1,1,0.9897,0.9444,6/6,33.7
mvtec_AD/pill,k12s2000,nll,raw,k12s2000|nll|raw,1,1,0.99,0.9446,12/12,45.9
mvtec_AD/pill,k12s2000,maha,raw,k12s2000|maha|raw,1,1,0.9888,0.9384,12/12,45.9
mvtec_AD/pill,k12s2000,chi2,raw,k12s2000|chi2|raw,1,1,0.9894,0.9433,12/12,46.0
mvtec_AD/pill,k3,nll,raw,k3|nll|raw,1,2,0.9823,0.9062,3/3,20.5
mvtec_AD/pill,k3,maha,raw,k3|maha|raw,1,2,0.9783,0.8822,3/3,20.5
mvtec_AD/pill,k3,chi2,raw,k3|chi2|raw,1,2,0.9815,0.898,3/3,20.6
mvtec_AD/pill,k3s2000,nll,raw,k3s2000|nll|raw,1,2,0.9897,0.9419,3/3,15.9
mvtec_AD/pill,k3s2000,maha,raw,k3s2000|maha|raw,1,2,0.9874,0.9304,3/3,16.0
mvtec_AD/pill,k3s2000,chi2,raw,k3s2000|chi2|raw,1,2,0.9903,0.9463,3/3,16.0
mvtec_AD/pill,k6s2000,nll,raw,k6s2000|nll|raw,1,2,0.987,0.9291,6/6,36.0
mvtec_AD/pill,k6s2000,maha,raw,k6s2000|maha|raw,1,2,0.9845,0.919,6/6,36.1
mvtec_AD/pill,k6s2000,chi2,raw,k6s2000|chi2|raw,1,2,0.9911,0.9509,6/6,36.1
mvtec_AD/pill,k12s2000,nll,raw,k12s2000|nll|raw,1,2,0.987,0.9291,12/12,49.1
mvtec_AD/pill,k12s2000,maha,raw,k12s2000|maha|raw,1,2,0.9856,0.9236,12/12,49.1
mvtec_AD/pill,k12s2000,chi2,raw,k12s2000|chi2|raw,1,2,0.9906,0.9482,12/12,49.2
mvtec_AD/pill,k3,nll,raw,k3|nll|raw,2,0,0.9829,0.9105,3/3,26.5
mvtec_AD/pill,k3,maha,raw,k3|maha|raw,2,0,0.9857,0.9201,3/3,26.6
mvtec_AD/pill,k3,chi2,raw,k3|chi2|raw,2,0,0.9883,0.9343,3/3,26.6
mvtec_AD/pill,k3s2000,nll,raw,k3s2000|nll|raw,2,0,0.982,0.9064,3/3,17.3
mvtec_AD/pill,k3s2000,maha,raw,k3s2000|maha|raw,2,0,0.9815,0.9034,3/3,17.3
mvtec_AD/pill,k3s2000,chi2,raw,k3s2000|chi2|raw,2,0,0.9913,0.9512,3/3,17.4
mvtec_AD/pill,k6s2000,nll,raw,k6s2000|nll|raw,2,0,0.9814,0.9023,6/6,52.3
mvtec_AD/pill,k6s2000,maha,raw,k6s2000|maha|raw,2,0,0.9815,0.9026,6/6,52.3
mvtec_AD/pill,k6s2000,chi2,raw,k6s2000|chi2|raw,2,0,0.9903,0.9457,6/6,52.4
mvtec_AD/pill,k12s2000,nll,raw,k12s2000|nll|raw,2,0,0.982,0.9056,12/12,93.0
mvtec_AD/pill,k12s2000,maha,raw,k12s2000|maha|raw,2,0,0.9821,0.9045,12/12,93.1
mvtec_AD/pill,k12s2000,chi2,raw,k12s2000|chi2|raw,2,0,0.9905,0.9476,12/12,93.1
mvtec_AD/pill,k3,nll,raw,k3|nll|raw,2,1,0.9837,0.9143,3/3,19.0
mvtec_AD/pill,k3,maha,raw,k3|maha|raw,2,1,0.9811,0.9043,3/3,19.1
mvtec_AD/pill,k3,chi2,raw,k3|chi2|raw,2,1,0.986,0.9294,3/3,19.2
mvtec_AD/pill,k3s2000,nll,raw,k3s2000|nll|raw,2,1,0.9856,0.9223,3/3,32.9
mvtec_AD/pill,k3s2000,maha,raw,k3s2000|maha|raw,2,1,0.9833,0.9141,3/3,32.9
mvtec_AD/pill,k3s2000,chi2,raw,k3s2000|chi2|raw,2,1,0.9905,0.9501,3/3,33.0
mvtec_AD/pill,k6s2000,nll,raw,k6s2000|nll|raw,2,1,0.9863,0.9264,6/6,37.0
mvtec_AD/pill,k6s2000,maha,raw,k6s2000|maha|raw,2,1,0.9844,0.9198,6/6,37.0
mvtec_AD/pill,k6s2000,chi2,raw,k6s2000|chi2|raw,2,1,0.9914,0.9544,6/6,37.1
mvtec_AD/pill,k12s2000,nll,raw,k12s2000|nll|raw,2,1,0.9859,0.9247,12/12,80.0
mvtec_AD/pill,k12s2000,maha,raw,k12s2000|maha|raw,2,1,0.9842,0.9171,12/12,80.0
mvtec_AD/pill,k12s2000,chi2,raw,k12s2000|chi2|raw,2,1,0.9908,0.9504,12/12,80.1
mvtec_AD/pill,k3,nll,raw,k3|nll|raw,2,2,0.9911,0.9506,3/3,26.5
mvtec_AD/pill,k3,maha,raw,k3|maha|raw,2,2,0.9797,0.8931,3/3,26.6
mvtec_AD/pill,k3,chi2,raw,k3|chi2|raw,2,2,0.9795,0.8917,3/3,26.7
mvtec_AD/pill,k3s2000,nll,raw,k3s2000|nll|raw,2,2,0.9938,0.9667,3/3,30.8
mvtec_AD/pill,k3s2000,maha,raw,k3s2000|maha|raw,2,2,0.9883,0.9384,3/3,30.8
mvtec_AD/pill,k3s2000,chi2,raw,k3s2000|chi2|raw,2,2,0.9923,0.9594,3/3,30.9
mvtec_AD/pill,k6s2000,nll,raw,k6s2000|nll|raw,2,2,0.9917,0.9553,6/6,58.1
mvtec_AD/pill,k6s2000,maha,raw,k6s2000|maha|raw,2,2,0.9894,0.9441,6/6,58.1
mvtec_AD/pill,k6s2000,chi2,raw,k6s2000|chi2|raw,2,2,0.9938,0.9662,6/6,58.2
mvtec_AD/pill,k12s2000,nll,raw,k12s2000|nll|raw,2,2,0.9927,0.9607,12/12,84.3
mvtec_AD/pill,k12s2000,maha,raw,k12s2000|maha|raw,2,2,0.9902,0.9495,12/12,84.3
mvtec_AD/pill,k12s2000,chi2,raw,k12s2000|chi2|raw,2,2,0.994,0.9681,12/12,84.4
VisA/pcb2,k3,nll,raw,k3|nll|raw,1,0,0.8051,0.7851,3/3,13.1
VisA/pcb2,k3,maha,raw,k3|maha|raw,1,0,0.7131,0.7238,3/3,13.2
VisA/pcb2,k3,chi2,raw,k3|chi2|raw,1,0,0.6855,0.7117,3/3,13.2
VisA/pcb2,k3s2000,nll,raw,k3s2000|nll|raw,1,0,0.7968,0.785,3/3,9.8
VisA/pcb2,k3s2000,maha,raw,k3s2000|maha|raw,1,0,0.8532,0.8337,3/3,9.9
VisA/pcb2,k3s2000,chi2,raw,k3s2000|chi2|raw,1,0,0.8574,0.8418,3/3,9.9
VisA/pcb2,k6s2000,nll,raw,k6s2000|nll|raw,1,0,0.7734,0.7602,6/6,24.6
VisA/pcb2,k6s2000,maha,raw,k6s2000|maha|raw,1,0,0.7918,0.7852,6/6,24.6
VisA/pcb2,k6s2000,chi2,raw,k6s2000|chi2|raw,1,0,0.7838,0.7821,6/6,24.7
VisA/pcb2,k12s2000,nll,raw,k12s2000|nll|raw,1,0,0.7944,0.7766,12/12,33.6
VisA/pcb2,k12s2000,maha,raw,k12s2000|maha|raw,1,0,0.8069,0.7916,12/12,33.6
VisA/pcb2,k12s2000,chi2,raw,k12s2000|chi2|raw,1,0,0.8235,0.8248,12/12,33.7
VisA/pcb2,k3,nll,raw,k3|nll|raw,1,1,0.7782,0.8077,3/3,7.5
VisA/pcb2,k3,maha,raw,k3|maha|raw,1,1,0.7376,0.7411,3/3,7.6
VisA/pcb2,k3,chi2,raw,k3|chi2|raw,1,1,0.7218,0.7302,3/3,7.6
VisA/pcb2,k3s2000,nll,raw,k3s2000|nll|raw,1,1,0.7983,0.7957,3/3,9.8
VisA/pcb2,k3s2000,maha,raw,k3s2000|maha|raw,1,1,0.8494,0.8484,3/3,9.9
VisA/pcb2,k3s2000,chi2,raw,k3s2000|chi2|raw,1,1,0.8386,0.8458,3/3,9.9
VisA/pcb2,k6s2000,nll,raw,k6s2000|nll|raw,1,1,0.8113,0.8086,6/6,29.2
VisA/pcb2,k6s2000,maha,raw,k6s2000|maha|raw,1,1,0.8401,0.8415,6/6,29.3
VisA/pcb2,k6s2000,chi2,raw,k6s2000|chi2|raw,1,1,0.8387,0.839,6/6,29.3
VisA/pcb2,k12s2000,nll,raw,k12s2000|nll|raw,1,1,0.821,0.821,12/12,52.9
VisA/pcb2,k12s2000,maha,raw,k12s2000|maha|raw,1,1,0.8359,0.8351,12/12,53.0
VisA/pcb2,k12s2000,chi2,raw,k12s2000|chi2|raw,1,1,0.8496,0.8431,12/12,53.0
VisA/pcb2,k3,nll,raw,k3|nll|raw,1,2,0.6734,0.6488,3/3,21.1
VisA/pcb2,k3,maha,raw,k3|maha|raw,1,2,0.6113,0.655,3/3,21.1
VisA/pcb2,k3,chi2,raw,k3|chi2|raw,1,2,0.5625,0.5622,3/3,21.2
VisA/pcb2,k3s2000,nll,raw,k3s2000|nll|raw,1,2,0.7599,0.7506,3/3,12.0
VisA/pcb2,k3s2000,maha,raw,k3s2000|maha|raw,1,2,0.7692,0.7585,3/3,12.1
VisA/pcb2,k3s2000,chi2,raw,k3s2000|chi2|raw,1,2,0.8015,0.7944,3/3,12.1
VisA/pcb2,k6s2000,nll,raw,k6s2000|nll|raw,1,2,0.7708,0.7593,6/6,16.1
VisA/pcb2,k6s2000,maha,raw,k6s2000|maha|raw,1,2,0.8467,0.8207,6/6,16.1
VisA/pcb2,k6s2000,chi2,raw,k6s2000|chi2|raw,1,2,0.8617,0.8527,6/6,16.2
VisA/pcb2,k12s2000,nll,raw,k12s2000|nll|raw,1,2,0.7595,0.748,12/12,35.2
VisA/pcb2,k12s2000,maha,raw,k12s2000|maha|raw,1,2,0.7699,0.7596,12/12,35.3
VisA/pcb2,k12s2000,chi2,raw,k12s2000|chi2|raw,1,2,0.8197,0.8115,12/12,35.4
VisA/pcb2,k3,nll,raw,k3|nll|raw,2,0,0.8906,0.8843,3/3,12.0
VisA/pcb2,k3,maha,raw,k3|maha|raw,2,0,0.7281,0.7608,3/3,12.0
VisA/pcb2,k3,chi2,raw,k3|chi2|raw,2,0,0.7091,0.7531,3/3,12.1
VisA/pcb2,k3s2000,nll,raw,k3s2000|nll|raw,2,0,0.8741,0.8594,3/3,12.1
VisA/pcb2,k3s2000,maha,raw,k3s2000|maha|raw,2,0,0.8579,0.8558,3/3,12.1
VisA/pcb2,k3s2000,chi2,raw,k3s2000|chi2|raw,2,0,0.832,0.8276,3/3,12.2
VisA/pcb2,k6s2000,nll,raw,k6s2000|nll|raw,2,0,0.8431,0.8267,6/6,28.8
VisA/pcb2,k6s2000,maha,raw,k6s2000|maha|raw,2,0,0.8727,0.871,6/6,28.9
VisA/pcb2,k6s2000,chi2,raw,k6s2000|chi2|raw,2,0,0.8516,0.8754,6/6,29.0
VisA/pcb2,k12s2000,nll,raw,k12s2000|nll|raw,2,0,0.8345,0.8162,12/12,62.4
VisA/pcb2,k12s2000,maha,raw,k12s2000|maha|raw,2,0,0.8575,0.8417,12/12,62.5
VisA/pcb2,k12s2000,chi2,raw,k12s2000|chi2|raw,2,0,0.8585,0.8768,12/12,62.6
VisA/pcb2,k3,nll,raw,k3|nll|raw,2,1,0.8545,0.8682,3/3,11.5
VisA/pcb2,k3,maha,raw,k3|maha|raw,2,1,0.7612,0.7911,3/3,11.6
VisA/pcb2,k3,chi2,raw,k3|chi2|raw,2,1,0.7278,0.7812,3/3,11.7
VisA/pcb2,k3s2000,nll,raw,k3s2000|nll|raw,2,1,0.8658,0.8628,3/3,12.4
VisA/pcb2,k3s2000,maha,raw,k3s2000|maha|raw,2,1,0.8489,0.8592,3/3,12.5
VisA/pcb2,k3s2000,chi2,raw,k3s2000|chi2|raw,2,1,0.833,0.8369,3/3,12.5
VisA/pcb2,k6s2000,nll,raw,k6s2000|nll|raw,2,1,0.8269,0.818,6/6,30.7
VisA/pcb2,k6s2000,maha,raw,k6s2000|maha|raw,2,1,0.8673,0.8663,6/6,30.7
VisA/pcb2,k6s2000,chi2,raw,k6s2000|chi2|raw,2,1,0.8384,0.8716,6/6,30.8
VisA/pcb2,k12s2000,nll,raw,k12s2000|nll|raw,2,1,0.8236,0.8169,12/12,61.4
VisA/pcb2,k12s2000,maha,raw,k12s2000|maha|raw,2,1,0.8679,0.8632,12/12,61.5
VisA/pcb2,k12s2000,chi2,raw,k12s2000|chi2|raw,2,1,0.8498,0.8773,12/12,61.6
VisA/pcb2,k3,nll,raw,k3|nll|raw,2,2,0.7782,0.7442,3/3,12.9
VisA/pcb2,k3,maha,raw,k3|maha|raw,2,2,0.716,0.7459,3/3,12.9
VisA/pcb2,k3,chi2,raw,k3|chi2|raw,2,2,0.6889,0.7327,3/3,13.0
VisA/pcb2,k3s2000,nll,raw,k3s2000|nll|raw,2,2,0.7768,0.7544,3/3,14.4
VisA/pcb2,k3s2000,maha,raw,k3s2000|maha|raw,2,2,0.8426,0.8333,3/3,14.4
VisA/pcb2,k3s2000,chi2,raw,k3s2000|chi2|raw,2,2,0.7986,0.8107,3/3,14.5
VisA/pcb2,k6s2000,nll,raw,k6s2000|nll|raw,2,2,0.7549,0.7277,6/6,39.3
VisA/pcb2,k6s2000,maha,raw,k6s2000|maha|raw,2,2,0.7552,0.7311,6/6,39.3
VisA/pcb2,k6s2000,chi2,raw,k6s2000|chi2|raw,2,2,0.7958,0.7971,6/6,39.4
VisA/pcb2,k12s2000,nll,raw,k12s2000|nll|raw,2,2,0.7414,0.7194,12/12,64.0
VisA/pcb2,k12s2000,maha,raw,k12s2000|maha|raw,2,2,0.7549,0.7341,12/12,64.1
VisA/pcb2,k12s2000,chi2,raw,k12s2000|chi2|raw,2,2,0.8145,0.8071,12/12,64.1
mvtec_AD/screw,k3,nll,raw,k3|nll|raw,1,0,0.9609,0.8959,3/3,9.4
mvtec_AD/screw,k3,maha,raw,k3|maha|raw,1,0,0.9563,0.8942,3/3,9.4
mvtec_AD/screw,k3,chi2,raw,k3|chi2|raw,1,0,0.9672,0.9151,3/3,9.5
mvtec_AD/screw,k3s2000,nll,raw,k3s2000|nll|raw,1,0,0.9491,0.8699,3/3,11.5
mvtec_AD/screw,k3s2000,maha,raw,k3s2000|maha|raw,1,0,0.9556,0.893,3/3,11.5
mvtec_AD/screw,k3s2000,chi2,raw,k3s2000|chi2|raw,1,0,0.952,0.8944,3/3,11.5
mvtec_AD/screw,k6s2000,nll,raw,k6s2000|nll|raw,1,0,0.9583,0.884,6/6,26.3
mvtec_AD/screw,k6s2000,maha,raw,k6s2000|maha|raw,1,0,0.9584,0.8899,6/6,26.4
mvtec_AD/screw,k6s2000,chi2,raw,k6s2000|chi2|raw,1,0,0.9551,0.8826,6/6,26.4
mvtec_AD/screw,k12s2000,nll,raw,k12s2000|nll|raw,1,0,0.9614,0.8936,12/12,48.4
mvtec_AD/screw,k12s2000,maha,raw,k12s2000|maha|raw,1,0,0.9655,0.9055,12/12,48.4
mvtec_AD/screw,k12s2000,chi2,raw,k12s2000|chi2|raw,1,0,0.9639,0.9026,12/12,48.5
mvtec_AD/screw,k3,nll,raw,k3|nll|raw,1,1,0.8212,0.5632,3/3,3.8
mvtec_AD/screw,k3,maha,raw,k3|maha|raw,1,1,0.7307,0.3923,3/3,3.9
mvtec_AD/screw,k3,chi2,raw,k3|chi2|raw,1,1,0.7418,0.4009,3/3,3.9
mvtec_AD/screw,k3s2000,nll,raw,k3s2000|nll|raw,1,1,0.8887,0.6891,3/3,4.0
mvtec_AD/screw,k3s2000,maha,raw,k3s2000|maha|raw,1,1,0.8858,0.679,3/3,4.0
mvtec_AD/screw,k3s2000,chi2,raw,k3s2000|chi2|raw,1,1,0.8942,0.6878,3/3,4.1
mvtec_AD/screw,k6s2000,nll,raw,k6s2000|nll|raw,1,1,0.8797,0.6969,6/6,8.8
mvtec_AD/screw,k6s2000,maha,raw,k6s2000|maha|raw,1,1,0.8756,0.6854,6/6,8.9
mvtec_AD/screw,k6s2000,chi2,raw,k6s2000|chi2|raw,1,1,0.9016,0.7346,6/6,8.9
mvtec_AD/screw,k12s2000,nll,raw,k12s2000|nll|raw,1,1,0.8808,0.7049,12/12,31.5
mvtec_AD/screw,k12s2000,maha,raw,k12s2000|maha|raw,1,1,0.8822,0.704,12/12,31.5
mvtec_AD/screw,k12s2000,chi2,raw,k12s2000|chi2|raw,1,1,0.8964,0.736,12/12,31.6
mvtec_AD/screw,k3,nll,raw,k3|nll|raw,1,2,0.8697,0.7229,3/3,8.5
mvtec_AD/screw,k3,maha,raw,k3|maha|raw,1,2,0.8206,0.6274,3/3,8.5
mvtec_AD/screw,k3,chi2,raw,k3|chi2|raw,1,2,0.8513,0.6772,3/3,8.6
mvtec_AD/screw,k3s2000,nll,raw,k3s2000|nll|raw,1,2,0.864,0.7034,3/3,8.3
mvtec_AD/screw,k3s2000,maha,raw,k3s2000|maha|raw,1,2,0.8682,0.721,3/3,8.3
mvtec_AD/screw,k3s2000,chi2,raw,k3s2000|chi2|raw,1,2,0.8885,0.7641,3/3,8.4
mvtec_AD/screw,k6s2000,nll,raw,k6s2000|nll|raw,1,2,0.8675,0.7006,6/6,20.1
mvtec_AD/screw,k6s2000,maha,raw,k6s2000|maha|raw,1,2,0.8662,0.711,6/6,20.1
mvtec_AD/screw,k6s2000,chi2,raw,k6s2000|chi2|raw,1,2,0.8873,0.7571,6/6,20.2
mvtec_AD/screw,k12s2000,nll,raw,k12s2000|nll|raw,1,2,0.8839,0.7233,12/12,38.2
mvtec_AD/screw,k12s2000,maha,raw,k12s2000|maha|raw,1,2,0.8837,0.7313,12/12,38.2
mvtec_AD/screw,k12s2000,chi2,raw,k12s2000|chi2|raw,1,2,0.8903,0.7499,12/12,38.3
mvtec_AD/screw,k3,nll,raw,k3|nll|raw,2,0,0.9402,0.8746,3/3,15.4
mvtec_AD/screw,k3,maha,raw,k3|maha|raw,2,0,0.9283,0.8465,3/3,15.4
mvtec_AD/screw,k3,chi2,raw,k3|chi2|raw,2,0,0.9547,0.8914,3/3,15.5
mvtec_AD/screw,k3s2000,nll,raw,k3s2000|nll|raw,2,0,0.9335,0.8512,3/3,20.4
mvtec_AD/screw,k3s2000,maha,raw,k3s2000|maha|raw,2,0,0.9339,0.8627,3/3,20.5
mvtec_AD/screw,k3s2000,chi2,raw,k3s2000|chi2|raw,2,0,0.9469,0.8932,3/3,20.5
mvtec_AD/screw,k6s2000,nll,raw,k6s2000|nll|raw,2,0,0.944,0.8787,6/6,48.7
mvtec_AD/screw,k6s2000,maha,raw,k6s2000|maha|raw,2,0,0.9484,0.9006,6/6,48.8
mvtec_AD/screw,k6s2000,chi2,raw,k6s2000|chi2|raw,2,0,0.9592,0.9209,6/6,48.8
mvtec_AD/screw,k12s2000,nll,raw,k12s2000|nll|raw,2,0,0.9527,0.8951,12/12,100.3
mvtec_AD/screw,k12s2000,maha,raw,k12s2000|maha|raw,2,0,0.9644,0.9223,12/12,100.3
mvtec_AD/screw,k12s2000,chi2,raw,k12s2000|chi2|raw,2,0,0.9721,0.9348,12/12,100.3
mvtec_AD/screw,k3,nll,raw,k3|nll|raw,2,1,0.858,0.6495,3/3,10.9
mvtec_AD/screw,k3,maha,raw,k3|maha|raw,2,1,0.7968,0.5159,3/3,10.9
mvtec_AD/screw,k3,chi2,raw,k3|chi2|raw,2,1,0.8403,0.6145,3/3,11.0
mvtec_AD/screw,k3s2000,nll,raw,k3s2000|nll|raw,2,1,0.8665,0.6735,3/3,25.6
mvtec_AD/screw,k3s2000,maha,raw,k3s2000|maha|raw,2,1,0.8557,0.6415,3/3,25.6
mvtec_AD/screw,k3s2000,chi2,raw,k3s2000|chi2|raw,2,1,0.8986,0.7295,3/3,25.7
mvtec_AD/screw,k6s2000,nll,raw,k6s2000|nll|raw,2,1,0.8662,0.6739,6/6,44.7
mvtec_AD/screw,k6s2000,maha,raw,k6s2000|maha|raw,2,1,0.8636,0.6758,6/6,44.7
mvtec_AD/screw,k6s2000,chi2,raw,k6s2000|chi2|raw,2,1,0.8958,0.7389,6/6,44.8
mvtec_AD/screw,k12s2000,nll,raw,k12s2000|nll|raw,2,1,0.8702,0.6919,12/12,106.1
mvtec_AD/screw,k12s2000,maha,raw,k12s2000|maha|raw,2,1,0.8733,0.6932,12/12,106.2
mvtec_AD/screw,k12s2000,chi2,raw,k12s2000|chi2|raw,2,1,0.8974,0.7432,12/12,106.2
mvtec_AD/screw,k3,nll,raw,k3|nll|raw,2,2,0.9436,0.8571,3/3,11.6
mvtec_AD/screw,k3,maha,raw,k3|maha|raw,2,2,0.8922,0.7752,3/3,11.7
mvtec_AD/screw,k3,chi2,raw,k3|chi2|raw,2,2,0.9242,0.8172,3/3,11.7
mvtec_AD/screw,k3s2000,nll,raw,k3s2000|nll|raw,2,2,0.9399,0.8487,3/3,18.7
mvtec_AD/screw,k3s2000,maha,raw,k3s2000|maha|raw,2,2,0.937,0.8549,3/3,18.7
mvtec_AD/screw,k3s2000,chi2,raw,k3s2000|chi2|raw,2,2,0.9408,0.8688,3/3,18.8
mvtec_AD/screw,k6s2000,nll,raw,k6s2000|nll|raw,2,2,0.9545,0.8766,6/6,56.6
mvtec_AD/screw,k6s2000,maha,raw,k6s2000|maha|raw,2,2,0.9521,0.8854,6/6,56.6
mvtec_AD/screw,k6s2000,chi2,raw,k6s2000|chi2|raw,2,2,0.958,0.8996,6/6,56.7
mvtec_AD/screw,k12s2000,nll,raw,k12s2000|nll|raw,2,2,0.9558,0.8746,12/12,80.0
mvtec_AD/screw,k12s2000,maha,raw,k12s2000|maha|raw,2,2,0.9554,0.884,12/12,80.0
mvtec_AD/screw,k12s2000,chi2,raw,k12s2000|chi2|raw,2,2,0.9575,0.8957,12/12,80.1
VisA/pcb3,k3,nll,raw,k3|nll|raw,1,0,0.7886,0.795,3/3,10.1
VisA/pcb3,k3,maha,raw,k3|maha|raw,1,0,0.7475,0.7522,3/3,10.2
VisA/pcb3,k3,chi2,raw,k3|chi2|raw,1,0,0.7304,0.7233,3/3,10.3
VisA/pcb3,k3s2000,nll,raw,k3s2000|nll|raw,1,0,0.7412,0.7264,3/3,12.9
VisA/pcb3,k3s2000,maha,raw,k3s2000|maha|raw,1,0,0.7673,0.7478,3/3,13.0
VisA/pcb3,k3s2000,chi2,raw,k3s2000|chi2|raw,1,0,0.7983,0.7943,3/3,13.1
VisA/pcb3,k6s2000,nll,raw,k6s2000|nll|raw,1,0,0.7688,0.7548,6/6,11.0
VisA/pcb3,k6s2000,maha,raw,k6s2000|maha|raw,1,0,0.7716,0.7609,6/6,11.0
VisA/pcb3,k6s2000,chi2,raw,k6s2000|chi2|raw,1,0,0.7956,0.7902,6/6,11.1
VisA/pcb3,k12s2000,nll,raw,k12s2000|nll|raw,1,0,0.7528,0.7451,12/12,33.7
VisA/pcb3,k12s2000,maha,raw,k12s2000|maha|raw,1,0,0.7493,0.7472,12/12,33.7
VisA/pcb3,k12s2000,chi2,raw,k12s2000|chi2|raw,1,0,0.78,0.7836,12/12,33.8
VisA/pcb3,k3,nll,raw,k3|nll|raw,1,1,0.7759,0.7672,3/3,9.7
VisA/pcb3,k3,maha,raw,k3|maha|raw,1,1,0.7348,0.7353,3/3,9.7
VisA/pcb3,k3,chi2,raw,k3|chi2|raw,1,1,0.7208,0.7124,3/3,9.8
VisA/pcb3,k3s2000,nll,raw,k3s2000|nll|raw,1,1,0.6853,0.6601,3/3,14.6
VisA/pcb3,k3s2000,maha,raw,k3s2000|maha|raw,1,1,0.7077,0.6776,3/3,14.6
VisA/pcb3,k3s2000,chi2,raw,k3s2000|chi2|raw,1,1,0.7373,0.7154,3/3,14.7
VisA/pcb3,k6s2000,nll,raw,k6s2000|nll|raw,1,1,0.7011,0.6841,6/6,18.8
VisA/pcb3,k6s2000,maha,raw,k6s2000|maha|raw,1,1,0.7188,0.7017,6/6,18.9
VisA/pcb3,k6s2000,chi2,raw,k6s2000|chi2|raw,1,1,0.7405,0.7263,6/6,18.9
VisA/pcb3,k12s2000,nll,raw,k12s2000|nll|raw,1,1,0.6977,0.6674,12/12,37.6
VisA/pcb3,k12s2000,maha,raw,k12s2000|maha|raw,1,1,0.6994,0.6695,12/12,37.6
VisA/pcb3,k12s2000,chi2,raw,k12s2000|chi2|raw,1,1,0.7387,0.716,12/12,37.7
VisA/pcb3,k3,nll,raw,k3|nll|raw,1,2,0.7201,0.6874,3/3,11.3
VisA/pcb3,k3,maha,raw,k3|maha|raw,1,2,0.7546,0.7587,3/3,11.4
VisA/pcb3,k3,chi2,raw,k3|chi2|raw,1,2,0.738,0.7386,3/3,11.4
VisA/pcb3,k3s2000,nll,raw,k3s2000|nll|raw,1,2,0.6872,0.6773,3/3,10.5
VisA/pcb3,k3s2000,maha,raw,k3s2000|maha|raw,1,2,0.6895,0.6697,3/3,10.6
VisA/pcb3,k3s2000,chi2,raw,k3s2000|chi2|raw,1,2,0.7425,0.7188,3/3,10.6
VisA/pcb3,k6s2000,nll,raw,k6s2000|nll|raw,1,2,0.7613,0.7352,6/6,18.6
VisA/pcb3,k6s2000,maha,raw,k6s2000|maha|raw,1,2,0.7876,0.7638,6/6,18.6
VisA/pcb3,k6s2000,chi2,raw,k6s2000|chi2|raw,1,2,0.8166,0.7957,6/6,18.7
VisA/pcb3,k12s2000,nll,raw,k12s2000|nll|raw,1,2,0.7301,0.7095,12/12,29.7
VisA/pcb3,k12s2000,maha,raw,k12s2000|maha|raw,1,2,0.7462,0.7239,12/12,29.8
VisA/pcb3,k12s2000,chi2,raw,k12s2000|chi2|raw,1,2,0.7832,0.7639,12/12,29.9
VisA/pcb3,k3,nll,raw,k3|nll|raw,2,0,0.8145,0.8158,3/3,20.4
VisA/pcb3,k3,maha,raw,k3|maha|raw,2,0,0.772,0.7925,3/3,20.4
VisA/pcb3,k3,chi2,raw,k3|chi2|raw,2,0,0.7813,0.7934,3/3,20.5
VisA/pcb3,k3s2000,nll,raw,k3s2000|nll|raw,2,0,0.8233,0.8116,3/3,21.0
VisA/pcb3,k3s2000,maha,raw,k3s2000|maha|raw,2,0,0.833,0.8237,3/3,21.0
VisA/pcb3,k3s2000,chi2,raw,k3s2000|chi2|raw,2,0,0.8159,0.8226,3/3,21.1
VisA/pcb3,k6s2000,nll,raw,k6s2000|nll|raw,2,0,0.8382,0.8452,6/6,32.8
VisA/pcb3,k6s2000,maha,raw,k6s2000|maha|raw,2,0,0.8519,0.8563,6/6,32.8
VisA/pcb3,k6s2000,chi2,raw,k6s2000|chi2|raw,2,0,0.8419,0.8576,6/6,32.9
VisA/pcb3,k12s2000,nll,raw,k12s2000|nll|raw,2,0,0.8406,0.8372,12/12,91.9
VisA/pcb3,k12s2000,maha,raw,k12s2000|maha|raw,2,0,0.8284,0.8299,12/12,92.0
VisA/pcb3,k12s2000,chi2,raw,k12s2000|chi2|raw,2,0,0.8408,0.8491,12/12,92.0
VisA/pcb3,k3,nll,raw,k3|nll|raw,2,1,0.7927,0.7802,3/3,18.7
VisA/pcb3,k3,maha,raw,k3|maha|raw,2,1,0.764,0.7792,3/3,18.8
VisA/pcb3,k3,chi2,raw,k3|chi2|raw,2,1,0.7408,0.7403,3/3,18.9
VisA/pcb3,k3s2000,nll,raw,k3s2000|nll|raw,2,1,0.7417,0.7167,3/3,23.0
VisA/pcb3,k3s2000,maha,raw,k3s2000|maha|raw,2,1,0.7654,0.745,3/3,23.1
VisA/pcb3,k3s2000,chi2,raw,k3s2000|chi2|raw,2,1,0.805,0.7942,3/3,23.1
VisA/pcb3,k6s2000,nll,raw,k6s2000|nll|raw,2,1,0.7394,0.7352,6/6,25.8
VisA/pcb3,k6s2000,maha,raw,k6s2000|maha|raw,2,1,0.7543,0.7443,6/6,25.8
VisA/pcb3,k6s2000,chi2,raw,k6s2000|chi2|raw,2,1,0.7853,0.7793,6/6,25.9
VisA/pcb3,k12s2000,nll,raw,k12s2000|nll|raw,2,1,0.7483,0.7399,12/12,61.4
VisA/pcb3,k12s2000,maha,raw,k12s2000|maha|raw,2,1,0.7635,0.7512,12/12,61.5
VisA/pcb3,k12s2000,chi2,raw,k12s2000|chi2|raw,2,1,0.8149,0.8084,12/12,61.5
VisA/pcb3,k3,nll,raw,k3|nll|raw,2,2,0.7638,0.76,3/3,22.5
VisA/pcb3,k3,maha,raw,k3|maha|raw,2,2,0.7145,0.7008,3/3,22.5
VisA/pcb3,k3,chi2,raw,k3|chi2|raw,2,2,0.7075,0.6943,3/3,22.6
VisA/pcb3,k3s2000,nll,raw,k3s2000|nll|raw,2,2,0.7741,0.7519,3/3,22.5
VisA/pcb3,k3s2000,maha,raw,k3s2000|maha|raw,2,2,0.7927,0.7852,3/3,22.5
VisA/pcb3,k3s2000,chi2,raw,k3s2000|chi2|raw,2,2,0.777,0.7948,3/3,22.6
VisA/pcb3,k6s2000,nll,raw,k6s2000|nll|raw,2,2,0.7906,0.769,6/6,42.3
VisA/pcb3,k6s2000,maha,raw,k6s2000|maha|raw,2,2,0.8083,0.7948,6/6,42.4
VisA/pcb3,k6s2000,chi2,raw,k6s2000|chi2|raw,2,2,0.8152,0.8173,6/6,42.4
VisA/pcb3,k12s2000,nll,raw,k12s2000|nll|raw,2,2,0.7993,0.77,12/12,77.8
VisA/pcb3,k12s2000,maha,raw,k12s2000|maha|raw,2,2,0.7927,0.7694,12/12,77.8
VisA/pcb3,k12s2000,chi2,raw,k12s2000|chi2|raw,2,2,0.8125,0.8017,12/12,77.9
mvtec_AD/tile,k3,nll,raw,k3|nll|raw,1,0,1.0,1.0,3/3,8.4
mvtec_AD/tile,k3,maha,raw,k3|maha|raw,1,0,1.0,1.0,3/3,8.4
mvtec_AD/tile,k3,chi2,raw,k3|chi2|raw,1,0,1.0,1.0,3/3,8.4
mvtec_AD/tile,k3s2000,nll,raw,k3s2000|nll|raw,1,0,1.0,1.0,3/3,11.1
mvtec_AD/tile,k3s2000,maha,raw,k3s2000|maha|raw,1,0,1.0,1.0,3/3,11.1
mvtec_AD/tile,k3s2000,chi2,raw,k3s2000|chi2|raw,1,0,1.0,1.0,3/3,11.1
mvtec_AD/tile,k6s2000,nll,raw,k6s2000|nll|raw,1,0,1.0,1.0,6/6,17.9
mvtec_AD/tile,k6s2000,maha,raw,k6s2000|maha|raw,1,0,1.0,1.0,6/6,17.9
mvtec_AD/tile,k6s2000,chi2,raw,k6s2000|chi2|raw,1,0,1.0,1.0,6/6,17.9
mvtec_AD/tile,k12s2000,nll,raw,k12s2000|nll|raw,1,0,1.0,1.0,12/12,39.6
mvtec_AD/tile,k12s2000,maha,raw,k12s2000|maha|raw,1,0,1.0,1.0,12/12,39.6
mvtec_AD/tile,k12s2000,chi2,raw,k12s2000|chi2|raw,1,0,1.0,1.0,12/12,39.7
mvtec_AD/tile,k3,nll,raw,k3|nll|raw,1,1,1.0,1.0,3/3,7.2
mvtec_AD/tile,k3,maha,raw,k3|maha|raw,1,1,1.0,1.0,3/3,7.2
mvtec_AD/tile,k3,chi2,raw,k3|chi2|raw,1,1,1.0,1.0,3/3,7.3
mvtec_AD/tile,k3s2000,nll,raw,k3s2000|nll|raw,1,1,1.0,1.0,3/3,8.1
mvtec_AD/tile,k3s2000,maha,raw,k3s2000|maha|raw,1,1,1.0,1.0,3/3,8.1
mvtec_AD/tile,k3s2000,chi2,raw,k3s2000|chi2|raw,1,1,1.0,1.0,3/3,8.1
mvtec_AD/tile,k6s2000,nll,raw,k6s2000|nll|raw,1,1,1.0,1.0,6/6,21.0
mvtec_AD/tile,k6s2000,maha,raw,k6s2000|maha|raw,1,1,1.0,1.0,6/6,21.0
mvtec_AD/tile,k6s2000,chi2,raw,k6s2000|chi2|raw,1,1,1.0,1.0,6/6,21.1
mvtec_AD/tile,k12s2000,nll,raw,k12s2000|nll|raw,1,1,1.0,1.0,12/12,33.9
mvtec_AD/tile,k12s2000,maha,raw,k12s2000|maha|raw,1,1,1.0,1.0,12/12,33.9
mvtec_AD/tile,k12s2000,chi2,raw,k12s2000|chi2|raw,1,1,1.0,1.0,12/12,33.9
mvtec_AD/tile,k3,nll,raw,k3|nll|raw,1,2,1.0,1.0,3/3,12.9
mvtec_AD/tile,k3,maha,raw,k3|maha|raw,1,2,1.0,1.0,3/3,13.0
mvtec_AD/tile,k3,chi2,raw,k3|chi2|raw,1,2,1.0,1.0,3/3,13.0
mvtec_AD/tile,k3s2000,nll,raw,k3s2000|nll|raw,1,2,1.0,1.0,3/3,13.0
mvtec_AD/tile,k3s2000,maha,raw,k3s2000|maha|raw,1,2,1.0,1.0,3/3,13.0
mvtec_AD/tile,k3s2000,chi2,raw,k3s2000|chi2|raw,1,2,1.0,1.0,3/3,13.1
mvtec_AD/tile,k6s2000,nll,raw,k6s2000|nll|raw,1,2,1.0,1.0,6/6,20.1
mvtec_AD/tile,k6s2000,maha,raw,k6s2000|maha|raw,1,2,1.0,1.0,6/6,20.1
mvtec_AD/tile,k6s2000,chi2,raw,k6s2000|chi2|raw,1,2,1.0,1.0,6/6,20.1
mvtec_AD/tile,k12s2000,nll,raw,k12s2000|nll|raw,1,2,1.0,1.0,12/12,45.3
mvtec_AD/tile,k12s2000,maha,raw,k12s2000|maha|raw,1,2,1.0,1.0,12/12,45.3
mvtec_AD/tile,k12s2000,chi2,raw,k12s2000|chi2|raw,1,2,1.0,1.0,12/12,45.4
mvtec_AD/tile,k3,nll,raw,k3|nll|raw,2,0,1.0,1.0,3/3,16.7
mvtec_AD/tile,k3,maha,raw,k3|maha|raw,2,0,1.0,1.0,3/3,16.7
mvtec_AD/tile,k3,chi2,raw,k3|chi2|raw,2,0,1.0,1.0,3/3,16.8
mvtec_AD/tile,k3s2000,nll,raw,k3s2000|nll|raw,2,0,1.0,1.0,3/3,20.4
mvtec_AD/tile,k3s2000,maha,raw,k3s2000|maha|raw,2,0,1.0,1.0,3/3,20.5
mvtec_AD/tile,k3s2000,chi2,raw,k3s2000|chi2|raw,2,0,1.0,1.0,3/3,20.5
mvtec_AD/tile,k6s2000,nll,raw,k6s2000|nll|raw,2,0,1.0,1.0,6/6,64.3
mvtec_AD/tile,k6s2000,maha,raw,k6s2000|maha|raw,2,0,1.0,1.0,6/6,64.3
mvtec_AD/tile,k6s2000,chi2,raw,k6s2000|chi2|raw,2,0,1.0,1.0,6/6,64.3
mvtec_AD/tile,k12s2000,nll,raw,k12s2000|nll|raw,2,0,1.0,1.0,12/12,47.7
mvtec_AD/tile,k12s2000,maha,raw,k12s2000|maha|raw,2,0,1.0,1.0,12/12,47.7
mvtec_AD/tile,k12s2000,chi2,raw,k12s2000|chi2|raw,2,0,1.0,1.0,12/12,47.8
mvtec_AD/tile,k3,nll,raw,k3|nll|raw,2,1,1.0,1.0,3/3,19.4
mvtec_AD/tile,k3,maha,raw,k3|maha|raw,2,1,1.0,1.0,3/3,19.5
mvtec_AD/tile,k3,chi2,raw,k3|chi2|raw,2,1,1.0,1.0,3/3,19.5
mvtec_AD/tile,k3s2000,nll,raw,k3s2000|nll|raw,2,1,1.0,1.0,3/3,22.3
mvtec_AD/tile,k3s2000,maha,raw,k3s2000|maha|raw,2,1,1.0,1.0,3/3,22.4
mvtec_AD/tile,k3s2000,chi2,raw,k3s2000|chi2|raw,2,1,1.0,1.0,3/3,22.4
mvtec_AD/tile,k6s2000,nll,raw,k6s2000|nll|raw,2,1,1.0,1.0,6/6,54.4
mvtec_AD/tile,k6s2000,maha,raw,k6s2000|maha|raw,2,1,1.0,1.0,6/6,54.4
mvtec_AD/tile,k6s2000,chi2,raw,k6s2000|chi2|raw,2,1,1.0,1.0,6/6,54.4
mvtec_AD/tile,k12s2000,nll,raw,k12s2000|nll|raw,2,1,1.0,1.0,12/12,94.7
mvtec_AD/tile,k12s2000,maha,raw,k12s2000|maha|raw,2,1,1.0,1.0,12/12,94.7
mvtec_AD/tile,k12s2000,chi2,raw,k12s2000|chi2|raw,2,1,1.0,1.0,12/12,94.7
mvtec_AD/tile,k3,nll,raw,k3|nll|raw,2,2,1.0,1.0,3/3,29.8
mvtec_AD/tile,k3,maha,raw,k3|maha|raw,2,2,1.0,1.0,3/3,29.8
mvtec_AD/tile,k3,chi2,raw,k3|chi2|raw,2,2,1.0,1.0,3/3,29.9
mvtec_AD/tile,k3s2000,nll,raw,k3s2000|nll|raw,2,2,1.0,1.0,3/3,22.2
mvtec_AD/tile,k3s2000,maha,raw,k3s2000|maha|raw,2,2,1.0,1.0,3/3,22.2
mvtec_AD/tile,k3s2000,chi2,raw,k3s2000|chi2|raw,2,2,1.0,1.0,3/3,22.2
mvtec_AD/tile,k6s2000,nll,raw,k6s2000|nll|raw,2,2,1.0,1.0,6/6,34.4
mvtec_AD/tile,k6s2000,maha,raw,k6s2000|maha|raw,2,2,1.0,1.0,6/6,34.5
mvtec_AD/tile,k6s2000,chi2,raw,k6s2000|chi2|raw,2,2,1.0,1.0,6/6,34.5
mvtec_AD/tile,k12s2000,nll,raw,k12s2000|nll|raw,2,2,1.0,1.0,12/12,86.5
mvtec_AD/tile,k12s2000,maha,raw,k12s2000|maha|raw,2,2,1.0,1.0,12/12,86.6
mvtec_AD/tile,k12s2000,chi2,raw,k12s2000|chi2|raw,2,2,1.0,1.0,12/12,86.6
VisA/pcb4,k3,nll,raw,k3|nll|raw,1,0,0.4353,0.3878,3/3,8.5
VisA/pcb4,k3,maha,raw,k3|maha|raw,1,0,0.3923,0.3459,3/3,8.6
VisA/pcb4,k3,chi2,raw,k3|chi2|raw,1,0,0.4012,0.3606,3/3,8.6
VisA/pcb4,k3s2000,nll,raw,k3s2000|nll|raw,1,0,0.5236,0.4303,3/3,8.7
VisA/pcb4,k3s2000,maha,raw,k3s2000|maha|raw,1,0,0.5165,0.4455,3/3,8.7
VisA/pcb4,k3s2000,chi2,raw,k3s2000|chi2|raw,1,0,0.4864,0.4354,3/3,8.8
VisA/pcb4,k6s2000,nll,raw,k6s2000|nll|raw,1,0,0.5162,0.4218,6/6,13.9
VisA/pcb4,k6s2000,maha,raw,k6s2000|maha|raw,1,0,0.5153,0.4373,6/6,14.0
VisA/pcb4,k6s2000,chi2,raw,k6s2000|chi2|raw,1,0,0.5203,0.454,6/6,14.1
VisA/pcb4,k12s2000,nll,raw,k12s2000|nll|raw,1,0,0.5431,0.4381,12/12,32.1
VisA/pcb4,k12s2000,maha,raw,k12s2000|maha|raw,1,0,0.5432,0.4427,12/12,32.2
VisA/pcb4,k12s2000,chi2,raw,k12s2000|chi2|raw,1,0,0.5765,0.4859,12/12,32.3
VisA/pcb4,k3,nll,raw,k3|nll|raw,1,1,0.9314,0.9653,3/3,8.9
VisA/pcb4,k3,maha,raw,k3|maha|raw,1,1,0.6216,0.7268,3/3,8.9
VisA/pcb4,k3,chi2,raw,k3|chi2|raw,1,1,0.5837,0.6779,3/3,9.0
VisA/pcb4,k3s2000,nll,raw,k3s2000|nll|raw,1,1,0.9769,0.9793,3/3,9.1
VisA/pcb4,k3s2000,maha,raw,k3s2000|maha|raw,1,1,0.9746,0.9764,3/3,9.2
VisA/pcb4,k3s2000,chi2,raw,k3s2000|chi2|raw,1,1,0.9584,0.9675,3/3,9.3
VisA/pcb4,k6s2000,nll,raw,k6s2000|nll|raw,1,1,0.9787,0.9808,6/6,15.7
VisA/pcb4,k6s2000,maha,raw,k6s2000|maha|raw,1,1,0.9804,0.9815,6/6,15.7
VisA/pcb4,k6s2000,chi2,raw,k6s2000|chi2|raw,1,1,0.9683,0.9729,6/6,15.8
VisA/pcb4,k12s2000,nll,raw,k12s2000|nll|raw,1,1,0.9796,0.982,12/12,24.5
VisA/pcb4,k12s2000,maha,raw,k12s2000|maha|raw,1,1,0.9803,0.9824,12/12,24.5
VisA/pcb4,k12s2000,chi2,raw,k12s2000|chi2|raw,1,1,0.9741,0.9774,12/12,24.6
VisA/pcb4,k3,nll,raw,k3|nll|raw,1,2,0.6292,0.6374,3/3,9.7
VisA/pcb4,k3,maha,raw,k3|maha|raw,1,2,0.4504,0.4628,3/3,9.8
VisA/pcb4,k3,chi2,raw,k3|chi2|raw,1,2,0.4511,0.4655,3/3,9.9
VisA/pcb4,k3s2000,nll,raw,k3s2000|nll|raw,1,2,0.6892,0.6202,3/3,9.4
VisA/pcb4,k3s2000,maha,raw,k3s2000|maha|raw,1,2,0.7058,0.6422,3/3,9.4
VisA/pcb4,k3s2000,chi2,raw,k3s2000|chi2|raw,1,2,0.7543,0.713,3/3,9.5
VisA/pcb4,k6s2000,nll,raw,k6s2000|nll|raw,1,2,0.6799,0.6139,6/6,14.4
VisA/pcb4,k6s2000,maha,raw,k6s2000|maha|raw,1,2,0.6857,0.623,6/6,14.5
VisA/pcb4,k6s2000,chi2,raw,k6s2000|chi2|raw,1,2,0.7224,0.6784,6/6,14.5
VisA/pcb4,k12s2000,nll,raw,k12s2000|nll|raw,1,2,0.7187,0.6432,12/12,35.5
VisA/pcb4,k12s2000,maha,raw,k12s2000|maha|raw,1,2,0.7179,0.6455,12/12,35.5
VisA/pcb4,k12s2000,chi2,raw,k12s2000|chi2|raw,1,2,0.7527,0.7017,12/12,35.6
VisA/pcb4,k3,nll,raw,k3|nll|raw,2,0,0.8776,0.9119,3/3,13.2
VisA/pcb4,k3,maha,raw,k3|maha|raw,2,0,0.5193,0.593,3/3,13.2
VisA/pcb4,k3,chi2,raw,k3|chi2|raw,2,0,0.4939,0.5632,3/3,13.3
VisA/pcb4,k3s2000,nll,raw,k3s2000|nll|raw,2,0,0.9032,0.8825,3/3,10.3
VisA/pcb4,k3s2000,maha,raw,k3s2000|maha|raw,2,0,0.8915,0.8797,3/3,10.3
VisA/pcb4,k3s2000,chi2,raw,k3s2000|chi2|raw,2,0,0.8541,0.8665,3/3,10.4
VisA/pcb4,k6s2000,nll,raw,k6s2000|nll|raw,2,0,0.9417,0.9321,6/6,23.4
VisA/pcb4,k6s2000,maha,raw,k6s2000|maha|raw,2,0,0.9457,0.9377,6/6,23.4
VisA/pcb4,k6s2000,chi2,raw,k6s2000|chi2|raw,2,0,0.9352,0.9358,6/6,23.5
VisA/pcb4,k12s2000,nll,raw,k12s2000|nll|raw,2,0,0.956,0.949,12/12,39.4
VisA/pcb4,k12s2000,maha,raw,k12s2000|maha|raw,2,0,0.9554,0.9506,12/12,39.5
VisA/pcb4,k12s2000,chi2,raw,k12s2000|chi2|raw,2,0,0.9376,0.9362,12/12,39.5
VisA/pcb4,k3,nll,raw,k3|nll|raw,2,1,0.9389,0.972,3/3,15.8
VisA/pcb4,k3,maha,raw,k3|maha|raw,2,1,0.5051,0.5712,3/3,15.9
VisA/pcb4,k3,chi2,raw,k3|chi2|raw,2,1,0.4925,0.552,3/3,15.9
VisA/pcb4,k3s2000,nll,raw,k3s2000|nll|raw,2,1,0.9807,0.9822,3/3,10.6
VisA/pcb4,k3s2000,maha,raw,k3s2000|maha|raw,2,1,0.9625,0.9702,3/3,10.6
VisA/pcb4,k3s2000,chi2,raw,k3s2000|chi2|raw,2,1,0.9279,0.9553,3/3,10.7
VisA/pcb4,k6s2000,nll,raw,k6s2000|nll|raw,2,1,0.985,0.987,6/6,22.3
VisA/pcb4,k6s2000,maha,raw,k6s2000|maha|raw,2,1,0.9862,0.9873,6/6,22.3
VisA/pcb4,k6s2000,chi2,raw,k6s2000|chi2|raw,2,1,0.9716,0.9768,6/6,22.4
VisA/pcb4,k12s2000,nll,raw,k12s2000|nll|raw,2,1,0.9865,0.9882,12/12,50.4
VisA/pcb4,k12s2000,maha,raw,k12s2000|maha|raw,2,1,0.9876,0.989,12/12,50.4
VisA/pcb4,k12s2000,chi2,raw,k12s2000|chi2|raw,2,1,0.9826,0.9846,12/12,50.5
VisA/pcb4,k3,nll,raw,k3|nll|raw,2,2,0.5232,0.4735,3/3,15.3
VisA/pcb4,k3,maha,raw,k3|maha|raw,2,2,0.3877,0.3398,3/3,15.3
VisA/pcb4,k3,chi2,raw,k3|chi2|raw,2,2,0.3828,0.3238,3/3,15.4
VisA/pcb4,k3s2000,nll,raw,k3s2000|nll|raw,2,2,0.6404,0.5633,3/3,10.9
VisA/pcb4,k3s2000,maha,raw,k3s2000|maha|raw,2,2,0.6363,0.5918,3/3,10.9
VisA/pcb4,k3s2000,chi2,raw,k3s2000|chi2|raw,2,2,0.6214,0.6342,3/3,11.0
VisA/pcb4,k6s2000,nll,raw,k6s2000|nll|raw,2,2,0.6179,0.5339,6/6,20.4
VisA/pcb4,k6s2000,maha,raw,k6s2000|maha|raw,2,2,0.6008,0.5305,6/6,20.4
VisA/pcb4,k6s2000,chi2,raw,k6s2000|chi2|raw,2,2,0.6589,0.623,6/6,20.5
VisA/pcb4,k12s2000,nll,raw,k12s2000|nll|raw,2,2,0.6373,0.5543,12/12,35.6
VisA/pcb4,k12s2000,maha,raw,k12s2000|maha|raw,2,2,0.6403,0.5625,12/12,35.6
VisA/pcb4,k12s2000,chi2,raw,k12s2000|chi2|raw,2,2,0.6973,0.6559,12/12,35.7
mvtec_AD/toothbrush,k3,nll,raw,k3|nll|raw,1,0,0.9385,0.8306,3/3,7.4
mvtec_AD/toothbrush,k3,maha,raw,k3|maha|raw,1,0,0.9407,0.8361,3/3,7.4
mvtec_AD/toothbrush,k3,chi2,raw,k3|chi2|raw,1,0,0.9485,0.8556,3/3,7.4
mvtec_AD/toothbrush,k3s2000,nll,raw,k3s2000|nll|raw,1,0,0.9395,0.8361,3/3,10.9
mvtec_AD/toothbrush,k3s2000,maha,raw,k3s2000|maha|raw,1,0,0.9435,0.8472,3/3,10.9
mvtec_AD/toothbrush,k3s2000,chi2,raw,k3s2000|chi2|raw,1,0,0.9488,0.8583,3/3,10.9
mvtec_AD/toothbrush,k6s2000,nll,raw,k6s2000|nll|raw,1,0,0.9396,0.8389,6/6,15.6
mvtec_AD/toothbrush,k6s2000,maha,raw,k6s2000|maha|raw,1,0,0.9423,0.8444,6/6,15.6
mvtec_AD/toothbrush,k6s2000,chi2,raw,k6s2000|chi2|raw,1,0,0.9531,0.8722,6/6,15.6
mvtec_AD/toothbrush,k12s2000,nll,raw,k12s2000|nll|raw,1,0,0.9396,0.8389,12/12,32.8
mvtec_AD/toothbrush,k12s2000,maha,raw,k12s2000|maha|raw,1,0,0.9423,0.8444,12/12,32.8
mvtec_AD/toothbrush,k12s2000,chi2,raw,k12s2000|chi2|raw,1,0,0.9515,0.8667,12/12,32.8
mvtec_AD/toothbrush,k3,nll,raw,k3|nll|raw,1,1,0.9408,0.8389,3/3,13.5
mvtec_AD/toothbrush,k3,maha,raw,k3|maha|raw,1,1,0.9464,0.8583,3/3,13.6
mvtec_AD/toothbrush,k3,chi2,raw,k3|chi2|raw,1,1,0.9573,0.8861,3/3,13.6
mvtec_AD/toothbrush,k3s2000,nll,raw,k3s2000|nll|raw,1,1,0.9458,0.8528,3/3,12.6
mvtec_AD/toothbrush,k3s2000,maha,raw,k3s2000|maha|raw,1,1,0.9469,0.8556,3/3,12.7
mvtec_AD/toothbrush,k3s2000,chi2,raw,k3s2000|chi2|raw,1,1,0.9582,0.8889,3/3,12.7
mvtec_AD/toothbrush,k6s2000,nll,raw,k6s2000|nll|raw,1,1,0.9403,0.8444,6/6,17.3
mvtec_AD/toothbrush,k6s2000,maha,raw,k6s2000|maha|raw,1,1,0.9421,0.8472,6/6,17.3
mvtec_AD/toothbrush,k6s2000,chi2,raw,k6s2000|chi2|raw,1,1,0.9543,0.875,6/6,17.3
mvtec_AD/toothbrush,k12s2000,nll,raw,k12s2000|nll|raw,1,1,0.939,0.8389,12/12,39.4
mvtec_AD/toothbrush,k12s2000,maha,raw,k12s2000|maha|raw,1,1,0.941,0.8444,12/12,39.4
mvtec_AD/toothbrush,k12s2000,chi2,raw,k12s2000|chi2|raw,1,1,0.9514,0.8667,12/12,39.4
mvtec_AD/toothbrush,k3,nll,raw,k3|nll|raw,1,2,0.9379,0.8306,3/3,8.6
mvtec_AD/toothbrush,k3,maha,raw,k3|maha|raw,1,2,0.9126,0.7806,3/3,8.7
mvtec_AD/toothbrush,k3,chi2,raw,k3|chi2|raw,1,2,0.9104,0.7917,3/3,8.7
mvtec_AD/toothbrush,k3s2000,nll,raw,k3s2000|nll|raw,1,2,0.9346,0.8222,3/3,11.1
mvtec_AD/toothbrush,k3s2000,maha,raw,k3s2000|maha|raw,1,2,0.935,0.8222,3/3,11.1
mvtec_AD/toothbrush,k3s2000,chi2,raw,k3s2000|chi2|raw,1,2,0.9493,0.8639,3/3,11.1
mvtec_AD/toothbrush,k6s2000,nll,raw,k6s2000|nll|raw,1,2,0.9368,0.8306,6/6,19.0
mvtec_AD/toothbrush,k6s2000,maha,raw,k6s2000|maha|raw,1,2,0.9368,0.8306,6/6,19.0
mvtec_AD/toothbrush,k6s2000,chi2,raw,k6s2000|chi2|raw,1,2,0.9471,0.8556,6/6,19.0
mvtec_AD/toothbrush,k12s2000,nll,raw,k12s2000|nll|raw,1,2,0.936,0.8278,12/12,33.5
mvtec_AD/toothbrush,k12s2000,maha,raw,k12s2000|maha|raw,1,2,0.9352,0.825,12/12,33.5
mvtec_AD/toothbrush,k12s2000,chi2,raw,k12s2000|chi2|raw,1,2,0.9433,0.8472,12/12,33.6
mvtec_AD/toothbrush,k3,nll,raw,k3|nll|raw,2,0,0.9441,0.8611,3/3,15.1
mvtec_AD/toothbrush,k3,maha,raw,k3|maha|raw,2,0,0.9492,0.8694,3/3,15.1
mvtec_AD/toothbrush,k3,chi2,raw,k3|chi2|raw,2,0,0.9633,0.9028,3/3,15.1
mvtec_AD/toothbrush,k3s2000,nll,raw,k3s2000|nll|raw,2,0,0.9423,0.8556,3/3,20.7
mvtec_AD/toothbrush,k3s2000,maha,raw,k3s2000|maha|raw,2,0,0.9467,0.8639,3/3,20.7
mvtec_AD/toothbrush,k3s2000,chi2,raw,k3s2000|chi2|raw,2,0,0.9702,0.9222,3/3,20.8
mvtec_AD/toothbrush,k6s2000,nll,raw,k6s2000|nll|raw,2,0,0.9408,0.8556,6/6,30.4
mvtec_AD/toothbrush,k6s2000,maha,raw,k6s2000|maha|raw,2,0,0.9467,0.8694,6/6,30.4
mvtec_AD/toothbrush,k6s2000,chi2,raw,k6s2000|chi2|raw,2,0,0.9686,0.9194,6/6,30.4
mvtec_AD/toothbrush,k12s2000,nll,raw,k12s2000|nll|raw,2,0,0.9376,0.8472,12/12,72.1
mvtec_AD/toothbrush,k12s2000,maha,raw,k12s2000|maha|raw,2,0,0.9376,0.8472,12/12,72.1
mvtec_AD/toothbrush,k12s2000,chi2,raw,k12s2000|chi2|raw,2,0,0.9569,0.8917,12/12,72.1
mvtec_AD/toothbrush,k3,nll,raw,k3|nll|raw,2,1,0.9989,0.9972,3/3,15.1
mvtec_AD/toothbrush,k3,maha,raw,k3|maha|raw,2,1,0.9663,0.925,3/3,15.1
mvtec_AD/toothbrush,k3,chi2,raw,k3|chi2|raw,2,1,0.9644,0.9194,3/3,15.1
mvtec_AD/toothbrush,k3s2000,nll,raw,k3s2000|nll|raw,2,1,0.9978,0.9944,3/3,20.1
mvtec_AD/toothbrush,k3s2000,maha,raw,k3s2000|maha|raw,2,1,0.9978,0.9944,3/3,20.1
mvtec_AD/toothbrush,k3s2000,chi2,raw,k3s2000|chi2|raw,2,1,0.9978,0.9944,3/3,20.1
mvtec_AD/toothbrush,k6s2000,nll,raw,k6s2000|nll|raw,2,1,0.9967,0.9917,6/6,45.2
mvtec_AD/toothbrush,k6s2000,maha,raw,k6s2000|maha|raw,2,1,0.9978,0.9944,6/6,45.2
mvtec_AD/toothbrush,k6s2000,chi2,raw,k6s2000|chi2|raw,2,1,0.9989,0.9972,6/6,45.2
mvtec_AD/toothbrush,k12s2000,nll,raw,k12s2000|nll|raw,2,1,0.9849,0.9611,12/12,38.4
mvtec_AD/toothbrush,k12s2000,maha,raw,k12s2000|maha|raw,2,1,0.9922,0.9806,12/12,38.4
mvtec_AD/toothbrush,k12s2000,chi2,raw,k12s2000|chi2|raw,2,1,0.9955,0.9889,12/12,38.4
mvtec_AD/toothbrush,k3,nll,raw,k3|nll|raw,2,2,0.9304,0.8167,3/3,7.3
mvtec_AD/toothbrush,k3,maha,raw,k3|maha|raw,2,2,0.94,0.8361,3/3,7.3
mvtec_AD/toothbrush,k3,chi2,raw,k3|chi2|raw,2,2,0.9337,0.8278,3/3,7.3
mvtec_AD/toothbrush,k3s2000,nll,raw,k3s2000|nll|raw,2,2,0.9354,0.825,3/3,8.1
mvtec_AD/toothbrush,k3s2000,maha,raw,k3s2000|maha|raw,2,2,0.9395,0.8361,3/3,8.1
mvtec_AD/toothbrush,k3s2000,chi2,raw,k3s2000|chi2|raw,2,2,0.952,0.8667,3/3,8.1
mvtec_AD/toothbrush,k6s2000,nll,raw,k6s2000|nll|raw,2,2,0.9379,0.8333,6/6,19.6
mvtec_AD/toothbrush,k6s2000,maha,raw,k6s2000|maha|raw,2,2,0.9375,0.8306,6/6,19.6
mvtec_AD/toothbrush,k6s2000,chi2,raw,k6s2000|chi2|raw,2,2,0.9496,0.8639,6/6,19.6
mvtec_AD/toothbrush,k12s2000,nll,raw,k12s2000|nll|raw,2,2,0.9379,0.8333,12/12,21.8
mvtec_AD/toothbrush,k12s2000,maha,raw,k12s2000|maha|raw,2,2,0.9391,0.8361,12/12,21.8
mvtec_AD/toothbrush,k12s2000,chi2,raw,k12s2000|chi2|raw,2,2,0.945,0.85,12/12,21.8
VisA/pipe_fryum,k3,nll,raw,k3|nll|raw,1,0,0.8583,0.7134,3/3,4.0
VisA/pipe_fryum,k3,maha,raw,k3|maha|raw,1,0,0.8633,0.7264,3/3,4.0
VisA/pipe_fryum,k3,chi2,raw,k3|chi2|raw,1,0,0.8761,0.7544,3/3,4.1
VisA/pipe_fryum,k3s2000,nll,raw,k3s2000|nll|raw,1,0,0.8418,0.6794,3/3,4.8
VisA/pipe_fryum,k3s2000,maha,raw,k3s2000|maha|raw,1,0,0.844,0.6846,3/3,4.8
VisA/pipe_fryum,k3s2000,chi2,raw,k3s2000|chi2|raw,1,0,0.8634,0.7276,3/3,4.9
VisA/pipe_fryum,k6s2000,nll,raw,k6s2000|nll|raw,1,0,0.8428,0.6816,6/6,9.0
VisA/pipe_fryum,k6s2000,maha,raw,k6s2000|maha|raw,1,0,0.8406,0.679,6/6,9.1
VisA/pipe_fryum,k6s2000,chi2,raw,k6s2000|chi2|raw,1,0,0.8562,0.7106,6/6,9.1
VisA/pipe_fryum,k12s2000,nll,raw,k12s2000|nll|raw,1,0,0.8433,0.682,12/12,47.9
VisA/pipe_fryum,k12s2000,maha,raw,k12s2000|maha|raw,1,0,0.8433,0.6826,12/12,48.0
VisA/pipe_fryum,k12s2000,chi2,raw,k12s2000|chi2|raw,1,0,0.8613,0.718,12/12,48.0
VisA/pipe_fryum,k3,nll,raw,k3|nll|raw,1,1,0.8989,0.7924,3/3,9.5
VisA/pipe_fryum,k3,maha,raw,k3|maha|raw,1,1,0.8996,0.7952,3/3,9.5
VisA/pipe_fryum,k3,chi2,raw,k3|chi2|raw,1,1,0.9052,0.8066,3/3,9.6
VisA/pipe_fryum,k3s2000,nll,raw,k3s2000|nll|raw,1,1,0.8863,0.7644,3/3,13.5
VisA/pipe_fryum,k3s2000,maha,raw,k3s2000|maha|raw,1,1,0.8872,0.7656,3/3,13.5
VisA/pipe_fryum,k3s2000,chi2,raw,k3s2000|chi2|raw,1,1,0.8971,0.7884,3/3,13.6
VisA/pipe_fryum,k6s2000,nll,raw,k6s2000|nll|raw,1,1,0.8849,0.7636,6/6,16.5
VisA/pipe_fryum,k6s2000,maha,raw,k6s2000|maha|raw,1,1,0.8859,0.7654,6/6,16.5
VisA/pipe_fryum,k6s2000,chi2,raw,k6s2000|chi2|raw,1,1,0.8971,0.788,6/6,16.6
VisA/pipe_fryum,k12s2000,nll,raw,k12s2000|nll|raw,1,1,0.8812,0.7556,12/12,56.8
VisA/pipe_fryum,k12s2000,maha,raw,k12s2000|maha|raw,1,1,0.8804,0.7552,12/12,56.8
VisA/pipe_fryum,k12s2000,chi2,raw,k12s2000|chi2|raw,1,1,0.8892,0.773,12/12,56.8
VisA/pipe_fryum,k3,nll,raw,k3|nll|raw,1,2,0.908,0.8192,3/3,10.2
VisA/pipe_fryum,k3,maha,raw,k3|maha|raw,1,2,0.9088,0.8246,3/3,10.3
VisA/pipe_fryum,k3,chi2,raw,k3|chi2|raw,1,2,0.9118,0.8324,3/3,10.3
VisA/pipe_fryum,k3s2000,nll,raw,k3s2000|nll|raw,1,2,0.8969,0.7854,3/3,10.3
VisA/pipe_fryum,k3s2000,maha,raw,k3s2000|maha|raw,1,2,0.8989,0.7908,3/3,10.3
VisA/pipe_fryum,k3s2000,chi2,raw,k3s2000|chi2|raw,1,2,0.9036,0.8028,3/3,10.4
VisA/pipe_fryum,k6s2000,nll,raw,k6s2000|nll|raw,1,2,0.8961,0.7838,6/6,16.7
VisA/pipe_fryum,k6s2000,maha,raw,k6s2000|maha|raw,1,2,0.8969,0.7848,6/6,16.7
VisA/pipe_fryum,k6s2000,chi2,raw,k6s2000|chi2|raw,1,2,0.9018,0.798,6/6,16.8
VisA/pipe_fryum,k12s2000,nll,raw,k12s2000|nll|raw,1,2,0.896,0.7826,12/12,54.7
VisA/pipe_fryum,k12s2000,maha,raw,k12s2000|maha|raw,1,2,0.8967,0.7842,12/12,54.7
VisA/pipe_fryum,k12s2000,chi2,raw,k12s2000|chi2|raw,1,2,0.9033,0.7998,12/12,54.8
VisA/pipe_fryum,k3,nll,raw,k3|nll|raw,2,0,0.8745,0.7436,3/3,17.0
VisA/pipe_fryum,k3,maha,raw,k3|maha|raw,2,0,0.8796,0.7596,3/3,17.0
VisA/pipe_fryum,k3,chi2,raw,k3|chi2|raw,2,0,0.8967,0.798,3/3,17.1
VisA/pipe_fryum,k3s2000,nll,raw,k3s2000|nll|raw,2,0,0.8597,0.7088,3/3,16.5
VisA/pipe_fryum,k3s2000,maha,raw,k3s2000|maha|raw,2,0,0.864,0.7224,3/3,16.5
VisA/pipe_fryum,k3s2000,chi2,raw,k3s2000|chi2|raw,2,0,0.8869,0.7714,3/3,16.5
VisA/pipe_fryum,k6s2000,nll,raw,k6s2000|nll|raw,2,0,0.8622,0.7118,6/6,23.8
VisA/pipe_fryum,k6s2000,maha,raw,k6s2000|maha|raw,2,0,0.8657,0.7216,6/6,23.8
VisA/pipe_fryum,k6s2000,chi2,raw,k6s2000|chi2|raw,2,0,0.8896,0.7774,6/6,23.9
VisA/pipe_fryum,k12s2000,nll,raw,k12s2000|nll|raw,2,0,0.8582,0.7054,12/12,95.8
VisA/pipe_fryum,k12s2000,maha,raw,k12s2000|maha|raw,2,0,0.8603,0.709,12/12,95.8
VisA/pipe_fryum,k12s2000,chi2,raw,k12s2000|chi2|raw,2,0,0.8802,0.7558,12/12,95.8
VisA/pipe_fryum,k3,nll,raw,k3|nll|raw,2,1,0.9049,0.8034,3/3,20.9
VisA/pipe_fryum,k3,maha,raw,k3|maha|raw,2,1,0.904,0.8022,3/3,20.9
VisA/pipe_fryum,k3,chi2,raw,k3|chi2|raw,2,1,0.9147,0.8236,3/3,21.0
VisA/pipe_fryum,k3s2000,nll,raw,k3s2000|nll|raw,2,1,0.8933,0.779,3/3,23.5
VisA/pipe_fryum,k3s2000,maha,raw,k3s2000|maha|raw,2,1,0.894,0.782,3/3,23.5
VisA/pipe_fryum,k3s2000,chi2,raw,k3s2000|chi2|raw,2,1,0.9047,0.8014,3/3,23.6
VisA/pipe_fryum,k6s2000,nll,raw,k6s2000|nll|raw,2,1,0.8987,0.7888,6/6,23.7
VisA/pipe_fryum,k6s2000,maha,raw,k6s2000|maha|raw,2,1,0.9018,0.7946,6/6,23.8
VisA/pipe_fryum,k6s2000,chi2,raw,k6s2000|chi2|raw,2,1,0.9098,0.8122,6/6,23.8
VisA/pipe_fryum,k12s2000,nll,raw,k12s2000|nll|raw,2,1,0.8956,0.7834,12/12,66.7
VisA/pipe_fryum,k12s2000,maha,raw,k12s2000|maha|raw,2,1,0.8961,0.7832,12/12,66.7
VisA/pipe_fryum,k12s2000,chi2,raw,k12s2000|chi2|raw,2,1,0.9076,0.808,12/12,66.7
VisA/pipe_fryum,k3,nll,raw,k3|nll|raw,2,2,0.8989,0.7916,3/3,15.9
VisA/pipe_fryum,k3,maha,raw,k3|maha|raw,2,2,0.8955,0.7898,3/3,16.0
VisA/pipe_fryum,k3,chi2,raw,k3|chi2|raw,2,2,0.9098,0.8246,3/3,16.0
VisA/pipe_fryum,k3s2000,nll,raw,k3s2000|nll|raw,2,2,0.8755,0.7408,3/3,15.6
VisA/pipe_fryum,k3s2000,maha,raw,k3s2000|maha|raw,2,2,0.8764,0.7466,3/3,15.6
VisA/pipe_fryum,k3s2000,chi2,raw,k3s2000|chi2|raw,2,2,0.8964,0.7976,3/3,15.7
VisA/pipe_fryum,k6s2000,nll,raw,k6s2000|nll|raw,2,2,0.8741,0.737,6/6,30.8
VisA/pipe_fryum,k6s2000,maha,raw,k6s2000|maha|raw,2,2,0.8757,0.7446,6/6,30.8
VisA/pipe_fryum,k6s2000,chi2,raw,k6s2000|chi2|raw,2,2,0.8958,0.7978,6/6,30.8
VisA/pipe_fryum,k12s2000,nll,raw,k12s2000|nll|raw,2,2,0.8745,0.7372,12/12,102.6
VisA/pipe_fryum,k12s2000,maha,raw,k12s2000|maha|raw,2,2,0.8738,0.739,12/12,102.7
VisA/pipe_fryum,k12s2000,chi2,raw,k12s2000|chi2|raw,2,2,0.8947,0.7906,12/12,102.7
mvtec_AD/transistor,k3,nll,raw,k3|nll|raw,1,0,0.9379,0.9546,3/3,7.3
mvtec_AD/transistor,k3,maha,raw,k3|maha|raw,1,0,0.9238,0.9404,3/3,7.3
mvtec_AD/transistor,k3,chi2,raw,k3|chi2|raw,1,0,0.9371,0.9546,3/3,7.4
mvtec_AD/transistor,k3s2000,nll,raw,k3s2000|nll|raw,1,0,0.8911,0.9046,3/3,11.3
mvtec_AD/transistor,k3s2000,maha,raw,k3s2000|maha|raw,1,0,0.8836,0.8921,3/3,11.3
mvtec_AD/transistor,k3s2000,chi2,raw,k3s2000|chi2|raw,1,0,0.8642,0.8758,3/3,11.4
mvtec_AD/transistor,k6s2000,nll,raw,k6s2000|nll|raw,1,0,0.8752,0.8967,6/6,29.5
mvtec_AD/transistor,k6s2000,maha,raw,k6s2000|maha|raw,1,0,0.873,0.8929,6/6,29.5
mvtec_AD/transistor,k6s2000,chi2,raw,k6s2000|chi2|raw,1,0,0.85,0.8775,6/6,29.6
mvtec_AD/transistor,k12s2000,nll,raw,k12s2000|nll|raw,1,0,0.8877,0.9083,12/12,51.4
mvtec_AD/transistor,k12s2000,maha,raw,k12s2000|maha|raw,1,0,0.8881,0.9104,12/12,51.4
mvtec_AD/transistor,k12s2000,chi2,raw,k12s2000|chi2|raw,1,0,0.8764,0.8996,12/12,51.4
mvtec_AD/transistor,k3,nll,raw,k3|nll|raw,1,1,0.9575,0.9658,3/3,6.7
mvtec_AD/transistor,k3,maha,raw,k3|maha|raw,1,1,0.9774,0.9817,3/3,6.8
mvtec_AD/transistor,k3,chi2,raw,k3|chi2|raw,1,1,0.9673,0.9754,3/3,6.8
mvtec_AD/transistor,k3s2000,nll,raw,k3s2000|nll|raw,1,1,0.9255,0.9425,3/3,7.8
mvtec_AD/transistor,k3s2000,maha,raw,k3s2000|maha|raw,1,1,0.9089,0.9246,3/3,7.9
mvtec_AD/transistor,k3s2000,chi2,raw,k3s2000|chi2|raw,1,1,0.903,0.9229,3/3,7.9
mvtec_AD/transistor,k6s2000,nll,raw,k6s2000|nll|raw,1,1,0.931,0.945,6/6,13.9
mvtec_AD/transistor,k6s2000,maha,raw,k6s2000|maha|raw,1,1,0.9304,0.9433,6/6,13.9
mvtec_AD/transistor,k6s2000,chi2,raw,k6s2000|chi2|raw,1,1,0.9138,0.9312,6/6,13.9
mvtec_AD/transistor,k12s2000,nll,raw,k12s2000|nll|raw,1,1,0.9305,0.9442,12/12,29.6
mvtec_AD/transistor,k12s2000,maha,raw,k12s2000|maha|raw,1,1,0.9316,0.9458,12/12,29.6
mvtec_AD/transistor,k12s2000,chi2,raw,k12s2000|chi2|raw,1,1,0.9241,0.9442,12/12,29.7
mvtec_AD/transistor,k3,nll,raw,k3|nll|raw,1,2,0.8874,0.8983,3/3,9.4
mvtec_AD/transistor,k3,maha,raw,k3|maha|raw,1,2,0.827,0.8362,3/3,9.4
mvtec_AD/transistor,k3,chi2,raw,k3|chi2|raw,1,2,0.8129,0.8204,3/3,9.5
mvtec_AD/transistor,k3s2000,nll,raw,k3s2000|nll|raw,1,2,0.9151,0.9321,3/3,10.5
mvtec_AD/transistor,k3s2000,maha,raw,k3s2000|maha|raw,1,2,0.9287,0.9417,3/3,10.5
mvtec_AD/transistor,k3s2000,chi2,raw,k3s2000|chi2|raw,1,2,0.9155,0.9229,3/3,10.6
mvtec_AD/transistor,k6s2000,nll,raw,k6s2000|nll|raw,1,2,0.912,0.93,6/6,23.1
mvtec_AD/transistor,k6s2000,maha,raw,k6s2000|maha|raw,1,2,0.9305,0.9417,6/6,23.1
mvtec_AD/transistor,k6s2000,chi2,raw,k6s2000|chi2|raw,1,2,0.873,0.8817,6/6,23.1
mvtec_AD/transistor,k12s2000,nll,raw,k12s2000|nll|raw,1,2,0.9071,0.9229,12/12,37.9
mvtec_AD/transistor,k12s2000,maha,raw,k12s2000|maha|raw,1,2,0.9156,0.9317,12/12,37.9
mvtec_AD/transistor,k12s2000,chi2,raw,k12s2000|chi2|raw,1,2,0.8977,0.9071,12/12,38.0
mvtec_AD/transistor,k3,nll,raw,k3|nll|raw,2,0,0.8784,0.8954,3/3,15.0
mvtec_AD/transistor,k3,maha,raw,k3|maha|raw,2,0,0.8459,0.8675,3/3,15.0
mvtec_AD/transistor,k3,chi2,raw,k3|chi2|raw,2,0,0.8224,0.8458,3/3,15.0
mvtec_AD/transistor,k3s2000,nll,raw,k3s2000|nll|raw,2,0,0.8906,0.9021,3/3,23.8
mvtec_AD/transistor,k3s2000,maha,raw,k3s2000|maha|raw,2,0,0.8721,0.8779,3/3,23.8
mvtec_AD/transistor,k3s2000,chi2,raw,k3s2000|chi2|raw,2,0,0.8489,0.8567,3/3,23.9
mvtec_AD/transistor,k6s2000,nll,raw,k6s2000|nll|raw,2,0,0.8748,0.8996,6/6,51.6
mvtec_AD/transistor,k6s2000,maha,raw,k6s2000|maha|raw,2,0,0.8552,0.8912,6/6,51.6
mvtec_AD/transistor,k6s2000,chi2,raw,k6s2000|chi2|raw,2,0,0.8463,0.8738,6/6,51.7
mvtec_AD/transistor,k12s2000,nll,raw,k12s2000|nll|raw,2,0,0.8901,0.9125,12/12,70.2
mvtec_AD/transistor,k12s2000,maha,raw,k12s2000|maha|raw,2,0,0.8673,0.8971,12/12,70.2
mvtec_AD/transistor,k12s2000,chi2,raw,k12s2000|chi2|raw,2,0,0.8899,0.9129,12/12,70.3
mvtec_AD/transistor,k3,nll,raw,k3|nll|raw,2,1,0.9246,0.9346,3/3,19.2
mvtec_AD/transistor,k3,maha,raw,k3|maha|raw,2,1,0.9362,0.9421,3/3,19.3
mvtec_AD/transistor,k3,chi2,raw,k3|chi2|raw,2,1,0.9375,0.9496,3/3,19.3
mvtec_AD/transistor,k3s2000,nll,raw,k3s2000|nll|raw,2,1,0.9047,0.92,3/3,16.9
mvtec_AD/transistor,k3s2000,maha,raw,k3s2000|maha|raw,2,1,0.8706,0.8842,3/3,16.9
mvtec_AD/transistor,k3s2000,chi2,raw,k3s2000|chi2|raw,2,1,0.8546,0.8771,3/3,17.0
mvtec_AD/transistor,k6s2000,nll,raw,k6s2000|nll|raw,2,1,0.9457,0.955,6/6,48.5
mvtec_AD/transistor,k6s2000,maha,raw,k6s2000|maha|raw,2,1,0.8999,0.9096,6/6,48.5
mvtec_AD/transistor,k6s2000,chi2,raw,k6s2000|chi2|raw,2,1,0.9009,0.915,6/6,48.5
mvtec_AD/transistor,k12s2000,nll,raw,k12s2000|nll|raw,2,1,0.9378,0.95,12/12,64.4
mvtec_AD/transistor,k12s2000,maha,raw,k12s2000|maha|raw,2,1,0.9252,0.9396,12/12,64.4
mvtec_AD/transistor,k12s2000,chi2,raw,k12s2000|chi2|raw,2,1,0.9101,0.9337,12/12,64.4
mvtec_AD/transistor,k3,nll,raw,k3|nll|raw,2,2,0.9314,0.9358,3/3,22.6
mvtec_AD/transistor,k3,maha,raw,k3|maha|raw,2,2,0.9176,0.9183,3/3,22.6
mvtec_AD/transistor,k3,chi2,raw,k3|chi2|raw,2,2,0.8813,0.885,3/3,22.7
mvtec_AD/transistor,k3s2000,nll,raw,k3s2000|nll|raw,2,2,0.9167,0.9221,3/3,24.8
mvtec_AD/transistor,k3s2000,maha,raw,k3s2000|maha|raw,2,2,0.9195,0.9204,3/3,24.8
mvtec_AD/transistor,k3s2000,chi2,raw,k3s2000|chi2|raw,2,2,0.8684,0.8663,3/3,24.8
mvtec_AD/transistor,k6s2000,nll,raw,k6s2000|nll|raw,2,2,0.941,0.9467,6/6,92.8
mvtec_AD/transistor,k6s2000,maha,raw,k6s2000|maha|raw,2,2,0.9374,0.9408,6/6,92.8
mvtec_AD/transistor,k6s2000,chi2,raw,k6s2000|chi2|raw,2,2,0.8797,0.8896,6/6,92.8
mvtec_AD/transistor,k12s2000,nll,raw,k12s2000|nll|raw,2,2,0.9407,0.9483,12/12,73.7
mvtec_AD/transistor,k12s2000,maha,raw,k12s2000|maha|raw,2,2,0.9471,0.9537,12/12,73.7
mvtec_AD/transistor,k12s2000,chi2,raw,k12s2000|chi2|raw,2,2,0.8913,0.9092,12/12,73.8
mvtec_AD/wood,k3,nll,raw,k3|nll|raw,1,0,0.9688,0.9114,3/3,9.7
mvtec_AD/wood,k3,maha,raw,k3|maha|raw,1,0,0.9688,0.9114,3/3,9.7
mvtec_AD/wood,k3,chi2,raw,k3|chi2|raw,1,0,0.9723,0.9219,3/3,9.7
mvtec_AD/wood,k3s2000,nll,raw,k3s2000|nll|raw,1,0,0.9777,0.936,3/3,8.6
mvtec_AD/wood,k3s2000,maha,raw,k3s2000|maha|raw,1,0,0.9797,0.9412,3/3,8.7
mvtec_AD/wood,k3s2000,chi2,raw,k3s2000|chi2|raw,1,0,0.9846,0.9561,3/3,8.7
mvtec_AD/wood,k6s2000,nll,raw,k6s2000|nll|raw,1,0,0.9774,0.9351,6/6,20.5
mvtec_AD/wood,k6s2000,maha,raw,k6s2000|maha|raw,1,0,0.9786,0.9386,6/6,20.5
mvtec_AD/wood,k6s2000,chi2,raw,k6s2000|chi2|raw,1,0,0.985,0.957,6/6,20.5
mvtec_AD/wood,k12s2000,nll,raw,k12s2000|nll|raw,1,0,0.9766,0.9316,12/12,41.1
mvtec_AD/wood,k12s2000,maha,raw,k12s2000|maha|raw,1,0,0.9759,0.9307,12/12,41.1
mvtec_AD/wood,k12s2000,chi2,raw,k12s2000|chi2|raw,1,0,0.9838,0.9535,12/12,41.1
mvtec_AD/wood,k3,nll,raw,k3|nll|raw,1,1,0.9659,0.9044,3/3,8.5
mvtec_AD/wood,k3,maha,raw,k3|maha|raw,1,1,0.9685,0.9114,3/3,8.6
mvtec_AD/wood,k3,chi2,raw,k3|chi2|raw,1,1,0.9718,0.9202,3/3,8.6
mvtec_AD/wood,k3s2000,nll,raw,k3s2000|nll|raw,1,1,0.9841,0.9526,3/3,13.0
mvtec_AD/wood,k3s2000,maha,raw,k3s2000|maha|raw,1,1,0.9841,0.9526,3/3,13.0
mvtec_AD/wood,k3s2000,chi2,raw,k3s2000|chi2|raw,1,1,0.9911,0.9719,3/3,13.0
mvtec_AD/wood,k6s2000,nll,raw,k6s2000|nll|raw,1,1,0.9834,0.9509,6/6,21.6
mvtec_AD/wood,k6s2000,maha,raw,k6s2000|maha|raw,1,1,0.9837,0.9518,6/6,21.6
mvtec_AD/wood,k6s2000,chi2,raw,k6s2000|chi2|raw,1,1,0.99,0.9693,6/6,21.7
mvtec_AD/wood,k12s2000,nll,raw,k12s2000|nll|raw,1,1,0.9831,0.95,12/12,32.0
mvtec_AD/wood,k12s2000,maha,raw,k12s2000|maha|raw,1,1,0.9831,0.95,12/12,32.0
mvtec_AD/wood,k12s2000,chi2,raw,k12s2000|chi2|raw,1,1,0.9887,0.9658,12/12,32.1
mvtec_AD/wood,k3,nll,raw,k3|nll|raw,1,2,0.9826,0.943,3/3,4.5
mvtec_AD/wood,k3,maha,raw,k3|maha|raw,1,2,0.9826,0.943,3/3,4.5
mvtec_AD/wood,k3,chi2,raw,k3|chi2|raw,1,2,0.9859,0.9535,3/3,4.6
mvtec_AD/wood,k3s2000,nll,raw,k3s2000|nll|raw,1,2,0.979,0.9316,3/3,10.7
mvtec_AD/wood,k3s2000,maha,raw,k3s2000|maha|raw,1,2,0.9803,0.936,3/3,10.7
mvtec_AD/wood,k3s2000,chi2,raw,k3s2000|chi2|raw,1,2,0.9861,0.9544,3/3,10.7
mvtec_AD/wood,k6s2000,nll,raw,k6s2000|nll|raw,1,2,0.9809,0.936,6/6,18.3
mvtec_AD/wood,k6s2000,maha,raw,k6s2000|maha|raw,1,2,0.9818,0.9386,6/6,18.3
mvtec_AD/wood,k6s2000,chi2,raw,k6s2000|chi2|raw,1,2,0.9883,0.9605,6/6,18.4
mvtec_AD/wood,k12s2000,nll,raw,k12s2000|nll|raw,1,2,0.981,0.936,12/12,32.7
mvtec_AD/wood,k12s2000,maha,raw,k12s2000|maha|raw,1,2,0.9827,0.9421,12/12,32.7
mvtec_AD/wood,k12s2000,chi2,raw,k12s2000|chi2|raw,1,2,0.9891,0.9632,12/12,32.8
mvtec_AD/wood,k3,nll,raw,k3|nll|raw,2,0,0.9735,0.9298,3/3,23.7
mvtec_AD/wood,k3,maha,raw,k3|maha|raw,2,0,0.9731,0.9289,3/3,23.7
mvtec_AD/wood,k3,chi2,raw,k3|chi2|raw,2,0,0.9767,0.9386,3/3,23.7
mvtec_AD/wood,k3s2000,nll,raw,k3s2000|nll|raw,2,0,0.9811,0.9482,3/3,28.9
mvtec_AD/wood,k3s2000,maha,raw,k3s2000|maha|raw,2,0,0.9817,0.95,3/3,28.9
mvtec_AD/wood,k3s2000,chi2,raw,k3s2000|chi2|raw,2,0,0.9854,0.9596,3/3,29.0
mvtec_AD/wood,k6s2000,nll,raw,k6s2000|nll|raw,2,0,0.9841,0.9553,6/6,49.3
mvtec_AD/wood,k6s2000,maha,raw,k6s2000|maha|raw,2,0,0.9841,0.9553,6/6,49.3
mvtec_AD/wood,k6s2000,chi2,raw,k6s2000|chi2|raw,2,0,0.9886,0.9675,6/6,49.4
mvtec_AD/wood,k12s2000,nll,raw,k12s2000|nll|raw,2,0,0.986,0.9596,12/12,50.7
mvtec_AD/wood,k12s2000,maha,raw,k12s2000|maha|raw,2,0,0.9855,0.9588,12/12,50.7
mvtec_AD/wood,k12s2000,chi2,raw,k12s2000|chi2|raw,2,0,0.99,0.9711,12/12,50.8
mvtec_AD/wood,k3,nll,raw,k3|nll|raw,2,1,0.9864,0.9596,3/3,15.8
mvtec_AD/wood,k3,maha,raw,k3|maha|raw,2,1,0.9887,0.9667,3/3,15.9
mvtec_AD/wood,k3,chi2,raw,k3|chi2|raw,2,1,0.9927,0.9781,3/3,15.9
mvtec_AD/wood,k3s2000,nll,raw,k3s2000|nll|raw,2,1,0.9896,0.9693,3/3,19.4
mvtec_AD/wood,k3s2000,maha,raw,k3s2000|maha|raw,2,1,0.9907,0.9719,3/3,19.5
mvtec_AD/wood,k3s2000,chi2,raw,k3s2000|chi2|raw,2,1,0.9949,0.9842,3/3,19.5
mvtec_AD/wood,k6s2000,nll,raw,k6s2000|nll|raw,2,1,0.9878,0.9649,6/6,30.1
mvtec_AD/wood,k6s2000,maha,raw,k6s2000|maha|raw,2,1,0.9887,0.9675,6/6,30.1
mvtec_AD/wood,k6s2000,chi2,raw,k6s2000|chi2|raw,2,1,0.9941,0.9825,6/6,30.2
mvtec_AD/wood,k12s2000,nll,raw,k12s2000|nll|raw,2,1,0.9872,0.9632,12/12,108.2
mvtec_AD/wood,k12s2000,maha,raw,k12s2000|maha|raw,2,1,0.9879,0.9649,12/12,108.2
mvtec_AD/wood,k12s2000,chi2,raw,k12s2000|chi2|raw,2,1,0.9932,0.9798,12/12,108.3
mvtec_AD/wood,k3,nll,raw,k3|nll|raw,2,2,0.9797,0.9351,3/3,26.0
mvtec_AD/wood,k3,maha,raw,k3|maha|raw,2,2,0.9803,0.9368,3/3,26.0
mvtec_AD/wood,k3,chi2,raw,k3|chi2|raw,2,2,0.9861,0.9553,3/3,26.0
mvtec_AD/wood,k3s2000,nll,raw,k3s2000|nll|raw,2,2,0.9854,0.9535,3/3,22.2
mvtec_AD/wood,k3s2000,maha,raw,k3s2000|maha|raw,2,2,0.9855,0.9535,3/3,22.2
mvtec_AD/wood,k3s2000,chi2,raw,k3s2000|chi2|raw,2,2,0.9934,0.9781,3/3,22.3
mvtec_AD/wood,k6s2000,nll,raw,k6s2000|nll|raw,2,2,0.9825,0.9439,6/6,43.3
mvtec_AD/wood,k6s2000,maha,raw,k6s2000|maha|raw,2,2,0.9835,0.9482,6/6,43.3
mvtec_AD/wood,k6s2000,chi2,raw,k6s2000|chi2|raw,2,2,0.9913,0.9719,6/6,43.3
mvtec_AD/wood,k12s2000,nll,raw,k12s2000|nll|raw,2,2,0.9827,0.9456,12/12,90.7
mvtec_AD/wood,k12s2000,maha,raw,k12s2000|maha|raw,2,2,0.9826,0.9456,12/12,90.7
mvtec_AD/wood,k12s2000,chi2,raw,k12s2000|chi2|raw,2,2,0.9921,0.9746,12/12,90.8
mvtec_AD/zipper,k3,nll,raw,k3|nll|raw,1,0,0.996,0.9856,3/3,7.8
mvtec_AD/zipper,k3,maha,raw,k3|maha|raw,1,0,0.9962,0.9863,3/3,7.8
mvtec_AD/zipper,k3,chi2,raw,k3|chi2|raw,1,0,0.9965,0.9869,3/3,7.8
mvtec_AD/zipper,k3s2000,nll,raw,k3s2000|nll|raw,1,0,0.9966,0.9874,3/3,8.8
mvtec_AD/zipper,k3s2000,maha,raw,k3s2000|maha|raw,1,0,0.9953,0.9832,3/3,8.8
mvtec_AD/zipper,k3s2000,chi2,raw,k3s2000|chi2|raw,1,0,0.9964,0.9869,3/3,8.8
mvtec_AD/zipper,k6s2000,nll,raw,k6s2000|nll|raw,1,0,0.9974,0.9903,6/6,19.0
mvtec_AD/zipper,k6s2000,maha,raw,k6s2000|maha|raw,1,0,0.9969,0.9887,6/6,19.0
mvtec_AD/zipper,k6s2000,chi2,raw,k6s2000|chi2|raw,1,0,0.9973,0.99,6/6,19.1
mvtec_AD/zipper,k12s2000,nll,raw,k12s2000|nll|raw,1,0,0.9973,0.99,12/12,37.3
mvtec_AD/zipper,k12s2000,maha,raw,k12s2000|maha|raw,1,0,0.9972,0.9898,12/12,37.3
mvtec_AD/zipper,k12s2000,chi2,raw,k12s2000|chi2|raw,1,0,0.9974,0.99,12/12,37.4
mvtec_AD/zipper,k3,nll,raw,k3|nll|raw,1,1,0.9978,0.9916,3/3,9.9
mvtec_AD/zipper,k3,maha,raw,k3|maha|raw,1,1,0.9977,0.9916,3/3,9.9
mvtec_AD/zipper,k3,chi2,raw,k3|chi2|raw,1,1,0.9977,0.9916,3/3,9.9
mvtec_AD/zipper,k3s2000,nll,raw,k3s2000|nll|raw,1,1,0.9971,0.9895,3/3,16.6
mvtec_AD/zipper,k3s2000,maha,raw,k3s2000|maha|raw,1,1,0.9968,0.9887,3/3,16.6
mvtec_AD/zipper,k3s2000,chi2,raw,k3s2000|chi2|raw,1,1,0.997,0.9895,3/3,16.7
mvtec_AD/zipper,k6s2000,nll,raw,k6s2000|nll|raw,1,1,0.9975,0.9911,6/6,17.8
mvtec_AD/zipper,k6s2000,maha,raw,k6s2000|maha|raw,1,1,0.9973,0.9903,6/6,17.9
mvtec_AD/zipper,k6s2000,chi2,raw,k6s2000|chi2|raw,1,1,0.998,0.9926,6/6,17.9
mvtec_AD/zipper,k12s2000,nll,raw,k12s2000|nll|raw,1,1,0.997,0.9895,12/12,42.4
mvtec_AD/zipper,k12s2000,maha,raw,k12s2000|maha|raw,1,1,0.9967,0.9887,12/12,42.4
mvtec_AD/zipper,k12s2000,chi2,raw,k12s2000|chi2|raw,1,1,0.9975,0.9911,12/12,42.5
mvtec_AD/zipper,k3,nll,raw,k3|nll|raw,1,2,0.9967,0.9882,3/3,11.8
mvtec_AD/zipper,k3,maha,raw,k3|maha|raw,1,2,0.9968,0.9884,3/3,11.8
mvtec_AD/zipper,k3,chi2,raw,k3|chi2|raw,1,2,0.9971,0.9895,3/3,11.8
mvtec_AD/zipper,k3s2000,nll,raw,k3s2000|nll|raw,1,2,0.9965,0.9879,3/3,9.3
mvtec_AD/zipper,k3s2000,maha,raw,k3s2000|maha|raw,1,2,0.9962,0.9869,3/3,9.4
mvtec_AD/zipper,k3s2000,chi2,raw,k3s2000|chi2|raw,1,2,0.9966,0.9877,3/3,9.4
mvtec_AD/zipper,k6s2000,nll,raw,k6s2000|nll|raw,1,2,0.9971,0.9898,6/6,15.1
mvtec_AD/zipper,k6s2000,maha,raw,k6s2000|maha|raw,1,2,0.9967,0.9887,6/6,15.1
mvtec_AD/zipper,k6s2000,chi2,raw,k6s2000|chi2|raw,1,2,0.9972,0.9898,6/6,15.1
mvtec_AD/zipper,k12s2000,nll,raw,k12s2000|nll|raw,1,2,0.9973,0.9905,12/12,41.6
mvtec_AD/zipper,k12s2000,maha,raw,k12s2000|maha|raw,1,2,0.997,0.9895,12/12,41.7
mvtec_AD/zipper,k12s2000,chi2,raw,k12s2000|chi2|raw,1,2,0.9976,0.9913,12/12,41.7
mvtec_AD/zipper,k3,nll,raw,k3|nll|raw,2,0,0.9973,0.9898,3/3,19.1
mvtec_AD/zipper,k3,maha,raw,k3|maha|raw,2,0,0.9975,0.9903,3/3,19.1
mvtec_AD/zipper,k3,chi2,raw,k3|chi2|raw,2,0,0.9979,0.9919,3/3,19.2
mvtec_AD/zipper,k3s2000,nll,raw,k3s2000|nll|raw,2,0,0.9974,0.9903,3/3,16.3
mvtec_AD/zipper,k3s2000,maha,raw,k3s2000|maha|raw,2,0,0.9976,0.9908,3/3,16.3
mvtec_AD/zipper,k3s2000,chi2,raw,k3s2000|chi2|raw,2,0,0.9982,0.9932,3/3,16.4
mvtec_AD/zipper,k6s2000,nll,raw,k6s2000|nll|raw,2,0,0.9974,0.99,6/6,37.5
mvtec_AD/zipper,k6s2000,maha,raw,k6s2000|maha|raw,2,0,0.9975,0.9905,6/6,37.5
mvtec_AD/zipper,k6s2000,chi2,raw,k6s2000|chi2|raw,2,0,0.9982,0.9932,6/6,37.5
mvtec_AD/zipper,k12s2000,nll,raw,k12s2000|nll|raw,2,0,0.9978,0.9916,12/12,64.8
mvtec_AD/zipper,k12s2000,maha,raw,k12s2000|maha|raw,2,0,0.9976,0.9908,12/12,64.8
mvtec_AD/zipper,k12s2000,chi2,raw,k12s2000|chi2|raw,2,0,0.9984,0.9937,12/12,64.9
mvtec_AD/zipper,k3,nll,raw,k3|nll|raw,2,1,0.9973,0.9903,3/3,16.6
mvtec_AD/zipper,k3,maha,raw,k3|maha|raw,2,1,0.9976,0.9913,3/3,16.6
mvtec_AD/zipper,k3,chi2,raw,k3|chi2|raw,2,1,0.9983,0.9937,3/3,16.7
mvtec_AD/zipper,k3s2000,nll,raw,k3s2000|nll|raw,2,1,0.9964,0.9871,3/3,21.1
mvtec_AD/zipper,k3s2000,maha,raw,k3s2000|maha|raw,2,1,0.9962,0.9869,3/3,21.1
mvtec_AD/zipper,k3s2000,chi2,raw,k3s2000|chi2|raw,2,1,0.997,0.9892,3/3,21.2
mvtec_AD/zipper,k6s2000,nll,raw,k6s2000|nll|raw,2,1,0.9966,0.9884,6/6,28.0
mvtec_AD/zipper,k6s2000,maha,raw,k6s2000|maha|raw,2,1,0.9964,0.9874,6/6,28.1
mvtec_AD/zipper,k6s2000,chi2,raw,k6s2000|chi2|raw,2,1,0.9977,0.9919,6/6,28.1
mvtec_AD/zipper,k12s2000,nll,raw,k12s2000|nll|raw,2,1,0.9961,0.9869,12/12,85.6
mvtec_AD/zipper,k12s2000,maha,raw,k12s2000|maha|raw,2,1,0.996,0.9866,12/12,85.7
mvtec_AD/zipper,k12s2000,chi2,raw,k12s2000|chi2|raw,2,1,0.9971,0.9898,12/12,85.7
mvtec_AD/zipper,k3,nll,raw,k3|nll|raw,2,2,0.997,0.9892,3/3,22.0
mvtec_AD/zipper,k3,maha,raw,k3|maha|raw,2,2,0.9979,0.9924,3/3,22.1
mvtec_AD/zipper,k3,chi2,raw,k3|chi2|raw,2,2,0.998,0.9924,3/3,22.1
mvtec_AD/zipper,k3s2000,nll,raw,k3s2000|nll|raw,2,2,0.9971,0.9898,3/3,21.4
mvtec_AD/zipper,k3s2000,maha,raw,k3s2000|maha|raw,2,2,0.9971,0.9895,3/3,21.4
mvtec_AD/zipper,k3s2000,chi2,raw,k3s2000|chi2|raw,2,2,0.9969,0.9887,3/3,21.5
mvtec_AD/zipper,k6s2000,nll,raw,k6s2000|nll|raw,2,2,0.9973,0.9903,6/6,25.3
mvtec_AD/zipper,k6s2000,maha,raw,k6s2000|maha|raw,2,2,0.997,0.9895,6/6,25.4
mvtec_AD/zipper,k6s2000,chi2,raw,k6s2000|chi2|raw,2,2,0.9969,0.9887,6/6,25.4
mvtec_AD/zipper,k12s2000,nll,raw,k12s2000|nll|raw,2,2,0.9975,0.9908,12/12,98.3
mvtec_AD/zipper,k12s2000,maha,raw,k12s2000|maha|raw,2,2,0.9974,0.9908,12/12,98.3
mvtec_AD/zipper,k12s2000,chi2,raw,k12s2000|chi2|raw,2,2,0.9978,0.9916,12/12,98.4
mvtec_AD/bottle,k12sinf,nll,raw,k12sinf|nll|raw,1,0,0.9978,0.9929,12/12,7.1
mvtec_AD/bottle,k12sinf,maha,raw,k12sinf|maha|raw,1,0,0.9978,0.9929,12/12,7.1
mvtec_AD/bottle,k12sinf,chi2,raw,k12sinf|chi2|raw,1,0,0.9983,0.9944,12/12,7.2
mvtec_AD/bottle,k12sinf,nll,raw,k12sinf|nll|raw,1,1,0.9995,0.9984,12/12,8.1
mvtec_AD/bottle,k12sinf,maha,raw,k12sinf|maha|raw,1,1,0.9995,0.9984,12/12,8.1
mvtec_AD/bottle,k12sinf,chi2,raw,k12sinf|chi2|raw,1,1,0.9998,0.9992,12/12,8.1
mvtec_AD/bottle,k12sinf,nll,raw,k12sinf|nll|raw,1,2,1.0,1.0,12/12,7.3
mvtec_AD/bottle,k12sinf,maha,raw,k12sinf|maha|raw,1,2,1.0,1.0,12/12,7.3
mvtec_AD/bottle,k12sinf,chi2,raw,k12sinf|chi2|raw,1,2,1.0,1.0,12/12,7.3
mvtec_AD/bottle,k12sinf,nll,raw,k12sinf|nll|raw,2,0,0.9978,0.9929,12/12,12.1
mvtec_AD/bottle,k12sinf,maha,raw,k12sinf|maha|raw,2,0,0.9981,0.9937,12/12,12.1
mvtec_AD/bottle,k12sinf,chi2,raw,k12sinf|chi2|raw,2,0,0.9986,0.9952,12/12,12.1
mvtec_AD/bottle,k12sinf,nll,raw,k12sinf|nll|raw,2,1,0.999,0.9968,12/12,16.0
mvtec_AD/bottle,k12sinf,maha,raw,k12sinf|maha|raw,2,1,0.999,0.9968,12/12,16.0
mvtec_AD/bottle,k12sinf,chi2,raw,k12sinf|chi2|raw,2,1,0.9995,0.9984,12/12,16.0
mvtec_AD/bottle,k12sinf,nll,raw,k12sinf|nll|raw,2,2,0.9991,0.9968,12/12,14.3
mvtec_AD/bottle,k12sinf,maha,raw,k12sinf|maha|raw,2,2,0.9991,0.9968,12/12,14.4
mvtec_AD/bottle,k12sinf,chi2,raw,k12sinf|chi2|raw,2,2,0.9995,0.9984,12/12,14.4
VisA/candle,k12sinf,nll,raw,k12sinf|nll|raw,1,0,0.8757,0.8483,12/12,8.6
VisA/candle,k12sinf,maha,raw,k12sinf|maha|raw,1,0,0.8773,0.8494,12/12,8.6
VisA/candle,k12sinf,chi2,raw,k12sinf|chi2|raw,1,0,0.8831,0.8568,12/12,8.7
VisA/candle,k12sinf,nll,raw,k12sinf|nll|raw,1,1,0.9275,0.9213,12/12,7.9
VisA/candle,k12sinf,maha,raw,k12sinf|maha|raw,1,1,0.9277,0.9217,12/12,7.9
VisA/candle,k12sinf,chi2,raw,k12sinf|chi2|raw,1,1,0.9372,0.9264,12/12,8.0
VisA/candle,k12sinf,nll,raw,k12sinf|nll|raw,1,2,0.8659,0.8365,12/12,7.9
VisA/candle,k12sinf,maha,raw,k12sinf|maha|raw,1,2,0.8652,0.8361,12/12,7.9
VisA/candle,k12sinf,chi2,raw,k12sinf|chi2|raw,1,2,0.8774,0.8543,12/12,8.0
VisA/candle,k12sinf,nll,raw,k12sinf|nll|raw,2,0,0.8383,0.805,12/12,10.9
VisA/candle,k12sinf,maha,raw,k12sinf|maha|raw,2,0,0.8408,0.8077,12/12,10.9
VisA/candle,k12sinf,chi2,raw,k12sinf|chi2|raw,2,0,0.8428,0.8092,12/12,11.0
VisA/candle,k12sinf,nll,raw,k12sinf|nll|raw,2,1,0.9254,0.9277,12/12,13.9
VisA/candle,k12sinf,maha,raw,k12sinf|maha|raw,2,1,0.9262,0.9282,12/12,13.9
VisA/candle,k12sinf,chi2,raw,k12sinf|chi2|raw,2,1,0.9298,0.9276,12/12,14.0
VisA/candle,k12sinf,nll,raw,k12sinf|nll|raw,2,2,0.8733,0.8481,12/12,12.4
VisA/candle,k12sinf,maha,raw,k12sinf|maha|raw,2,2,0.8733,0.8483,12/12,12.5
VisA/candle,k12sinf,chi2,raw,k12sinf|chi2|raw,2,2,0.8735,0.8493,12/12,12.5
mvtec_AD/cable,k12sinf,nll,raw,k12sinf|nll|raw,1,0,0.9437,0.8877,12/12,8.7
mvtec_AD/cable,k12sinf,maha,raw,k12sinf|maha|raw,1,0,0.944,0.8872,12/12,8.7
mvtec_AD/cable,k12sinf,chi2,raw,k12sinf|chi2|raw,1,0,0.9512,0.9037,12/12,8.8
mvtec_AD/cable,k12sinf,nll,raw,k12sinf|nll|raw,1,1,0.914,0.8403,12/12,8.2
mvtec_AD/cable,k12sinf,maha,raw,k12sinf|maha|raw,1,1,0.9134,0.8386,12/12,8.2
mvtec_AD/cable,k12sinf,chi2,raw,k12sinf|chi2|raw,1,1,0.9265,0.86,12/12,8.2
mvtec_AD/cable,k12sinf,nll,raw,k12sinf|nll|raw,1,2,0.9444,0.8943,12/12,10.0
mvtec_AD/cable,k12sinf,maha,raw,k12sinf|maha|raw,1,2,0.9449,0.8951,12/12,10.0
mvtec_AD/cable,k12sinf,chi2,raw,k12sinf|chi2|raw,1,2,0.9513,0.9069,12/12,10.1
mvtec_AD/cable,k12sinf,nll,raw,k12sinf|nll|raw,2,0,0.9293,0.857,12/12,13.9
mvtec_AD/cable,k12sinf,maha,raw,k12sinf|maha|raw,2,0,0.9301,0.8583,12/12,13.9
mvtec_AD/cable,k12sinf,chi2,raw,k12sinf|chi2|raw,2,0,0.9461,0.8885,12/12,14.0
mvtec_AD/cable,k12sinf,nll,raw,k12sinf|nll|raw,2,1,0.915,0.8448,12/12,12.5
mvtec_AD/cable,k12sinf,maha,raw,k12sinf|maha|raw,2,1,0.9148,0.8441,12/12,12.5
mvtec_AD/cable,k12sinf,chi2,raw,k12sinf|chi2|raw,2,1,0.9323,0.872,12/12,12.6
mvtec_AD/cable,k12sinf,nll,raw,k12sinf|nll|raw,2,2,0.9471,0.9009,12/12,16.6
mvtec_AD/cable,k12sinf,maha,raw,k12sinf|maha|raw,2,2,0.9504,0.9059,12/12,16.7
mvtec_AD/cable,k12sinf,chi2,raw,k12sinf|chi2|raw,2,2,0.9562,0.9138,12/12,16.7
VisA/capsules,k12sinf,nll,raw,k12sinf|nll|raw,1,0,0.9408,0.8897,12/12,7.9
VisA/capsules,k12sinf,maha,raw,k12sinf|maha|raw,1,0,0.9425,0.8933,12/12,7.9
VisA/capsules,k12sinf,chi2,raw,k12sinf|chi2|raw,1,0,0.9636,0.929,12/12,8.0
VisA/capsules,k12sinf,nll,raw,k12sinf|nll|raw,1,1,0.9658,0.9385,12/12,6.7
VisA/capsules,k12sinf,maha,raw,k12sinf|maha|raw,1,1,0.965,0.9373,12/12,6.7
VisA/capsules,k12sinf,chi2,raw,k12sinf|chi2|raw,1,1,0.9727,0.9537,12/12,6.8
VisA/capsules,k12sinf,nll,raw,k12sinf|nll|raw,1,2,0.9585,0.9297,12/12,7.7
VisA/capsules,k12sinf,maha,raw,k12sinf|maha|raw,1,2,0.9578,0.9287,12/12,7.7
VisA/capsules,k12sinf,chi2,raw,k12sinf|chi2|raw,1,2,0.9756,0.9573,12/12,7.7
VisA/capsules,k12sinf,nll,raw,k12sinf|nll|raw,2,0,0.9173,0.8485,12/12,50.3
VisA/capsules,k12sinf,maha,raw,k12sinf|maha|raw,2,0,0.9182,0.8488,12/12,50.3
VisA/capsules,k12sinf,chi2,raw,k12sinf|chi2|raw,2,0,0.9547,0.9168,12/12,50.4
VisA/capsules,k12sinf,nll,raw,k12sinf|nll|raw,2,1,0.9737,0.9528,12/12,23.9
VisA/capsules,k12sinf,maha,raw,k12sinf|maha|raw,2,1,0.9756,0.956,12/12,24.0
VisA/capsules,k12sinf,chi2,raw,k12sinf|chi2|raw,2,1,0.978,0.9635,12/12,24.0
VisA/capsules,k12sinf,nll,raw,k12sinf|nll|raw,2,2,0.9723,0.9497,12/12,13.0
VisA/capsules,k12sinf,maha,raw,k12sinf|maha|raw,2,2,0.9724,0.9502,12/12,13.0
VisA/capsules,k12sinf,chi2,raw,k12sinf|chi2|raw,2,2,0.98,0.9663,12/12,13.0
mvtec_AD/capsule,k12sinf,nll,raw,k12sinf|nll|raw,1,0,0.9076,0.653,12/12,10.6
mvtec_AD/capsule,k12sinf,maha,raw,k12sinf|maha|raw,1,0,0.9089,0.6582,12/12,10.6
mvtec_AD/capsule,k12sinf,chi2,raw,k12sinf|chi2|raw,1,0,0.9185,0.6909,12/12,10.7
mvtec_AD/capsule,k12sinf,nll,raw,k12sinf|nll|raw,1,1,0.9091,0.6661,12/12,18.1
mvtec_AD/capsule,k12sinf,maha,raw,k12sinf|maha|raw,1,1,0.9097,0.6669,12/12,18.1
mvtec_AD/capsule,k12sinf,chi2,raw,k12sinf|chi2|raw,1,1,0.9192,0.6949,12/12,18.1
mvtec_AD/capsule,k12sinf,nll,raw,k12sinf|nll|raw,1,2,0.8972,0.6211,12/12,13.9
mvtec_AD/capsule,k12sinf,maha,raw,k12sinf|maha|raw,1,2,0.8974,0.6207,12/12,13.9
mvtec_AD/capsule,k12sinf,chi2,raw,k12sinf|chi2|raw,1,2,0.9075,0.6586,12/12,14.0
mvtec_AD/capsule,k12sinf,nll,raw,k12sinf|nll|raw,2,0,0.9187,0.702,12/12,39.5
mvtec_AD/capsule,k12sinf,maha,raw,k12sinf|maha|raw,2,0,0.9203,0.7068,12/12,39.5
mvtec_AD/capsule,k12sinf,chi2,raw,k12sinf|chi2|raw,2,0,0.9238,0.7212,12/12,39.6
mvtec_AD/capsule,k12sinf,nll,raw,k12sinf|nll|raw,2,1,0.9109,0.6653,12/12,36.9
mvtec_AD/capsule,k12sinf,maha,raw,k12sinf|maha|raw,2,1,0.9108,0.6673,12/12,36.9
mvtec_AD/capsule,k12sinf,chi2,raw,k12sinf|chi2|raw,2,1,0.9205,0.6984,12/12,36.9
mvtec_AD/capsule,k12sinf,nll,raw,k12sinf|nll|raw,2,2,0.91,0.6621,12/12,17.0
mvtec_AD/capsule,k12sinf,maha,raw,k12sinf|maha|raw,2,2,0.9102,0.6629,12/12,17.1
mvtec_AD/capsule,k12sinf,chi2,raw,k12sinf|chi2|raw,2,2,0.918,0.6869,12/12,17.1
VisA/cashew,k12sinf,nll,raw,k12sinf|nll|raw,1,0,0.9226,0.8548,12/12,12.1
VisA/cashew,k12sinf,maha,raw,k12sinf|maha|raw,1,0,0.922,0.8524,12/12,12.1
VisA/cashew,k12sinf,chi2,raw,k12sinf|chi2|raw,1,0,0.9423,0.896,12/12,12.2
VisA/cashew,k12sinf,nll,raw,k12sinf|nll|raw,1,1,0.9539,0.9194,12/12,6.6
VisA/cashew,k12sinf,maha,raw,k12sinf|maha|raw,1,1,0.9534,0.919,12/12,6.7
VisA/cashew,k12sinf,chi2,raw,k12sinf|chi2|raw,1,1,0.9564,0.9244,12/12,6.7
VisA/cashew,k12sinf,nll,raw,k12sinf|nll|raw,1,2,0.9317,0.875,12/12,7.1
VisA/cashew,k12sinf,maha,raw,k12sinf|maha|raw,1,2,0.9311,0.874,12/12,7.1
VisA/cashew,k12sinf,chi2,raw,k12sinf|chi2|raw,1,2,0.9412,0.896,12/12,7.1
VisA/cashew,k12sinf,nll,raw,k12sinf|nll|raw,2,0,0.9441,0.9012,12/12,14.0
VisA/cashew,k12sinf,maha,raw,k12sinf|maha|raw,2,0,0.944,0.9008,12/12,14.0
VisA/cashew,k12sinf,chi2,raw,k12sinf|chi2|raw,2,0,0.9562,0.9218,12/12,14.1
VisA/cashew,k12sinf,nll,raw,k12sinf|nll|raw,2,1,0.9619,0.93,12/12,14.0
VisA/cashew,k12sinf,maha,raw,k12sinf|maha|raw,2,1,0.9611,0.9296,12/12,14.0
VisA/cashew,k12sinf,chi2,raw,k12sinf|chi2|raw,2,1,0.9697,0.9458,12/12,14.0
VisA/cashew,k12sinf,nll,raw,k12sinf|nll|raw,2,2,0.9169,0.8512,12/12,14.0
VisA/cashew,k12sinf,maha,raw,k12sinf|maha|raw,2,2,0.9162,0.8502,12/12,14.1
VisA/cashew,k12sinf,chi2,raw,k12sinf|chi2|raw,2,2,0.9328,0.881,12/12,14.1
mvtec_AD/carpet,k12sinf,nll,raw,k12sinf|nll|raw,1,0,0.9952,0.986,12/12,9.2
mvtec_AD/carpet,k12sinf,maha,raw,k12sinf|maha|raw,1,0,0.9952,0.986,12/12,9.2
mvtec_AD/carpet,k12sinf,chi2,raw,k12sinf|chi2|raw,1,0,0.9974,0.992,12/12,9.2
mvtec_AD/carpet,k12sinf,nll,raw,k12sinf|nll|raw,1,1,0.9955,0.9864,12/12,9.7
mvtec_AD/carpet,k12sinf,maha,raw,k12sinf|maha|raw,1,1,0.9957,0.9868,12/12,9.8
mvtec_AD/carpet,k12sinf,chi2,raw,k12sinf|chi2|raw,1,1,0.9981,0.994,12/12,9.8
mvtec_AD/carpet,k12sinf,nll,raw,k12sinf|nll|raw,1,2,0.994,0.9827,12/12,8.2
mvtec_AD/carpet,k12sinf,maha,raw,k12sinf|maha|raw,1,2,0.9938,0.9823,12/12,8.2
mvtec_AD/carpet,k12sinf,chi2,raw,k12sinf|chi2|raw,1,2,0.9971,0.9912,12/12,8.2
mvtec_AD/carpet,k12sinf,nll,raw,k12sinf|nll|raw,2,0,0.9955,0.9868,12/12,17.1
mvtec_AD/carpet,k12sinf,maha,raw,k12sinf|maha|raw,2,0,0.9957,0.9872,12/12,17.1
mvtec_AD/carpet,k12sinf,chi2,raw,k12sinf|chi2|raw,2,0,0.9979,0.9936,12/12,17.2
mvtec_AD/carpet,k12sinf,nll,raw,k12sinf|nll|raw,2,1,0.9951,0.9852,12/12,13.5
mvtec_AD/carpet,k12sinf,maha,raw,k12sinf|maha|raw,2,1,0.9951,0.9852,12/12,13.5
mvtec_AD/carpet,k12sinf,chi2,raw,k12sinf|chi2|raw,2,1,0.9981,0.994,12/12,13.6
mvtec_AD/carpet,k12sinf,nll,raw,k12sinf|nll|raw,2,2,0.9935,0.9815,12/12,17.2
mvtec_AD/carpet,k12sinf,maha,raw,k12sinf|maha|raw,2,2,0.9936,0.9819,12/12,17.2
mvtec_AD/carpet,k12sinf,chi2,raw,k12sinf|chi2|raw,2,2,0.9968,0.99,12/12,17.2
VisA/chewinggum,k12sinf,nll,raw,k12sinf|nll|raw,1,0,0.9377,0.8674,12/12,6.9
VisA/chewinggum,k12sinf,maha,raw,k12sinf|maha|raw,1,0,0.9374,0.8666,12/12,6.9
VisA/chewinggum,k12sinf,chi2,raw,k12sinf|chi2|raw,1,0,0.9529,0.8982,12/12,7.0
VisA/chewinggum,k12sinf,nll,raw,k12sinf|nll|raw,1,1,0.9756,0.948,12/12,7.7
VisA/chewinggum,k12sinf,maha,raw,k12sinf|maha|raw,1,1,0.9754,0.948,12/12,7.7
VisA/chewinggum,k12sinf,chi2,raw,k12sinf|chi2|raw,1,1,0.9845,0.9664,12/12,7.7
VisA/chewinggum,k12sinf,nll,raw,k12sinf|nll|raw,1,2,0.9637,0.9238,12/12,8.4
VisA/chewinggum,k12sinf,maha,raw,k12sinf|maha|raw,1,2,0.963,0.9224,12/12,8.4
VisA/chewinggum,k12sinf,chi2,raw,k12sinf|chi2|raw,1,2,0.9746,0.9482,12/12,8.4
VisA/chewinggum,k12sinf,nll,raw,k12sinf|nll|raw,2,0,0.9657,0.9294,12/12,16.8
VisA/chewinggum,k12sinf,maha,raw,k12sinf|maha|raw,2,0,0.9666,0.9312,12/12,16.8
VisA/chewinggum,k12sinf,chi2,raw,k12sinf|chi2|raw,2,0,0.9775,0.9522,12/12,16.8
VisA/chewinggum,k12sinf,nll,raw,k12sinf|nll|raw,2,1,0.9663,0.9292,12/12,14.7
VisA/chewinggum,k12sinf,maha,raw,k12sinf|maha|raw,2,1,0.9659,0.9292,12/12,14.8
VisA/chewinggum,k12sinf,chi2,raw,k12sinf|chi2|raw,2,1,0.9763,0.95,12/12,14.8
VisA/chewinggum,k12sinf,nll,raw,k12sinf|nll|raw,2,2,0.9554,0.9062,12/12,9.9
VisA/chewinggum,k12sinf,maha,raw,k12sinf|maha|raw,2,2,0.9546,0.905,12/12,9.9
VisA/chewinggum,k12sinf,chi2,raw,k12sinf|chi2|raw,2,2,0.972,0.9424,12/12,10.0
mvtec_AD/grid,k12sinf,nll,raw,k12sinf|nll|raw,1,0,0.9758,0.9298,12/12,8.0
mvtec_AD/grid,k12sinf,maha,raw,k12sinf|maha|raw,1,0,0.9758,0.9298,12/12,8.0
mvtec_AD/grid,k12sinf,chi2,raw,k12sinf|chi2|raw,1,0,0.9871,0.9624,12/12,8.0
mvtec_AD/grid,k12sinf,nll,raw,k12sinf|nll|raw,1,1,0.9502,0.8546,12/12,7.2
mvtec_AD/grid,k12sinf,maha,raw,k12sinf|maha|raw,1,1,0.9504,0.8555,12/12,7.2
mvtec_AD/grid,k12sinf,chi2,raw,k12sinf|chi2|raw,1,1,0.9649,0.8972,12/12,7.3
mvtec_AD/grid,k12sinf,nll,raw,k12sinf|nll|raw,1,2,0.9848,0.9557,12/12,7.9
mvtec_AD/grid,k12sinf,maha,raw,k12sinf|maha|raw,1,2,0.9842,0.9541,12/12,7.9
mvtec_AD/grid,k12sinf,chi2,raw,k12sinf|chi2|raw,1,2,0.9964,0.9891,12/12,7.9
mvtec_AD/grid,k12sinf,nll,raw,k12sinf|nll|raw,2,0,0.9726,0.9156,12/12,11.4
mvtec_AD/grid,k12sinf,maha,raw,k12sinf|maha|raw,2,0,0.9729,0.9165,12/12,11.4
mvtec_AD/grid,k12sinf,chi2,raw,k12sinf|chi2|raw,2,0,0.99,0.9699,12/12,11.4
mvtec_AD/grid,k12sinf,nll,raw,k12sinf|nll|raw,2,1,0.9862,0.9607,12/12,17.0
mvtec_AD/grid,k12sinf,maha,raw,k12sinf|maha|raw,2,1,0.9864,0.9616,12/12,17.0
mvtec_AD/grid,k12sinf,chi2,raw,k12sinf|chi2|raw,2,1,0.9982,0.995,12/12,17.0
mvtec_AD/grid,k12sinf,nll,raw,k12sinf|nll|raw,2,2,0.99,0.9733,12/12,12.5
mvtec_AD/grid,k12sinf,maha,raw,k12sinf|maha|raw,2,2,0.9911,0.9766,12/12,12.5
mvtec_AD/grid,k12sinf,chi2,raw,k12sinf|chi2|raw,2,2,0.9985,0.9958,12/12,12.5
VisA/fryum,k12sinf,nll,raw,k12sinf|nll|raw,1,0,0.9443,0.8766,12/12,9.2
VisA/fryum,k12sinf,maha,raw,k12sinf|maha|raw,1,0,0.9444,0.8762,12/12,9.2
VisA/fryum,k12sinf,chi2,raw,k12sinf|chi2|raw,1,0,0.9528,0.8936,12/12,9.3
VisA/fryum,k12sinf,nll,raw,k12sinf|nll|raw,1,1,0.9498,0.8904,12/12,7.9
VisA/fryum,k12sinf,maha,raw,k12sinf|maha|raw,1,1,0.9499,0.89,12/12,7.9
VisA/fryum,k12sinf,chi2,raw,k12sinf|chi2|raw,1,1,0.9507,0.8938,12/12,7.9
VisA/fryum,k12sinf,nll,raw,k12sinf|nll|raw,1,2,0.9547,0.8978,12/12,8.9
VisA/fryum,k12sinf,maha,raw,k12sinf|maha|raw,1,2,0.9551,0.8986,12/12,8.9
VisA/fryum,k12sinf,chi2,raw,k12sinf|chi2|raw,1,2,0.9582,0.9056,12/12,9.0
VisA/fryum,k12sinf,nll,raw,k12sinf|nll|raw,2,0,0.9503,0.8912,12/12,17.0
VisA/fryum,k12sinf,maha,raw,k12sinf|maha|raw,2,0,0.951,0.8938,12/12,17.0
VisA/fryum,k12sinf,chi2,raw,k12sinf|chi2|raw,2,0,0.9561,0.9048,12/12,17.0
VisA/fryum,k12sinf,nll,raw,k12sinf|nll|raw,2,1,0.9603,0.9148,12/12,16.5
VisA/fryum,k12sinf,maha,raw,k12sinf|maha|raw,2,1,0.9603,0.915,12/12,16.6
VisA/fryum,k12sinf,chi2,raw,k12sinf|chi2|raw,2,1,0.9663,0.928,12/12,16.6
VisA/fryum,k12sinf,nll,raw,k12sinf|nll|raw,2,2,0.9503,0.8878,12/12,19.9
VisA/fryum,k12sinf,maha,raw,k12sinf|maha|raw,2,2,0.9497,0.887,12/12,20.0
VisA/fryum,k12sinf,chi2,raw,k12sinf|chi2|raw,2,2,0.9558,0.9016,12/12,20.0
mvtec_AD/hazelnut,k12sinf,nll,raw,k12sinf|nll|raw,1,0,0.8952,0.8107,12/12,6.5
mvtec_AD/hazelnut,k12sinf,maha,raw,k12sinf|maha|raw,1,0,0.8957,0.8114,12/12,6.6
mvtec_AD/hazelnut,k12sinf,chi2,raw,k12sinf|chi2|raw,1,0,0.9115,0.8343,12/12,6.6
mvtec_AD/hazelnut,k12sinf,nll,raw,k12sinf|nll|raw,1,1,0.9408,0.8857,12/12,6.7
mvtec_AD/hazelnut,k12sinf,maha,raw,k12sinf|maha|raw,1,1,0.9419,0.8879,12/12,6.8
mvtec_AD/hazelnut,k12sinf,chi2,raw,k12sinf|chi2|raw,1,1,0.9442,0.8911,12/12,6.8
mvtec_AD/hazelnut,k12sinf,nll,raw,k12sinf|nll|raw,1,2,0.9649,0.93,12/12,10.1
mvtec_AD/hazelnut,k12sinf,maha,raw,k12sinf|maha|raw,1,2,0.9654,0.9311,12/12,10.2
mvtec_AD/hazelnut,k12sinf,chi2,raw,k12sinf|chi2|raw,1,2,0.9689,0.9382,12/12,10.2
mvtec_AD/hazelnut,k12sinf,nll,raw,k12sinf|nll|raw,2,0,0.9149,0.8393,12/12,12.4
mvtec_AD/hazelnut,k12sinf,maha,raw,k12sinf|maha|raw,2,0,0.9158,0.8411,12/12,12.4
mvtec_AD/hazelnut,k12sinf,chi2,raw,k12sinf|chi2|raw,2,0,0.9323,0.8704,12/12,12.4
mvtec_AD/hazelnut,k12sinf,nll,raw,k12sinf|nll|raw,2,1,0.945,0.8979,12/12,11.8
mvtec_AD/hazelnut,k12sinf,maha,raw,k12sinf|maha|raw,2,1,0.9451,0.8975,12/12,11.8
mvtec_AD/hazelnut,k12sinf,chi2,raw,k12sinf|chi2|raw,2,1,0.9514,0.9104,12/12,11.9
mvtec_AD/hazelnut,k12sinf,nll,raw,k12sinf|nll|raw,2,2,0.9474,0.9007,12/12,13.3
mvtec_AD/hazelnut,k12sinf,maha,raw,k12sinf|maha|raw,2,2,0.948,0.9018,12/12,13.3
mvtec_AD/hazelnut,k12sinf,chi2,raw,k12sinf|chi2|raw,2,2,0.9556,0.915,12/12,13.4
VisA/macaroni1,k12sinf,nll,raw,k12sinf|nll|raw,1,0,0.6445,0.6539,12/12,9.1
VisA/macaroni1,k12sinf,maha,raw,k12sinf|maha|raw,1,0,0.6496,0.6564,12/12,9.1
VisA/macaroni1,k12sinf,chi2,raw,k12sinf|chi2|raw,1,0,0.7432,0.7475,12/12,9.2
VisA/macaroni1,k12sinf,nll,raw,k12sinf|nll|raw,1,1,0.6847,0.6631,12/12,8.9
VisA/macaroni1,k12sinf,maha,raw,k12sinf|maha|raw,1,1,0.6846,0.6632,12/12,8.9
VisA/macaroni1,k12sinf,chi2,raw,k12sinf|chi2|raw,1,1,0.7339,0.7163,12/12,9.0
VisA/macaroni1,k12sinf,nll,raw,k12sinf|nll|raw,1,2,0.6144,0.6433,12/12,10.1
VisA/macaroni1,k12sinf,maha,raw,k12sinf|maha|raw,1,2,0.6111,0.6433,12/12,10.1
VisA/macaroni1,k12sinf,chi2,raw,k12sinf|chi2|raw,1,2,0.6897,0.7135,12/12,10.2
VisA/macaroni1,k12sinf,nll,raw,k12sinf|nll|raw,2,0,0.6844,0.6827,12/12,14.4
VisA/macaroni1,k12sinf,maha,raw,k12sinf|maha|raw,2,0,0.6847,0.6848,12/12,14.5
VisA/macaroni1,k12sinf,chi2,raw,k12sinf|chi2|raw,2,0,0.7775,0.7669,12/12,14.6
VisA/macaroni1,k12sinf,nll,raw,k12sinf|nll|raw,2,1,0.67,0.6565,12/12,13.0
VisA/macaroni1,k12sinf,maha,raw,k12sinf|maha|raw,2,1,0.6648,0.6526,12/12,13.1
VisA/macaroni1,k12sinf,chi2,raw,k12sinf|chi2|raw,2,1,0.7078,0.6843,12/12,13.2
VisA/macaroni1,k12sinf,nll,raw,k12sinf|nll|raw,2,2,0.6313,0.65,12/12,13.6
VisA/macaroni1,k12sinf,maha,raw,k12sinf|maha|raw,2,2,0.6354,0.6526,12/12,13.7
VisA/macaroni1,k12sinf,chi2,raw,k12sinf|chi2|raw,2,2,0.7118,0.713,12/12,13.8
mvtec_AD/leather,k12sinf,nll,raw,k12sinf|nll|raw,1,0,0.9999,0.9997,12/12,6.9
mvtec_AD/leather,k12sinf,maha,raw,k12sinf|maha|raw,1,0,0.9999,0.9997,12/12,6.9
mvtec_AD/leather,k12sinf,chi2,raw,k12sinf|chi2|raw,1,0,1.0,1.0,12/12,6.9
mvtec_AD/leather,k12sinf,nll,raw,k12sinf|nll|raw,1,1,1.0,1.0,12/12,9.6
mvtec_AD/leather,k12sinf,maha,raw,k12sinf|maha|raw,1,1,1.0,1.0,12/12,9.6
mvtec_AD/leather,k12sinf,chi2,raw,k12sinf|chi2|raw,1,1,1.0,1.0,12/12,9.6
mvtec_AD/leather,k12sinf,nll,raw,k12sinf|nll|raw,1,2,1.0,1.0,12/12,8.1
mvtec_AD/leather,k12sinf,maha,raw,k12sinf|maha|raw,1,2,1.0,1.0,12/12,8.1
mvtec_AD/leather,k12sinf,chi2,raw,k12sinf|chi2|raw,1,2,1.0,1.0,12/12,8.2
mvtec_AD/leather,k12sinf,nll,raw,k12sinf|nll|raw,2,0,1.0,1.0,12/12,15.7
mvtec_AD/leather,k12sinf,maha,raw,k12sinf|maha|raw,2,0,1.0,1.0,12/12,15.8
mvtec_AD/leather,k12sinf,chi2,raw,k12sinf|chi2|raw,2,0,1.0,1.0,12/12,15.8
mvtec_AD/leather,k12sinf,nll,raw,k12sinf|nll|raw,2,1,1.0,1.0,12/12,18.0
mvtec_AD/leather,k12sinf,maha,raw,k12sinf|maha|raw,2,1,1.0,1.0,12/12,18.0
mvtec_AD/leather,k12sinf,chi2,raw,k12sinf|chi2|raw,2,1,1.0,1.0,12/12,18.0
mvtec_AD/leather,k12sinf,nll,raw,k12sinf|nll|raw,2,2,1.0,1.0,12/12,13.9
mvtec_AD/leather,k12sinf,maha,raw,k12sinf|maha|raw,2,2,1.0,1.0,12/12,13.9
mvtec_AD/leather,k12sinf,chi2,raw,k12sinf|chi2|raw,2,2,1.0,1.0,12/12,14.0
VisA/macaroni2,k12sinf,nll,raw,k12sinf|nll|raw,1,0,0.4579,0.4807,12/12,9.4
VisA/macaroni2,k12sinf,maha,raw,k12sinf|maha|raw,1,0,0.458,0.4815,12/12,9.4
VisA/macaroni2,k12sinf,chi2,raw,k12sinf|chi2|raw,1,0,0.478,0.5146,12/12,9.5
VisA/macaroni2,k12sinf,nll,raw,k12sinf|nll|raw,1,1,0.4637,0.4766,12/12,7.4
VisA/macaroni2,k12sinf,maha,raw,k12sinf|maha|raw,1,1,0.4643,0.4763,12/12,7.5
VisA/macaroni2,k12sinf,chi2,raw,k12sinf|chi2|raw,1,1,0.5085,0.5373,12/12,7.5
VisA/macaroni2,k12sinf,nll,raw,k12sinf|nll|raw,1,2,0.5129,0.5539,12/12,6.9
VisA/macaroni2,k12sinf,maha,raw,k12sinf|maha|raw,1,2,0.5099,0.5534,12/12,6.9
VisA/macaroni2,k12sinf,chi2,raw,k12sinf|chi2|raw,1,2,0.5508,0.6089,12/12,7.0
VisA/macaroni2,k12sinf,nll,raw,k12sinf|nll|raw,2,0,0.4733,0.4919,12/12,10.8
VisA/macaroni2,k12sinf,maha,raw,k12sinf|maha|raw,2,0,0.4762,0.4968,12/12,10.9
VisA/macaroni2,k12sinf,chi2,raw,k12sinf|chi2|raw,2,0,0.5131,0.5505,12/12,10.9
VisA/macaroni2,k12sinf,nll,raw,k12sinf|nll|raw,2,1,0.4782,0.4918,12/12,13.4
VisA/macaroni2,k12sinf,maha,raw,k12sinf|maha|raw,2,1,0.4811,0.497,12/12,13.4
VisA/macaroni2,k12sinf,chi2,raw,k12sinf|chi2|raw,2,1,0.5186,0.5477,12/12,13.5
VisA/macaroni2,k12sinf,nll,raw,k12sinf|nll|raw,2,2,0.5054,0.5447,12/12,17.7
VisA/macaroni2,k12sinf,maha,raw,k12sinf|maha|raw,2,2,0.5074,0.5464,12/12,17.8
VisA/macaroni2,k12sinf,chi2,raw,k12sinf|chi2|raw,2,2,0.5291,0.5701,12/12,17.8
mvtec_AD/metal_nut,k12sinf,nll,raw,k12sinf|nll|raw,1,0,0.9881,0.9511,12/12,10.8
mvtec_AD/metal_nut,k12sinf,maha,raw,k12sinf|maha|raw,1,0,0.9885,0.9526,12/12,10.8
mvtec_AD/metal_nut,k12sinf,chi2,raw,k12sinf|chi2|raw,1,0,0.9938,0.9741,12/12,10.8
mvtec_AD/metal_nut,k12sinf,nll,raw,k12sinf|nll|raw,1,1,0.9672,0.8587,12/12,9.6
mvtec_AD/metal_nut,k12sinf,maha,raw,k12sinf|maha|raw,1,1,0.9672,0.8587,12/12,9.6
mvtec_AD/metal_nut,k12sinf,chi2,raw,k12sinf|chi2|raw,1,1,0.9762,0.8954,12/12,9.6
mvtec_AD/metal_nut,k12sinf,nll,raw,k12sinf|nll|raw,1,2,0.9739,0.8964,12/12,9.6
mvtec_AD/metal_nut,k12sinf,maha,raw,k12sinf|maha|raw,1,2,0.9738,0.8959,12/12,9.7
mvtec_AD/metal_nut,k12sinf,chi2,raw,k12sinf|chi2|raw,1,2,0.9824,0.9277,12/12,9.7
mvtec_AD/metal_nut,k12sinf,nll,raw,k12sinf|nll|raw,2,0,0.9812,0.9198,12/12,21.1
mvtec_AD/metal_nut,k12sinf,maha,raw,k12sinf|maha|raw,2,0,0.9811,0.9194,12/12,21.1
mvtec_AD/metal_nut,k12sinf,chi2,raw,k12sinf|chi2|raw,2,0,0.9893,0.9536,12/12,21.1
mvtec_AD/metal_nut,k12sinf,nll,raw,k12sinf|nll|raw,2,1,0.9724,0.8832,12/12,13.0
mvtec_AD/metal_nut,k12sinf,maha,raw,k12sinf|maha|raw,2,1,0.9721,0.8812,12/12,13.0
mvtec_AD/metal_nut,k12sinf,chi2,raw,k12sinf|chi2|raw,2,1,0.9827,0.9262,12/12,13.1
mvtec_AD/metal_nut,k12sinf,nll,raw,k12sinf|nll|raw,2,2,0.9771,0.9091,12/12,11.9
mvtec_AD/metal_nut,k12sinf,maha,raw,k12sinf|maha|raw,2,2,0.9773,0.9101,12/12,11.9
mvtec_AD/metal_nut,k12sinf,chi2,raw,k12sinf|chi2|raw,2,2,0.9866,0.9467,12/12,12.0
VisA/pcb1,k12sinf,nll,raw,k12sinf|nll|raw,1,0,0.9427,0.9354,12/12,10.0
VisA/pcb1,k12sinf,maha,raw,k12sinf|maha|raw,1,0,0.9483,0.9415,12/12,10.0
VisA/pcb1,k12sinf,chi2,raw,k12sinf|chi2|raw,1,0,0.9438,0.9446,12/12,10.1
VisA/pcb1,k12sinf,nll,raw,k12sinf|nll|raw,1,1,0.9252,0.909,12/12,7.3
VisA/pcb1,k12sinf,maha,raw,k12sinf|maha|raw,1,1,0.9209,0.9074,12/12,7.3
VisA/pcb1,k12sinf,chi2,raw,k12sinf|chi2|raw,1,1,0.9303,0.9233,12/12,7.4
VisA/pcb1,k12sinf,nll,raw,k12sinf|nll|raw,1,2,0.945,0.9412,12/12,6.9
VisA/pcb1,k12sinf,maha,raw,k12sinf|maha|raw,1,2,0.9452,0.9424,12/12,7.0
VisA/pcb1,k12sinf,chi2,raw,k12sinf|chi2|raw,1,2,0.9455,0.9446,12/12,7.1
VisA/pcb1,k12sinf,nll,raw,k12sinf|nll|raw,2,0,0.9467,0.9431,12/12,15.8
VisA/pcb1,k12sinf,maha,raw,k12sinf|maha|raw,2,0,0.9479,0.9463,12/12,15.9
VisA/pcb1,k12sinf,chi2,raw,k12sinf|chi2|raw,2,0,0.9602,0.96,12/12,15.9
VisA/pcb1,k12sinf,nll,raw,k12sinf|nll|raw,2,1,0.9235,0.9054,12/12,14.8
VisA/pcb1,k12sinf,maha,raw,k12sinf|maha|raw,2,1,0.9226,0.9055,12/12,14.9
VisA/pcb1,k12sinf,chi2,raw,k12sinf|chi2|raw,2,1,0.9398,0.9309,12/12,14.9
VisA/pcb1,k12sinf,nll,raw,k12sinf|nll|raw,2,2,0.9456,0.946,12/12,16.7
VisA/pcb1,k12sinf,maha,raw,k12sinf|maha|raw,2,2,0.9458,0.9469,12/12,16.7
VisA/pcb1,k12sinf,chi2,raw,k12sinf|chi2|raw,2,2,0.9539,0.956,12/12,16.8
mvtec_AD/pill,k12sinf,nll,raw,k12sinf|nll|raw,1,0,0.9867,0.9296,12/12,18.8
mvtec_AD/pill,k12sinf,maha,raw,k12sinf|maha|raw,1,0,0.9867,0.9299,12/12,18.8
mvtec_AD/pill,k12sinf,chi2,raw,k12sinf|chi2|raw,1,0,0.9907,0.9493,12/12,18.9
mvtec_AD/pill,k12sinf,nll,raw,k12sinf|nll|raw,1,1,0.992,0.9547,12/12,7.1
mvtec_AD/pill,k12sinf,maha,raw,k12sinf|maha|raw,1,1,0.9923,0.9564,12/12,7.2
mvtec_AD/pill,k12sinf,chi2,raw,k12sinf|chi2|raw,1,1,0.9944,0.9684,12/12,7.3
mvtec_AD/pill,k12sinf,nll,raw,k12sinf|nll|raw,1,2,0.9896,0.9408,12/12,9.5
mvtec_AD/pill,k12sinf,maha,raw,k12sinf|maha|raw,1,2,0.9892,0.9386,12/12,9.6
mvtec_AD/pill,k12sinf,chi2,raw,k12sinf|chi2|raw,1,2,0.9937,0.964,12/12,9.6
mvtec_AD/pill,k12sinf,nll,raw,k12sinf|nll|raw,2,0,0.9882,0.9345,12/12,15.5
mvtec_AD/pill,k12sinf,maha,raw,k12sinf|maha|raw,2,0,0.9882,0.9345,12/12,15.6
mvtec_AD/pill,k12sinf,chi2,raw,k12sinf|chi2|raw,2,0,0.9922,0.9561,12/12,15.7
mvtec_AD/pill,k12sinf,nll,raw,k12sinf|nll|raw,2,1,0.9917,0.952,12/12,17.1
mvtec_AD/pill,k12sinf,maha,raw,k12sinf|maha|raw,2,1,0.9915,0.9514,12/12,17.2
mvtec_AD/pill,k12sinf,chi2,raw,k12sinf|chi2|raw,2,1,0.9942,0.9667,12/12,17.2
mvtec_AD/pill,k12sinf,nll,raw,k12sinf|nll|raw,2,2,0.9914,0.9531,12/12,20.7
mvtec_AD/pill,k12sinf,maha,raw,k12sinf|maha|raw,2,2,0.9916,0.9536,12/12,20.7
mvtec_AD/pill,k12sinf,chi2,raw,k12sinf|chi2|raw,2,2,0.9943,0.9686,12/12,20.8
VisA/pcb2,k12sinf,nll,raw,k12sinf|nll|raw,1,0,0.7587,0.7289,12/12,7.5
VisA/pcb2,k12sinf,maha,raw,k12sinf|maha|raw,1,0,0.7603,0.7291,12/12,7.5
VisA/pcb2,k12sinf,chi2,raw,k12sinf|chi2|raw,1,0,0.812,0.7888,12/12,7.6
VisA/pcb2,k12sinf,nll,raw,k12sinf|nll|raw,1,1,0.6577,0.6478,12/12,9.1
VisA/pcb2,k12sinf,maha,raw,k12sinf|maha|raw,1,1,0.6593,0.6504,12/12,9.1
VisA/pcb2,k12sinf,chi2,raw,k12sinf|chi2|raw,1,1,0.6995,0.7109,12/12,9.2
VisA/pcb2,k12sinf,nll,raw,k12sinf|nll|raw,1,2,0.7491,0.737,12/12,7.7
VisA/pcb2,k12sinf,maha,raw,k12sinf|maha|raw,1,2,0.7531,0.7361,12/12,7.7
VisA/pcb2,k12sinf,chi2,raw,k12sinf|chi2|raw,1,2,0.7961,0.7909,12/12,7.8
VisA/pcb2,k12sinf,nll,raw,k12sinf|nll|raw,2,0,0.79,0.759,12/12,18.7
VisA/pcb2,k12sinf,maha,raw,k12sinf|maha|raw,2,0,0.7935,0.7631,12/12,18.7
VisA/pcb2,k12sinf,chi2,raw,k12sinf|chi2|raw,2,0,0.8557,0.8343,12/12,18.8
VisA/pcb2,k12sinf,nll,raw,k12sinf|nll|raw,2,1,0.7253,0.7093,12/12,13.3
VisA/pcb2,k12sinf,maha,raw,k12sinf|maha|raw,2,1,0.7363,0.7109,12/12,13.4
VisA/pcb2,k12sinf,chi2,raw,k12sinf|chi2|raw,2,1,0.7934,0.7789,12/12,13.5
VisA/pcb2,k12sinf,nll,raw,k12sinf|nll|raw,2,2,0.747,0.7212,12/12,14.7
VisA/pcb2,k12sinf,maha,raw,k12sinf|maha|raw,2,2,0.7483,0.7221,12/12,14.7
VisA/pcb2,k12sinf,chi2,raw,k12sinf|chi2|raw,2,2,0.8131,0.7903,12/12,14.8
mvtec_AD/screw,k12sinf,nll,raw,k12sinf|nll|raw,1,0,0.9027,0.768,12/12,9.4
mvtec_AD/screw,k12sinf,maha,raw,k12sinf|maha|raw,1,0,0.8997,0.7627,12/12,9.5
mvtec_AD/screw,k12sinf,chi2,raw,k12sinf|chi2|raw,1,0,0.9056,0.7725,12/12,9.5
mvtec_AD/screw,k12sinf,nll,raw,k12sinf|nll|raw,1,1,0.8599,0.643,12/12,10.1
mvtec_AD/screw,k12sinf,maha,raw,k12sinf|maha|raw,1,1,0.8579,0.6395,12/12,10.1
mvtec_AD/screw,k12sinf,chi2,raw,k12sinf|chi2|raw,1,1,0.8676,0.6594,12/12,10.1
mvtec_AD/screw,k12sinf,nll,raw,k12sinf|nll|raw,1,2,0.8101,0.6059,12/12,10.8
mvtec_AD/screw,k12sinf,maha,raw,k12sinf|maha|raw,1,2,0.8098,0.6052,12/12,10.8
mvtec_AD/screw,k12sinf,chi2,raw,k12sinf|chi2|raw,1,2,0.818,0.627,12/12,10.9
mvtec_AD/screw,k12sinf,nll,raw,k12sinf|nll|raw,2,0,0.8686,0.7237,12/12,18.5
mvtec_AD/screw,k12sinf,maha,raw,k12sinf|maha|raw,2,0,0.8666,0.7237,12/12,18.5
mvtec_AD/screw,k12sinf,chi2,raw,k12sinf|chi2|raw,2,0,0.8728,0.7407,12/12,18.6
mvtec_AD/screw,k12sinf,nll,raw,k12sinf|nll|raw,2,1,0.854,0.6528,12/12,21.1
mvtec_AD/screw,k12sinf,maha,raw,k12sinf|maha|raw,2,1,0.852,0.6495,12/12,21.1
mvtec_AD/screw,k12sinf,chi2,raw,k12sinf|chi2|raw,2,1,0.862,0.6712,12/12,21.2
mvtec_AD/screw,k12sinf,nll,raw,k12sinf|nll|raw,2,2,0.8725,0.7159,12/12,14.9
mvtec_AD/screw,k12sinf,maha,raw,k12sinf|maha|raw,2,2,0.873,0.7165,12/12,14.9
mvtec_AD/screw,k12sinf,chi2,raw,k12sinf|chi2|raw,2,2,0.8677,0.7235,12/12,15.0
VisA/pcb3,k12sinf,nll,raw,k12sinf|nll|raw,1,0,0.6767,0.6618,12/12,9.5
VisA/pcb3,k12sinf,maha,raw,k12sinf|maha|raw,1,0,0.6781,0.6623,12/12,9.5
VisA/pcb3,k12sinf,chi2,raw,k12sinf|chi2|raw,1,0,0.7033,0.6886,12/12,9.6
VisA/pcb3,k12sinf,nll,raw,k12sinf|nll|raw,1,1,0.6501,0.628,12/12,7.8
VisA/pcb3,k12sinf,maha,raw,k12sinf|maha|raw,1,1,0.655,0.6291,12/12,7.9
VisA/pcb3,k12sinf,chi2,raw,k12sinf|chi2|raw,1,1,0.6762,0.6415,12/12,7.9
VisA/pcb3,k12sinf,nll,raw,k12sinf|nll|raw,1,2,0.6657,0.645,12/12,8.5
VisA/pcb3,k12sinf,maha,raw,k12sinf|maha|raw,1,2,0.6626,0.6435,12/12,8.6
VisA/pcb3,k12sinf,chi2,raw,k12sinf|chi2|raw,1,2,0.6946,0.6637,12/12,8.6
VisA/pcb3,k12sinf,nll,raw,k12sinf|nll|raw,2,0,0.6905,0.6696,12/12,16.9
VisA/pcb3,k12sinf,maha,raw,k12sinf|maha|raw,2,0,0.6861,0.6685,12/12,17.0
VisA/pcb3,k12sinf,chi2,raw,k12sinf|chi2|raw,2,0,0.7082,0.6891,12/12,17.0
VisA/pcb3,k12sinf,nll,raw,k12sinf|nll|raw,2,1,0.685,0.6511,12/12,14.2
VisA/pcb3,k12sinf,maha,raw,k12sinf|maha|raw,2,1,0.6915,0.6565,12/12,14.2
VisA/pcb3,k12sinf,chi2,raw,k12sinf|chi2|raw,2,1,0.7067,0.6735,12/12,14.3
VisA/pcb3,k12sinf,nll,raw,k12sinf|nll|raw,2,2,0.6575,0.6416,12/12,15.5
VisA/pcb3,k12sinf,maha,raw,k12sinf|maha|raw,2,2,0.6604,0.6479,12/12,15.6
VisA/pcb3,k12sinf,chi2,raw,k12sinf|chi2|raw,2,2,0.6816,0.6577,12/12,15.6
mvtec_AD/tile,k12sinf,nll,raw,k12sinf|nll|raw,1,0,1.0,1.0,12/12,8.6
mvtec_AD/tile,k12sinf,maha,raw,k12sinf|maha|raw,1,0,1.0,1.0,12/12,8.6
mvtec_AD/tile,k12sinf,chi2,raw,k12sinf|chi2|raw,1,0,1.0,1.0,12/12,8.7
mvtec_AD/tile,k12sinf,nll,raw,k12sinf|nll|raw,1,1,1.0,1.0,12/12,7.6
mvtec_AD/tile,k12sinf,maha,raw,k12sinf|maha|raw,1,1,1.0,1.0,12/12,7.6
mvtec_AD/tile,k12sinf,chi2,raw,k12sinf|chi2|raw,1,1,1.0,1.0,12/12,7.6
mvtec_AD/tile,k12sinf,nll,raw,k12sinf|nll|raw,1,2,1.0,1.0,12/12,8.9
mvtec_AD/tile,k12sinf,maha,raw,k12sinf|maha|raw,1,2,1.0,1.0,12/12,8.9
mvtec_AD/tile,k12sinf,chi2,raw,k12sinf|chi2|raw,1,2,1.0,1.0,12/12,9.0
mvtec_AD/tile,k12sinf,nll,raw,k12sinf|nll|raw,2,0,1.0,1.0,12/12,13.8
mvtec_AD/tile,k12sinf,maha,raw,k12sinf|maha|raw,2,0,1.0,1.0,12/12,13.8
mvtec_AD/tile,k12sinf,chi2,raw,k12sinf|chi2|raw,2,0,1.0,1.0,12/12,13.9
mvtec_AD/tile,k12sinf,nll,raw,k12sinf|nll|raw,2,1,1.0,1.0,12/12,14.2
mvtec_AD/tile,k12sinf,maha,raw,k12sinf|maha|raw,2,1,1.0,1.0,12/12,14.2
mvtec_AD/tile,k12sinf,chi2,raw,k12sinf|chi2|raw,2,1,1.0,1.0,12/12,14.2
mvtec_AD/tile,k12sinf,nll,raw,k12sinf|nll|raw,2,2,1.0,1.0,12/12,13.2
mvtec_AD/tile,k12sinf,maha,raw,k12sinf|maha|raw,2,2,1.0,1.0,12/12,13.2
mvtec_AD/tile,k12sinf,chi2,raw,k12sinf|chi2|raw,2,2,1.0,1.0,12/12,13.2
VisA/pcb4,k12sinf,nll,raw,k12sinf|nll|raw,1,0,0.5692,0.4669,12/12,8.9
VisA/pcb4,k12sinf,maha,raw,k12sinf|maha|raw,1,0,0.5657,0.4652,12/12,8.9
VisA/pcb4,k12sinf,chi2,raw,k12sinf|chi2|raw,1,0,0.5733,0.4861,12/12,9.0
VisA/pcb4,k12sinf,nll,raw,k12sinf|nll|raw,1,1,0.9303,0.9303,12/12,7.4
VisA/pcb4,k12sinf,maha,raw,k12sinf|maha|raw,1,1,0.9315,0.9323,12/12,7.5
VisA/pcb4,k12sinf,chi2,raw,k12sinf|chi2|raw,1,1,0.9302,0.9297,12/12,7.5
VisA/pcb4,k12sinf,nll,raw,k12sinf|nll|raw,1,2,0.6715,0.615,12/12,7.4
VisA/pcb4,k12sinf,maha,raw,k12sinf|maha|raw,1,2,0.6814,0.6256,12/12,7.4
VisA/pcb4,k12sinf,chi2,raw,k12sinf|chi2|raw,1,2,0.6966,0.6574,12/12,7.5
VisA/pcb4,k12sinf,nll,raw,k12sinf|nll|raw,2,0,0.8111,0.7716,12/12,15.4
VisA/pcb4,k12sinf,maha,raw,k12sinf|maha|raw,2,0,0.8161,0.7766,12/12,15.5
VisA/pcb4,k12sinf,chi2,raw,k12sinf|chi2|raw,2,0,0.8057,0.7657,12/12,15.5
VisA/pcb4,k12sinf,nll,raw,k12sinf|nll|raw,2,1,0.947,0.9453,12/12,15.2
VisA/pcb4,k12sinf,maha,raw,k12sinf|maha|raw,2,1,0.9499,0.9484,12/12,15.3
VisA/pcb4,k12sinf,chi2,raw,k12sinf|chi2|raw,2,1,0.9422,0.9382,12/12,15.4
VisA/pcb4,k12sinf,nll,raw,k12sinf|nll|raw,2,2,0.6161,0.5232,12/12,15.3
VisA/pcb4,k12sinf,maha,raw,k12sinf|maha|raw,2,2,0.6139,0.5225,12/12,15.3
VisA/pcb4,k12sinf,chi2,raw,k12sinf|chi2|raw,2,2,0.6282,0.5411,12/12,15.4
mvtec_AD/toothbrush,k12sinf,nll,raw,k12sinf|nll|raw,1,0,0.9321,0.8139,12/12,8.1
mvtec_AD/toothbrush,k12sinf,maha,raw,k12sinf|maha|raw,1,0,0.9313,0.8111,12/12,8.1
mvtec_AD/toothbrush,k12sinf,chi2,raw,k12sinf|chi2|raw,1,0,0.943,0.8444,12/12,8.2
mvtec_AD/toothbrush,k12sinf,nll,raw,k12sinf|nll|raw,1,1,0.9448,0.8611,12/12,15.6
mvtec_AD/toothbrush,k12sinf,maha,raw,k12sinf|maha|raw,1,1,0.9422,0.8556,12/12,15.6
mvtec_AD/toothbrush,k12sinf,chi2,raw,k12sinf|chi2|raw,1,1,0.9534,0.8833,12/12,15.6
mvtec_AD/toothbrush,k12sinf,nll,raw,k12sinf|nll|raw,1,2,0.9283,0.8028,12/12,18.8
mvtec_AD/toothbrush,k12sinf,maha,raw,k12sinf|maha|raw,1,2,0.9283,0.8028,12/12,18.9
mvtec_AD/toothbrush,k12sinf,chi2,raw,k12sinf|chi2|raw,1,2,0.9308,0.8111,12/12,18.9
mvtec_AD/toothbrush,k12sinf,nll,raw,k12sinf|nll|raw,2,0,0.9368,0.8417,12/12,14.1
mvtec_AD/toothbrush,k12sinf,maha,raw,k12sinf|maha|raw,2,0,0.9352,0.8389,12/12,14.1
mvtec_AD/toothbrush,k12sinf,chi2,raw,k12sinf|chi2|raw,2,0,0.945,0.8611,12/12,14.2
mvtec_AD/toothbrush,k12sinf,nll,raw,k12sinf|nll|raw,2,1,0.9903,0.975,12/12,34.4
mvtec_AD/toothbrush,k12sinf,maha,raw,k12sinf|maha|raw,2,1,0.9911,0.9778,12/12,34.4
mvtec_AD/toothbrush,k12sinf,chi2,raw,k12sinf|chi2|raw,2,1,0.9942,0.9861,12/12,34.4
mvtec_AD/toothbrush,k12sinf,nll,raw,k12sinf|nll|raw,2,2,0.9284,0.8028,12/12,30.3
mvtec_AD/toothbrush,k12sinf,maha,raw,k12sinf|maha|raw,2,2,0.9275,0.8,12/12,30.3
mvtec_AD/toothbrush,k12sinf,chi2,raw,k12sinf|chi2|raw,2,2,0.9325,0.8167,12/12,30.3
VisA/pipe_fryum,k12sinf,nll,raw,k12sinf|nll|raw,1,0,0.8336,0.6664,12/12,9.5
VisA/pipe_fryum,k12sinf,maha,raw,k12sinf|maha|raw,1,0,0.8348,0.6686,12/12,9.6
VisA/pipe_fryum,k12sinf,chi2,raw,k12sinf|chi2|raw,1,0,0.8441,0.6888,12/12,9.6
VisA/pipe_fryum,k12sinf,nll,raw,k12sinf|nll|raw,1,1,0.8786,0.7492,12/12,12.4
VisA/pipe_fryum,k12sinf,maha,raw,k12sinf|maha|raw,1,1,0.8785,0.7488,12/12,12.5
VisA/pipe_fryum,k12sinf,chi2,raw,k12sinf|chi2|raw,1,1,0.8821,0.7576,12/12,12.5
VisA/pipe_fryum,k12sinf,nll,raw,k12sinf|nll|raw,1,2,0.8793,0.7488,12/12,8.2
VisA/pipe_fryum,k12sinf,maha,raw,k12sinf|maha|raw,1,2,0.8793,0.7486,12/12,8.2
VisA/pipe_fryum,k12sinf,chi2,raw,k12sinf|chi2|raw,1,2,0.8832,0.7578,12/12,8.3
VisA/pipe_fryum,k12sinf,nll,raw,k12sinf|nll|raw,2,0,0.8476,0.6862,12/12,14.4
VisA/pipe_fryum,k12sinf,maha,raw,k12sinf|maha|raw,2,0,0.8476,0.687,12/12,14.4
VisA/pipe_fryum,k12sinf,chi2,raw,k12sinf|chi2|raw,2,0,0.8563,0.7062,12/12,14.5
VisA/pipe_fryum,k12sinf,nll,raw,k12sinf|nll|raw,2,1,0.8878,0.7672,12/12,15.0
VisA/pipe_fryum,k12sinf,maha,raw,k12sinf|maha|raw,2,1,0.8878,0.7672,12/12,15.0
VisA/pipe_fryum,k12sinf,chi2,raw,k12sinf|chi2|raw,2,1,0.8907,0.774,12/12,15.0
VisA/pipe_fryum,k12sinf,nll,raw,k12sinf|nll|raw,2,2,0.8629,0.7154,12/12,14.6
VisA/pipe_fryum,k12sinf,maha,raw,k12sinf|maha|raw,2,2,0.8624,0.7142,12/12,14.7
VisA/pipe_fryum,k12sinf,chi2,raw,k12sinf|chi2|raw,2,2,0.8721,0.7374,12/12,14.7
mvtec_AD/transistor,k12sinf,nll,raw,k12sinf|nll|raw,1,0,0.828,0.8225,12/12,6.9
mvtec_AD/transistor,k12sinf,maha,raw,k12sinf|maha|raw,1,0,0.8183,0.8154,12/12,6.9
mvtec_AD/transistor,k12sinf,chi2,raw,k12sinf|chi2|raw,1,0,0.8325,0.8325,12/12,6.9
mvtec_AD/transistor,k12sinf,nll,raw,k12sinf|nll|raw,1,1,0.8711,0.8896,12/12,6.6
mvtec_AD/transistor,k12sinf,maha,raw,k12sinf|maha|raw,1,1,0.8746,0.8942,12/12,6.6
mvtec_AD/transistor,k12sinf,chi2,raw,k12sinf|chi2|raw,1,1,0.877,0.8904,12/12,6.7
mvtec_AD/transistor,k12sinf,nll,raw,k12sinf|nll|raw,1,2,0.8328,0.8392,12/12,8.8
mvtec_AD/transistor,k12sinf,maha,raw,k12sinf|maha|raw,1,2,0.8345,0.8433,12/12,8.9
mvtec_AD/transistor,k12sinf,chi2,raw,k12sinf|chi2|raw,1,2,0.8489,0.8629,12/12,8.9
mvtec_AD/transistor,k12sinf,nll,raw,k12sinf|nll|raw,2,0,0.8282,0.8179,12/12,12.2
mvtec_AD/transistor,k12sinf,maha,raw,k12sinf|maha|raw,2,0,0.8232,0.8129,12/12,12.2
mvtec_AD/transistor,k12sinf,chi2,raw,k12sinf|chi2|raw,2,0,0.8435,0.8363,12/12,12.3
mvtec_AD/transistor,k12sinf,nll,raw,k12sinf|nll|raw,2,1,0.8424,0.8504,12/12,12.3
mvtec_AD/transistor,k12sinf,maha,raw,k12sinf|maha|raw,2,1,0.8494,0.86,12/12,12.3
mvtec_AD/transistor,k12sinf,chi2,raw,k12sinf|chi2|raw,2,1,0.876,0.8842,12/12,12.3
mvtec_AD/transistor,k12sinf,nll,raw,k12sinf|nll|raw,2,2,0.8418,0.8425,12/12,12.7
mvtec_AD/transistor,k12sinf,maha,raw,k12sinf|maha|raw,2,2,0.8489,0.8467,12/12,12.7
mvtec_AD/transistor,k12sinf,chi2,raw,k12sinf|chi2|raw,2,2,0.8556,0.8462,12/12,12.8
mvtec_AD/wood,k12sinf,nll,raw,k12sinf|nll|raw,1,0,0.9804,0.943,12/12,20.0
mvtec_AD/wood,k12sinf,maha,raw,k12sinf|maha|raw,1,0,0.9804,0.943,12/12,20.0
mvtec_AD/wood,k12sinf,chi2,raw,k12sinf|chi2|raw,1,0,0.9863,0.9614,12/12,20.0
mvtec_AD/wood,k12sinf,nll,raw,k12sinf|nll|raw,1,1,0.9854,0.9561,12/12,13.3
mvtec_AD/wood,k12sinf,maha,raw,k12sinf|maha|raw,1,1,0.9854,0.9561,12/12,13.3
mvtec_AD/wood,k12sinf,chi2,raw,k12sinf|chi2|raw,1,1,0.9911,0.9719,12/12,13.3
mvtec_AD/wood,k12sinf,nll,raw,k12sinf|nll|raw,1,2,0.9841,0.9474,12/12,12.4
mvtec_AD/wood,k12sinf,maha,raw,k12sinf|maha|raw,1,2,0.9841,0.9474,12/12,12.4
mvtec_AD/wood,k12sinf,chi2,raw,k12sinf|chi2|raw,1,2,0.9912,0.9702,12/12,12.4
mvtec_AD/wood,k12sinf,nll,raw,k12sinf|nll|raw,2,0,0.988,0.9649,12/12,10.6
mvtec_AD/wood,k12sinf,maha,raw,k12sinf|maha|raw,2,0,0.988,0.9649,12/12,10.6
mvtec_AD/wood,k12sinf,chi2,raw,k12sinf|chi2|raw,2,0,0.9921,0.9763,12/12,10.7
mvtec_AD/wood,k12sinf,nll,raw,k12sinf|nll|raw,2,1,0.99,0.9702,12/12,15.1
mvtec_AD/wood,k12sinf,maha,raw,k12sinf|maha|raw,2,1,0.99,0.9702,12/12,15.1
mvtec_AD/wood,k12sinf,chi2,raw,k12sinf|chi2|raw,2,1,0.9951,0.9851,12/12,15.2
mvtec_AD/wood,k12sinf,nll,raw,k12sinf|nll|raw,2,2,0.9872,0.9588,12/12,17.0
mvtec_AD/wood,k12sinf,maha,raw,k12sinf|maha|raw,2,2,0.9872,0.9588,12/12,17.1
mvtec_AD/wood,k12sinf,chi2,raw,k12sinf|chi2|raw,2,2,0.994,0.9798,12/12,17.1
mvtec_AD/zipper,k12sinf,nll,raw,k12sinf|nll|raw,1,0,0.9983,0.9937,12/12,7.9
mvtec_AD/zipper,k12sinf,maha,raw,k12sinf|maha|raw,1,0,0.9981,0.9929,12/12,7.9
mvtec_AD/zipper,k12sinf,chi2,raw,k12sinf|chi2|raw,1,0,0.9982,0.9932,12/12,8.0
mvtec_AD/zipper,k12sinf,nll,raw,k12sinf|nll|raw,1,1,0.9986,0.9947,12/12,6.6
mvtec_AD/zipper,k12sinf,maha,raw,k12sinf|maha|raw,1,1,0.9986,0.995,12/12,6.7
mvtec_AD/zipper,k12sinf,chi2,raw,k12sinf|chi2|raw,1,1,0.9983,0.994,12/12,6.7
mvtec_AD/zipper,k12sinf,nll,raw,k12sinf|nll|raw,1,2,0.9982,0.9937,12/12,8.6
mvtec_AD/zipper,k12sinf,maha,raw,k12sinf|maha|raw,1,2,0.9982,0.9937,12/12,8.6
mvtec_AD/zipper,k12sinf,chi2,raw,k12sinf|chi2|raw,1,2,0.9983,0.9937,12/12,8.6
mvtec_AD/zipper,k12sinf,nll,raw,k12sinf|nll|raw,2,0,0.9984,0.9942,12/12,16.5
mvtec_AD/zipper,k12sinf,maha,raw,k12sinf|maha|raw,2,0,0.9984,0.994,12/12,16.5
mvtec_AD/zipper,k12sinf,chi2,raw,k12sinf|chi2|raw,2,0,0.9986,0.9947,12/12,16.6
mvtec_AD/zipper,k12sinf,nll,raw,k12sinf|nll|raw,2,1,0.998,0.9926,12/12,13.9
mvtec_AD/zipper,k12sinf,maha,raw,k12sinf|maha|raw,2,1,0.9979,0.9924,12/12,13.9
mvtec_AD/zipper,k12sinf,chi2,raw,k12sinf|chi2|raw,2,1,0.9979,0.9924,12/12,14.0
mvtec_AD/zipper,k12sinf,nll,raw,k12sinf|nll|raw,2,2,0.9983,0.994,12/12,13.6
mvtec_AD/zipper,k12sinf,maha,raw,k12sinf|maha|raw,2,2,0.9982,0.9937,12/12,13.7
mvtec_AD/zipper,k12sinf,chi2,raw,k12sinf|chi2|raw,2,2,0.9984,0.9942,12/12,13.7
mvtec_AD/bottle,k12s0,nll,raw,k12s0|nll|raw,1,0,0.995,0.9849,12/12,2.9
mvtec_AD/bottle,k12s0,maha,raw,k12s0|maha|raw,1,0,0.995,0.9849,12/12,2.9
mvtec_AD/bottle,k12s0,chi2,raw,k12s0|chi2|raw,1,0,0.9952,0.9857,12/12,2.9
mvtec_AD/bottle,k12s500,nll,raw,k12s500|nll|raw,1,0,0.9993,0.9976,12/12,6.4
mvtec_AD/bottle,k12s500,maha,raw,k12s500|maha|raw,1,0,0.9993,0.9976,12/12,6.4
mvtec_AD/bottle,k12s500,chi2,raw,k12s500|chi2|raw,1,0,0.9993,0.9976,12/12,6.4
mvtec_AD/bottle,k12s8000,nll,raw,k12s8000|nll|raw,1,0,0.9988,0.996,12/12,6.4
mvtec_AD/bottle,k12s8000,maha,raw,k12s8000|maha|raw,1,0,0.9988,0.996,12/12,6.4
mvtec_AD/bottle,k12s8000,chi2,raw,k12s8000|chi2|raw,1,0,0.9995,0.9984,12/12,6.4
mvtec_AD/bottle,k24s2000,nll,raw,k24s2000|nll|raw,1,0,0.9985,0.9952,23/23,11.5
mvtec_AD/bottle,k24s2000,maha,raw,k24s2000|maha|raw,1,0,0.9982,0.9944,23/23,11.5
mvtec_AD/bottle,k24s2000,chi2,raw,k24s2000|chi2|raw,1,0,0.999,0.9968,23/23,11.5
mvtec_AD/bottle,k12s0,nll,raw,k12s0|nll|raw,1,1,0.998,0.9937,12/12,2.8
mvtec_AD/bottle,k12s0,maha,raw,k12s0|maha|raw,1,1,0.9982,0.9944,12/12,2.9
mvtec_AD/bottle,k12s0,chi2,raw,k12s0|chi2|raw,1,1,0.9982,0.9944,12/12,2.9
mvtec_AD/bottle,k12s500,nll,raw,k12s500|nll|raw,1,1,0.9995,0.9984,12/12,6.0
mvtec_AD/bottle,k12s500,maha,raw,k12s500|maha|raw,1,1,0.9995,0.9984,12/12,6.0
mvtec_AD/bottle,k12s500,chi2,raw,k12s500|chi2|raw,1,1,0.9998,0.9992,12/12,6.1
mvtec_AD/bottle,k12s8000,nll,raw,k12s8000|nll|raw,1,1,0.9995,0.9984,12/12,5.1
mvtec_AD/bottle,k12s8000,maha,raw,k12s8000|maha|raw,1,1,0.9995,0.9984,12/12,5.1
mvtec_AD/bottle,k12s8000,chi2,raw,k12s8000|chi2|raw,1,1,0.9998,0.9992,12/12,5.1
mvtec_AD/bottle,k24s2000,nll,raw,k24s2000|nll|raw,1,1,0.9998,0.9992,23/23,10.6
mvtec_AD/bottle,k24s2000,maha,raw,k24s2000|maha|raw,1,1,0.9998,0.9992,23/23,10.6
mvtec_AD/bottle,k24s2000,chi2,raw,k24s2000|chi2|raw,1,1,0.9998,0.9992,23/23,10.6
mvtec_AD/bottle,k12s0,nll,raw,k12s0|nll|raw,1,2,1.0,1.0,12/12,2.5
mvtec_AD/bottle,k12s0,maha,raw,k12s0|maha|raw,1,2,1.0,1.0,12/12,2.5
mvtec_AD/bottle,k12s0,chi2,raw,k12s0|chi2|raw,1,2,1.0,1.0,12/12,2.6
mvtec_AD/bottle,k12s500,nll,raw,k12s500|nll|raw,1,2,1.0,1.0,12/12,6.8
mvtec_AD/bottle,k12s500,maha,raw,k12s500|maha|raw,1,2,1.0,1.0,12/12,6.8
mvtec_AD/bottle,k12s500,chi2,raw,k12s500|chi2|raw,1,2,1.0,1.0,12/12,6.8
mvtec_AD/bottle,k12s8000,nll,raw,k12s8000|nll|raw,1,2,1.0,1.0,12/12,5.3
mvtec_AD/bottle,k12s8000,maha,raw,k12s8000|maha|raw,1,2,1.0,1.0,12/12,5.3
mvtec_AD/bottle,k12s8000,chi2,raw,k12s8000|chi2|raw,1,2,1.0,1.0,12/12,5.4
mvtec_AD/bottle,k24s2000,nll,raw,k24s2000|nll|raw,1,2,1.0,1.0,23/23,19.7
mvtec_AD/bottle,k24s2000,maha,raw,k24s2000|maha|raw,1,2,1.0,1.0,23/23,19.7
mvtec_AD/bottle,k24s2000,chi2,raw,k24s2000|chi2|raw,1,2,1.0,1.0,23/23,19.7
mvtec_AD/bottle,k12s0,nll,raw,k12s0|nll|raw,2,0,0.9953,0.9865,12/12,12.3
mvtec_AD/bottle,k12s0,maha,raw,k12s0|maha|raw,2,0,0.9953,0.9865,12/12,12.3
mvtec_AD/bottle,k12s0,chi2,raw,k12s0|chi2|raw,2,0,0.9953,0.9865,12/12,12.3
mvtec_AD/bottle,k12s500,nll,raw,k12s500|nll|raw,2,0,0.9969,0.9905,12/12,16.9
mvtec_AD/bottle,k12s500,maha,raw,k12s500|maha|raw,2,0,0.9958,0.9873,12/12,16.9
mvtec_AD/bottle,k12s500,chi2,raw,k12s500|chi2|raw,2,0,0.9967,0.9897,12/12,16.9
mvtec_AD/bottle,k12s8000,nll,raw,k12s8000|nll|raw,2,0,0.9988,0.996,12/12,17.8
mvtec_AD/bottle,k12s8000,maha,raw,k12s8000|maha|raw,2,0,0.9988,0.996,12/12,17.8
mvtec_AD/bottle,k12s8000,chi2,raw,k12s8000|chi2|raw,2,0,0.9988,0.996,12/12,17.9
mvtec_AD/bottle,k24s2000,nll,raw,k24s2000|nll|raw,2,0,0.9982,0.9944,24/24,27.4
mvtec_AD/bottle,k24s2000,maha,raw,k24s2000|maha|raw,2,0,0.9972,0.9913,24/24,27.4
mvtec_AD/bottle,k24s2000,chi2,raw,k24s2000|chi2|raw,2,0,0.999,0.9968,24/24,27.4
mvtec_AD/bottle,k12s0,nll,raw,k12s0|nll|raw,2,1,0.9995,0.9984,12/12,11.6
mvtec_AD/bottle,k12s0,maha,raw,k12s0|maha|raw,2,1,0.9992,0.9976,12/12,11.6
mvtec_AD/bottle,k12s0,chi2,raw,k12s0|chi2|raw,2,1,0.9995,0.9984,12/12,11.6
mvtec_AD/bottle,k12s500,nll,raw,k12s500|nll|raw,2,1,0.9992,0.9976,12/12,12.5
mvtec_AD/bottle,k12s500,maha,raw,k12s500|maha|raw,2,1,0.9976,0.9929,12/12,12.6
mvtec_AD/bottle,k12s500,chi2,raw,k12s500|chi2|raw,2,1,0.9982,0.9944,12/12,12.6
mvtec_AD/bottle,k12s8000,nll,raw,k12s8000|nll|raw,2,1,0.9995,0.9984,12/12,18.2
mvtec_AD/bottle,k12s8000,maha,raw,k12s8000|maha|raw,2,1,0.9995,0.9984,12/12,18.2
mvtec_AD/bottle,k12s8000,chi2,raw,k12s8000|chi2|raw,2,1,0.9995,0.9984,12/12,18.3
mvtec_AD/bottle,k24s2000,nll,raw,k24s2000|nll|raw,2,1,0.9995,0.9984,24/24,35.9
mvtec_AD/bottle,k24s2000,maha,raw,k24s2000|maha|raw,2,1,0.9995,0.9984,24/24,35.9
mvtec_AD/bottle,k24s2000,chi2,raw,k24s2000|chi2|raw,2,1,0.9995,0.9984,24/24,35.9
mvtec_AD/bottle,k12s0,nll,raw,k12s0|nll|raw,2,2,0.999,0.9968,12/12,23.4
mvtec_AD/bottle,k12s0,maha,raw,k12s0|maha|raw,2,2,0.9985,0.9952,12/12,23.4
mvtec_AD/bottle,k12s0,chi2,raw,k12s0|chi2|raw,2,2,0.9988,0.996,12/12,23.4
mvtec_AD/bottle,k12s500,nll,raw,k12s500|nll|raw,2,2,0.9993,0.9976,12/12,12.1
mvtec_AD/bottle,k12s500,maha,raw,k12s500|maha|raw,2,2,0.9993,0.9976,12/12,12.2
mvtec_AD/bottle,k12s500,chi2,raw,k12s500|chi2|raw,2,2,0.9993,0.9976,12/12,12.2
mvtec_AD/bottle,k12s8000,nll,raw,k12s8000|nll|raw,2,2,0.9993,0.9976,12/12,19.0
mvtec_AD/bottle,k12s8000,maha,raw,k12s8000|maha|raw,2,2,0.9993,0.9976,12/12,19.0
mvtec_AD/bottle,k12s8000,chi2,raw,k12s8000|chi2|raw,2,2,0.9995,0.9984,12/12,19.0
mvtec_AD/bottle,k24s2000,nll,raw,k24s2000|nll|raw,2,2,0.9993,0.9976,24/24,25.9
mvtec_AD/bottle,k24s2000,maha,raw,k24s2000|maha|raw,2,2,0.9993,0.9976,24/24,25.9
mvtec_AD/bottle,k24s2000,chi2,raw,k24s2000|chi2|raw,2,2,0.9995,0.9984,24/24,25.9
VisA/candle,k12s0,nll,raw,k12s0|nll|raw,1,0,0.8354,0.7909,12/12,3.8
VisA/candle,k12s0,maha,raw,k12s0|maha|raw,1,0,0.8369,0.79,12/12,3.8
VisA/candle,k12s0,chi2,raw,k12s0|chi2|raw,1,0,0.8326,0.7854,12/12,3.9
VisA/candle,k12s500,nll,raw,k12s500|nll|raw,1,0,0.874,0.87,12/12,11.0
VisA/candle,k12s500,maha,raw,k12s500|maha|raw,1,0,0.8593,0.8639,12/12,11.1
VisA/candle,k12s500,chi2,raw,k12s500|chi2|raw,1,0,0.8948,0.91,12/12,11.1
VisA/candle,k12s8000,nll,raw,k12s8000|nll|raw,1,0,0.8795,0.8563,12/12,12.0
VisA/candle,k12s8000,maha,raw,k12s8000|maha|raw,1,0,0.8772,0.8548,12/12,12.1
VisA/candle,k12s8000,chi2,raw,k12s8000|chi2|raw,1,0,0.8911,0.8738,12/12,12.1
VisA/candle,k24s2000,nll,raw,k24s2000|nll|raw,1,0,0.8773,0.8603,23/23,17.8
VisA/candle,k24s2000,maha,raw,k24s2000|maha|raw,1,0,0.8772,0.8593,23/23,17.8
VisA/candle,k24s2000,chi2,raw,k24s2000|chi2|raw,1,0,0.8882,0.878,23/23,17.9
VisA/candle,k12s0,nll,raw,k12s0|nll|raw,1,1,0.9091,0.9007,12/12,3.9
VisA/candle,k12s0,maha,raw,k12s0|maha|raw,1,1,0.9037,0.8959,12/12,4.0
VisA/candle,k12s0,chi2,raw,k12s0|chi2|raw,1,1,0.9015,0.8933,12/12,4.0
VisA/candle,k12s500,nll,raw,k12s500|nll|raw,1,1,0.9109,0.9262,12/12,7.9
VisA/candle,k12s500,maha,raw,k12s500|maha|raw,1,1,0.9008,0.9196,12/12,8.0
VisA/candle,k12s500,chi2,raw,k12s500|chi2|raw,1,1,0.9076,0.9307,12/12,8.0
VisA/candle,k12s8000,nll,raw,k12s8000|nll|raw,1,1,0.9257,0.9284,12/12,14.8
VisA/candle,k12s8000,maha,raw,k12s8000|maha|raw,1,1,0.9257,0.9279,12/12,14.9
VisA/candle,k12s8000,chi2,raw,k12s8000|chi2|raw,1,1,0.9335,0.9363,12/12,14.9
VisA/candle,k24s2000,nll,raw,k24s2000|nll|raw,1,1,0.9231,0.9289,23/23,20.9
VisA/candle,k24s2000,maha,raw,k24s2000|maha|raw,1,1,0.9222,0.9293,23/23,20.9
VisA/candle,k24s2000,chi2,raw,k24s2000|chi2|raw,1,1,0.9317,0.9392,23/23,21.1
VisA/candle,k12s0,nll,raw,k12s0|nll|raw,1,2,0.7374,0.6682,12/12,3.6
VisA/candle,k12s0,maha,raw,k12s0|maha|raw,1,2,0.7289,0.6637,12/12,3.7
VisA/candle,k12s0,chi2,raw,k12s0|chi2|raw,1,2,0.7322,0.6643,12/12,3.7
VisA/candle,k12s500,nll,raw,k12s500|nll|raw,1,2,0.8572,0.8568,12/12,9.2
VisA/candle,k12s500,maha,raw,k12s500|maha|raw,1,2,0.8498,0.8574,12/12,9.3
VisA/candle,k12s500,chi2,raw,k12s500|chi2|raw,1,2,0.8717,0.8869,12/12,9.4
VisA/candle,k12s8000,nll,raw,k12s8000|nll|raw,1,2,0.8687,0.848,12/12,16.1
VisA/candle,k12s8000,maha,raw,k12s8000|maha|raw,1,2,0.868,0.8486,12/12,16.1
VisA/candle,k12s8000,chi2,raw,k12s8000|chi2|raw,1,2,0.8765,0.8623,12/12,16.2
VisA/candle,k24s2000,nll,raw,k24s2000|nll|raw,1,2,0.865,0.85,23/23,21.6
VisA/candle,k24s2000,maha,raw,k24s2000|maha|raw,1,2,0.8607,0.8456,23/23,21.6
VisA/candle,k24s2000,chi2,raw,k24s2000|chi2|raw,1,2,0.8672,0.8658,23/23,21.7
VisA/candle,k12s0,nll,raw,k12s0|nll|raw,2,0,0.8824,0.8929,12/12,10.1
VisA/candle,k12s0,maha,raw,k12s0|maha|raw,2,0,0.8814,0.8934,12/12,10.2
VisA/candle,k12s0,chi2,raw,k12s0|chi2|raw,2,0,0.8875,0.9089,12/12,10.2
VisA/candle,k12s500,nll,raw,k12s500|nll|raw,2,0,0.8443,0.8499,12/12,13.4
VisA/candle,k12s500,maha,raw,k12s500|maha|raw,2,0,0.8329,0.8371,12/12,13.4
VisA/candle,k12s500,chi2,raw,k12s500|chi2|raw,2,0,0.8693,0.8886,12/12,13.5
VisA/candle,k12s8000,nll,raw,k12s8000|nll|raw,2,0,0.8547,0.8367,12/12,18.2
VisA/candle,k12s8000,maha,raw,k12s8000|maha|raw,2,0,0.849,0.8323,12/12,18.2
VisA/candle,k12s8000,chi2,raw,k12s8000|chi2|raw,2,0,0.8708,0.8567,12/12,18.3
VisA/candle,k24s2000,nll,raw,k24s2000|nll|raw,2,0,0.8522,0.8461,24/24,33.0
VisA/candle,k24s2000,maha,raw,k24s2000|maha|raw,2,0,0.8483,0.842,24/24,33.1
VisA/candle,k24s2000,chi2,raw,k24s2000|chi2|raw,2,0,0.8722,0.8709,24/24,33.1
VisA/candle,k12s0,nll,raw,k12s0|nll|raw,2,1,0.9367,0.9494,12/12,14.3
VisA/candle,k12s0,maha,raw,k12s0|maha|raw,2,1,0.9347,0.9466,12/12,14.3
VisA/candle,k12s0,chi2,raw,k12s0|chi2|raw,2,1,0.9383,0.9466,12/12,14.4
VisA/candle,k12s500,nll,raw,k12s500|nll|raw,2,1,0.9197,0.9479,12/12,13.6
VisA/candle,k12s500,maha,raw,k12s500|maha|raw,2,1,0.9116,0.9417,12/12,13.6
VisA/candle,k12s500,chi2,raw,k12s500|chi2|raw,2,1,0.9171,0.9439,12/12,13.7
VisA/candle,k12s8000,nll,raw,k12s8000|nll|raw,2,1,0.9272,0.9412,12/12,17.3
VisA/candle,k12s8000,maha,raw,k12s8000|maha|raw,2,1,0.9248,0.9388,12/12,17.3
VisA/candle,k12s8000,chi2,raw,k12s8000|chi2|raw,2,1,0.9351,0.9489,12/12,17.3
VisA/candle,k24s2000,nll,raw,k24s2000|nll|raw,2,1,0.934,0.9513,24/24,34.6
VisA/candle,k24s2000,maha,raw,k24s2000|maha|raw,2,1,0.9301,0.9494,24/24,34.7
VisA/candle,k24s2000,chi2,raw,k24s2000|chi2|raw,2,1,0.9315,0.9519,24/24,34.7
VisA/candle,k12s0,nll,raw,k12s0|nll|raw,2,2,0.8533,0.8668,12/12,10.7
VisA/candle,k12s0,maha,raw,k12s0|maha|raw,2,2,0.8486,0.8689,12/12,10.8
VisA/candle,k12s0,chi2,raw,k12s0|chi2|raw,2,2,0.8598,0.8824,12/12,10.8
VisA/candle,k12s500,nll,raw,k12s500|nll|raw,2,2,0.8402,0.8458,12/12,19.4
VisA/candle,k12s500,maha,raw,k12s500|maha|raw,2,2,0.8349,0.8521,12/12,19.4
VisA/candle,k12s500,chi2,raw,k12s500|chi2|raw,2,2,0.8473,0.8753,12/12,19.5
VisA/candle,k12s8000,nll,raw,k12s8000|nll|raw,2,2,0.8647,0.8512,12/12,21.2
VisA/candle,k12s8000,maha,raw,k12s8000|maha|raw,2,2,0.8628,0.8489,12/12,21.2
VisA/candle,k12s8000,chi2,raw,k12s8000|chi2|raw,2,2,0.8735,0.8663,12/12,21.3
VisA/candle,k24s2000,nll,raw,k24s2000|nll|raw,2,2,0.8573,0.8556,24/24,70.0
VisA/candle,k24s2000,maha,raw,k24s2000|maha|raw,2,2,0.8483,0.8473,24/24,70.0
VisA/candle,k24s2000,chi2,raw,k24s2000|chi2|raw,2,2,0.8712,0.8827,24/24,70.1
mvtec_AD/cable,k12s0,nll,raw,k12s0|nll|raw,1,0,0.9274,0.866,12/12,3.4
mvtec_AD/cable,k12s0,maha,raw,k12s0|maha|raw,1,0,0.9089,0.836,12/12,3.4
mvtec_AD/cable,k12s0,chi2,raw,k12s0|chi2|raw,1,0,0.909,0.836,12/12,3.4
mvtec_AD/cable,k12s500,nll,raw,k12s500|nll|raw,1,0,0.9583,0.9189,12/12,5.7
mvtec_AD/cable,k12s500,maha,raw,k12s500|maha|raw,1,0,0.953,0.9085,12/12,5.7
mvtec_AD/cable,k12s500,chi2,raw,k12s500|chi2|raw,1,0,0.9569,0.9117,12/12,5.8
mvtec_AD/cable,k12s8000,nll,raw,k12s8000|nll|raw,1,0,0.9501,0.9029,12/12,10.0
mvtec_AD/cable,k12s8000,maha,raw,k12s8000|maha|raw,1,0,0.9507,0.9044,12/12,10.0
mvtec_AD/cable,k12s8000,chi2,raw,k12s8000|chi2|raw,1,0,0.9561,0.9117,12/12,10.0
mvtec_AD/cable,k24s2000,nll,raw,k24s2000|nll|raw,1,0,0.9556,0.9125,23/23,13.9
mvtec_AD/cable,k24s2000,maha,raw,k24s2000|maha|raw,1,0,0.9524,0.9061,23/23,13.9
mvtec_AD/cable,k24s2000,chi2,raw,k24s2000|chi2|raw,1,0,0.9585,0.9159,23/23,14.0
mvtec_AD/cable,k12s0,nll,raw,k12s0|nll|raw,1,1,0.9,0.8259,12/12,2.6
mvtec_AD/cable,k12s0,maha,raw,k12s0|maha|raw,1,1,0.8963,0.8186,12/12,2.6
mvtec_AD/cable,k12s0,chi2,raw,k12s0|chi2|raw,1,1,0.8971,0.8201,12/12,2.7
mvtec_AD/cable,k12s500,nll,raw,k12s500|nll|raw,1,1,0.9334,0.8776,12/12,6.9
mvtec_AD/cable,k12s500,maha,raw,k12s500|maha|raw,1,1,0.9248,0.8581,12/12,7.0
mvtec_AD/cable,k12s500,chi2,raw,k12s500|chi2|raw,1,1,0.9406,0.8851,12/12,7.0
mvtec_AD/cable,k12s8000,nll,raw,k12s8000|nll|raw,1,1,0.9183,0.8499,12/12,8.0
mvtec_AD/cable,k12s8000,maha,raw,k12s8000|maha|raw,1,1,0.9177,0.848,12/12,8.0
mvtec_AD/cable,k12s8000,chi2,raw,k12s8000|chi2|raw,1,1,0.9362,0.881,12/12,8.0
mvtec_AD/cable,k24s2000,nll,raw,k24s2000|nll|raw,1,1,0.9229,0.8585,23/23,16.1
mvtec_AD/cable,k24s2000,maha,raw,k24s2000|maha|raw,1,1,0.9224,0.8564,23/23,16.1
mvtec_AD/cable,k24s2000,chi2,raw,k24s2000|chi2|raw,1,1,0.9413,0.887,23/23,16.2
mvtec_AD/cable,k12s0,nll,raw,k12s0|nll|raw,1,2,0.942,0.9057,12/12,5.0
mvtec_AD/cable,k12s0,maha,raw,k12s0|maha|raw,1,2,0.9347,0.8936,12/12,5.0
mvtec_AD/cable,k12s0,chi2,raw,k12s0|chi2|raw,1,2,0.9337,0.8917,12/12,5.1
mvtec_AD/cable,k12s500,nll,raw,k12s500|nll|raw,1,2,0.9686,0.9383,12/12,6.0
mvtec_AD/cable,k12s500,maha,raw,k12s500|maha|raw,1,2,0.969,0.9398,12/12,6.0
mvtec_AD/cable,k12s500,chi2,raw,k12s500|chi2|raw,1,2,0.9674,0.9348,12/12,6.1
mvtec_AD/cable,k12s8000,nll,raw,k12s8000|nll|raw,1,2,0.9531,0.911,12/12,8.2
mvtec_AD/cable,k12s8000,maha,raw,k12s8000|maha|raw,1,2,0.9544,0.9136,12/12,8.2
mvtec_AD/cable,k12s8000,chi2,raw,k12s8000|chi2|raw,1,2,0.9609,0.9235,12/12,8.3
mvtec_AD/cable,k24s2000,nll,raw,k24s2000|nll|raw,1,2,0.962,0.9269,23/23,9.8
mvtec_AD/cable,k24s2000,maha,raw,k24s2000|maha|raw,1,2,0.9641,0.9307,23/23,9.9
mvtec_AD/cable,k24s2000,chi2,raw,k24s2000|chi2|raw,1,2,0.9656,0.9322,23/23,9.9
mvtec_AD/cable,k12s0,nll,raw,k12s0|nll|raw,2,0,0.9609,0.9194,12/12,10.2
mvtec_AD/cable,k12s0,maha,raw,k12s0|maha|raw,2,0,0.9484,0.9018,12/12,10.2
mvtec_AD/cable,k12s0,chi2,raw,k12s0|chi2|raw,2,0,0.949,0.9003,12/12,10.3
mvtec_AD/cable,k12s500,nll,raw,k12s500|nll|raw,2,0,0.9614,0.9213,12/12,12.9
mvtec_AD/cable,k12s500,maha,raw,k12s500|maha|raw,2,0,0.9309,0.8748,12/12,12.9
mvtec_AD/cable,k12s500,chi2,raw,k12s500|chi2|raw,2,0,0.9424,0.89,12/12,13.0
mvtec_AD/cable,k12s8000,nll,raw,k12s8000|nll|raw,2,0,0.955,0.9078,12/12,21.7
mvtec_AD/cable,k12s8000,maha,raw,k12s8000|maha|raw,2,0,0.9527,0.9037,12/12,21.8
mvtec_AD/cable,k12s8000,chi2,raw,k12s8000|chi2|raw,2,0,0.9554,0.9055,12/12,21.8
mvtec_AD/cable,k24s2000,nll,raw,k24s2000|nll|raw,2,0,0.9599,0.9162,24/24,40.1
mvtec_AD/cable,k24s2000,maha,raw,k24s2000|maha|raw,2,0,0.9438,0.8919,24/24,40.1
mvtec_AD/cable,k24s2000,chi2,raw,k24s2000|chi2|raw,2,0,0.9533,0.9024,24/24,40.2
mvtec_AD/cable,k12s0,nll,raw,k12s0|nll|raw,2,1,0.9626,0.9331,12/12,10.9
mvtec_AD/cable,k12s0,maha,raw,k12s0|maha|raw,2,1,0.9621,0.9331,12/12,10.9
mvtec_AD/cable,k12s0,chi2,raw,k12s0|chi2|raw,2,1,0.9639,0.9344,12/12,11.0
mvtec_AD/cable,k12s500,nll,raw,k12s500|nll|raw,2,1,0.9546,0.9174,12/12,12.5
mvtec_AD/cable,k12s500,maha,raw,k12s500|maha|raw,2,1,0.9542,0.9142,12/12,12.5
mvtec_AD/cable,k12s500,chi2,raw,k12s500|chi2|raw,2,1,0.9622,0.9252,12/12,12.5
mvtec_AD/cable,k12s8000,nll,raw,k12s8000|nll|raw,2,1,0.933,0.8797,12/12,23.3
mvtec_AD/cable,k12s8000,maha,raw,k12s8000|maha|raw,2,1,0.9357,0.8847,12/12,23.3
mvtec_AD/cable,k12s8000,chi2,raw,k12s8000|chi2|raw,2,1,0.9529,0.9097,12/12,23.4
mvtec_AD/cable,k24s2000,nll,raw,k24s2000|nll|raw,2,1,0.9466,0.9039,24/24,32.7
mvtec_AD/cable,k24s2000,maha,raw,k24s2000|maha|raw,2,1,0.9473,0.904,24/24,32.7
mvtec_AD/cable,k24s2000,chi2,raw,k24s2000|chi2|raw,2,1,0.9579,0.9155,24/24,32.8
mvtec_AD/cable,k12s0,nll,raw,k12s0|nll|raw,2,2,0.9537,0.9187,12/12,11.0
mvtec_AD/cable,k12s0,maha,raw,k12s0|maha|raw,2,2,0.9454,0.9069,12/12,11.0
mvtec_AD/cable,k12s0,chi2,raw,k12s0|chi2|raw,2,2,0.942,0.9007,12/12,11.0
mvtec_AD/cable,k12s500,nll,raw,k12s500|nll|raw,2,2,0.9702,0.9412,12/12,21.0
mvtec_AD/cable,k12s500,maha,raw,k12s500|maha|raw,2,2,0.9647,0.9318,12/12,21.0
mvtec_AD/cable,k12s500,chi2,raw,k12s500|chi2|raw,2,2,0.9649,0.9305,12/12,21.1
mvtec_AD/cable,k12s8000,nll,raw,k12s8000|nll|raw,2,2,0.9619,0.9269,12/12,23.4
mvtec_AD/cable,k12s8000,maha,raw,k12s8000|maha|raw,2,2,0.9639,0.9305,12/12,23.4
mvtec_AD/cable,k12s8000,chi2,raw,k12s8000|chi2|raw,2,2,0.964,0.9277,12/12,23.5
mvtec_AD/cable,k24s2000,nll,raw,k24s2000|nll|raw,2,2,0.9667,0.934,24/24,50.8
mvtec_AD/cable,k24s2000,maha,raw,k24s2000|maha|raw,2,2,0.9652,0.9318,24/24,50.8
mvtec_AD/cable,k24s2000,chi2,raw,k24s2000|chi2|raw,2,2,0.9652,0.9284,24/24,50.9
VisA/capsules,k12s0,nll,raw,k12s0|nll|raw,1,0,0.9537,0.9178,12/12,3.6
VisA/capsules,k12s0,maha,raw,k12s0|maha|raw,1,0,0.9514,0.9145,12/12,3.7
VisA/capsules,k12s0,chi2,raw,k12s0|chi2|raw,1,0,0.9584,0.9245,12/12,3.7
VisA/capsules,k12s500,nll,raw,k12s500|nll|raw,1,0,0.9381,0.8872,12/12,14.0
VisA/capsules,k12s500,maha,raw,k12s500|maha|raw,1,0,0.9406,0.8907,12/12,14.0
VisA/capsules,k12s500,chi2,raw,k12s500|chi2|raw,1,0,0.9665,0.94,12/12,14.1
VisA/capsules,k12s8000,nll,raw,k12s8000|nll|raw,1,0,0.9417,0.8932,12/12,13.9
VisA/capsules,k12s8000,maha,raw,k12s8000|maha|raw,1,0,0.9415,0.8932,12/12,14.0
VisA/capsules,k12s8000,chi2,raw,k12s8000|chi2|raw,1,0,0.9637,0.9332,12/12,14.0
VisA/capsules,k24s2000,nll,raw,k24s2000|nll|raw,1,0,0.9386,0.886,23/23,22.2
VisA/capsules,k24s2000,maha,raw,k24s2000|maha|raw,1,0,0.9384,0.8852,23/23,22.2
VisA/capsules,k24s2000,chi2,raw,k24s2000|chi2|raw,1,0,0.9663,0.9387,23/23,22.2
VisA/capsules,k12s0,nll,raw,k12s0|nll|raw,1,1,0.9709,0.948,12/12,3.0
VisA/capsules,k12s0,maha,raw,k12s0|maha|raw,1,1,0.9659,0.9408,12/12,3.0
VisA/capsules,k12s0,chi2,raw,k12s0|chi2|raw,1,1,0.9703,0.948,12/12,3.1
VisA/capsules,k12s500,nll,raw,k12s500|nll|raw,1,1,0.9672,0.9417,12/12,8.1
VisA/capsules,k12s500,maha,raw,k12s500|maha|raw,1,1,0.964,0.9372,12/12,8.1
VisA/capsules,k12s500,chi2,raw,k12s500|chi2|raw,1,1,0.9744,0.9575,12/12,8.2
VisA/capsules,k12s8000,nll,raw,k12s8000|nll|raw,1,1,0.9706,0.9468,12/12,9.1
VisA/capsules,k12s8000,maha,raw,k12s8000|maha|raw,1,1,0.9704,0.9465,12/12,9.1
VisA/capsules,k12s8000,chi2,raw,k12s8000|chi2|raw,1,1,0.9752,0.9587,12/12,9.2
VisA/capsules,k24s2000,nll,raw,k24s2000|nll|raw,1,1,0.9716,0.9485,23/23,16.5
VisA/capsules,k24s2000,maha,raw,k24s2000|maha|raw,1,1,0.9713,0.948,23/23,16.5
VisA/capsules,k24s2000,chi2,raw,k24s2000|chi2|raw,1,1,0.9766,0.9615,23/23,16.6
VisA/capsules,k12s0,nll,raw,k12s0|nll|raw,1,2,0.9534,0.919,12/12,4.2
VisA/capsules,k12s0,maha,raw,k12s0|maha|raw,1,2,0.9537,0.92,12/12,4.3
VisA/capsules,k12s0,chi2,raw,k12s0|chi2|raw,1,2,0.9593,0.9295,12/12,4.3
VisA/capsules,k12s500,nll,raw,k12s500|nll|raw,1,2,0.96,0.9328,12/12,8.4
VisA/capsules,k12s500,maha,raw,k12s500|maha|raw,1,2,0.9597,0.9318,12/12,8.5
VisA/capsules,k12s500,chi2,raw,k12s500|chi2|raw,1,2,0.9719,0.9552,12/12,8.5
VisA/capsules,k12s8000,nll,raw,k12s8000|nll|raw,1,2,0.958,0.9292,12/12,15.5
VisA/capsules,k12s8000,maha,raw,k12s8000|maha|raw,1,2,0.9569,0.9277,12/12,15.5
VisA/capsules,k12s8000,chi2,raw,k12s8000|chi2|raw,1,2,0.9725,0.9552,12/12,15.6
VisA/capsules,k24s2000,nll,raw,k24s2000|nll|raw,1,2,0.9625,0.9358,23/23,20.6
VisA/capsules,k24s2000,maha,raw,k24s2000|maha|raw,1,2,0.9613,0.9347,23/23,20.6
VisA/capsules,k24s2000,chi2,raw,k24s2000|chi2|raw,1,2,0.9741,0.9592,23/23,20.7
VisA/capsules,k12s0,nll,raw,k12s0|nll|raw,2,0,0.9223,0.8565,12/12,14.3
VisA/capsules,k12s0,maha,raw,k12s0|maha|raw,2,0,0.9309,0.8725,12/12,14.3
VisA/capsules,k12s0,chi2,raw,k12s0|chi2|raw,2,0,0.9446,0.9013,12/12,14.4
VisA/capsules,k12s500,nll,raw,k12s500|nll|raw,2,0,0.9092,0.831,12/12,12.1
VisA/capsules,k12s500,maha,raw,k12s500|maha|raw,2,0,0.9098,0.8327,12/12,12.1
VisA/capsules,k12s500,chi2,raw,k12s500|chi2|raw,2,0,0.9624,0.9347,12/12,12.2
VisA/capsules,k12s8000,nll,raw,k12s8000|nll|raw,2,0,0.916,0.8423,12/12,24.7
VisA/capsules,k12s8000,maha,raw,k12s8000|maha|raw,2,0,0.9178,0.8478,12/12,24.8
VisA/capsules,k12s8000,chi2,raw,k12s8000|chi2|raw,2,0,0.959,0.9265,12/12,24.8
VisA/capsules,k24s2000,nll,raw,k24s2000|nll|raw,2,0,0.9121,0.8293,24/24,40.5
VisA/capsules,k24s2000,maha,raw,k24s2000|maha|raw,2,0,0.9091,0.8257,24/24,40.5
VisA/capsules,k24s2000,chi2,raw,k24s2000|chi2|raw,2,0,0.9637,0.9343,24/24,40.6
VisA/capsules,k12s0,nll,raw,k12s0|nll|raw,2,1,0.9702,0.9523,12/12,15.5
VisA/capsules,k12s0,maha,raw,k12s0|maha|raw,2,1,0.9544,0.9268,12/12,15.5
VisA/capsules,k12s0,chi2,raw,k12s0|chi2|raw,2,1,0.955,0.9277,12/12,15.5
VisA/capsules,k12s500,nll,raw,k12s500|nll|raw,2,1,0.9773,0.963,12/12,16.4
VisA/capsules,k12s500,maha,raw,k12s500|maha|raw,2,1,0.9747,0.9578,12/12,16.4
VisA/capsules,k12s500,chi2,raw,k12s500|chi2|raw,2,1,0.9775,0.9633,12/12,16.5
VisA/capsules,k12s8000,nll,raw,k12s8000|nll|raw,2,1,0.9782,0.9608,12/12,24.7
VisA/capsules,k12s8000,maha,raw,k12s8000|maha|raw,2,1,0.9769,0.9585,12/12,24.7
VisA/capsules,k12s8000,chi2,raw,k12s8000|chi2|raw,2,1,0.9805,0.9673,12/12,24.8
VisA/capsules,k24s2000,nll,raw,k24s2000|nll|raw,2,1,0.9825,0.9695,24/24,36.0
VisA/capsules,k24s2000,maha,raw,k24s2000|maha|raw,2,1,0.9815,0.9675,24/24,36.0
VisA/capsules,k24s2000,chi2,raw,k24s2000|chi2|raw,2,1,0.9846,0.9745,24/24,36.1
VisA/capsules,k12s0,nll,raw,k12s0|nll|raw,2,2,0.9736,0.9543,12/12,15.3
VisA/capsules,k12s0,maha,raw,k12s0|maha|raw,2,2,0.9643,0.9385,12/12,15.3
VisA/capsules,k12s0,chi2,raw,k12s0|chi2|raw,2,2,0.9661,0.9442,12/12,15.3
VisA/capsules,k12s500,nll,raw,k12s500|nll|raw,2,2,0.9778,0.9598,12/12,13.1
VisA/capsules,k12s500,maha,raw,k12s500|maha|raw,2,2,0.9758,0.9575,12/12,13.1
VisA/capsules,k12s500,chi2,raw,k12s500|chi2|raw,2,2,0.9782,0.9653,12/12,13.1
VisA/capsules,k12s8000,nll,raw,k12s8000|nll|raw,2,2,0.9726,0.9503,12/12,27.6
VisA/capsules,k12s8000,maha,raw,k12s8000|maha|raw,2,2,0.9731,0.951,12/12,27.6
VisA/capsules,k12s8000,chi2,raw,k12s8000|chi2|raw,2,2,0.979,0.9675,12/12,27.7
VisA/capsules,k24s2000,nll,raw,k24s2000|nll|raw,2,2,0.9754,0.9558,24/24,40.0
VisA/capsules,k24s2000,maha,raw,k24s2000|maha|raw,2,2,0.9759,0.9568,24/24,40.0
VisA/capsules,k24s2000,chi2,raw,k24s2000|chi2|raw,2,2,0.9806,0.97,24/24,40.1
mvtec_AD/capsule,k12s0,nll,raw,k12s0|nll|raw,1,0,0.9698,0.8624,12/12,3.6
mvtec_AD/capsule,k12s0,maha,raw,k12s0|maha|raw,1,0,0.9677,0.8548,12/12,3.6
mvtec_AD/capsule,k12s0,chi2,raw,k12s0|chi2|raw,1,0,0.9677,0.8548,12/12,3.6
mvtec_AD/capsule,k12s500,nll,raw,k12s500|nll|raw,1,0,0.9605,0.8273,12/12,6.3
mvtec_AD/capsule,k12s500,maha,raw,k12s500|maha|raw,1,0,0.9579,0.8217,12/12,6.3
mvtec_AD/capsule,k12s500,chi2,raw,k12s500|chi2|raw,1,0,0.9594,0.8285,12/12,6.4
mvtec_AD/capsule,k12s8000,nll,raw,k12s8000|nll|raw,1,0,0.9362,0.7395,12/12,9.3
mvtec_AD/capsule,k12s8000,maha,raw,k12s8000|maha|raw,1,0,0.9364,0.7411,12/12,9.3
mvtec_AD/capsule,k12s8000,chi2,raw,k12s8000|chi2|raw,1,0,0.9437,0.7842,12/12,9.3
mvtec_AD/capsule,k24s2000,nll,raw,k24s2000|nll|raw,1,0,0.9553,0.8085,23/23,18.8
mvtec_AD/capsule,k24s2000,maha,raw,k24s2000|maha|raw,1,0,0.9593,0.8225,23/23,18.9
mvtec_AD/capsule,k24s2000,chi2,raw,k24s2000|chi2|raw,1,0,0.9604,0.8337,23/23,18.9
mvtec_AD/capsule,k12s0,nll,raw,k12s0|nll|raw,1,1,0.865,0.5525,12/12,3.2
mvtec_AD/capsule,k12s0,maha,raw,k12s0|maha|raw,1,1,0.8576,0.5361,12/12,3.2
mvtec_AD/capsule,k12s0,chi2,raw,k12s0|chi2|raw,1,1,0.8644,0.5405,12/12,3.2
mvtec_AD/capsule,k12s500,nll,raw,k12s500|nll|raw,1,1,0.9402,0.7651,12/12,6.9
mvtec_AD/capsule,k12s500,maha,raw,k12s500|maha|raw,1,1,0.9403,0.7667,12/12,6.9
mvtec_AD/capsule,k12s500,chi2,raw,k12s500|chi2|raw,1,1,0.9421,0.7706,12/12,6.9
mvtec_AD/capsule,k12s8000,nll,raw,k12s8000|nll|raw,1,1,0.9251,0.7128,12/12,13.8
mvtec_AD/capsule,k12s8000,maha,raw,k12s8000|maha|raw,1,1,0.925,0.712,12/12,13.8
mvtec_AD/capsule,k12s8000,chi2,raw,k12s8000|chi2|raw,1,1,0.9308,0.7323,12/12,13.9
mvtec_AD/capsule,k24s2000,nll,raw,k24s2000|nll|raw,1,1,0.9366,0.7551,23/23,13.4
mvtec_AD/capsule,k24s2000,maha,raw,k24s2000|maha|raw,1,1,0.9372,0.7575,23/23,13.5
mvtec_AD/capsule,k24s2000,chi2,raw,k24s2000|chi2|raw,1,1,0.9385,0.7587,23/23,13.5
mvtec_AD/capsule,k12s0,nll,raw,k12s0|nll|raw,1,2,0.9392,0.7503,12/12,5.3
mvtec_AD/capsule,k12s0,maha,raw,k12s0|maha|raw,1,2,0.9317,0.7272,12/12,5.4
mvtec_AD/capsule,k12s0,chi2,raw,k12s0|chi2|raw,1,2,0.9376,0.7411,12/12,5.4
mvtec_AD/capsule,k12s500,nll,raw,k12s500|nll|raw,1,2,0.9457,0.7822,12/12,8.2
mvtec_AD/capsule,k12s500,maha,raw,k12s500|maha|raw,1,2,0.9461,0.787,12/12,8.3
mvtec_AD/capsule,k12s500,chi2,raw,k12s500|chi2|raw,1,2,0.9459,0.7854,12/12,8.3
mvtec_AD/capsule,k12s8000,nll,raw,k12s8000|nll|raw,1,2,0.9248,0.7048,12/12,7.9
mvtec_AD/capsule,k12s8000,maha,raw,k12s8000|maha|raw,1,2,0.9261,0.7084,12/12,7.9
mvtec_AD/capsule,k12s8000,chi2,raw,k12s8000|chi2|raw,1,2,0.9356,0.7547,12/12,8.0
mvtec_AD/capsule,k24s2000,nll,raw,k24s2000|nll|raw,1,2,0.9494,0.7894,23/23,18.3
mvtec_AD/capsule,k24s2000,maha,raw,k24s2000|maha|raw,1,2,0.9451,0.7746,23/23,18.4
mvtec_AD/capsule,k24s2000,chi2,raw,k24s2000|chi2|raw,1,2,0.9471,0.7806,23/23,18.4
mvtec_AD/capsule,k12s0,nll,raw,k12s0|nll|raw,2,0,0.9712,0.8748,12/12,9.6
mvtec_AD/capsule,k12s0,maha,raw,k12s0|maha|raw,2,0,0.9724,0.8823,12/12,9.6
mvtec_AD/capsule,k12s0,chi2,raw,k12s0|chi2|raw,2,0,0.9735,0.8855,12/12,9.7
mvtec_AD/capsule,k12s500,nll,raw,k12s500|nll|raw,2,0,0.9666,0.8524,12/12,21.7
mvtec_AD/capsule,k12s500,maha,raw,k12s500|maha|raw,2,0,0.9693,0.8672,12/12,21.8
mvtec_AD/capsule,k12s500,chi2,raw,k12s500|chi2|raw,2,0,0.963,0.846,12/12,21.8
mvtec_AD/capsule,k12s8000,nll,raw,k12s8000|nll|raw,2,0,0.9412,0.7667,12/12,20.4
mvtec_AD/capsule,k12s8000,maha,raw,k12s8000|maha|raw,2,0,0.9398,0.7643,12/12,20.4
mvtec_AD/capsule,k12s8000,chi2,raw,k12s8000|chi2|raw,2,0,0.9432,0.7858,12/12,20.5
mvtec_AD/capsule,k24s2000,nll,raw,k24s2000|nll|raw,2,0,0.9626,0.8424,24/24,25.8
mvtec_AD/capsule,k24s2000,maha,raw,k24s2000|maha|raw,2,0,0.9617,0.8393,24/24,25.8
mvtec_AD/capsule,k24s2000,chi2,raw,k24s2000|chi2|raw,2,0,0.9652,0.856,24/24,25.9
mvtec_AD/capsule,k12s0,nll,raw,k12s0|nll|raw,2,1,0.9265,0.7156,12/12,14.2
mvtec_AD/capsule,k12s0,maha,raw,k12s0|maha|raw,2,1,0.9247,0.7088,12/12,14.3
mvtec_AD/capsule,k12s0,chi2,raw,k12s0|chi2|raw,2,1,0.9251,0.7104,12/12,14.3
mvtec_AD/capsule,k12s500,nll,raw,k12s500|nll|raw,2,1,0.9461,0.7886,12/12,13.0
mvtec_AD/capsule,k12s500,maha,raw,k12s500|maha|raw,2,1,0.9477,0.785,12/12,13.0
mvtec_AD/capsule,k12s500,chi2,raw,k12s500|chi2|raw,2,1,0.9508,0.8006,12/12,13.1
mvtec_AD/capsule,k12s8000,nll,raw,k12s8000|nll|raw,2,1,0.9322,0.7331,12/12,21.4
mvtec_AD/capsule,k12s8000,maha,raw,k12s8000|maha|raw,2,1,0.9324,0.7359,12/12,21.4
mvtec_AD/capsule,k12s8000,chi2,raw,k12s8000|chi2|raw,2,1,0.9378,0.7571,12/12,21.4
mvtec_AD/capsule,k24s2000,nll,raw,k24s2000|nll|raw,2,1,0.937,0.7583,24/24,32.2
mvtec_AD/capsule,k24s2000,maha,raw,k24s2000|maha|raw,2,1,0.9378,0.7563,24/24,32.3
mvtec_AD/capsule,k24s2000,chi2,raw,k24s2000|chi2|raw,2,1,0.9403,0.7635,24/24,32.3
mvtec_AD/capsule,k12s0,nll,raw,k12s0|nll|raw,2,2,0.9675,0.8568,12/12,8.3
mvtec_AD/capsule,k12s0,maha,raw,k12s0|maha|raw,2,2,0.9661,0.8524,12/12,8.3
mvtec_AD/capsule,k12s0,chi2,raw,k12s0|chi2|raw,2,2,0.9651,0.8544,12/12,8.4
mvtec_AD/capsule,k12s500,nll,raw,k12s500|nll|raw,2,2,0.9616,0.8337,12/12,12.1
mvtec_AD/capsule,k12s500,maha,raw,k12s500|maha|raw,2,2,0.959,0.8297,12/12,12.2
mvtec_AD/capsule,k12s500,chi2,raw,k12s500|chi2|raw,2,2,0.9716,0.8847,12/12,12.2
mvtec_AD/capsule,k12s8000,nll,raw,k12s8000|nll|raw,2,2,0.9266,0.7192,12/12,23.6
mvtec_AD/capsule,k12s8000,maha,raw,k12s8000|maha|raw,2,2,0.9259,0.7164,12/12,23.6
mvtec_AD/capsule,k12s8000,chi2,raw,k12s8000|chi2|raw,2,2,0.9359,0.7563,12/12,23.7
mvtec_AD/capsule,k24s2000,nll,raw,k24s2000|nll|raw,2,2,0.9509,0.797,24/24,28.5
mvtec_AD/capsule,k24s2000,maha,raw,k24s2000|maha|raw,2,2,0.9522,0.8002,24/24,28.5
mvtec_AD/capsule,k24s2000,chi2,raw,k24s2000|chi2|raw,2,2,0.9621,0.8492,24/24,28.5
VisA/cashew,k12s0,nll,raw,k12s0|nll|raw,1,0,0.8638,0.7398,12/12,3.8
VisA/cashew,k12s0,maha,raw,k12s0|maha|raw,1,0,0.8681,0.7418,12/12,3.8
VisA/cashew,k12s0,chi2,raw,k12s0|chi2|raw,1,0,0.8673,0.7412,12/12,3.9
VisA/cashew,k12s500,nll,raw,k12s500|nll|raw,1,0,0.9166,0.8472,12/12,10.7
VisA/cashew,k12s500,maha,raw,k12s500|maha|raw,1,0,0.913,0.8432,12/12,10.7
VisA/cashew,k12s500,chi2,raw,k12s500|chi2|raw,1,0,0.9536,0.9134,12/12,10.8
VisA/cashew,k12s8000,nll,raw,k12s8000|nll|raw,1,0,0.9215,0.8566,12/12,10.5
VisA/cashew,k12s8000,maha,raw,k12s8000|maha|raw,1,0,0.9215,0.8574,12/12,10.5
VisA/cashew,k12s8000,chi2,raw,k12s8000|chi2|raw,1,0,0.9419,0.8922,12/12,10.5
VisA/cashew,k24s2000,nll,raw,k24s2000|nll|raw,1,0,0.9188,0.8492,23/23,14.3
VisA/cashew,k24s2000,maha,raw,k24s2000|maha|raw,1,0,0.9161,0.8456,23/23,14.4
VisA/cashew,k24s2000,chi2,raw,k24s2000|chi2|raw,1,0,0.9496,0.9016,23/23,14.4
VisA/cashew,k12s0,nll,raw,k12s0|nll|raw,1,1,0.8808,0.7884,12/12,3.5
VisA/cashew,k12s0,maha,raw,k12s0|maha|raw,1,1,0.8649,0.7586,12/12,3.5
VisA/cashew,k12s0,chi2,raw,k12s0|chi2|raw,1,1,0.8654,0.7592,12/12,3.5
VisA/cashew,k12s500,nll,raw,k12s500|nll|raw,1,1,0.9598,0.9328,12/12,9.0
VisA/cashew,k12s500,maha,raw,k12s500|maha|raw,1,1,0.9561,0.9268,12/12,9.1
VisA/cashew,k12s500,chi2,raw,k12s500|chi2|raw,1,1,0.9631,0.9332,12/12,9.1
VisA/cashew,k12s8000,nll,raw,k12s8000|nll|raw,1,1,0.9552,0.9238,12/12,9.8
VisA/cashew,k12s8000,maha,raw,k12s8000|maha|raw,1,1,0.9555,0.9244,12/12,9.8
VisA/cashew,k12s8000,chi2,raw,k12s8000|chi2|raw,1,1,0.9617,0.9332,12/12,9.9
VisA/cashew,k24s2000,nll,raw,k24s2000|nll|raw,1,1,0.9593,0.9326,23/23,11.2
VisA/cashew,k24s2000,maha,raw,k24s2000|maha|raw,1,1,0.9594,0.9316,23/23,11.3
VisA/cashew,k24s2000,chi2,raw,k24s2000|chi2|raw,1,1,0.9677,0.943,23/23,11.3
VisA/cashew,k12s0,nll,raw,k12s0|nll|raw,1,2,0.9264,0.8608,12/12,3.2
VisA/cashew,k12s0,maha,raw,k12s0|maha|raw,1,2,0.9311,0.867,12/12,3.2
VisA/cashew,k12s0,chi2,raw,k12s0|chi2|raw,1,2,0.9308,0.8664,12/12,3.2
VisA/cashew,k12s500,nll,raw,k12s500|nll|raw,1,2,0.933,0.8838,12/12,6.2
VisA/cashew,k12s500,maha,raw,k12s500|maha|raw,1,2,0.9343,0.8818,12/12,6.3
VisA/cashew,k12s500,chi2,raw,k12s500|chi2|raw,1,2,0.9573,0.9252,12/12,6.3
VisA/cashew,k12s8000,nll,raw,k12s8000|nll|raw,1,2,0.9302,0.8776,12/12,15.2
VisA/cashew,k12s8000,maha,raw,k12s8000|maha|raw,1,2,0.929,0.8756,12/12,15.2
VisA/cashew,k12s8000,chi2,raw,k12s8000|chi2|raw,1,2,0.9451,0.902,12/12,15.2
VisA/cashew,k24s2000,nll,raw,k24s2000|nll|raw,1,2,0.9316,0.8772,23/23,14.8
VisA/cashew,k24s2000,maha,raw,k24s2000|maha|raw,1,2,0.9312,0.8768,23/23,14.9
VisA/cashew,k24s2000,chi2,raw,k24s2000|chi2|raw,1,2,0.9536,0.9186,23/23,14.9
VisA/cashew,k12s0,nll,raw,k12s0|nll|raw,2,0,0.9407,0.8902,12/12,9.7
VisA/cashew,k12s0,maha,raw,k12s0|maha|raw,2,0,0.9273,0.8692,12/12,9.7
VisA/cashew,k12s0,chi2,raw,k12s0|chi2|raw,2,0,0.9343,0.8796,12/12,9.8
VisA/cashew,k12s500,nll,raw,k12s500|nll|raw,2,0,0.9555,0.9206,12/12,17.1
VisA/cashew,k12s500,maha,raw,k12s500|maha|raw,2,0,0.951,0.911,12/12,17.1
VisA/cashew,k12s500,chi2,raw,k12s500|chi2|raw,2,0,0.9704,0.9436,12/12,17.2
VisA/cashew,k12s8000,nll,raw,k12s8000|nll|raw,2,0,0.9463,0.9046,12/12,17.7
VisA/cashew,k12s8000,maha,raw,k12s8000|maha|raw,2,0,0.9479,0.9076,12/12,17.7
VisA/cashew,k12s8000,chi2,raw,k12s8000|chi2|raw,2,0,0.9672,0.9386,12/12,17.8
VisA/cashew,k24s2000,nll,raw,k24s2000|nll|raw,2,0,0.9477,0.908,24/24,52.5
VisA/cashew,k24s2000,maha,raw,k24s2000|maha|raw,2,0,0.9471,0.9062,24/24,52.5
VisA/cashew,k24s2000,chi2,raw,k24s2000|chi2|raw,2,0,0.9722,0.9472,24/24,52.6
VisA/cashew,k12s0,nll,raw,k12s0|nll|raw,2,1,0.9657,0.9388,12/12,13.9
VisA/cashew,k12s0,maha,raw,k12s0|maha|raw,2,1,0.9627,0.9328,12/12,13.9
VisA/cashew,k12s0,chi2,raw,k12s0|chi2|raw,2,1,0.9617,0.9292,12/12,13.9
VisA/cashew,k12s500,nll,raw,k12s500|nll|raw,2,1,0.9695,0.947,12/12,13.4
VisA/cashew,k12s500,maha,raw,k12s500|maha|raw,2,1,0.9626,0.9336,12/12,13.4
VisA/cashew,k12s500,chi2,raw,k12s500|chi2|raw,2,1,0.9674,0.9406,12/12,13.5
VisA/cashew,k12s8000,nll,raw,k12s8000|nll|raw,2,1,0.9703,0.9466,12/12,18.3
VisA/cashew,k12s8000,maha,raw,k12s8000|maha|raw,2,1,0.9689,0.9444,12/12,18.3
VisA/cashew,k12s8000,chi2,raw,k12s8000|chi2|raw,2,1,0.9783,0.9584,12/12,18.4
VisA/cashew,k24s2000,nll,raw,k24s2000|nll|raw,2,1,0.9692,0.9436,24/24,50.7
VisA/cashew,k24s2000,maha,raw,k24s2000|maha|raw,2,1,0.9681,0.9418,24/24,50.8
VisA/cashew,k24s2000,chi2,raw,k24s2000|chi2|raw,2,1,0.9779,0.9562,24/24,50.8
VisA/cashew,k12s0,nll,raw,k12s0|nll|raw,2,2,0.9389,0.8836,12/12,12.2
VisA/cashew,k12s0,maha,raw,k12s0|maha|raw,2,2,0.9361,0.8778,12/12,12.2
VisA/cashew,k12s0,chi2,raw,k12s0|chi2|raw,2,2,0.944,0.8916,12/12,12.3
VisA/cashew,k12s500,nll,raw,k12s500|nll|raw,2,2,0.9207,0.8462,12/12,13.0
VisA/cashew,k12s500,maha,raw,k12s500|maha|raw,2,2,0.918,0.8444,12/12,13.0
VisA/cashew,k12s500,chi2,raw,k12s500|chi2|raw,2,2,0.9553,0.915,12/12,13.1
VisA/cashew,k12s8000,nll,raw,k12s8000|nll|raw,2,2,0.9161,0.844,12/12,18.9
VisA/cashew,k12s8000,maha,raw,k12s8000|maha|raw,2,2,0.9159,0.8444,12/12,19.0
VisA/cashew,k12s8000,chi2,raw,k12s8000|chi2|raw,2,2,0.9442,0.8968,12/12,19.0
VisA/cashew,k24s2000,nll,raw,k24s2000|nll|raw,2,2,0.9176,0.8462,24/24,30.2
VisA/cashew,k24s2000,maha,raw,k24s2000|maha|raw,2,2,0.9126,0.8382,24/24,30.3
VisA/cashew,k24s2000,chi2,raw,k24s2000|chi2|raw,2,2,0.9534,0.911,24/24,30.3
mvtec_AD/carpet,k12s0,nll,raw,k12s0|nll|raw,1,0,0.9949,0.9852,12/12,2.9
mvtec_AD/carpet,k12s0,maha,raw,k12s0|maha|raw,1,0,0.9944,0.9835,12/12,2.9
mvtec_AD/carpet,k12s0,chi2,raw,k12s0|chi2|raw,1,0,0.995,0.9852,12/12,3.0
mvtec_AD/carpet,k12s500,nll,raw,k12s500|nll|raw,1,0,0.9949,0.9852,12/12,3.7
mvtec_AD/carpet,k12s500,maha,raw,k12s500|maha|raw,1,0,0.9952,0.986,12/12,3.8
mvtec_AD/carpet,k12s500,chi2,raw,k12s500|chi2|raw,1,0,0.9974,0.992,12/12,3.8
mvtec_AD/carpet,k12s8000,nll,raw,k12s8000|nll|raw,1,0,0.9951,0.986,12/12,14.1
mvtec_AD/carpet,k12s8000,maha,raw,k12s8000|maha|raw,1,0,0.995,0.9856,12/12,14.1
mvtec_AD/carpet,k12s8000,chi2,raw,k12s8000|chi2|raw,1,0,0.9977,0.9928,12/12,14.1
mvtec_AD/carpet,k24s2000,nll,raw,k24s2000|nll|raw,1,0,0.9951,0.9856,23/23,17.5
mvtec_AD/carpet,k24s2000,maha,raw,k24s2000|maha|raw,1,0,0.9952,0.986,23/23,17.5
mvtec_AD/carpet,k24s2000,chi2,raw,k24s2000|chi2|raw,1,0,0.9976,0.9928,23/23,17.6
mvtec_AD/carpet,k12s0,nll,raw,k12s0|nll|raw,1,1,0.9945,0.9843,12/12,2.6
mvtec_AD/carpet,k12s0,maha,raw,k12s0|maha|raw,1,1,0.9942,0.9831,12/12,2.6
mvtec_AD/carpet,k12s0,chi2,raw,k12s0|chi2|raw,1,1,0.9952,0.986,12/12,2.6
mvtec_AD/carpet,k12s500,nll,raw,k12s500|nll|raw,1,1,0.9958,0.9876,12/12,3.6
mvtec_AD/carpet,k12s500,maha,raw,k12s500|maha|raw,1,1,0.9958,0.9872,12/12,3.6
mvtec_AD/carpet,k12s500,chi2,raw,k12s500|chi2|raw,1,1,0.9978,0.9932,12/12,3.7
mvtec_AD/carpet,k12s8000,nll,raw,k12s8000|nll|raw,1,1,0.9955,0.9864,12/12,14.9
mvtec_AD/carpet,k12s8000,maha,raw,k12s8000|maha|raw,1,1,0.9958,0.9872,12/12,14.9
mvtec_AD/carpet,k12s8000,chi2,raw,k12s8000|chi2|raw,1,1,0.9981,0.994,12/12,14.9
mvtec_AD/carpet,k24s2000,nll,raw,k24s2000|nll|raw,1,1,0.9955,0.9864,23/23,8.3
mvtec_AD/carpet,k24s2000,maha,raw,k24s2000|maha|raw,1,1,0.9955,0.9864,23/23,8.3
mvtec_AD/carpet,k24s2000,chi2,raw,k24s2000|chi2|raw,1,1,0.9979,0.9936,23/23,8.4
mvtec_AD/carpet,k12s0,nll,raw,k12s0|nll|raw,1,2,0.9951,0.986,12/12,2.5
mvtec_AD/carpet,k12s0,maha,raw,k12s0|maha|raw,1,2,0.9951,0.986,12/12,2.5
mvtec_AD/carpet,k12s0,chi2,raw,k12s0|chi2|raw,1,2,0.9953,0.9864,12/12,2.6
mvtec_AD/carpet,k12s500,nll,raw,k12s500|nll|raw,1,2,0.9936,0.9815,12/12,6.1
mvtec_AD/carpet,k12s500,maha,raw,k12s500|maha|raw,1,2,0.9939,0.9823,12/12,6.1
mvtec_AD/carpet,k12s500,chi2,raw,k12s500|chi2|raw,1,2,0.997,0.9908,12/12,6.2
mvtec_AD/carpet,k12s8000,nll,raw,k12s8000|nll|raw,1,2,0.9935,0.9815,12/12,11.8
mvtec_AD/carpet,k12s8000,maha,raw,k12s8000|maha|raw,1,2,0.994,0.9827,12/12,11.8
mvtec_AD/carpet,k12s8000,chi2,raw,k12s8000|chi2|raw,1,2,0.9971,0.9912,12/12,11.9
mvtec_AD/carpet,k24s2000,nll,raw,k24s2000|nll|raw,1,2,0.9932,0.9807,23/23,18.5
mvtec_AD/carpet,k24s2000,maha,raw,k24s2000|maha|raw,1,2,0.9936,0.9815,23/23,18.5
mvtec_AD/carpet,k24s2000,chi2,raw,k24s2000|chi2|raw,1,2,0.9974,0.992,23/23,18.6
mvtec_AD/carpet,k12s0,nll,raw,k12s0|nll|raw,2,0,0.9953,0.9864,12/12,8.1
mvtec_AD/carpet,k12s0,maha,raw,k12s0|maha|raw,2,0,0.9949,0.9852,12/12,8.1
mvtec_AD/carpet,k12s0,chi2,raw,k12s0|chi2|raw,2,0,0.9956,0.9872,12/12,8.1
mvtec_AD/carpet,k12s500,nll,raw,k12s500|nll|raw,2,0,0.9951,0.986,12/12,18.9
mvtec_AD/carpet,k12s500,maha,raw,k12s500|maha|raw,2,0,0.9956,0.9872,12/12,18.9
mvtec_AD/carpet,k12s500,chi2,raw,k12s500|chi2|raw,2,0,0.9973,0.9916,12/12,19.0
mvtec_AD/carpet,k12s8000,nll,raw,k12s8000|nll|raw,2,0,0.9951,0.9856,12/12,20.0
mvtec_AD/carpet,k12s8000,maha,raw,k12s8000|maha|raw,2,0,0.9954,0.9864,12/12,20.1
mvtec_AD/carpet,k12s8000,chi2,raw,k12s8000|chi2|raw,2,0,0.9974,0.992,12/12,20.1
mvtec_AD/carpet,k24s2000,nll,raw,k24s2000|nll|raw,2,0,0.9951,0.9856,24/24,41.1
mvtec_AD/carpet,k24s2000,maha,raw,k24s2000|maha|raw,2,0,0.9956,0.9868,24/24,41.1
mvtec_AD/carpet,k24s2000,chi2,raw,k24s2000|chi2|raw,2,0,0.9978,0.9932,24/24,41.2
mvtec_AD/carpet,k12s0,nll,raw,k12s0|nll|raw,2,1,0.9947,0.9843,12/12,9.4
mvtec_AD/carpet,k12s0,maha,raw,k12s0|maha|raw,2,1,0.9944,0.9835,12/12,9.4
mvtec_AD/carpet,k12s0,chi2,raw,k12s0|chi2|raw,2,1,0.9953,0.986,12/12,9.4
mvtec_AD/carpet,k12s500,nll,raw,k12s500|nll|raw,2,1,0.9951,0.9856,12/12,16.5
mvtec_AD/carpet,k12s500,maha,raw,k12s500|maha|raw,2,1,0.9953,0.986,12/12,16.6
mvtec_AD/carpet,k12s500,chi2,raw,k12s500|chi2|raw,2,1,0.9971,0.9912,12/12,16.6
mvtec_AD/carpet,k12s8000,nll,raw,k12s8000|nll|raw,2,1,0.9952,0.9856,12/12,16.8
mvtec_AD/carpet,k12s8000,maha,raw,k12s8000|maha|raw,2,1,0.9955,0.9864,12/12,16.8
mvtec_AD/carpet,k12s8000,chi2,raw,k12s8000|chi2|raw,2,1,0.9979,0.9936,12/12,16.9
mvtec_AD/carpet,k24s2000,nll,raw,k24s2000|nll|raw,2,1,0.9951,0.9852,24/24,39.6
mvtec_AD/carpet,k24s2000,maha,raw,k24s2000|maha|raw,2,1,0.9956,0.9868,24/24,39.7
mvtec_AD/carpet,k24s2000,chi2,raw,k24s2000|chi2|raw,2,1,0.9976,0.9924,24/24,39.7
mvtec_AD/carpet,k12s0,nll,raw,k12s0|nll|raw,2,2,0.9933,0.9811,12/12,13.3
mvtec_AD/carpet,k12s0,maha,raw,k12s0|maha|raw,2,2,0.9926,0.9791,12/12,13.3
mvtec_AD/carpet,k12s0,chi2,raw,k12s0|chi2|raw,2,2,0.9942,0.9831,12/12,13.3
mvtec_AD/carpet,k12s500,nll,raw,k12s500|nll|raw,2,2,0.9933,0.9807,12/12,16.6
mvtec_AD/carpet,k12s500,maha,raw,k12s500|maha|raw,2,2,0.9935,0.9811,12/12,16.6
mvtec_AD/carpet,k12s500,chi2,raw,k12s500|chi2|raw,2,2,0.9961,0.9884,12/12,16.7
mvtec_AD/carpet,k12s8000,nll,raw,k12s8000|nll|raw,2,2,0.9928,0.9795,12/12,13.3
mvtec_AD/carpet,k12s8000,maha,raw,k12s8000|maha|raw,2,2,0.993,0.9799,12/12,13.4
mvtec_AD/carpet,k12s8000,chi2,raw,k12s8000|chi2|raw,2,2,0.9966,0.9896,12/12,13.4
mvtec_AD/carpet,k24s2000,nll,raw,k24s2000|nll|raw,2,2,0.9932,0.9807,24/24,41.3
mvtec_AD/carpet,k24s2000,maha,raw,k24s2000|maha|raw,2,2,0.9936,0.9815,24/24,41.3
mvtec_AD/carpet,k24s2000,chi2,raw,k24s2000|chi2|raw,2,2,0.9972,0.9916,24/24,41.3
VisA/chewinggum,k12s0,nll,raw,k12s0|nll|raw,1,0,0.9551,0.9024,12/12,3.8
VisA/chewinggum,k12s0,maha,raw,k12s0|maha|raw,1,0,0.9508,0.8906,12/12,3.8
VisA/chewinggum,k12s0,chi2,raw,k12s0|chi2|raw,1,0,0.9521,0.8944,12/12,3.9
VisA/chewinggum,k12s500,nll,raw,k12s500|nll|raw,1,0,0.9595,0.9154,12/12,8.0
VisA/chewinggum,k12s500,maha,raw,k12s500|maha|raw,1,0,0.9566,0.9108,12/12,8.1
VisA/chewinggum,k12s500,chi2,raw,k12s500|chi2|raw,1,0,0.9688,0.9366,12/12,8.1
VisA/chewinggum,k12s8000,nll,raw,k12s8000|nll|raw,1,0,0.9472,0.8868,12/12,11.3
VisA/chewinggum,k12s8000,maha,raw,k12s8000|maha|raw,1,0,0.9483,0.889,12/12,11.4
VisA/chewinggum,k12s8000,chi2,raw,k12s8000|chi2|raw,1,0,0.9628,0.9212,12/12,11.4
VisA/chewinggum,k24s2000,nll,raw,k24s2000|nll|raw,1,0,0.949,0.8916,23/23,23.6
VisA/chewinggum,k24s2000,maha,raw,k24s2000|maha|raw,1,0,0.9499,0.8938,23/23,23.7
VisA/chewinggum,k24s2000,chi2,raw,k24s2000|chi2|raw,1,0,0.9685,0.9328,23/23,23.7
VisA/chewinggum,k12s0,nll,raw,k12s0|nll|raw,1,1,0.9484,0.8818,12/12,4.3
VisA/chewinggum,k12s0,maha,raw,k12s0|maha|raw,1,1,0.9419,0.8696,12/12,4.3
VisA/chewinggum,k12s0,chi2,raw,k12s0|chi2|raw,1,1,0.9407,0.8654,12/12,4.3
VisA/chewinggum,k12s500,nll,raw,k12s500|nll|raw,1,1,0.9806,0.9614,12/12,5.5
VisA/chewinggum,k12s500,maha,raw,k12s500|maha|raw,1,1,0.9774,0.9548,12/12,5.6
VisA/chewinggum,k12s500,chi2,raw,k12s500|chi2|raw,1,1,0.9842,0.968,12/12,5.6
VisA/chewinggum,k12s8000,nll,raw,k12s8000|nll|raw,1,1,0.9778,0.9526,12/12,8.6
VisA/chewinggum,k12s8000,maha,raw,k12s8000|maha|raw,1,1,0.9779,0.9532,12/12,8.7
VisA/chewinggum,k12s8000,chi2,raw,k12s8000|chi2|raw,1,1,0.9847,0.9678,12/12,8.7
VisA/chewinggum,k24s2000,nll,raw,k24s2000|nll|raw,1,1,0.9788,0.9542,23/23,10.5
VisA/chewinggum,k24s2000,maha,raw,k24s2000|maha|raw,1,1,0.9776,0.9528,23/23,10.6
VisA/chewinggum,k24s2000,chi2,raw,k24s2000|chi2|raw,1,1,0.9835,0.9656,23/23,10.6
VisA/chewinggum,k12s0,nll,raw,k12s0|nll|raw,1,2,0.9555,0.8988,12/12,6.7
VisA/chewinggum,k12s0,maha,raw,k12s0|maha|raw,1,2,0.9551,0.8974,12/12,6.8
VisA/chewinggum,k12s0,chi2,raw,k12s0|chi2|raw,1,2,0.9536,0.8944,12/12,6.8
VisA/chewinggum,k12s500,nll,raw,k12s500|nll|raw,1,2,0.9809,0.9632,12/12,6.6
VisA/chewinggum,k12s500,maha,raw,k12s500|maha|raw,1,2,0.9832,0.9676,12/12,6.6
VisA/chewinggum,k12s500,chi2,raw,k12s500|chi2|raw,1,2,0.9942,0.9892,12/12,6.7
VisA/chewinggum,k12s8000,nll,raw,k12s8000|nll|raw,1,2,0.9685,0.9346,12/12,6.7
VisA/chewinggum,k12s8000,maha,raw,k12s8000|maha|raw,1,2,0.9683,0.9342,12/12,6.7
VisA/chewinggum,k12s8000,chi2,raw,k12s8000|chi2|raw,1,2,0.9816,0.964,12/12,6.8
VisA/chewinggum,k24s2000,nll,raw,k24s2000|nll|raw,1,2,0.9736,0.9462,23/23,20.9
VisA/chewinggum,k24s2000,maha,raw,k24s2000|maha|raw,1,2,0.9729,0.9446,23/23,20.9
VisA/chewinggum,k24s2000,chi2,raw,k24s2000|chi2|raw,1,2,0.9879,0.977,23/23,20.9
VisA/chewinggum,k12s0,nll,raw,k12s0|nll|raw,2,0,0.9827,0.9664,12/12,12.4
VisA/chewinggum,k12s0,maha,raw,k12s0|maha|raw,2,0,0.9829,0.965,12/12,12.5
VisA/chewinggum,k12s0,chi2,raw,k12s0|chi2|raw,2,0,0.9847,0.9692,12/12,12.5
VisA/chewinggum,k12s500,nll,raw,k12s500|nll|raw,2,0,0.9783,0.9576,12/12,13.6
VisA/chewinggum,k12s500,maha,raw,k12s500|maha|raw,2,0,0.98,0.9606,12/12,13.6
VisA/chewinggum,k12s500,chi2,raw,k12s500|chi2|raw,2,0,0.9835,0.9676,12/12,13.7
VisA/chewinggum,k12s8000,nll,raw,k12s8000|nll|raw,2,0,0.9731,0.9446,12/12,13.5
VisA/chewinggum,k12s8000,maha,raw,k12s8000|maha|raw,2,0,0.9737,0.9466,12/12,13.5
VisA/chewinggum,k12s8000,chi2,raw,k12s8000|chi2|raw,2,0,0.9837,0.967,12/12,13.6
VisA/chewinggum,k24s2000,nll,raw,k24s2000|nll|raw,2,0,0.9748,0.9502,24/24,51.4
VisA/chewinggum,k24s2000,maha,raw,k24s2000|maha|raw,2,0,0.9759,0.952,24/24,51.5
VisA/chewinggum,k24s2000,chi2,raw,k24s2000|chi2|raw,2,0,0.9845,0.9692,24/24,51.5
VisA/chewinggum,k12s0,nll,raw,k12s0|nll|raw,2,1,0.9812,0.9626,12/12,8.4
VisA/chewinggum,k12s0,maha,raw,k12s0|maha|raw,2,1,0.9784,0.9562,12/12,8.5
VisA/chewinggum,k12s0,chi2,raw,k12s0|chi2|raw,2,1,0.9806,0.9606,12/12,8.5
VisA/chewinggum,k12s500,nll,raw,k12s500|nll|raw,2,1,0.9767,0.9546,12/12,10.7
VisA/chewinggum,k12s500,maha,raw,k12s500|maha|raw,2,1,0.9739,0.95,12/12,10.7
VisA/chewinggum,k12s500,chi2,raw,k12s500|chi2|raw,2,1,0.9813,0.9624,12/12,10.7
VisA/chewinggum,k12s8000,nll,raw,k12s8000|nll|raw,2,1,0.9725,0.9446,12/12,16.1
VisA/chewinggum,k12s8000,maha,raw,k12s8000|maha|raw,2,1,0.9728,0.9448,12/12,16.2
VisA/chewinggum,k12s8000,chi2,raw,k12s8000|chi2|raw,2,1,0.9818,0.963,12/12,16.2
VisA/chewinggum,k24s2000,nll,raw,k24s2000|nll|raw,2,1,0.9755,0.9518,24/24,32.4
VisA/chewinggum,k24s2000,maha,raw,k24s2000|maha|raw,2,1,0.9762,0.9536,24/24,32.5
VisA/chewinggum,k24s2000,chi2,raw,k24s2000|chi2|raw,2,1,0.9839,0.9682,24/24,32.5
VisA/chewinggum,k12s0,nll,raw,k12s0|nll|raw,2,2,0.9798,0.9598,12/12,10.3
VisA/chewinggum,k12s0,maha,raw,k12s0|maha|raw,2,2,0.9795,0.9592,12/12,10.4
VisA/chewinggum,k12s0,chi2,raw,k12s0|chi2|raw,2,2,0.9822,0.9662,12/12,10.4
VisA/chewinggum,k12s500,nll,raw,k12s500|nll|raw,2,2,0.9741,0.9488,12/12,12.4
VisA/chewinggum,k12s500,maha,raw,k12s500|maha|raw,2,2,0.9784,0.9596,12/12,12.4
VisA/chewinggum,k12s500,chi2,raw,k12s500|chi2|raw,2,2,0.9883,0.9804,12/12,12.5
VisA/chewinggum,k12s8000,nll,raw,k12s8000|nll|raw,2,2,0.9678,0.9328,12/12,14.6
VisA/chewinggum,k12s8000,maha,raw,k12s8000|maha|raw,2,2,0.9691,0.936,12/12,14.6
VisA/chewinggum,k12s8000,chi2,raw,k12s8000|chi2|raw,2,2,0.9841,0.9702,12/12,14.7
VisA/chewinggum,k24s2000,nll,raw,k24s2000|nll|raw,2,2,0.9708,0.9406,24/24,30.3
VisA/chewinggum,k24s2000,maha,raw,k24s2000|maha|raw,2,2,0.9739,0.9474,24/24,30.3
VisA/chewinggum,k24s2000,chi2,raw,k24s2000|chi2|raw,2,2,0.9889,0.9808,24/24,30.3
mvtec_AD/grid,k12s0,nll,raw,k12s0|nll|raw,1,0,0.9817,0.9465,12/12,3.5
mvtec_AD/grid,k12s0,maha,raw,k12s0|maha|raw,1,0,0.9815,0.9465,12/12,3.5
mvtec_AD/grid,k12s0,chi2,raw,k12s0|chi2|raw,1,0,0.9808,0.9449,12/12,3.6
mvtec_AD/grid,k12s500,nll,raw,k12s500|nll|raw,1,0,0.9721,0.9198,12/12,5.2
mvtec_AD/grid,k12s500,maha,raw,k12s500|maha|raw,1,0,0.9704,0.9148,12/12,5.2
mvtec_AD/grid,k12s500,chi2,raw,k12s500|chi2|raw,1,0,0.9804,0.9432,12/12,5.2
mvtec_AD/grid,k12s8000,nll,raw,k12s8000|nll|raw,1,0,0.973,0.9231,12/12,5.9
mvtec_AD/grid,k12s8000,maha,raw,k12s8000|maha|raw,1,0,0.9736,0.9248,12/12,6.0
mvtec_AD/grid,k12s8000,chi2,raw,k12s8000|chi2|raw,1,0,0.9848,0.9566,12/12,6.0
mvtec_AD/grid,k24s2000,nll,raw,k24s2000|nll|raw,1,0,0.9706,0.9173,23/23,13.7
mvtec_AD/grid,k24s2000,maha,raw,k24s2000|maha|raw,1,0,0.9701,0.9148,23/23,13.7
mvtec_AD/grid,k24s2000,chi2,raw,k24s2000|chi2|raw,1,0,0.9811,0.9457,23/23,13.7
mvtec_AD/grid,k12s0,nll,raw,k12s0|nll|raw,1,1,0.9629,0.8914,12/12,2.7
mvtec_AD/grid,k12s0,maha,raw,k12s0|maha|raw,1,1,0.9628,0.8922,12/12,2.7
mvtec_AD/grid,k12s0,chi2,raw,k12s0|chi2|raw,1,1,0.9616,0.8897,12/12,2.7
mvtec_AD/grid,k12s500,nll,raw,k12s500|nll|raw,1,1,0.9467,0.8496,12/12,4.4
mvtec_AD/grid,k12s500,maha,raw,k12s500|maha|raw,1,1,0.945,0.8454,12/12,4.4
mvtec_AD/grid,k12s500,chi2,raw,k12s500|chi2|raw,1,1,0.9563,0.8764,12/12,4.5
mvtec_AD/grid,k12s8000,nll,raw,k12s8000|nll|raw,1,1,0.9498,0.8538,12/12,5.6
mvtec_AD/grid,k12s8000,maha,raw,k12s8000|maha|raw,1,1,0.9496,0.853,12/12,5.6
mvtec_AD/grid,k12s8000,chi2,raw,k12s8000|chi2|raw,1,1,0.9644,0.8964,12/12,5.6
mvtec_AD/grid,k24s2000,nll,raw,k24s2000|nll|raw,1,1,0.9481,0.8496,23/23,12.2
mvtec_AD/grid,k24s2000,maha,raw,k24s2000|maha|raw,1,1,0.9469,0.8471,23/23,12.2
mvtec_AD/grid,k24s2000,chi2,raw,k24s2000|chi2|raw,1,1,0.9618,0.8906,23/23,12.2
mvtec_AD/grid,k12s0,nll,raw,k12s0|nll|raw,1,2,0.9908,0.9716,12/12,2.8
mvtec_AD/grid,k12s0,maha,raw,k12s0|maha|raw,1,2,0.9916,0.9741,12/12,2.8
mvtec_AD/grid,k12s0,chi2,raw,k12s0|chi2|raw,1,2,0.9921,0.9758,12/12,2.8
mvtec_AD/grid,k12s500,nll,raw,k12s500|nll|raw,1,2,0.9803,0.9415,12/12,6.7
mvtec_AD/grid,k12s500,maha,raw,k12s500|maha|raw,1,2,0.9809,0.9449,12/12,6.7
mvtec_AD/grid,k12s500,chi2,raw,k12s500|chi2|raw,1,2,0.9926,0.9783,12/12,6.8
mvtec_AD/grid,k12s8000,nll,raw,k12s8000|nll|raw,1,2,0.983,0.9507,12/12,9.2
mvtec_AD/grid,k12s8000,maha,raw,k12s8000|maha|raw,1,2,0.9837,0.9524,12/12,9.2
mvtec_AD/grid,k12s8000,chi2,raw,k12s8000|chi2|raw,1,2,0.9955,0.9866,12/12,9.2
mvtec_AD/grid,k24s2000,nll,raw,k24s2000|nll|raw,1,2,0.9823,0.9482,23/23,11.9
mvtec_AD/grid,k24s2000,maha,raw,k24s2000|maha|raw,1,2,0.9845,0.9549,23/23,11.9
mvtec_AD/grid,k24s2000,chi2,raw,k24s2000|chi2|raw,1,2,0.9958,0.9875,23/23,11.9
mvtec_AD/grid,k12s0,nll,raw,k12s0|nll|raw,2,0,0.9822,0.9474,12/12,13.1
mvtec_AD/grid,k12s0,maha,raw,k12s0|maha|raw,2,0,0.9832,0.9499,12/12,13.1
mvtec_AD/grid,k12s0,chi2,raw,k12s0|chi2|raw,2,0,0.9874,0.9624,12/12,13.1
mvtec_AD/grid,k12s500,nll,raw,k12s500|nll|raw,2,0,0.9668,0.8989,12/12,17.3
mvtec_AD/grid,k12s500,maha,raw,k12s500|maha|raw,2,0,0.9675,0.9014,12/12,17.3
mvtec_AD/grid,k12s500,chi2,raw,k12s500|chi2|raw,2,0,0.9806,0.9424,12/12,17.3
mvtec_AD/grid,k12s8000,nll,raw,k12s8000|nll|raw,2,0,0.9696,0.9064,12/12,24.6
mvtec_AD/grid,k12s8000,maha,raw,k12s8000|maha|raw,2,0,0.9698,0.9073,12/12,24.6
mvtec_AD/grid,k12s8000,chi2,raw,k12s8000|chi2|raw,2,0,0.9887,0.9666,12/12,24.6
mvtec_AD/grid,k24s2000,nll,raw,k24s2000|nll|raw,2,0,0.9675,0.9006,24/24,30.5
mvtec_AD/grid,k24s2000,maha,raw,k24s2000|maha|raw,2,0,0.9654,0.8947,24/24,30.5
mvtec_AD/grid,k24s2000,chi2,raw,k24s2000|chi2|raw,2,0,0.9843,0.9532,24/24,30.5
mvtec_AD/grid,k12s0,nll,raw,k12s0|nll|raw,2,1,0.9957,0.9866,12/12,18.9
mvtec_AD/grid,k12s0,maha,raw,k12s0|maha|raw,2,1,0.9957,0.9866,12/12,18.9
mvtec_AD/grid,k12s0,chi2,raw,k12s0|chi2|raw,2,1,0.9963,0.9883,12/12,18.9
mvtec_AD/grid,k12s500,nll,raw,k12s500|nll|raw,2,1,0.9737,0.9273,12/12,18.1
mvtec_AD/grid,k12s500,maha,raw,k12s500|maha|raw,2,1,0.9711,0.9173,12/12,18.2
mvtec_AD/grid,k12s500,chi2,raw,k12s500|chi2|raw,2,1,0.9818,0.9482,12/12,18.2
mvtec_AD/grid,k12s8000,nll,raw,k12s8000|nll|raw,2,1,0.9843,0.9549,12/12,30.6
mvtec_AD/grid,k12s8000,maha,raw,k12s8000|maha|raw,2,1,0.9845,0.9557,12/12,30.6
mvtec_AD/grid,k12s8000,chi2,raw,k12s8000|chi2|raw,2,1,0.9979,0.9942,12/12,30.6
mvtec_AD/grid,k24s2000,nll,raw,k24s2000|nll|raw,2,1,0.9805,0.944,24/24,33.6
mvtec_AD/grid,k24s2000,maha,raw,k24s2000|maha|raw,2,1,0.9778,0.9365,24/24,33.6
mvtec_AD/grid,k24s2000,chi2,raw,k24s2000|chi2|raw,2,1,0.9941,0.9833,24/24,33.6
mvtec_AD/grid,k12s0,nll,raw,k12s0|nll|raw,2,2,0.9951,0.9858,12/12,12.3
mvtec_AD/grid,k12s0,maha,raw,k12s0|maha|raw,2,2,0.9957,0.9883,12/12,12.3
mvtec_AD/grid,k12s0,chi2,raw,k12s0|chi2|raw,2,2,0.9981,0.995,12/12,12.3
mvtec_AD/grid,k12s500,nll,raw,k12s500|nll|raw,2,2,0.9764,0.934,12/12,14.9
mvtec_AD/grid,k12s500,maha,raw,k12s500|maha|raw,2,2,0.9798,0.949,12/12,15.0
mvtec_AD/grid,k12s500,chi2,raw,k12s500|chi2|raw,2,2,0.9913,0.9774,12/12,15.0
mvtec_AD/grid,k12s8000,nll,raw,k12s8000|nll|raw,2,2,0.986,0.9616,12/12,15.6
mvtec_AD/grid,k12s8000,maha,raw,k12s8000|maha|raw,2,2,0.9861,0.9624,12/12,15.6
mvtec_AD/grid,k12s8000,chi2,raw,k12s8000|chi2|raw,2,2,0.997,0.9916,12/12,15.6
mvtec_AD/grid,k24s2000,nll,raw,k24s2000|nll|raw,2,2,0.9858,0.9591,24/24,26.6
mvtec_AD/grid,k24s2000,maha,raw,k24s2000|maha|raw,2,2,0.9849,0.9582,24/24,26.7
mvtec_AD/grid,k24s2000,chi2,raw,k24s2000|chi2|raw,2,2,0.9975,0.9933,24/24,26.7
VisA/fryum,k12s0,nll,raw,k12s0|nll|raw,1,0,0.9114,0.8246,12/12,3.8
VisA/fryum,k12s0,maha,raw,k12s0|maha|raw,1,0,0.9112,0.8226,12/12,3.8
VisA/fryum,k12s0,chi2,raw,k12s0|chi2|raw,1,0,0.9103,0.8214,12/12,3.9
VisA/fryum,k12s500,nll,raw,k12s500|nll|raw,1,0,0.9476,0.8838,12/12,6.9
VisA/fryum,k12s500,maha,raw,k12s500|maha|raw,1,0,0.9414,0.879,12/12,7.0
VisA/fryum,k12s500,chi2,raw,k12s500|chi2|raw,1,0,0.9528,0.903,12/12,7.0
VisA/fryum,k12s8000,nll,raw,k12s8000|nll|raw,1,0,0.9472,0.881,12/12,11.1
VisA/fryum,k12s8000,maha,raw,k12s8000|maha|raw,1,0,0.9476,0.8816,12/12,11.1
VisA/fryum,k12s8000,chi2,raw,k12s8000|chi2|raw,1,0,0.9549,0.898,12/12,11.1
VisA/fryum,k24s2000,nll,raw,k24s2000|nll|raw,1,0,0.9491,0.8842,23/23,22.8
VisA/fryum,k24s2000,maha,raw,k24s2000|maha|raw,1,0,0.9475,0.8822,23/23,22.8
VisA/fryum,k24s2000,chi2,raw,k24s2000|chi2|raw,1,0,0.9534,0.898,23/23,22.9
VisA/fryum,k12s0,nll,raw,k12s0|nll|raw,1,1,0.9337,0.8532,12/12,4.3
VisA/fryum,k12s0,maha,raw,k12s0|maha|raw,1,1,0.9339,0.8528,12/12,4.3
VisA/fryum,k12s0,chi2,raw,k12s0|chi2|raw,1,1,0.9339,0.8524,12/12,4.4
VisA/fryum,k12s500,nll,raw,k12s500|nll|raw,1,1,0.9503,0.8902,12/12,7.3
VisA/fryum,k12s500,maha,raw,k12s500|maha|raw,1,1,0.9395,0.8746,12/12,7.4
VisA/fryum,k12s500,chi2,raw,k12s500|chi2|raw,1,1,0.9551,0.9104,12/12,7.5
VisA/fryum,k12s8000,nll,raw,k12s8000|nll|raw,1,1,0.9502,0.8902,12/12,16.8
VisA/fryum,k12s8000,maha,raw,k12s8000|maha|raw,1,1,0.9504,0.8902,12/12,16.8
VisA/fryum,k12s8000,chi2,raw,k12s8000|chi2|raw,1,1,0.9538,0.9008,12/12,16.9
VisA/fryum,k24s2000,nll,raw,k24s2000|nll|raw,1,1,0.9491,0.8872,23/23,20.9
VisA/fryum,k24s2000,maha,raw,k24s2000|maha|raw,1,1,0.9482,0.886,23/23,21.0
VisA/fryum,k24s2000,chi2,raw,k24s2000|chi2|raw,1,1,0.9544,0.9036,23/23,21.0
VisA/fryum,k12s0,nll,raw,k12s0|nll|raw,1,2,0.9545,0.9112,12/12,4.3
VisA/fryum,k12s0,maha,raw,k12s0|maha|raw,1,2,0.9467,0.8984,12/12,4.4
VisA/fryum,k12s0,chi2,raw,k12s0|chi2|raw,1,2,0.946,0.8966,12/12,4.4
VisA/fryum,k12s500,nll,raw,k12s500|nll|raw,1,2,0.9651,0.924,12/12,9.5
VisA/fryum,k12s500,maha,raw,k12s500|maha|raw,1,2,0.9643,0.9296,12/12,9.5
VisA/fryum,k12s500,chi2,raw,k12s500|chi2|raw,1,2,0.9693,0.9374,12/12,9.5
VisA/fryum,k12s8000,nll,raw,k12s8000|nll|raw,1,2,0.9581,0.9064,12/12,12.9
VisA/fryum,k12s8000,maha,raw,k12s8000|maha|raw,1,2,0.9588,0.9076,12/12,12.9
VisA/fryum,k12s8000,chi2,raw,k12s8000|chi2|raw,1,2,0.9621,0.9176,12/12,13.0
VisA/fryum,k24s2000,nll,raw,k24s2000|nll|raw,1,2,0.9629,0.9186,23/23,17.9
VisA/fryum,k24s2000,maha,raw,k24s2000|maha|raw,1,2,0.9636,0.921,23/23,17.9
VisA/fryum,k24s2000,chi2,raw,k24s2000|chi2|raw,1,2,0.9673,0.9298,23/23,18.0
VisA/fryum,k12s0,nll,raw,k12s0|nll|raw,2,0,0.8439,0.7452,12/12,12.1
VisA/fryum,k12s0,maha,raw,k12s0|maha|raw,2,0,0.8271,0.7272,12/12,12.2
VisA/fryum,k12s0,chi2,raw,k12s0|chi2|raw,2,0,0.8186,0.717,12/12,12.2
VisA/fryum,k12s500,nll,raw,k12s500|nll|raw,2,0,0.9543,0.9072,12/12,11.3
VisA/fryum,k12s500,maha,raw,k12s500|maha|raw,2,0,0.9438,0.897,12/12,11.3
VisA/fryum,k12s500,chi2,raw,k12s500|chi2|raw,2,0,0.9551,0.9128,12/12,11.3
VisA/fryum,k12s8000,nll,raw,k12s8000|nll|raw,2,0,0.9547,0.9014,12/12,24.1
VisA/fryum,k12s8000,maha,raw,k12s8000|maha|raw,2,0,0.9528,0.8984,12/12,24.1
VisA/fryum,k12s8000,chi2,raw,k12s8000|chi2|raw,2,0,0.9568,0.9094,12/12,24.2
VisA/fryum,k24s2000,nll,raw,k24s2000|nll|raw,2,0,0.9565,0.9062,24/24,36.1
VisA/fryum,k24s2000,maha,raw,k24s2000|maha|raw,2,0,0.954,0.9038,24/24,36.2
VisA/fryum,k24s2000,chi2,raw,k24s2000|chi2|raw,2,0,0.9589,0.9164,24/24,36.2
VisA/fryum,k12s0,nll,raw,k12s0|nll|raw,2,1,0.9693,0.9374,12/12,11.0
VisA/fryum,k12s0,maha,raw,k12s0|maha|raw,2,1,0.9704,0.9386,12/12,11.0
VisA/fryum,k12s0,chi2,raw,k12s0|chi2|raw,2,1,0.9723,0.9422,12/12,11.1
VisA/fryum,k12s500,nll,raw,k12s500|nll|raw,2,1,0.963,0.9248,12/12,19.3
VisA/fryum,k12s500,maha,raw,k12s500|maha|raw,2,1,0.9596,0.9296,12/12,19.3
VisA/fryum,k12s500,chi2,raw,k12s500|chi2|raw,2,1,0.9669,0.9398,12/12,19.4
VisA/fryum,k12s8000,nll,raw,k12s8000|nll|raw,2,1,0.9638,0.9198,12/12,21.5
VisA/fryum,k12s8000,maha,raw,k12s8000|maha|raw,2,1,0.964,0.9206,12/12,21.6
VisA/fryum,k12s8000,chi2,raw,k12s8000|chi2|raw,2,1,0.9709,0.939,12/12,21.6
VisA/fryum,k24s2000,nll,raw,k24s2000|nll|raw,2,1,0.9679,0.9294,24/24,31.8
VisA/fryum,k24s2000,maha,raw,k24s2000|maha|raw,2,1,0.9655,0.9264,24/24,31.9
VisA/fryum,k24s2000,chi2,raw,k24s2000|chi2|raw,2,1,0.9737,0.945,24/24,31.9
VisA/fryum,k12s0,nll,raw,k12s0|nll|raw,2,2,0.9571,0.9156,12/12,11.9
VisA/fryum,k12s0,maha,raw,k12s0|maha|raw,2,2,0.9509,0.9022,12/12,11.9
VisA/fryum,k12s0,chi2,raw,k12s0|chi2|raw,2,2,0.9527,0.9062,12/12,11.9
VisA/fryum,k12s500,nll,raw,k12s500|nll|raw,2,2,0.9578,0.9132,12/12,15.2
VisA/fryum,k12s500,maha,raw,k12s500|maha|raw,2,2,0.9334,0.885,12/12,15.2
VisA/fryum,k12s500,chi2,raw,k12s500|chi2|raw,2,2,0.9505,0.908,12/12,15.3
VisA/fryum,k12s8000,nll,raw,k12s8000|nll|raw,2,2,0.9561,0.8996,12/12,20.9
VisA/fryum,k12s8000,maha,raw,k12s8000|maha|raw,2,2,0.9548,0.8968,12/12,20.9
VisA/fryum,k12s8000,chi2,raw,k12s8000|chi2|raw,2,2,0.9615,0.9156,12/12,21.0
VisA/fryum,k24s2000,nll,raw,k24s2000|nll|raw,2,2,0.9577,0.905,24/24,34.1
VisA/fryum,k24s2000,maha,raw,k24s2000|maha|raw,2,2,0.9542,0.9,24/24,34.2
VisA/fryum,k24s2000,chi2,raw,k24s2000|chi2|raw,2,2,0.9639,0.9238,24/24,34.2
mvtec_AD/hazelnut,k12s0,nll,raw,k12s0|nll|raw,1,0,0.6656,0.5439,12/12,3.0
mvtec_AD/hazelnut,k12s0,maha,raw,k12s0|maha|raw,1,0,0.6687,0.5429,12/12,3.1
mvtec_AD/hazelnut,k12s0,chi2,raw,k12s0|chi2|raw,1,0,0.67,0.5443,12/12,3.1
mvtec_AD/hazelnut,k12s500,nll,raw,k12s500|nll|raw,1,0,0.9082,0.8289,12/12,6.4
mvtec_AD/hazelnut,k12s500,maha,raw,k12s500|maha|raw,1,0,0.9145,0.8407,12/12,6.4
mvtec_AD/hazelnut,k12s500,chi2,raw,k12s500|chi2|raw,1,0,0.9275,0.8636,12/12,6.5
mvtec_AD/hazelnut,k12s8000,nll,raw,k12s8000|nll|raw,1,0,0.8986,0.8139,12/12,8.0
mvtec_AD/hazelnut,k12s8000,maha,raw,k12s8000|maha|raw,1,0,0.9,0.8157,12/12,8.0
mvtec_AD/hazelnut,k12s8000,chi2,raw,k12s8000|chi2|raw,1,0,0.9135,0.8368,12/12,8.1
mvtec_AD/hazelnut,k24s2000,nll,raw,k24s2000|nll|raw,1,0,0.9039,0.8225,23/23,16.3
mvtec_AD/hazelnut,k24s2000,maha,raw,k24s2000|maha|raw,1,0,0.9054,0.8243,23/23,16.4
mvtec_AD/hazelnut,k24s2000,chi2,raw,k24s2000|chi2|raw,1,0,0.9214,0.8518,23/23,16.4
mvtec_AD/hazelnut,k12s0,nll,raw,k12s0|nll|raw,1,1,0.9538,0.9164,12/12,3.6
mvtec_AD/hazelnut,k12s0,maha,raw,k12s0|maha|raw,1,1,0.9531,0.9143,12/12,3.6
mvtec_AD/hazelnut,k12s0,chi2,raw,k12s0|chi2|raw,1,1,0.9514,0.9114,12/12,3.6
mvtec_AD/hazelnut,k12s500,nll,raw,k12s500|nll|raw,1,1,0.9521,0.9057,12/12,5.7
mvtec_AD/hazelnut,k12s500,maha,raw,k12s500|maha|raw,1,1,0.9523,0.9057,12/12,5.8
mvtec_AD/hazelnut,k12s500,chi2,raw,k12s500|chi2|raw,1,1,0.9582,0.9171,12/12,5.8
mvtec_AD/hazelnut,k12s8000,nll,raw,k12s8000|nll|raw,1,1,0.9474,0.8971,12/12,8.0
mvtec_AD/hazelnut,k12s8000,maha,raw,k12s8000|maha|raw,1,1,0.9487,0.9,12/12,8.0
mvtec_AD/hazelnut,k12s8000,chi2,raw,k12s8000|chi2|raw,1,1,0.9548,0.9121,12/12,8.1
mvtec_AD/hazelnut,k24s2000,nll,raw,k24s2000|nll|raw,1,1,0.9481,0.8989,23/23,16.4
mvtec_AD/hazelnut,k24s2000,maha,raw,k24s2000|maha|raw,1,1,0.9491,0.9007,23/23,16.5
mvtec_AD/hazelnut,k24s2000,chi2,raw,k24s2000|chi2|raw,1,1,0.9529,0.9086,23/23,16.5
mvtec_AD/hazelnut,k12s0,nll,raw,k12s0|nll|raw,1,2,0.9466,0.9096,12/12,3.0
mvtec_AD/hazelnut,k12s0,maha,raw,k12s0|maha|raw,1,2,0.9415,0.8993,12/12,3.0
mvtec_AD/hazelnut,k12s0,chi2,raw,k12s0|chi2|raw,1,2,0.942,0.9004,12/12,3.1
mvtec_AD/hazelnut,k12s500,nll,raw,k12s500|nll|raw,1,2,0.959,0.9221,12/12,13.1
mvtec_AD/hazelnut,k12s500,maha,raw,k12s500|maha|raw,1,2,0.9578,0.9182,12/12,13.1
mvtec_AD/hazelnut,k12s500,chi2,raw,k12s500|chi2|raw,1,2,0.9627,0.93,12/12,13.2
mvtec_AD/hazelnut,k12s8000,nll,raw,k12s8000|nll|raw,1,2,0.9641,0.9293,12/12,6.6
mvtec_AD/hazelnut,k12s8000,maha,raw,k12s8000|maha|raw,1,2,0.9639,0.9289,12/12,6.6
mvtec_AD/hazelnut,k12s8000,chi2,raw,k12s8000|chi2|raw,1,2,0.9685,0.94,12/12,6.6
mvtec_AD/hazelnut,k24s2000,nll,raw,k24s2000|nll|raw,1,2,0.9618,0.9246,23/23,14.0
mvtec_AD/hazelnut,k24s2000,maha,raw,k24s2000|maha|raw,1,2,0.9618,0.9246,23/23,14.0
mvtec_AD/hazelnut,k24s2000,chi2,raw,k24s2000|chi2|raw,1,2,0.9674,0.9389,23/23,14.1
mvtec_AD/hazelnut,k12s0,nll,raw,k12s0|nll|raw,2,0,0.7464,0.6468,12/12,15.2
mvtec_AD/hazelnut,k12s0,maha,raw,k12s0|maha|raw,2,0,0.7354,0.6357,12/12,15.2
mvtec_AD/hazelnut,k12s0,chi2,raw,k12s0|chi2|raw,2,0,0.7322,0.6368,12/12,15.2
mvtec_AD/hazelnut,k12s500,nll,raw,k12s500|nll|raw,2,0,0.9289,0.8643,12/12,19.6
mvtec_AD/hazelnut,k12s500,maha,raw,k12s500|maha|raw,2,0,0.9425,0.8904,12/12,19.6
mvtec_AD/hazelnut,k12s500,chi2,raw,k12s500|chi2|raw,2,0,0.962,0.9286,12/12,19.7
mvtec_AD/hazelnut,k12s8000,nll,raw,k12s8000|nll|raw,2,0,0.917,0.8425,12/12,20.6
mvtec_AD/hazelnut,k12s8000,maha,raw,k12s8000|maha|raw,2,0,0.92,0.8475,12/12,20.6
mvtec_AD/hazelnut,k12s8000,chi2,raw,k12s8000|chi2|raw,2,0,0.9404,0.8871,12/12,20.7
mvtec_AD/hazelnut,k24s2000,nll,raw,k24s2000|nll|raw,2,0,0.9194,0.8468,24/24,21.1
mvtec_AD/hazelnut,k24s2000,maha,raw,k24s2000|maha|raw,2,0,0.9238,0.855,24/24,21.1
mvtec_AD/hazelnut,k24s2000,chi2,raw,k24s2000|chi2|raw,2,0,0.9483,0.9039,24/24,21.1
mvtec_AD/hazelnut,k12s0,nll,raw,k12s0|nll|raw,2,1,0.9525,0.9096,12/12,16.9
mvtec_AD/hazelnut,k12s0,maha,raw,k12s0|maha|raw,2,1,0.9474,0.9004,12/12,16.9
mvtec_AD/hazelnut,k12s0,chi2,raw,k12s0|chi2|raw,2,1,0.9494,0.9046,12/12,17.0
mvtec_AD/hazelnut,k12s500,nll,raw,k12s500|nll|raw,2,1,0.9581,0.9182,12/12,15.4
mvtec_AD/hazelnut,k12s500,maha,raw,k12s500|maha|raw,2,1,0.9619,0.9246,12/12,15.4
mvtec_AD/hazelnut,k12s500,chi2,raw,k12s500|chi2|raw,2,1,0.9733,0.9493,12/12,15.4
mvtec_AD/hazelnut,k12s8000,nll,raw,k12s8000|nll|raw,2,1,0.9515,0.9064,12/12,19.7
mvtec_AD/hazelnut,k12s8000,maha,raw,k12s8000|maha|raw,2,1,0.9518,0.9068,12/12,19.7
mvtec_AD/hazelnut,k12s8000,chi2,raw,k12s8000|chi2|raw,2,1,0.9609,0.9246,12/12,19.8
mvtec_AD/hazelnut,k24s2000,nll,raw,k24s2000|nll|raw,2,1,0.9532,0.9093,24/24,19.3
mvtec_AD/hazelnut,k24s2000,maha,raw,k24s2000|maha|raw,2,1,0.9548,0.9121,24/24,19.3
mvtec_AD/hazelnut,k24s2000,chi2,raw,k24s2000|chi2|raw,2,1,0.9673,0.9396,24/24,19.3
mvtec_AD/hazelnut,k12s0,nll,raw,k12s0|nll|raw,2,2,0.9332,0.8886,12/12,9.5
mvtec_AD/hazelnut,k12s0,maha,raw,k12s0|maha|raw,2,2,0.8889,0.8379,12/12,9.6
mvtec_AD/hazelnut,k12s0,chi2,raw,k12s0|chi2|raw,2,2,0.8922,0.8443,12/12,9.6
mvtec_AD/hazelnut,k12s500,nll,raw,k12s500|nll|raw,2,2,0.9614,0.9296,12/12,10.8
mvtec_AD/hazelnut,k12s500,maha,raw,k12s500|maha|raw,2,2,0.9662,0.9371,12/12,10.8
mvtec_AD/hazelnut,k12s500,chi2,raw,k12s500|chi2|raw,2,2,0.9798,0.9639,12/12,10.9
mvtec_AD/hazelnut,k12s8000,nll,raw,k12s8000|nll|raw,2,2,0.9527,0.9121,12/12,16.2
mvtec_AD/hazelnut,k12s8000,maha,raw,k12s8000|maha|raw,2,2,0.9545,0.9139,12/12,16.2
mvtec_AD/hazelnut,k12s8000,chi2,raw,k12s8000|chi2|raw,2,2,0.9705,0.9464,12/12,16.3
mvtec_AD/hazelnut,k24s2000,nll,raw,k24s2000|nll|raw,2,2,0.96,0.9268,24/24,30.7
mvtec_AD/hazelnut,k24s2000,maha,raw,k24s2000|maha|raw,2,2,0.9617,0.9293,24/24,30.8
mvtec_AD/hazelnut,k24s2000,chi2,raw,k24s2000|chi2|raw,2,2,0.9776,0.96,24/24,30.8
VisA/macaroni1,k12s0,nll,raw,k12s0|nll|raw,1,0,0.5599,0.5564,12/12,4.1
VisA/macaroni1,k12s0,maha,raw,k12s0|maha|raw,1,0,0.5451,0.5487,12/12,4.1
VisA/macaroni1,k12s0,chi2,raw,k12s0|chi2|raw,1,0,0.5576,0.5677,12/12,4.2
VisA/macaroni1,k12s500,nll,raw,k12s500|nll|raw,1,0,0.7057,0.6968,12/12,10.5
VisA/macaroni1,k12s500,maha,raw,k12s500|maha|raw,1,0,0.69,0.6848,12/12,10.6
VisA/macaroni1,k12s500,chi2,raw,k12s500|chi2|raw,1,0,0.7795,0.7894,12/12,10.6
VisA/macaroni1,k12s8000,nll,raw,k12s8000|nll|raw,1,0,0.7003,0.6814,12/12,12.7
VisA/macaroni1,k12s8000,maha,raw,k12s8000|maha|raw,1,0,0.7064,0.685,12/12,12.8
VisA/macaroni1,k12s8000,chi2,raw,k12s8000|chi2|raw,1,0,0.7802,0.7811,12/12,12.8
VisA/macaroni1,k24s2000,nll,raw,k24s2000|nll|raw,1,0,0.7185,0.7018,23/23,24.2
VisA/macaroni1,k24s2000,maha,raw,k24s2000|maha|raw,1,0,0.6901,0.6788,23/23,24.3
VisA/macaroni1,k24s2000,chi2,raw,k24s2000|chi2|raw,1,0,0.7908,0.8016,23/23,24.4
VisA/macaroni1,k12s0,nll,raw,k12s0|nll|raw,1,1,0.6186,0.629,12/12,4.0
VisA/macaroni1,k12s0,maha,raw,k12s0|maha|raw,1,1,0.6208,0.6372,12/12,4.0
VisA/macaroni1,k12s0,chi2,raw,k12s0|chi2|raw,1,1,0.6253,0.6395,12/12,4.1
VisA/macaroni1,k12s500,nll,raw,k12s500|nll|raw,1,1,0.7136,0.6796,12/12,8.3
VisA/macaroni1,k12s500,maha,raw,k12s500|maha|raw,1,1,0.7156,0.6987,12/12,8.4
VisA/macaroni1,k12s500,chi2,raw,k12s500|chi2|raw,1,1,0.8114,0.8178,12/12,8.5
VisA/macaroni1,k12s8000,nll,raw,k12s8000|nll|raw,1,1,0.7098,0.6748,12/12,8.6
VisA/macaroni1,k12s8000,maha,raw,k12s8000|maha|raw,1,1,0.7167,0.6805,12/12,8.7
VisA/macaroni1,k12s8000,chi2,raw,k12s8000|chi2|raw,1,1,0.7603,0.7391,12/12,8.8
VisA/macaroni1,k24s2000,nll,raw,k24s2000|nll|raw,1,1,0.7033,0.664,23/23,14.3
VisA/macaroni1,k24s2000,maha,raw,k24s2000|maha|raw,1,1,0.6999,0.6645,23/23,14.3
VisA/macaroni1,k24s2000,chi2,raw,k24s2000|chi2|raw,1,1,0.7632,0.7444,23/23,14.4
VisA/macaroni1,k12s0,nll,raw,k12s0|nll|raw,1,2,0.5365,0.5395,12/12,3.8
VisA/macaroni1,k12s0,maha,raw,k12s0|maha|raw,1,2,0.5214,0.5172,12/12,3.9
VisA/macaroni1,k12s0,chi2,raw,k12s0|chi2|raw,1,2,0.5182,0.5177,12/12,3.9
VisA/macaroni1,k12s500,nll,raw,k12s500|nll|raw,1,2,0.678,0.6708,12/12,10.1
VisA/macaroni1,k12s500,maha,raw,k12s500|maha|raw,1,2,0.6774,0.671,12/12,10.2
VisA/macaroni1,k12s500,chi2,raw,k12s500|chi2|raw,1,2,0.7773,0.7801,12/12,10.2
VisA/macaroni1,k12s8000,nll,raw,k12s8000|nll|raw,1,2,0.6206,0.6595,12/12,13.4
VisA/macaroni1,k12s8000,maha,raw,k12s8000|maha|raw,1,2,0.6237,0.6604,12/12,13.4
VisA/macaroni1,k12s8000,chi2,raw,k12s8000|chi2|raw,1,2,0.7318,0.7493,12/12,13.5
VisA/macaroni1,k24s2000,nll,raw,k24s2000|nll|raw,1,2,0.6574,0.6678,23/23,25.8
VisA/macaroni1,k24s2000,maha,raw,k24s2000|maha|raw,1,2,0.6612,0.6711,23/23,25.8
VisA/macaroni1,k24s2000,chi2,raw,k24s2000|chi2|raw,1,2,0.7609,0.7627,23/23,25.9
VisA/macaroni1,k12s0,nll,raw,k12s0|nll|raw,2,0,0.7213,0.7114,12/12,21.1
VisA/macaroni1,k12s0,maha,raw,k12s0|maha|raw,2,0,0.7022,0.7002,12/12,21.1
VisA/macaroni1,k12s0,chi2,raw,k12s0|chi2|raw,2,0,0.7342,0.7371,12/12,21.2
VisA/macaroni1,k12s500,nll,raw,k12s500|nll|raw,2,0,0.7001,0.6868,12/12,20.8
VisA/macaroni1,k12s500,maha,raw,k12s500|maha|raw,2,0,0.6689,0.6637,12/12,20.9
VisA/macaroni1,k12s500,chi2,raw,k12s500|chi2|raw,2,0,0.7592,0.7669,12/12,20.9
VisA/macaroni1,k12s8000,nll,raw,k12s8000|nll|raw,2,0,0.7414,0.7176,12/12,18.1
VisA/macaroni1,k12s8000,maha,raw,k12s8000|maha|raw,2,0,0.7405,0.7103,12/12,18.2
VisA/macaroni1,k12s8000,chi2,raw,k12s8000|chi2|raw,2,0,0.8284,0.8227,12/12,18.2
VisA/macaroni1,k24s2000,nll,raw,k24s2000|nll|raw,2,0,0.7338,0.7093,24/24,63.6
VisA/macaroni1,k24s2000,maha,raw,k24s2000|maha|raw,2,0,0.7199,0.7009,24/24,63.7
VisA/macaroni1,k24s2000,chi2,raw,k24s2000|chi2|raw,2,0,0.8256,0.8249,24/24,63.8
VisA/macaroni1,k12s0,nll,raw,k12s0|nll|raw,2,1,0.6928,0.6591,12/12,13.5
VisA/macaroni1,k12s0,maha,raw,k12s0|maha|raw,2,1,0.6702,0.6458,12/12,13.6
VisA/macaroni1,k12s0,chi2,raw,k12s0|chi2|raw,2,1,0.6894,0.6649,12/12,13.6
VisA/macaroni1,k12s500,nll,raw,k12s500|nll|raw,2,1,0.6958,0.6598,12/12,15.3
VisA/macaroni1,k12s500,maha,raw,k12s500|maha|raw,2,1,0.681,0.6622,12/12,15.3
VisA/macaroni1,k12s500,chi2,raw,k12s500|chi2|raw,2,1,0.7762,0.787,12/12,15.4
VisA/macaroni1,k12s8000,nll,raw,k12s8000|nll|raw,2,1,0.6965,0.6602,12/12,14.5
VisA/macaroni1,k12s8000,maha,raw,k12s8000|maha|raw,2,1,0.6954,0.6603,12/12,14.6
VisA/macaroni1,k12s8000,chi2,raw,k12s8000|chi2|raw,2,1,0.7314,0.7126,12/12,14.6
VisA/macaroni1,k24s2000,nll,raw,k24s2000|nll|raw,2,1,0.6836,0.6539,24/24,61.7
VisA/macaroni1,k24s2000,maha,raw,k24s2000|maha|raw,2,1,0.6797,0.6486,24/24,61.7
VisA/macaroni1,k24s2000,chi2,raw,k24s2000|chi2|raw,2,1,0.7594,0.7525,24/24,61.8
VisA/macaroni1,k12s0,nll,raw,k12s0|nll|raw,2,2,0.6736,0.6766,12/12,16.5
VisA/macaroni1,k12s0,maha,raw,k12s0|maha|raw,2,2,0.6473,0.6602,12/12,16.6
VisA/macaroni1,k12s0,chi2,raw,k12s0|chi2|raw,2,2,0.6807,0.6933,12/12,16.6
VisA/macaroni1,k12s500,nll,raw,k12s500|nll|raw,2,2,0.6973,0.6781,12/12,15.5
VisA/macaroni1,k12s500,maha,raw,k12s500|maha|raw,2,2,0.6319,0.6275,12/12,15.6
VisA/macaroni1,k12s500,chi2,raw,k12s500|chi2|raw,2,2,0.728,0.7471,12/12,15.6
VisA/macaroni1,k12s8000,nll,raw,k12s8000|nll|raw,2,2,0.7012,0.6959,12/12,20.6
VisA/macaroni1,k12s8000,maha,raw,k12s8000|maha|raw,2,2,0.7004,0.6893,12/12,20.7
VisA/macaroni1,k12s8000,chi2,raw,k12s8000|chi2|raw,2,2,0.7954,0.7882,12/12,20.7
VisA/macaroni1,k24s2000,nll,raw,k24s2000|nll|raw,2,2,0.7229,0.6999,24/24,54.5
VisA/macaroni1,k24s2000,maha,raw,k24s2000|maha|raw,2,2,0.7052,0.6881,24/24,54.6
VisA/macaroni1,k24s2000,chi2,raw,k24s2000|chi2|raw,2,2,0.7993,0.8088,24/24,54.6
mvtec_AD/leather,k12s0,nll,raw,k12s0|nll|raw,1,0,0.9999,0.9997,12/12,2.8
mvtec_AD/leather,k12s0,maha,raw,k12s0|maha|raw,1,0,0.9999,0.9997,12/12,2.9
mvtec_AD/leather,k12s0,chi2,raw,k12s0|chi2|raw,1,0,0.9999,0.9997,12/12,2.9
mvtec_AD/leather,k12s500,nll,raw,k12s500|nll|raw,1,0,0.9999,0.9997,12/12,5.2
mvtec_AD/leather,k12s500,maha,raw,k12s500|maha|raw,1,0,0.9999,0.9997,12/12,5.2
mvtec_AD/leather,k12s500,chi2,raw,k12s500|chi2|raw,1,0,1.0,1.0,12/12,5.2
mvtec_AD/leather,k12s8000,nll,raw,k12s8000|nll|raw,1,0,1.0,1.0,12/12,8.0
mvtec_AD/leather,k12s8000,maha,raw,k12s8000|maha|raw,1,0,1.0,1.0,12/12,8.0
mvtec_AD/leather,k12s8000,chi2,raw,k12s8000|chi2|raw,1,0,1.0,1.0,12/12,8.1
mvtec_AD/leather,k24s2000,nll,raw,k24s2000|nll|raw,1,0,1.0,1.0,23/23,16.9
mvtec_AD/leather,k24s2000,maha,raw,k24s2000|maha|raw,1,0,1.0,1.0,23/23,16.9
mvtec_AD/leather,k24s2000,chi2,raw,k24s2000|chi2|raw,1,0,1.0,1.0,23/23,17.0
mvtec_AD/leather,k12s0,nll,raw,k12s0|nll|raw,1,1,1.0,1.0,12/12,3.1
mvtec_AD/leather,k12s0,maha,raw,k12s0|maha|raw,1,1,1.0,1.0,12/12,3.1
mvtec_AD/leather,k12s0,chi2,raw,k12s0|chi2|raw,1,1,1.0,1.0,12/12,3.1
mvtec_AD/leather,k12s500,nll,raw,k12s500|nll|raw,1,1,1.0,1.0,12/12,5.1
mvtec_AD/leather,k12s500,maha,raw,k12s500|maha|raw,1,1,1.0,1.0,12/12,5.2
mvtec_AD/leather,k12s500,chi2,raw,k12s500|chi2|raw,1,1,1.0,1.0,12/12,5.2
mvtec_AD/leather,k12s8000,nll,raw,k12s8000|nll|raw,1,1,1.0,1.0,12/12,16.9
mvtec_AD/leather,k12s8000,maha,raw,k12s8000|maha|raw,1,1,1.0,1.0,12/12,16.9
mvtec_AD/leather,k12s8000,chi2,raw,k12s8000|chi2|raw,1,1,1.0,1.0,12/12,16.9
mvtec_AD/leather,k24s2000,nll,raw,k24s2000|nll|raw,1,1,1.0,1.0,23/23,15.2
mvtec_AD/leather,k24s2000,maha,raw,k24s2000|maha|raw,1,1,1.0,1.0,23/23,15.2
mvtec_AD/leather,k24s2000,chi2,raw,k24s2000|chi2|raw,1,1,1.0,1.0,23/23,15.3
mvtec_AD/leather,k12s0,nll,raw,k12s0|nll|raw,1,2,1.0,1.0,12/12,3.0
mvtec_AD/leather,k12s0,maha,raw,k12s0|maha|raw,1,2,1.0,1.0,12/12,3.0
mvtec_AD/leather,k12s0,chi2,raw,k12s0|chi2|raw,1,2,1.0,1.0,12/12,3.0
mvtec_AD/leather,k12s500,nll,raw,k12s500|nll|raw,1,2,1.0,1.0,12/12,6.1
mvtec_AD/leather,k12s500,maha,raw,k12s500|maha|raw,1,2,1.0,1.0,12/12,6.1
mvtec_AD/leather,k12s500,chi2,raw,k12s500|chi2|raw,1,2,1.0,1.0,12/12,6.1
mvtec_AD/leather,k12s8000,nll,raw,k12s8000|nll|raw,1,2,1.0,1.0,12/12,8.1
mvtec_AD/leather,k12s8000,maha,raw,k12s8000|maha|raw,1,2,1.0,1.0,12/12,8.1
mvtec_AD/leather,k12s8000,chi2,raw,k12s8000|chi2|raw,1,2,1.0,1.0,12/12,8.2
mvtec_AD/leather,k24s2000,nll,raw,k24s2000|nll|raw,1,2,1.0,1.0,23/23,14.9
mvtec_AD/leather,k24s2000,maha,raw,k24s2000|maha|raw,1,2,1.0,1.0,23/23,14.9
mvtec_AD/leather,k24s2000,chi2,raw,k24s2000|chi2|raw,1,2,1.0,1.0,23/23,14.9
mvtec_AD/leather,k12s0,nll,raw,k12s0|nll|raw,2,0,1.0,1.0,12/12,7.3
mvtec_AD/leather,k12s0,maha,raw,k12s0|maha|raw,2,0,1.0,1.0,12/12,7.4
mvtec_AD/leather,k12s0,chi2,raw,k12s0|chi2|raw,2,0,1.0,1.0,12/12,7.4
mvtec_AD/leather,k12s500,nll,raw,k12s500|nll|raw,2,0,0.9998,0.9993,12/12,33.1
mvtec_AD/leather,k12s500,maha,raw,k12s500|maha|raw,2,0,0.9996,0.999,12/12,33.1
mvtec_AD/leather,k12s500,chi2,raw,k12s500|chi2|raw,2,0,0.9998,0.9993,12/12,33.1
mvtec_AD/leather,k12s8000,nll,raw,k12s8000|nll|raw,2,0,1.0,1.0,12/12,27.5
mvtec_AD/leather,k12s8000,maha,raw,k12s8000|maha|raw,2,0,1.0,1.0,12/12,27.5
mvtec_AD/leather,k12s8000,chi2,raw,k12s8000|chi2|raw,2,0,1.0,1.0,12/12,27.5
mvtec_AD/leather,k24s2000,nll,raw,k24s2000|nll|raw,2,0,1.0,1.0,24/24,45.4
mvtec_AD/leather,k24s2000,maha,raw,k24s2000|maha|raw,2,0,1.0,1.0,24/24,45.5
mvtec_AD/leather,k24s2000,chi2,raw,k24s2000|chi2|raw,2,0,1.0,1.0,24/24,45.5
mvtec_AD/leather,k12s0,nll,raw,k12s0|nll|raw,2,1,1.0,1.0,12/12,7.2
mvtec_AD/leather,k12s0,maha,raw,k12s0|maha|raw,2,1,1.0,1.0,12/12,7.2
mvtec_AD/leather,k12s0,chi2,raw,k12s0|chi2|raw,2,1,1.0,1.0,12/12,7.2
mvtec_AD/leather,k12s500,nll,raw,k12s500|nll|raw,2,1,1.0,1.0,12/12,20.8
mvtec_AD/leather,k12s500,maha,raw,k12s500|maha|raw,2,1,1.0,1.0,12/12,20.8
mvtec_AD/leather,k12s500,chi2,raw,k12s500|chi2|raw,2,1,1.0,1.0,12/12,20.9
mvtec_AD/leather,k12s8000,nll,raw,k12s8000|nll|raw,2,1,1.0,1.0,12/12,18.9
mvtec_AD/leather,k12s8000,maha,raw,k12s8000|maha|raw,2,1,1.0,1.0,12/12,18.9
mvtec_AD/leather,k12s8000,chi2,raw,k12s8000|chi2|raw,2,1,1.0,1.0,12/12,19.0
mvtec_AD/leather,k24s2000,nll,raw,k24s2000|nll|raw,2,1,1.0,1.0,24/24,56.5
mvtec_AD/leather,k24s2000,maha,raw,k24s2000|maha|raw,2,1,1.0,1.0,24/24,56.6
mvtec_AD/leather,k24s2000,chi2,raw,k24s2000|chi2|raw,2,1,1.0,1.0,24/24,56.6
mvtec_AD/leather,k12s0,nll,raw,k12s0|nll|raw,2,2,1.0,1.0,12/12,20.8
mvtec_AD/leather,k12s0,maha,raw,k12s0|maha|raw,2,2,1.0,1.0,12/12,20.8
mvtec_AD/leather,k12s0,chi2,raw,k12s0|chi2|raw,2,2,1.0,1.0,12/12,20.8
mvtec_AD/leather,k12s500,nll,raw,k12s500|nll|raw,2,2,1.0,1.0,12/12,12.2
mvtec_AD/leather,k12s500,maha,raw,k12s500|maha|raw,2,2,1.0,1.0,12/12,12.2
mvtec_AD/leather,k12s500,chi2,raw,k12s500|chi2|raw,2,2,1.0,1.0,12/12,12.2
mvtec_AD/leather,k12s8000,nll,raw,k12s8000|nll|raw,2,2,1.0,1.0,12/12,25.0
mvtec_AD/leather,k12s8000,maha,raw,k12s8000|maha|raw,2,2,1.0,1.0,12/12,25.0
mvtec_AD/leather,k12s8000,chi2,raw,k12s8000|chi2|raw,2,2,1.0,1.0,12/12,25.1
mvtec_AD/leather,k24s2000,nll,raw,k24s2000|nll|raw,2,2,1.0,1.0,24/24,45.0
mvtec_AD/leather,k24s2000,maha,raw,k24s2000|maha|raw,2,2,1.0,1.0,24/24,45.1
mvtec_AD/leather,k24s2000,chi2,raw,k24s2000|chi2|raw,2,2,1.0,1.0,24/24,45.1
VisA/macaroni2,k12s0,nll,raw,k12s0|nll|raw,1,0,0.4681,0.4863,12/12,6.6
VisA/macaroni2,k12s0,maha,raw,k12s0|maha|raw,1,0,0.468,0.4806,12/12,6.7
VisA/macaroni2,k12s0,chi2,raw,k12s0|chi2|raw,1,0,0.471,0.483,12/12,6.7
VisA/macaroni2,k12s500,nll,raw,k12s500|nll|raw,1,0,0.455,0.4729,12/12,9.2
VisA/macaroni2,k12s500,maha,raw,k12s500|maha|raw,1,0,0.4536,0.4711,12/12,9.3
VisA/macaroni2,k12s500,chi2,raw,k12s500|chi2|raw,1,0,0.4868,0.5298,12/12,9.4
VisA/macaroni2,k12s8000,nll,raw,k12s8000|nll|raw,1,0,0.4565,0.481,12/12,10.8
VisA/macaroni2,k12s8000,maha,raw,k12s8000|maha|raw,1,0,0.4546,0.4776,12/12,10.9
VisA/macaroni2,k12s8000,chi2,raw,k12s8000|chi2|raw,1,0,0.4758,0.5109,12/12,10.9
VisA/macaroni2,k24s2000,nll,raw,k24s2000|nll|raw,1,0,0.461,0.4825,23/23,20.1
VisA/macaroni2,k24s2000,maha,raw,k24s2000|maha|raw,1,0,0.457,0.4765,23/23,20.2
VisA/macaroni2,k24s2000,chi2,raw,k24s2000|chi2|raw,1,0,0.4923,0.5345,23/23,20.2
VisA/macaroni2,k12s0,nll,raw,k12s0|nll|raw,1,1,0.4829,0.5158,12/12,3.8
VisA/macaroni2,k12s0,maha,raw,k12s0|maha|raw,1,1,0.4859,0.522,12/12,3.8
VisA/macaroni2,k12s0,chi2,raw,k12s0|chi2|raw,1,1,0.4855,0.5176,12/12,3.9
VisA/macaroni2,k12s500,nll,raw,k12s500|nll|raw,1,1,0.4949,0.5213,12/12,10.3
VisA/macaroni2,k12s500,maha,raw,k12s500|maha|raw,1,1,0.5091,0.5348,12/12,10.3
VisA/macaroni2,k12s500,chi2,raw,k12s500|chi2|raw,1,1,0.6268,0.6488,12/12,10.4
VisA/macaroni2,k12s8000,nll,raw,k12s8000|nll|raw,1,1,0.4762,0.4937,12/12,11.6
VisA/macaroni2,k12s8000,maha,raw,k12s8000|maha|raw,1,1,0.4777,0.4969,12/12,11.6
VisA/macaroni2,k12s8000,chi2,raw,k12s8000|chi2|raw,1,1,0.5337,0.5686,12/12,11.7
VisA/macaroni2,k24s2000,nll,raw,k24s2000|nll|raw,1,1,0.4782,0.4946,23/23,25.7
VisA/macaroni2,k24s2000,maha,raw,k24s2000|maha|raw,1,1,0.4742,0.4934,23/23,25.8
VisA/macaroni2,k24s2000,chi2,raw,k24s2000|chi2|raw,1,1,0.5514,0.5892,23/23,25.8
VisA/macaroni2,k12s0,nll,raw,k12s0|nll|raw,1,2,0.5884,0.6015,12/12,4.1
VisA/macaroni2,k12s0,maha,raw,k12s0|maha|raw,1,2,0.5847,0.6036,12/12,4.2
VisA/macaroni2,k12s0,chi2,raw,k12s0|chi2|raw,1,2,0.5819,0.5958,12/12,4.3
VisA/macaroni2,k12s500,nll,raw,k12s500|nll|raw,1,2,0.5492,0.5909,12/12,8.8
VisA/macaroni2,k12s500,maha,raw,k12s500|maha|raw,1,2,0.5497,0.5868,12/12,8.8
VisA/macaroni2,k12s500,chi2,raw,k12s500|chi2|raw,1,2,0.5891,0.6295,12/12,8.9
VisA/macaroni2,k12s8000,nll,raw,k12s8000|nll|raw,1,2,0.5199,0.5586,12/12,9.1
VisA/macaroni2,k12s8000,maha,raw,k12s8000|maha|raw,1,2,0.5197,0.5603,12/12,9.2
VisA/macaroni2,k12s8000,chi2,raw,k12s8000|chi2|raw,1,2,0.5635,0.6103,12/12,9.2
VisA/macaroni2,k24s2000,nll,raw,k24s2000|nll|raw,1,2,0.5311,0.5748,23/23,14.4
VisA/macaroni2,k24s2000,maha,raw,k24s2000|maha|raw,1,2,0.5317,0.5692,23/23,14.4
VisA/macaroni2,k24s2000,chi2,raw,k24s2000|chi2|raw,1,2,0.5744,0.6228,23/23,14.5
VisA/macaroni2,k12s0,nll,raw,k12s0|nll|raw,2,0,0.556,0.5432,12/12,10.9
VisA/macaroni2,k12s0,maha,raw,k12s0|maha|raw,2,0,0.5398,0.5194,12/12,11.0
VisA/macaroni2,k12s0,chi2,raw,k12s0|chi2|raw,2,0,0.5504,0.5359,12/12,11.1
VisA/macaroni2,k12s500,nll,raw,k12s500|nll|raw,2,0,0.536,0.546,12/12,15.0
VisA/macaroni2,k12s500,maha,raw,k12s500|maha|raw,2,0,0.5211,0.5224,12/12,15.0
VisA/macaroni2,k12s500,chi2,raw,k12s500|chi2|raw,2,0,0.6054,0.6134,12/12,15.1
VisA/macaroni2,k12s8000,nll,raw,k12s8000|nll|raw,2,0,0.49,0.5177,12/12,13.9
VisA/macaroni2,k12s8000,maha,raw,k12s8000|maha|raw,2,0,0.483,0.511,12/12,14.0
VisA/macaroni2,k12s8000,chi2,raw,k12s8000|chi2|raw,2,0,0.5513,0.5922,12/12,14.0
VisA/macaroni2,k24s2000,nll,raw,k24s2000|nll|raw,2,0,0.5088,0.5247,24/24,33.2
VisA/macaroni2,k24s2000,maha,raw,k24s2000|maha|raw,2,0,0.5066,0.5152,24/24,33.2
VisA/macaroni2,k24s2000,chi2,raw,k24s2000|chi2|raw,2,0,0.6128,0.6258,24/24,33.3
VisA/macaroni2,k12s0,nll,raw,k12s0|nll|raw,2,1,0.4812,0.5233,12/12,12.0
VisA/macaroni2,k12s0,maha,raw,k12s0|maha|raw,2,1,0.5008,0.5418,12/12,12.1
VisA/macaroni2,k12s0,chi2,raw,k12s0|chi2|raw,2,1,0.5079,0.5556,12/12,12.1
VisA/macaroni2,k12s500,nll,raw,k12s500|nll|raw,2,1,0.5041,0.5275,12/12,16.6
VisA/macaroni2,k12s500,maha,raw,k12s500|maha|raw,2,1,0.4899,0.5171,12/12,16.6
VisA/macaroni2,k12s500,chi2,raw,k12s500|chi2|raw,2,1,0.6145,0.6351,12/12,16.7
VisA/macaroni2,k12s8000,nll,raw,k12s8000|nll|raw,2,1,0.4712,0.4821,12/12,18.8
VisA/macaroni2,k12s8000,maha,raw,k12s8000|maha|raw,2,1,0.4665,0.4758,12/12,18.8
VisA/macaroni2,k12s8000,chi2,raw,k12s8000|chi2|raw,2,1,0.5429,0.5592,12/12,18.9
VisA/macaroni2,k24s2000,nll,raw,k24s2000|nll|raw,2,1,0.4614,0.4687,24/24,35.7
VisA/macaroni2,k24s2000,maha,raw,k24s2000|maha|raw,2,1,0.4558,0.4657,24/24,35.7
VisA/macaroni2,k24s2000,chi2,raw,k24s2000|chi2|raw,2,1,0.561,0.5913,24/24,35.8
VisA/macaroni2,k12s0,nll,raw,k12s0|nll|raw,2,2,0.5549,0.5861,12/12,13.1
VisA/macaroni2,k12s0,maha,raw,k12s0|maha|raw,2,2,0.5469,0.5648,12/12,13.1
VisA/macaroni2,k12s0,chi2,raw,k12s0|chi2|raw,2,2,0.5614,0.5793,12/12,13.2
VisA/macaroni2,k12s500,nll,raw,k12s500|nll|raw,2,2,0.5284,0.5666,12/12,12.6
VisA/macaroni2,k12s500,maha,raw,k12s500|maha|raw,2,2,0.5308,0.5584,12/12,12.6
VisA/macaroni2,k12s500,chi2,raw,k12s500|chi2|raw,2,2,0.5796,0.6047,12/12,12.7
VisA/macaroni2,k12s8000,nll,raw,k12s8000|nll|raw,2,2,0.5143,0.5555,12/12,14.9
VisA/macaroni2,k12s8000,maha,raw,k12s8000|maha|raw,2,2,0.5183,0.5548,12/12,14.9
VisA/macaroni2,k12s8000,chi2,raw,k12s8000|chi2|raw,2,2,0.5811,0.6071,12/12,15.0
VisA/macaroni2,k24s2000,nll,raw,k24s2000|nll|raw,2,2,0.519,0.5543,24/24,39.8
VisA/macaroni2,k24s2000,maha,raw,k24s2000|maha|raw,2,2,0.5245,0.5562,24/24,39.8
VisA/macaroni2,k24s2000,chi2,raw,k24s2000|chi2|raw,2,2,0.5812,0.6089,24/24,39.9
mvtec_AD/metal_nut,k12s0,nll,raw,k12s0|nll|raw,1,0,0.9907,0.9633,12/12,5.5
mvtec_AD/metal_nut,k12s0,maha,raw,k12s0|maha|raw,1,0,0.9875,0.9536,12/12,5.5
mvtec_AD/metal_nut,k12s0,chi2,raw,k12s0|chi2|raw,1,0,0.987,0.9521,12/12,5.6
mvtec_AD/metal_nut,k12s500,nll,raw,k12s500|nll|raw,1,0,0.9864,0.9438,12/12,7.2
mvtec_AD/metal_nut,k12s500,maha,raw,k12s500|maha|raw,1,0,0.9881,0.9501,12/12,7.2
mvtec_AD/metal_nut,k12s500,chi2,raw,k12s500|chi2|raw,1,0,0.9956,0.9809,12/12,7.2
mvtec_AD/metal_nut,k12s8000,nll,raw,k12s8000|nll|raw,1,0,0.9873,0.9482,12/12,13.9
mvtec_AD/metal_nut,k12s8000,maha,raw,k12s8000|maha|raw,1,0,0.9887,0.9531,12/12,13.9
mvtec_AD/metal_nut,k12s8000,chi2,raw,k12s8000|chi2|raw,1,0,0.9946,0.9775,12/12,13.9
mvtec_AD/metal_nut,k24s2000,nll,raw,k24s2000|nll|raw,1,0,0.9857,0.9413,23/23,14.6
mvtec_AD/metal_nut,k24s2000,maha,raw,k24s2000|maha|raw,1,0,0.9862,0.9428,23/23,14.6
mvtec_AD/metal_nut,k24s2000,chi2,raw,k24s2000|chi2|raw,1,0,0.9948,0.978,23/23,14.6
mvtec_AD/metal_nut,k12s0,nll,raw,k12s0|nll|raw,1,1,0.9749,0.8915,12/12,4.5
mvtec_AD/metal_nut,k12s0,maha,raw,k12s0|maha|raw,1,1,0.976,0.8998,12/12,4.5
mvtec_AD/metal_nut,k12s0,chi2,raw,k12s0|chi2|raw,1,1,0.9746,0.8939,12/12,4.6
mvtec_AD/metal_nut,k12s500,nll,raw,k12s500|nll|raw,1,1,0.9683,0.8612,12/12,6.9
mvtec_AD/metal_nut,k12s500,maha,raw,k12s500|maha|raw,1,1,0.9671,0.8553,12/12,7.0
mvtec_AD/metal_nut,k12s500,chi2,raw,k12s500|chi2|raw,1,1,0.9777,0.9003,12/12,7.0
mvtec_AD/metal_nut,k12s8000,nll,raw,k12s8000|nll|raw,1,1,0.9684,0.8636,12/12,9.6
mvtec_AD/metal_nut,k12s8000,maha,raw,k12s8000|maha|raw,1,1,0.9695,0.8666,12/12,9.6
mvtec_AD/metal_nut,k12s8000,chi2,raw,k12s8000|chi2|raw,1,1,0.9784,0.9047,12/12,9.7
mvtec_AD/metal_nut,k24s2000,nll,raw,k24s2000|nll|raw,1,1,0.9666,0.8548,23/23,19.5
mvtec_AD/metal_nut,k24s2000,maha,raw,k24s2000|maha|raw,1,1,0.9667,0.8553,23/23,19.5
mvtec_AD/metal_nut,k24s2000,chi2,raw,k24s2000|chi2|raw,1,1,0.9798,0.9096,23/23,19.6
mvtec_AD/metal_nut,k12s0,nll,raw,k12s0|nll|raw,1,2,0.9902,0.9599,12/12,4.1
mvtec_AD/metal_nut,k12s0,maha,raw,k12s0|maha|raw,1,2,0.9891,0.9575,12/12,4.2
mvtec_AD/metal_nut,k12s0,chi2,raw,k12s0|chi2|raw,1,2,0.9899,0.9594,12/12,4.2
mvtec_AD/metal_nut,k12s500,nll,raw,k12s500|nll|raw,1,2,0.9768,0.9057,12/12,5.8
mvtec_AD/metal_nut,k12s500,maha,raw,k12s500|maha|raw,1,2,0.9784,0.9115,12/12,5.8
mvtec_AD/metal_nut,k12s500,chi2,raw,k12s500|chi2|raw,1,2,0.9854,0.9384,12/12,5.8
mvtec_AD/metal_nut,k12s8000,nll,raw,k12s8000|nll|raw,1,2,0.975,0.8998,12/12,6.5
mvtec_AD/metal_nut,k12s8000,maha,raw,k12s8000|maha|raw,1,2,0.9748,0.8988,12/12,6.5
mvtec_AD/metal_nut,k12s8000,chi2,raw,k12s8000|chi2|raw,1,2,0.9846,0.937,12/12,6.6
mvtec_AD/metal_nut,k24s2000,nll,raw,k24s2000|nll|raw,1,2,0.9774,0.9091,23/23,15.4
mvtec_AD/metal_nut,k24s2000,maha,raw,k24s2000|maha|raw,1,2,0.9779,0.9106,23/23,15.4
mvtec_AD/metal_nut,k24s2000,chi2,raw,k24s2000|chi2|raw,1,2,0.9867,0.9448,23/23,15.4
mvtec_AD/metal_nut,k12s0,nll,raw,k12s0|nll|raw,2,0,0.9867,0.9384,12/12,14.3
mvtec_AD/metal_nut,k12s0,maha,raw,k12s0|maha|raw,2,0,0.9892,0.9511,12/12,14.4
mvtec_AD/metal_nut,k12s0,chi2,raw,k12s0|chi2|raw,2,0,0.992,0.9643,12/12,14.4
mvtec_AD/metal_nut,k12s500,nll,raw,k12s500|nll|raw,2,0,0.9767,0.8983,12/12,13.2
mvtec_AD/metal_nut,k12s500,maha,raw,k12s500|maha|raw,2,0,0.9788,0.9057,12/12,13.2
mvtec_AD/metal_nut,k12s500,chi2,raw,k12s500|chi2|raw,2,0,0.9924,0.9658,12/12,13.2
mvtec_AD/metal_nut,k12s8000,nll,raw,k12s8000|nll|raw,2,0,0.9781,0.9066,12/12,11.6
mvtec_AD/metal_nut,k12s8000,maha,raw,k12s8000|maha|raw,2,0,0.9794,0.9115,12/12,11.6
mvtec_AD/metal_nut,k12s8000,chi2,raw,k12s8000|chi2|raw,2,0,0.9896,0.9545,12/12,11.7
mvtec_AD/metal_nut,k24s2000,nll,raw,k24s2000|nll|raw,2,0,0.9776,0.9027,24/24,25.0
mvtec_AD/metal_nut,k24s2000,maha,raw,k24s2000|maha|raw,2,0,0.9787,0.9062,24/24,25.0
mvtec_AD/metal_nut,k24s2000,chi2,raw,k24s2000|chi2|raw,2,0,0.9922,0.9648,24/24,25.1
mvtec_AD/metal_nut,k12s0,nll,raw,k12s0|nll|raw,2,1,0.9809,0.914,12/12,15.8
mvtec_AD/metal_nut,k12s0,maha,raw,k12s0|maha|raw,2,1,0.9927,0.9682,12/12,15.9
mvtec_AD/metal_nut,k12s0,chi2,raw,k12s0|chi2|raw,2,1,0.9954,0.9804,12/12,15.9
mvtec_AD/metal_nut,k12s500,nll,raw,k12s500|nll|raw,2,1,0.9702,0.869,12/12,8.0
mvtec_AD/metal_nut,k12s500,maha,raw,k12s500|maha|raw,2,1,0.9702,0.8671,12/12,8.1
mvtec_AD/metal_nut,k12s500,chi2,raw,k12s500|chi2|raw,2,1,0.9833,0.9242,12/12,8.1
mvtec_AD/metal_nut,k12s8000,nll,raw,k12s8000|nll|raw,2,1,0.9699,0.8715,12/12,16.2
mvtec_AD/metal_nut,k12s8000,maha,raw,k12s8000|maha|raw,2,1,0.9702,0.8719,12/12,16.2
mvtec_AD/metal_nut,k12s8000,chi2,raw,k12s8000|chi2|raw,2,1,0.9838,0.9282,12/12,16.3
mvtec_AD/metal_nut,k24s2000,nll,raw,k24s2000|nll|raw,2,1,0.9703,0.8719,24/24,21.7
mvtec_AD/metal_nut,k24s2000,maha,raw,k24s2000|maha|raw,2,1,0.9713,0.8749,24/24,21.7
mvtec_AD/metal_nut,k24s2000,chi2,raw,k24s2000|chi2|raw,2,1,0.9849,0.933,24/24,21.7
mvtec_AD/metal_nut,k12s0,nll,raw,k12s0|nll|raw,2,2,0.9829,0.9286,12/12,21.0
mvtec_AD/metal_nut,k12s0,maha,raw,k12s0|maha|raw,2,2,0.9847,0.9365,12/12,21.0
mvtec_AD/metal_nut,k12s0,chi2,raw,k12s0|chi2|raw,2,2,0.9881,0.9511,12/12,21.0
mvtec_AD/metal_nut,k12s500,nll,raw,k12s500|nll|raw,2,2,0.9794,0.9159,12/12,8.2
mvtec_AD/metal_nut,k12s500,maha,raw,k12s500|maha|raw,2,2,0.9807,0.9208,12/12,8.3
mvtec_AD/metal_nut,k12s500,chi2,raw,k12s500|chi2|raw,2,2,0.9899,0.9589,12/12,8.3
mvtec_AD/metal_nut,k12s8000,nll,raw,k12s8000|nll|raw,2,2,0.9778,0.911,12/12,20.1
mvtec_AD/metal_nut,k12s8000,maha,raw,k12s8000|maha|raw,2,2,0.9784,0.913,12/12,20.1
mvtec_AD/metal_nut,k12s8000,chi2,raw,k12s8000|chi2|raw,2,2,0.9887,0.9536,12/12,20.1
mvtec_AD/metal_nut,k24s2000,nll,raw,k24s2000|nll|raw,2,2,0.9788,0.9145,24/24,24.7
mvtec_AD/metal_nut,k24s2000,maha,raw,k24s2000|maha|raw,2,2,0.9798,0.9179,24/24,24.7
mvtec_AD/metal_nut,k24s2000,chi2,raw,k24s2000|chi2|raw,2,2,0.9906,0.9614,24/24,24.8
VisA/pcb1,k12s0,nll,raw,k12s0|nll|raw,1,0,0.8455,0.8304,12/12,4.5
VisA/pcb1,k12s0,maha,raw,k12s0|maha|raw,1,0,0.8346,0.8206,12/12,4.5
VisA/pcb1,k12s0,chi2,raw,k12s0|chi2|raw,1,0,0.8248,0.807,12/12,4.6
VisA/pcb1,k12s500,nll,raw,k12s500|nll|raw,1,0,0.9638,0.9657,12/12,9.6
VisA/pcb1,k12s500,maha,raw,k12s500|maha|raw,1,0,0.936,0.9497,12/12,9.6
VisA/pcb1,k12s500,chi2,raw,k12s500|chi2|raw,1,0,0.9316,0.9462,12/12,9.7
VisA/pcb1,k12s8000,nll,raw,k12s8000|nll|raw,1,0,0.9612,0.9611,12/12,11.4
VisA/pcb1,k12s8000,maha,raw,k12s8000|maha|raw,1,0,0.9628,0.9624,12/12,11.4
VisA/pcb1,k12s8000,chi2,raw,k12s8000|chi2|raw,1,0,0.9596,0.9611,12/12,11.5
VisA/pcb1,k24s2000,nll,raw,k24s2000|nll|raw,1,0,0.9642,0.9665,23/23,18.8
VisA/pcb1,k24s2000,maha,raw,k24s2000|maha|raw,1,0,0.9602,0.9639,23/23,18.8
VisA/pcb1,k24s2000,chi2,raw,k24s2000|chi2|raw,1,0,0.9435,0.9538,23/23,18.9
VisA/pcb1,k12s0,nll,raw,k12s0|nll|raw,1,1,0.7548,0.7248,12/12,6.1
VisA/pcb1,k12s0,maha,raw,k12s0|maha|raw,1,1,0.754,0.7257,12/12,6.1
VisA/pcb1,k12s0,chi2,raw,k12s0|chi2|raw,1,1,0.7575,0.7271,12/12,6.2
VisA/pcb1,k12s500,nll,raw,k12s500|nll|raw,1,1,0.9472,0.9451,12/12,7.8
VisA/pcb1,k12s500,maha,raw,k12s500|maha|raw,1,1,0.9226,0.9354,12/12,7.8
VisA/pcb1,k12s500,chi2,raw,k12s500|chi2|raw,1,1,0.919,0.9307,12/12,7.9
VisA/pcb1,k12s8000,nll,raw,k12s8000|nll|raw,1,1,0.9464,0.9438,12/12,9.5
VisA/pcb1,k12s8000,maha,raw,k12s8000|maha|raw,1,1,0.9459,0.9431,12/12,9.6
VisA/pcb1,k12s8000,chi2,raw,k12s8000|chi2|raw,1,1,0.9471,0.9485,12/12,9.7
VisA/pcb1,k24s2000,nll,raw,k24s2000|nll|raw,1,1,0.9471,0.9469,23/23,17.2
VisA/pcb1,k24s2000,maha,raw,k24s2000|maha|raw,1,1,0.9441,0.9461,23/23,17.3
VisA/pcb1,k24s2000,chi2,raw,k24s2000|chi2|raw,1,1,0.9394,0.94,23/23,17.3
VisA/pcb1,k12s0,nll,raw,k12s0|nll|raw,1,2,0.8063,0.7686,12/12,5.9
VisA/pcb1,k12s0,maha,raw,k12s0|maha|raw,1,2,0.8003,0.7605,12/12,5.9
VisA/pcb1,k12s0,chi2,raw,k12s0|chi2|raw,1,2,0.7876,0.7413,12/12,6.0
VisA/pcb1,k12s500,nll,raw,k12s500|nll|raw,1,2,0.9578,0.964,12/12,6.0
VisA/pcb1,k12s500,maha,raw,k12s500|maha|raw,1,2,0.939,0.9484,12/12,6.0
VisA/pcb1,k12s500,chi2,raw,k12s500|chi2|raw,1,2,0.9472,0.9505,12/12,6.1
VisA/pcb1,k12s8000,nll,raw,k12s8000|nll|raw,1,2,0.9618,0.9667,12/12,6.7
VisA/pcb1,k12s8000,maha,raw,k12s8000|maha|raw,1,2,0.9598,0.9651,12/12,6.8
VisA/pcb1,k12s8000,chi2,raw,k12s8000|chi2|raw,1,2,0.9634,0.967,12/12,6.8
VisA/pcb1,k24s2000,nll,raw,k24s2000|nll|raw,1,2,0.9638,0.97,23/23,15.2
VisA/pcb1,k24s2000,maha,raw,k24s2000|maha|raw,1,2,0.9595,0.9684,23/23,15.3
VisA/pcb1,k24s2000,chi2,raw,k24s2000|chi2|raw,1,2,0.9562,0.9621,23/23,15.3
VisA/pcb1,k12s0,nll,raw,k12s0|nll|raw,2,0,0.8419,0.8443,12/12,9.8
VisA/pcb1,k12s0,maha,raw,k12s0|maha|raw,2,0,0.8193,0.8205,12/12,9.9
VisA/pcb1,k12s0,chi2,raw,k12s0|chi2|raw,2,0,0.808,0.8021,12/12,10.0
VisA/pcb1,k12s500,nll,raw,k12s500|nll|raw,2,0,0.9497,0.9529,12/12,9.6
VisA/pcb1,k12s500,maha,raw,k12s500|maha|raw,2,0,0.9088,0.9317,12/12,9.6
VisA/pcb1,k12s500,chi2,raw,k12s500|chi2|raw,2,0,0.9095,0.9344,12/12,9.7
VisA/pcb1,k12s8000,nll,raw,k12s8000|nll|raw,2,0,0.9763,0.9765,12/12,19.1
VisA/pcb1,k12s8000,maha,raw,k12s8000|maha|raw,2,0,0.9772,0.9777,12/12,19.1
VisA/pcb1,k12s8000,chi2,raw,k12s8000|chi2|raw,2,0,0.9704,0.9711,12/12,19.2
VisA/pcb1,k24s2000,nll,raw,k24s2000|nll|raw,2,0,0.9545,0.9568,24/24,24.0
VisA/pcb1,k24s2000,maha,raw,k24s2000|maha|raw,2,0,0.9487,0.9527,24/24,24.1
VisA/pcb1,k24s2000,chi2,raw,k24s2000|chi2|raw,2,0,0.9519,0.9552,24/24,24.2
VisA/pcb1,k12s0,nll,raw,k12s0|nll|raw,2,1,0.882,0.8668,12/12,10.2
VisA/pcb1,k12s0,maha,raw,k12s0|maha|raw,2,1,0.8737,0.8621,12/12,10.3
VisA/pcb1,k12s0,chi2,raw,k12s0|chi2|raw,2,1,0.8621,0.8536,12/12,10.3
VisA/pcb1,k12s500,nll,raw,k12s500|nll|raw,2,1,0.8815,0.8859,12/12,11.1
VisA/pcb1,k12s500,maha,raw,k12s500|maha|raw,2,1,0.855,0.8569,12/12,11.1
VisA/pcb1,k12s500,chi2,raw,k12s500|chi2|raw,2,1,0.8365,0.8505,12/12,11.2
VisA/pcb1,k12s8000,nll,raw,k12s8000|nll|raw,2,1,0.9428,0.9402,12/12,9.9
VisA/pcb1,k12s8000,maha,raw,k12s8000|maha|raw,2,1,0.9413,0.94,12/12,9.9
VisA/pcb1,k12s8000,chi2,raw,k12s8000|chi2|raw,2,1,0.9188,0.9256,12/12,10.0
VisA/pcb1,k24s2000,nll,raw,k24s2000|nll|raw,2,1,0.9085,0.9146,24/24,28.0
VisA/pcb1,k24s2000,maha,raw,k24s2000|maha|raw,2,1,0.9004,0.9063,24/24,28.0
VisA/pcb1,k24s2000,chi2,raw,k24s2000|chi2|raw,2,1,0.8933,0.9028,24/24,28.1
VisA/pcb1,k12s0,nll,raw,k12s0|nll|raw,2,2,0.9396,0.9427,12/12,10.9
VisA/pcb1,k12s0,maha,raw,k12s0|maha|raw,2,2,0.925,0.9291,12/12,11.0
VisA/pcb1,k12s0,chi2,raw,k12s0|chi2|raw,2,2,0.9174,0.9218,12/12,11.1
VisA/pcb1,k12s500,nll,raw,k12s500|nll|raw,2,2,0.9512,0.9582,12/12,13.2
VisA/pcb1,k12s500,maha,raw,k12s500|maha|raw,2,2,0.9062,0.9252,12/12,13.3
VisA/pcb1,k12s500,chi2,raw,k12s500|chi2|raw,2,2,0.9216,0.9326,12/12,13.4
VisA/pcb1,k12s8000,nll,raw,k12s8000|nll|raw,2,2,0.9644,0.969,12/12,9.6
VisA/pcb1,k12s8000,maha,raw,k12s8000|maha|raw,2,2,0.9686,0.9727,12/12,9.6
VisA/pcb1,k12s8000,chi2,raw,k12s8000|chi2|raw,2,2,0.9627,0.9652,12/12,9.7
VisA/pcb1,k24s2000,nll,raw,k24s2000|nll|raw,2,2,0.9688,0.9713,24/24,23.6
VisA/pcb1,k24s2000,maha,raw,k24s2000|maha|raw,2,2,0.9639,0.9673,24/24,23.6
VisA/pcb1,k24s2000,chi2,raw,k24s2000|chi2|raw,2,2,0.9567,0.9563,24/24,23.7
mvtec_AD/pill,k12s0,nll,raw,k12s0|nll|raw,1,0,0.9813,0.9026,12/12,3.4
mvtec_AD/pill,k12s0,maha,raw,k12s0|maha|raw,1,0,0.98,0.8963,12/12,3.4
mvtec_AD/pill,k12s0,chi2,raw,k12s0|chi2|raw,1,0,0.981,0.9004,12/12,3.5
mvtec_AD/pill,k12s500,nll,raw,k12s500|nll|raw,1,0,0.9813,0.904,12/12,6.8
mvtec_AD/pill,k12s500,maha,raw,k12s500|maha|raw,1,0,0.9814,0.9029,12/12,6.8
mvtec_AD/pill,k12s500,chi2,raw,k12s500|chi2|raw,1,0,0.9881,0.9362,12/12,6.9
mvtec_AD/pill,k12s8000,nll,raw,k12s8000|nll|raw,1,0,0.9857,0.925,12/12,10.3
mvtec_AD/pill,k12s8000,maha,raw,k12s8000|maha|raw,1,0,0.9848,0.9201,12/12,10.4
mvtec_AD/pill,k12s8000,chi2,raw,k12s8000|chi2|raw,1,0,0.9879,0.9348,12/12,10.4
mvtec_AD/pill,k24s2000,nll,raw,k24s2000|nll|raw,1,0,0.9796,0.8966,23/23,16.5
mvtec_AD/pill,k24s2000,maha,raw,k24s2000|maha|raw,1,0,0.9794,0.8953,23/23,16.6
mvtec_AD/pill,k24s2000,chi2,raw,k24s2000|chi2|raw,1,0,0.9861,0.9264,23/23,16.6
mvtec_AD/pill,k12s0,nll,raw,k12s0|nll|raw,1,1,0.9675,0.8295,12/12,3.4
mvtec_AD/pill,k12s0,maha,raw,k12s0|maha|raw,1,1,0.9664,0.8243,12/12,3.5
mvtec_AD/pill,k12s0,chi2,raw,k12s0|chi2|raw,1,1,0.9671,0.826,12/12,3.5
mvtec_AD/pill,k12s500,nll,raw,k12s500|nll|raw,1,1,0.9879,0.9334,12/12,7.2
mvtec_AD/pill,k12s500,maha,raw,k12s500|maha|raw,1,1,0.986,0.9253,12/12,7.3
mvtec_AD/pill,k12s500,chi2,raw,k12s500|chi2|raw,1,1,0.9883,0.9392,12/12,7.3
mvtec_AD/pill,k12s8000,nll,raw,k12s8000|nll|raw,1,1,0.9915,0.9525,12/12,16.0
mvtec_AD/pill,k12s8000,maha,raw,k12s8000|maha|raw,1,1,0.9915,0.9528,12/12,16.0
mvtec_AD/pill,k12s8000,chi2,raw,k12s8000|chi2|raw,1,1,0.9922,0.9572,12/12,16.1
mvtec_AD/pill,k24s2000,nll,raw,k24s2000|nll|raw,1,1,0.9895,0.9422,23/23,25.0
mvtec_AD/pill,k24s2000,maha,raw,k24s2000|maha|raw,1,1,0.9889,0.9386,23/23,25.1
mvtec_AD/pill,k24s2000,chi2,raw,k24s2000|chi2|raw,1,1,0.9889,0.9411,23/23,25.1
mvtec_AD/pill,k12s0,nll,raw,k12s0|nll|raw,1,2,0.9766,0.8729,12/12,3.5
mvtec_AD/pill,k12s0,maha,raw,k12s0|maha|raw,1,2,0.9726,0.8516,12/12,3.5
mvtec_AD/pill,k12s0,chi2,raw,k12s0|chi2|raw,1,2,0.9727,0.8511,12/12,3.5
mvtec_AD/pill,k12s500,nll,raw,k12s500|nll|raw,1,2,0.9842,0.9173,12/12,9.2
mvtec_AD/pill,k12s500,maha,raw,k12s500|maha|raw,1,2,0.9846,0.9179,12/12,9.3
mvtec_AD/pill,k12s500,chi2,raw,k12s500|chi2|raw,1,2,0.9924,0.9583,12/12,9.3
mvtec_AD/pill,k12s8000,nll,raw,k12s8000|nll|raw,1,2,0.9896,0.9411,12/12,10.0
mvtec_AD/pill,k12s8000,maha,raw,k12s8000|maha|raw,1,2,0.9901,0.9438,12/12,10.0
mvtec_AD/pill,k12s8000,chi2,raw,k12s8000|chi2|raw,1,2,0.9923,0.9566,12/12,10.1
mvtec_AD/pill,k24s2000,nll,raw,k24s2000|nll|raw,1,2,0.9862,0.9253,23/23,12.0
mvtec_AD/pill,k24s2000,maha,raw,k24s2000|maha|raw,1,2,0.9854,0.9206,23/23,12.0
mvtec_AD/pill,k24s2000,chi2,raw,k24s2000|chi2|raw,1,2,0.9906,0.9482,23/23,12.1
mvtec_AD/pill,k12s0,nll,raw,k12s0|nll|raw,2,0,0.9838,0.9138,12/12,10.3
mvtec_AD/pill,k12s0,maha,raw,k12s0|maha|raw,2,0,0.9874,0.931,12/12,10.3
mvtec_AD/pill,k12s0,chi2,raw,k12s0|chi2|raw,2,0,0.9887,0.9384,12/12,10.3
mvtec_AD/pill,k12s500,nll,raw,k12s500|nll|raw,2,0,0.9817,0.9034,12/12,18.6
mvtec_AD/pill,k12s500,maha,raw,k12s500|maha|raw,2,0,0.9829,0.9086,12/12,18.6
mvtec_AD/pill,k12s500,chi2,raw,k12s500|chi2|raw,2,0,0.9901,0.9457,12/12,18.7
mvtec_AD/pill,k12s8000,nll,raw,k12s8000|nll|raw,2,0,0.9842,0.9168,12/12,16.3
mvtec_AD/pill,k12s8000,maha,raw,k12s8000|maha|raw,2,0,0.9842,0.9163,12/12,16.4
mvtec_AD/pill,k12s8000,chi2,raw,k12s8000|chi2|raw,2,0,0.9888,0.9381,12/12,16.4
mvtec_AD/pill,k24s2000,nll,raw,k24s2000|nll|raw,2,0,0.981,0.9013,24/24,27.8
mvtec_AD/pill,k24s2000,maha,raw,k24s2000|maha|raw,2,0,0.9807,0.8991,24/24,27.8
mvtec_AD/pill,k24s2000,chi2,raw,k24s2000|chi2|raw,2,0,0.991,0.9501,24/24,27.9
mvtec_AD/pill,k12s0,nll,raw,k12s0|nll|raw,2,1,0.9873,0.9299,12/12,9.5
mvtec_AD/pill,k12s0,maha,raw,k12s0|maha|raw,2,1,0.9852,0.9195,12/12,9.6
mvtec_AD/pill,k12s0,chi2,raw,k12s0|chi2|raw,2,1,0.9862,0.925,12/12,9.6
mvtec_AD/pill,k12s500,nll,raw,k12s500|nll|raw,2,1,0.9847,0.9184,12/12,19.5
mvtec_AD/pill,k12s500,maha,raw,k12s500|maha|raw,2,1,0.9829,0.9094,12/12,19.6
mvtec_AD/pill,k12s500,chi2,raw,k12s500|chi2|raw,2,1,0.9905,0.949,12/12,19.6
mvtec_AD/pill,k12s8000,nll,raw,k12s8000|nll|raw,2,1,0.9905,0.9468,12/12,22.6
mvtec_AD/pill,k12s8000,maha,raw,k12s8000|maha|raw,2,1,0.99,0.9444,12/12,22.6
mvtec_AD/pill,k12s8000,chi2,raw,k12s8000|chi2|raw,2,1,0.9908,0.9506,12/12,22.7
mvtec_AD/pill,k24s2000,nll,raw,k24s2000|nll|raw,2,1,0.9857,0.9223,24/24,28.1
mvtec_AD/pill,k24s2000,maha,raw,k24s2000|maha|raw,2,1,0.9849,0.9179,24/24,28.2
mvtec_AD/pill,k24s2000,chi2,raw,k24s2000|chi2|raw,2,1,0.9902,0.9471,24/24,28.3
mvtec_AD/pill,k12s0,nll,raw,k12s0|nll|raw,2,2,0.989,0.9397,12/12,13.2
mvtec_AD/pill,k12s0,maha,raw,k12s0|maha|raw,2,2,0.9871,0.9315,12/12,13.3
mvtec_AD/pill,k12s0,chi2,raw,k12s0|chi2|raw,2,2,0.9877,0.9343,12/12,13.3
mvtec_AD/pill,k12s500,nll,raw,k12s500|nll|raw,2,2,0.9911,0.9525,12/12,16.3
mvtec_AD/pill,k12s500,maha,raw,k12s500|maha|raw,2,2,0.9888,0.9405,12/12,16.3
mvtec_AD/pill,k12s500,chi2,raw,k12s500|chi2|raw,2,2,0.9934,0.9648,12/12,16.4
mvtec_AD/pill,k12s8000,nll,raw,k12s8000|nll|raw,2,2,0.9936,0.9648,12/12,22.8
mvtec_AD/pill,k12s8000,maha,raw,k12s8000|maha|raw,2,2,0.9939,0.9659,12/12,22.8
mvtec_AD/pill,k12s8000,chi2,raw,k12s8000|chi2|raw,2,2,0.9942,0.9686,12/12,22.9
mvtec_AD/pill,k24s2000,nll,raw,k24s2000|nll|raw,2,2,0.9915,0.9528,24/24,29.1
mvtec_AD/pill,k24s2000,maha,raw,k24s2000|maha|raw,2,2,0.9905,0.9493,24/24,29.1
mvtec_AD/pill,k24s2000,chi2,raw,k24s2000|chi2|raw,2,2,0.9936,0.9651,24/24,29.2
VisA/pcb2,k12s0,nll,raw,k12s0|nll|raw,1,0,0.5442,0.4692,12/12,5.1
VisA/pcb2,k12s0,maha,raw,k12s0|maha|raw,1,0,0.5416,0.466,12/12,5.2
VisA/pcb2,k12s0,chi2,raw,k12s0|chi2|raw,1,0,0.5515,0.4792,12/12,5.2
VisA/pcb2,k12s500,nll,raw,k12s500|nll|raw,1,0,0.775,0.7632,12/12,7.3
VisA/pcb2,k12s500,maha,raw,k12s500|maha|raw,1,0,0.7837,0.7732,12/12,7.3
VisA/pcb2,k12s500,chi2,raw,k12s500|chi2|raw,1,0,0.7933,0.8013,12/12,7.4
VisA/pcb2,k12s8000,nll,raw,k12s8000|nll|raw,1,0,0.7972,0.779,12/12,10.6
VisA/pcb2,k12s8000,maha,raw,k12s8000|maha|raw,1,0,0.8034,0.7871,12/12,10.6
VisA/pcb2,k12s8000,chi2,raw,k12s8000|chi2|raw,1,0,0.8469,0.8393,12/12,10.7
VisA/pcb2,k24s2000,nll,raw,k24s2000|nll|raw,1,0,0.7914,0.781,23/23,20.2
VisA/pcb2,k24s2000,maha,raw,k24s2000|maha|raw,1,0,0.7938,0.7829,23/23,20.2
VisA/pcb2,k24s2000,chi2,raw,k24s2000|chi2|raw,1,0,0.824,0.8259,23/23,20.3
VisA/pcb2,k12s0,nll,raw,k12s0|nll|raw,1,1,0.6909,0.6572,12/12,5.7
VisA/pcb2,k12s0,maha,raw,k12s0|maha|raw,1,1,0.6992,0.656,12/12,5.8
VisA/pcb2,k12s0,chi2,raw,k12s0|chi2|raw,1,1,0.703,0.6616,12/12,5.8
VisA/pcb2,k12s500,nll,raw,k12s500|nll|raw,1,1,0.8499,0.8418,12/12,7.3
VisA/pcb2,k12s500,maha,raw,k12s500|maha|raw,1,1,0.8634,0.8697,12/12,7.3
VisA/pcb2,k12s500,chi2,raw,k12s500|chi2|raw,1,1,0.8639,0.8634,12/12,7.4
VisA/pcb2,k12s8000,nll,raw,k12s8000|nll|raw,1,1,0.7699,0.7603,12/12,9.8
VisA/pcb2,k12s8000,maha,raw,k12s8000|maha|raw,1,1,0.7759,0.7703,12/12,9.9
VisA/pcb2,k12s8000,chi2,raw,k12s8000|chi2|raw,1,1,0.8268,0.816,12/12,9.9
VisA/pcb2,k24s2000,nll,raw,k24s2000|nll|raw,1,1,0.8233,0.817,23/23,16.1
VisA/pcb2,k24s2000,maha,raw,k24s2000|maha|raw,1,1,0.8305,0.825,23/23,16.1
VisA/pcb2,k24s2000,chi2,raw,k24s2000|chi2|raw,1,1,0.8678,0.8563,23/23,16.2
VisA/pcb2,k12s0,nll,raw,k12s0|nll|raw,1,2,0.4455,0.3624,12/12,4.7
VisA/pcb2,k12s0,maha,raw,k12s0|maha|raw,1,2,0.438,0.3592,12/12,4.7
VisA/pcb2,k12s0,chi2,raw,k12s0|chi2|raw,1,2,0.4533,0.3671,12/12,4.8
VisA/pcb2,k12s500,nll,raw,k12s500|nll|raw,1,2,0.7499,0.7297,12/12,6.5
VisA/pcb2,k12s500,maha,raw,k12s500|maha|raw,1,2,0.7507,0.7309,12/12,6.6
VisA/pcb2,k12s500,chi2,raw,k12s500|chi2|raw,1,2,0.7659,0.7637,12/12,6.6
VisA/pcb2,k12s8000,nll,raw,k12s8000|nll|raw,1,2,0.779,0.7701,12/12,6.9
VisA/pcb2,k12s8000,maha,raw,k12s8000|maha|raw,1,2,0.7814,0.7727,12/12,6.9
VisA/pcb2,k12s8000,chi2,raw,k12s8000|chi2|raw,1,2,0.8188,0.818,12/12,7.0
VisA/pcb2,k24s2000,nll,raw,k24s2000|nll|raw,1,2,0.7521,0.7452,23/23,15.4
VisA/pcb2,k24s2000,maha,raw,k24s2000|maha|raw,1,2,0.757,0.7484,23/23,15.5
VisA/pcb2,k24s2000,chi2,raw,k24s2000|chi2|raw,1,2,0.8052,0.7967,23/23,15.6
VisA/pcb2,k12s0,nll,raw,k12s0|nll|raw,2,0,0.8599,0.8462,12/12,20.2
VisA/pcb2,k12s0,maha,raw,k12s0|maha|raw,2,0,0.8282,0.8278,12/12,20.3
VisA/pcb2,k12s0,chi2,raw,k12s0|chi2|raw,2,0,0.8232,0.8247,12/12,20.3
VisA/pcb2,k12s500,nll,raw,k12s500|nll|raw,2,0,0.8297,0.8069,12/12,10.7
VisA/pcb2,k12s500,maha,raw,k12s500|maha|raw,2,0,0.8456,0.8477,12/12,10.7
VisA/pcb2,k12s500,chi2,raw,k12s500|chi2|raw,2,0,0.8107,0.8509,12/12,10.8
VisA/pcb2,k12s8000,nll,raw,k12s8000|nll|raw,2,0,0.8461,0.8302,12/12,11.0
VisA/pcb2,k12s8000,maha,raw,k12s8000|maha|raw,2,0,0.8608,0.848,12/12,11.0
VisA/pcb2,k12s8000,chi2,raw,k12s8000|chi2|raw,2,0,0.8999,0.8969,12/12,11.1
VisA/pcb2,k24s2000,nll,raw,k24s2000|nll|raw,2,0,0.8491,0.8363,24/24,30.2
VisA/pcb2,k24s2000,maha,raw,k24s2000|maha|raw,2,0,0.8594,0.8506,24/24,30.2
VisA/pcb2,k24s2000,chi2,raw,k24s2000|chi2|raw,2,0,0.8661,0.887,24/24,30.3
VisA/pcb2,k12s0,nll,raw,k12s0|nll|raw,2,1,0.6794,0.6321,12/12,19.1
VisA/pcb2,k12s0,maha,raw,k12s0|maha|raw,2,1,0.6609,0.6111,12/12,19.1
VisA/pcb2,k12s0,chi2,raw,k12s0|chi2|raw,2,1,0.6352,0.5843,12/12,19.2
VisA/pcb2,k12s500,nll,raw,k12s500|nll|raw,2,1,0.8288,0.818,12/12,19.8
VisA/pcb2,k12s500,maha,raw,k12s500|maha|raw,2,1,0.8311,0.862,12/12,19.8
VisA/pcb2,k12s500,chi2,raw,k12s500|chi2|raw,2,1,0.8054,0.8614,12/12,19.9
VisA/pcb2,k12s8000,nll,raw,k12s8000|nll|raw,2,1,0.8078,0.8028,12/12,13.7
VisA/pcb2,k12s8000,maha,raw,k12s8000|maha|raw,2,1,0.8152,0.813,12/12,13.8
VisA/pcb2,k12s8000,chi2,raw,k12s8000|chi2|raw,2,1,0.8769,0.8782,12/12,13.8
VisA/pcb2,k24s2000,nll,raw,k24s2000|nll|raw,2,1,0.8159,0.8144,24/24,28.7
VisA/pcb2,k24s2000,maha,raw,k24s2000|maha|raw,2,1,0.8486,0.8488,24/24,28.7
VisA/pcb2,k24s2000,chi2,raw,k24s2000|chi2|raw,2,1,0.868,0.8795,24/24,28.8
VisA/pcb2,k12s0,nll,raw,k12s0|nll|raw,2,2,0.6664,0.6428,12/12,8.9
VisA/pcb2,k12s0,maha,raw,k12s0|maha|raw,2,2,0.6399,0.627,12/12,9.0
VisA/pcb2,k12s0,chi2,raw,k12s0|chi2|raw,2,2,0.6472,0.6289,12/12,9.0
VisA/pcb2,k12s500,nll,raw,k12s500|nll|raw,2,2,0.7364,0.7078,12/12,17.4
VisA/pcb2,k12s500,maha,raw,k12s500|maha|raw,2,2,0.8018,0.7936,12/12,17.5
VisA/pcb2,k12s500,chi2,raw,k12s500|chi2|raw,2,2,0.8009,0.8183,12/12,17.5
VisA/pcb2,k12s8000,nll,raw,k12s8000|nll|raw,2,2,0.7713,0.7552,12/12,18.1
VisA/pcb2,k12s8000,maha,raw,k12s8000|maha|raw,2,2,0.8005,0.7829,12/12,18.1
VisA/pcb2,k12s8000,chi2,raw,k12s8000|chi2|raw,2,2,0.8692,0.8616,12/12,18.2
VisA/pcb2,k24s2000,nll,raw,k24s2000|nll|raw,2,2,0.7455,0.72,24/24,39.0
VisA/pcb2,k24s2000,maha,raw,k24s2000|maha|raw,2,2,0.7518,0.7235,24/24,39.1
VisA/pcb2,k24s2000,chi2,raw,k24s2000|chi2|raw,2,2,0.8226,0.8092,24/24,39.2
mvtec_AD/screw,k12s0,nll,raw,k12s0|nll|raw,1,0,0.9068,0.7823,12/12,4.6
mvtec_AD/screw,k12s0,maha,raw,k12s0|maha|raw,1,0,0.9066,0.7848,12/12,4.6
mvtec_AD/screw,k12s0,chi2,raw,k12s0|chi2|raw,1,0,0.9047,0.7848,12/12,4.7
mvtec_AD/screw,k12s500,nll,raw,k12s500|nll|raw,1,0,0.968,0.9031,12/12,8.2
mvtec_AD/screw,k12s500,maha,raw,k12s500|maha|raw,1,0,0.9719,0.9225,12/12,8.3
mvtec_AD/screw,k12s500,chi2,raw,k12s500|chi2|raw,1,0,0.9711,0.9276,12/12,8.3
mvtec_AD/screw,k12s8000,nll,raw,k12s8000|nll|raw,1,0,0.9476,0.8539,12/12,10.4
mvtec_AD/screw,k12s8000,maha,raw,k12s8000|maha|raw,1,0,0.9459,0.8545,12/12,10.5
mvtec_AD/screw,k12s8000,chi2,raw,k12s8000|chi2|raw,1,0,0.9422,0.8475,12/12,10.5
mvtec_AD/screw,k24s2000,nll,raw,k24s2000|nll|raw,1,0,0.9502,0.8586,23/23,20.7
mvtec_AD/screw,k24s2000,maha,raw,k24s2000|maha|raw,1,0,0.9549,0.8711,23/23,20.8
mvtec_AD/screw,k24s2000,chi2,raw,k24s2000|chi2|raw,1,0,0.9517,0.868,23/23,20.8
mvtec_AD/screw,k12s0,nll,raw,k12s0|nll|raw,1,1,0.651,0.3007,12/12,3.2
mvtec_AD/screw,k12s0,maha,raw,k12s0|maha|raw,1,1,0.6515,0.2997,12/12,3.2
mvtec_AD/screw,k12s0,chi2,raw,k12s0|chi2|raw,1,1,0.6608,0.3148,12/12,3.3
mvtec_AD/screw,k12s500,nll,raw,k12s500|nll|raw,1,1,0.8815,0.72,12/12,11.1
mvtec_AD/screw,k12s500,maha,raw,k12s500|maha|raw,1,1,0.8816,0.7167,12/12,11.1
mvtec_AD/screw,k12s500,chi2,raw,k12s500|chi2|raw,1,1,0.8917,0.7237,12/12,11.2
mvtec_AD/screw,k12s8000,nll,raw,k12s8000|nll|raw,1,1,0.8813,0.6825,12/12,11.7
mvtec_AD/screw,k12s8000,maha,raw,k12s8000|maha|raw,1,1,0.8816,0.6823,12/12,11.7
mvtec_AD/screw,k12s8000,chi2,raw,k12s8000|chi2|raw,1,1,0.8854,0.6954,12/12,11.7
mvtec_AD/screw,k24s2000,nll,raw,k24s2000|nll|raw,1,1,0.8885,0.72,23/23,17.0
mvtec_AD/screw,k24s2000,maha,raw,k24s2000|maha|raw,1,1,0.8863,0.7157,23/23,17.0
mvtec_AD/screw,k24s2000,chi2,raw,k24s2000|chi2|raw,1,1,0.8998,0.7344,23/23,17.1
mvtec_AD/screw,k12s0,nll,raw,k12s0|nll|raw,1,2,0.7085,0.4347,12/12,3.9
mvtec_AD/screw,k12s0,maha,raw,k12s0|maha|raw,1,2,0.7045,0.4304,12/12,4.0
mvtec_AD/screw,k12s0,chi2,raw,k12s0|chi2|raw,1,2,0.7091,0.4329,12/12,4.0
mvtec_AD/screw,k12s500,nll,raw,k12s500|nll|raw,1,2,0.8855,0.7249,12/12,11.1
mvtec_AD/screw,k12s500,maha,raw,k12s500|maha|raw,1,2,0.8955,0.7504,12/12,11.2
mvtec_AD/screw,k12s500,chi2,raw,k12s500|chi2|raw,1,2,0.9148,0.795,12/12,11.2
mvtec_AD/screw,k12s8000,nll,raw,k12s8000|nll|raw,1,2,0.8493,0.6723,12/12,14.1
mvtec_AD/screw,k12s8000,maha,raw,k12s8000|maha|raw,1,2,0.8534,0.6813,12/12,14.2
mvtec_AD/screw,k12s8000,chi2,raw,k12s8000|chi2|raw,1,2,0.8579,0.6922,12/12,14.2
mvtec_AD/screw,k24s2000,nll,raw,k24s2000|nll|raw,1,2,0.8706,0.6977,23/23,17.5
mvtec_AD/screw,k24s2000,maha,raw,k24s2000|maha|raw,1,2,0.8721,0.7055,23/23,17.5
mvtec_AD/screw,k24s2000,chi2,raw,k24s2000|chi2|raw,1,2,0.8874,0.7422,23/23,17.6
mvtec_AD/screw,k12s0,nll,raw,k12s0|nll|raw,2,0,0.9524,0.8686,12/12,17.5
mvtec_AD/screw,k12s0,maha,raw,k12s0|maha|raw,2,0,0.9457,0.8547,12/12,17.5
mvtec_AD/screw,k12s0,chi2,raw,k12s0|chi2|raw,2,0,0.948,0.8594,12/12,17.6
mvtec_AD/screw,k12s500,nll,raw,k12s500|nll|raw,2,0,0.9598,0.8985,12/12,13.4
mvtec_AD/screw,k12s500,maha,raw,k12s500|maha|raw,2,0,0.9677,0.9399,12/12,13.5
mvtec_AD/screw,k12s500,chi2,raw,k12s500|chi2|raw,2,0,0.9704,0.952,12/12,13.5
mvtec_AD/screw,k12s8000,nll,raw,k12s8000|nll|raw,2,0,0.9387,0.8563,12/12,22.2
mvtec_AD/screw,k12s8000,maha,raw,k12s8000|maha|raw,2,0,0.939,0.8658,12/12,22.3
mvtec_AD/screw,k12s8000,chi2,raw,k12s8000|chi2|raw,2,0,0.9317,0.8621,12/12,22.3
mvtec_AD/screw,k24s2000,nll,raw,k24s2000|nll|raw,2,0,0.929,0.8278,24/24,28.7
mvtec_AD/screw,k24s2000,maha,raw,k24s2000|maha|raw,2,0,0.9278,0.828,24/24,28.7
mvtec_AD/screw,k24s2000,chi2,raw,k24s2000|chi2|raw,2,0,0.9411,0.8586,24/24,28.8
mvtec_AD/screw,k12s0,nll,raw,k12s0|nll|raw,2,1,0.901,0.7393,12/12,14.9
mvtec_AD/screw,k12s0,maha,raw,k12s0|maha|raw,2,1,0.8971,0.7278,12/12,15.0
mvtec_AD/screw,k12s0,chi2,raw,k12s0|chi2|raw,2,1,0.9008,0.7362,12/12,15.0
mvtec_AD/screw,k12s500,nll,raw,k12s500|nll|raw,2,1,0.8676,0.6723,12/12,14.9
mvtec_AD/screw,k12s500,maha,raw,k12s500|maha|raw,2,1,0.8537,0.6358,12/12,14.9
mvtec_AD/screw,k12s500,chi2,raw,k12s500|chi2|raw,2,1,0.8889,0.6989,12/12,15.0
mvtec_AD/screw,k12s8000,nll,raw,k12s8000|nll|raw,2,1,0.8712,0.6801,12/12,14.9
mvtec_AD/screw,k12s8000,maha,raw,k12s8000|maha|raw,2,1,0.8694,0.6803,12/12,15.0
mvtec_AD/screw,k12s8000,chi2,raw,k12s8000|chi2|raw,2,1,0.8818,0.7073,12/12,15.0
mvtec_AD/screw,k24s2000,nll,raw,k24s2000|nll|raw,2,1,0.8762,0.6973,24/24,27.1
mvtec_AD/screw,k24s2000,maha,raw,k24s2000|maha|raw,2,1,0.8765,0.702,24/24,27.1
mvtec_AD/screw,k24s2000,chi2,raw,k24s2000|chi2|raw,2,1,0.8924,0.7407,24/24,27.2
mvtec_AD/screw,k12s0,nll,raw,k12s0|nll|raw,2,2,0.9295,0.7989,12/12,11.2
mvtec_AD/screw,k12s0,maha,raw,k12s0|maha|raw,2,2,0.9254,0.7965,12/12,11.2
mvtec_AD/screw,k12s0,chi2,raw,k12s0|chi2|raw,2,2,0.9225,0.7889,12/12,11.2
mvtec_AD/screw,k12s500,nll,raw,k12s500|nll|raw,2,2,0.9452,0.8434,12/12,16.9
mvtec_AD/screw,k12s500,maha,raw,k12s500|maha|raw,2,2,0.9438,0.8762,12/12,17.0
mvtec_AD/screw,k12s500,chi2,raw,k12s500|chi2|raw,2,2,0.9533,0.8977,12/12,17.0
mvtec_AD/screw,k12s8000,nll,raw,k12s8000|nll|raw,2,2,0.942,0.8555,12/12,15.2
mvtec_AD/screw,k12s8000,maha,raw,k12s8000|maha|raw,2,2,0.9429,0.8586,12/12,15.2
mvtec_AD/screw,k12s8000,chi2,raw,k12s8000|chi2|raw,2,2,0.9318,0.8448,12/12,15.3
mvtec_AD/screw,k24s2000,nll,raw,k24s2000|nll|raw,2,2,0.9499,0.8569,24/24,23.4
mvtec_AD/screw,k24s2000,maha,raw,k24s2000|maha|raw,2,2,0.9549,0.8727,24/24,23.4
mvtec_AD/screw,k24s2000,chi2,raw,k24s2000|chi2|raw,2,2,0.9577,0.8846,24/24,23.5
VisA/pcb3,k12s0,nll,raw,k12s0|nll|raw,1,0,0.4892,0.425,12/12,5.6
VisA/pcb3,k12s0,maha,raw,k12s0|maha|raw,1,0,0.4801,0.4263,12/12,5.6
VisA/pcb3,k12s0,chi2,raw,k12s0|chi2|raw,1,0,0.4777,0.4235,12/12,5.7
VisA/pcb3,k12s500,nll,raw,k12s500|nll|raw,1,0,0.7667,0.7553,12/12,6.8
VisA/pcb3,k12s500,maha,raw,k12s500|maha|raw,1,0,0.7717,0.7654,12/12,6.8
VisA/pcb3,k12s500,chi2,raw,k12s500|chi2|raw,1,0,0.797,0.7993,12/12,6.9
VisA/pcb3,k12s8000,nll,raw,k12s8000|nll|raw,1,0,0.7126,0.7033,12/12,9.6
VisA/pcb3,k12s8000,maha,raw,k12s8000|maha|raw,1,0,0.7187,0.7096,12/12,9.7
VisA/pcb3,k12s8000,chi2,raw,k12s8000|chi2|raw,1,0,0.7395,0.7292,12/12,9.7
VisA/pcb3,k24s2000,nll,raw,k24s2000|nll|raw,1,0,0.7619,0.7541,23/23,12.5
VisA/pcb3,k24s2000,maha,raw,k24s2000|maha|raw,1,0,0.759,0.7552,23/23,12.5
VisA/pcb3,k24s2000,chi2,raw,k24s2000|chi2|raw,1,0,0.7965,0.796,23/23,12.6
VisA/pcb3,k12s0,nll,raw,k12s0|nll|raw,1,1,0.4616,0.4275,12/12,8.3
VisA/pcb3,k12s0,maha,raw,k12s0|maha|raw,1,1,0.4624,0.4275,12/12,8.3
VisA/pcb3,k12s0,chi2,raw,k12s0|chi2|raw,1,1,0.4702,0.4358,12/12,8.4
VisA/pcb3,k12s500,nll,raw,k12s500|nll|raw,1,1,0.7196,0.6855,12/12,8.0
VisA/pcb3,k12s500,maha,raw,k12s500|maha|raw,1,1,0.7474,0.7146,12/12,8.0
VisA/pcb3,k12s500,chi2,raw,k12s500|chi2|raw,1,1,0.8067,0.7864,12/12,8.1
VisA/pcb3,k12s8000,nll,raw,k12s8000|nll|raw,1,1,0.6762,0.6499,12/12,9.2
VisA/pcb3,k12s8000,maha,raw,k12s8000|maha|raw,1,1,0.6796,0.6502,12/12,9.2
VisA/pcb3,k12s8000,chi2,raw,k12s8000|chi2|raw,1,1,0.7103,0.6829,12/12,9.3
VisA/pcb3,k24s2000,nll,raw,k24s2000|nll|raw,1,1,0.7122,0.672,23/23,14.4
VisA/pcb3,k24s2000,maha,raw,k24s2000|maha|raw,1,1,0.7235,0.6821,23/23,14.4
VisA/pcb3,k24s2000,chi2,raw,k24s2000|chi2|raw,1,1,0.7533,0.7282,23/23,14.5
VisA/pcb3,k12s0,nll,raw,k12s0|nll|raw,1,2,0.6965,0.6792,12/12,5.8
VisA/pcb3,k12s0,maha,raw,k12s0|maha|raw,1,2,0.7046,0.6864,12/12,5.8
VisA/pcb3,k12s0,chi2,raw,k12s0|chi2|raw,1,2,0.7075,0.6879,12/12,5.9
VisA/pcb3,k12s500,nll,raw,k12s500|nll|raw,1,2,0.7673,0.733,12/12,5.8
VisA/pcb3,k12s500,maha,raw,k12s500|maha|raw,1,2,0.7992,0.7602,12/12,5.8
VisA/pcb3,k12s500,chi2,raw,k12s500|chi2|raw,1,2,0.8239,0.8031,12/12,5.9
VisA/pcb3,k12s8000,nll,raw,k12s8000|nll|raw,1,2,0.677,0.6702,12/12,8.2
VisA/pcb3,k12s8000,maha,raw,k12s8000|maha|raw,1,2,0.6792,0.6692,12/12,8.3
VisA/pcb3,k12s8000,chi2,raw,k12s8000|chi2|raw,1,2,0.7017,0.6984,12/12,8.4
VisA/pcb3,k24s2000,nll,raw,k24s2000|nll|raw,1,2,0.7259,0.7103,23/23,11.8
VisA/pcb3,k24s2000,maha,raw,k24s2000|maha|raw,1,2,0.7376,0.7212,23/23,11.8
VisA/pcb3,k24s2000,chi2,raw,k24s2000|chi2|raw,1,2,0.7791,0.7644,23/23,11.9
VisA/pcb3,k12s0,nll,raw,k12s0|nll|raw,2,0,0.8277,0.8324,12/12,23.7
VisA/pcb3,k12s0,maha,raw,k12s0|maha|raw,2,0,0.8158,0.8223,12/12,23.7
VisA/pcb3,k12s0,chi2,raw,k12s0|chi2|raw,2,0,0.8232,0.8301,12/12,23.8
VisA/pcb3,k12s500,nll,raw,k12s500|nll|raw,2,0,0.8345,0.8354,12/12,10.2
VisA/pcb3,k12s500,maha,raw,k12s500|maha|raw,2,0,0.8334,0.833,12/12,10.2
VisA/pcb3,k12s500,chi2,raw,k12s500|chi2|raw,2,0,0.8515,0.8434,12/12,10.3
VisA/pcb3,k12s8000,nll,raw,k12s8000|nll|raw,2,0,0.7789,0.7744,12/12,19.5
VisA/pcb3,k12s8000,maha,raw,k12s8000|maha|raw,2,0,0.7906,0.7866,12/12,19.5
VisA/pcb3,k12s8000,chi2,raw,k12s8000|chi2|raw,2,0,0.812,0.8148,12/12,19.6
VisA/pcb3,k24s2000,nll,raw,k24s2000|nll|raw,2,0,0.8266,0.8245,24/24,18.0
VisA/pcb3,k24s2000,maha,raw,k24s2000|maha|raw,2,0,0.8403,0.8375,24/24,18.1
VisA/pcb3,k24s2000,chi2,raw,k24s2000|chi2|raw,2,0,0.8683,0.8647,24/24,18.2
VisA/pcb3,k12s0,nll,raw,k12s0|nll|raw,2,1,0.7644,0.7281,12/12,13.6
VisA/pcb3,k12s0,maha,raw,k12s0|maha|raw,2,1,0.7652,0.736,12/12,13.7
VisA/pcb3,k12s0,chi2,raw,k12s0|chi2|raw,2,1,0.767,0.7301,12/12,13.8
VisA/pcb3,k12s500,nll,raw,k12s500|nll|raw,2,1,0.7843,0.7693,12/12,12.2
VisA/pcb3,k12s500,maha,raw,k12s500|maha|raw,2,1,0.8015,0.7838,12/12,12.2
VisA/pcb3,k12s500,chi2,raw,k12s500|chi2|raw,2,1,0.8421,0.836,12/12,12.3
VisA/pcb3,k12s8000,nll,raw,k12s8000|nll|raw,2,1,0.7286,0.7114,12/12,12.5
VisA/pcb3,k12s8000,maha,raw,k12s8000|maha|raw,2,1,0.7362,0.7181,12/12,12.5
VisA/pcb3,k12s8000,chi2,raw,k12s8000|chi2|raw,2,1,0.7651,0.7541,12/12,12.6
VisA/pcb3,k24s2000,nll,raw,k24s2000|nll|raw,2,1,0.7626,0.7384,24/24,22.7
VisA/pcb3,k24s2000,maha,raw,k24s2000|maha|raw,2,1,0.7718,0.7494,24/24,22.8
VisA/pcb3,k24s2000,chi2,raw,k24s2000|chi2|raw,2,1,0.8156,0.7994,24/24,22.9
VisA/pcb3,k12s0,nll,raw,k12s0|nll|raw,2,2,0.6775,0.6354,12/12,13.1
VisA/pcb3,k12s0,maha,raw,k12s0|maha|raw,2,2,0.6753,0.6402,12/12,13.1
VisA/pcb3,k12s0,chi2,raw,k12s0|chi2|raw,2,2,0.6644,0.6279,12/12,13.2
VisA/pcb3,k12s500,nll,raw,k12s500|nll|raw,2,2,0.8539,0.8257,12/12,14.3
VisA/pcb3,k12s500,maha,raw,k12s500|maha|raw,2,2,0.8487,0.8305,12/12,14.3
VisA/pcb3,k12s500,chi2,raw,k12s500|chi2|raw,2,2,0.8449,0.8395,12/12,14.4
VisA/pcb3,k12s8000,nll,raw,k12s8000|nll|raw,2,2,0.7247,0.7058,12/12,17.1
VisA/pcb3,k12s8000,maha,raw,k12s8000|maha|raw,2,2,0.7315,0.7111,12/12,17.2
VisA/pcb3,k12s8000,chi2,raw,k12s8000|chi2|raw,2,2,0.7585,0.7418,12/12,17.2
VisA/pcb3,k24s2000,nll,raw,k24s2000|nll|raw,2,2,0.7727,0.749,24/24,25.8
VisA/pcb3,k24s2000,maha,raw,k24s2000|maha|raw,2,2,0.7852,0.7598,24/24,25.8
VisA/pcb3,k24s2000,chi2,raw,k24s2000|chi2|raw,2,2,0.8155,0.8034,24/24,25.9
mvtec_AD/tile,k12s0,nll,raw,k12s0|nll|raw,1,0,1.0,1.0,12/12,2.9
mvtec_AD/tile,k12s0,maha,raw,k12s0|maha|raw,1,0,1.0,1.0,12/12,2.9
mvtec_AD/tile,k12s0,chi2,raw,k12s0|chi2|raw,1,0,1.0,1.0,12/12,2.9
mvtec_AD/tile,k12s500,nll,raw,k12s500|nll|raw,1,0,1.0,1.0,12/12,5.7
mvtec_AD/tile,k12s500,maha,raw,k12s500|maha|raw,1,0,1.0,1.0,12/12,5.8
mvtec_AD/tile,k12s500,chi2,raw,k12s500|chi2|raw,1,0,1.0,1.0,12/12,5.8
mvtec_AD/tile,k12s8000,nll,raw,k12s8000|nll|raw,1,0,1.0,1.0,12/12,10.1
mvtec_AD/tile,k12s8000,maha,raw,k12s8000|maha|raw,1,0,1.0,1.0,12/12,10.1
mvtec_AD/tile,k12s8000,chi2,raw,k12s8000|chi2|raw,1,0,1.0,1.0,12/12,10.1
mvtec_AD/tile,k24s2000,nll,raw,k24s2000|nll|raw,1,0,1.0,1.0,23/23,11.2
mvtec_AD/tile,k24s2000,maha,raw,k24s2000|maha|raw,1,0,1.0,1.0,23/23,11.2
mvtec_AD/tile,k24s2000,chi2,raw,k24s2000|chi2|raw,1,0,1.0,1.0,23/23,11.2
mvtec_AD/tile,k12s0,nll,raw,k12s0|nll|raw,1,1,1.0,1.0,12/12,2.7
mvtec_AD/tile,k12s0,maha,raw,k12s0|maha|raw,1,1,1.0,1.0,12/12,2.7
mvtec_AD/tile,k12s0,chi2,raw,k12s0|chi2|raw,1,1,1.0,1.0,12/12,2.7
mvtec_AD/tile,k12s500,nll,raw,k12s500|nll|raw,1,1,1.0,1.0,12/12,4.2
mvtec_AD/tile,k12s500,maha,raw,k12s500|maha|raw,1,1,1.0,1.0,12/12,4.2
mvtec_AD/tile,k12s500,chi2,raw,k12s500|chi2|raw,1,1,1.0,1.0,12/12,4.2
mvtec_AD/tile,k12s8000,nll,raw,k12s8000|nll|raw,1,1,1.0,1.0,12/12,12.0
mvtec_AD/tile,k12s8000,maha,raw,k12s8000|maha|raw,1,1,1.0,1.0,12/12,12.0
mvtec_AD/tile,k12s8000,chi2,raw,k12s8000|chi2|raw,1,1,1.0,1.0,12/12,12.1
mvtec_AD/tile,k24s2000,nll,raw,k24s2000|nll|raw,1,1,1.0,1.0,23/23,15.6
mvtec_AD/tile,k24s2000,maha,raw,k24s2000|maha|raw,1,1,1.0,1.0,23/23,15.6
mvtec_AD/tile,k24s2000,chi2,raw,k24s2000|chi2|raw,1,1,1.0,1.0,23/23,15.6
mvtec_AD/tile,k12s0,nll,raw,k12s0|nll|raw,1,2,1.0,1.0,12/12,2.6
mvtec_AD/tile,k12s0,maha,raw,k12s0|maha|raw,1,2,1.0,1.0,12/12,2.6
mvtec_AD/tile,k12s0,chi2,raw,k12s0|chi2|raw,1,2,1.0,1.0,12/12,2.6
mvtec_AD/tile,k12s500,nll,raw,k12s500|nll|raw,1,2,1.0,1.0,12/12,6.8
mvtec_AD/tile,k12s500,maha,raw,k12s500|maha|raw,1,2,1.0,1.0,12/12,6.8
mvtec_AD/tile,k12s500,chi2,raw,k12s500|chi2|raw,1,2,1.0,1.0,12/12,6.8
mvtec_AD/tile,k12s8000,nll,raw,k12s8000|nll|raw,1,2,1.0,1.0,12/12,12.1
mvtec_AD/tile,k12s8000,maha,raw,k12s8000|maha|raw,1,2,1.0,1.0,12/12,12.1
mvtec_AD/tile,k12s8000,chi2,raw,k12s8000|chi2|raw,1,2,1.0,1.0,12/12,12.1
mvtec_AD/tile,k24s2000,nll,raw,k24s2000|nll|raw,1,2,1.0,1.0,23/23,13.0
mvtec_AD/tile,k24s2000,maha,raw,k24s2000|maha|raw,1,2,1.0,1.0,23/23,13.1
mvtec_AD/tile,k24s2000,chi2,raw,k24s2000|chi2|raw,1,2,1.0,1.0,23/23,13.1
mvtec_AD/tile,k12s0,nll,raw,k12s0|nll|raw,2,0,1.0,1.0,12/12,9.5
mvtec_AD/tile,k12s0,maha,raw,k12s0|maha|raw,2,0,1.0,1.0,12/12,9.5
mvtec_AD/tile,k12s0,chi2,raw,k12s0|chi2|raw,2,0,1.0,1.0,12/12,9.6
mvtec_AD/tile,k12s500,nll,raw,k12s500|nll|raw,2,0,1.0,1.0,12/12,11.5
mvtec_AD/tile,k12s500,maha,raw,k12s500|maha|raw,2,0,1.0,1.0,12/12,11.5
mvtec_AD/tile,k12s500,chi2,raw,k12s500|chi2|raw,2,0,1.0,1.0,12/12,11.6
mvtec_AD/tile,k12s8000,nll,raw,k12s8000|nll|raw,2,0,1.0,1.0,12/12,20.1
mvtec_AD/tile,k12s8000,maha,raw,k12s8000|maha|raw,2,0,1.0,1.0,12/12,20.2
mvtec_AD/tile,k12s8000,chi2,raw,k12s8000|chi2|raw,2,0,1.0,1.0,12/12,20.2
mvtec_AD/tile,k24s2000,nll,raw,k24s2000|nll|raw,2,0,1.0,1.0,24/24,38.3
mvtec_AD/tile,k24s2000,maha,raw,k24s2000|maha|raw,2,0,1.0,1.0,24/24,38.3
mvtec_AD/tile,k24s2000,chi2,raw,k24s2000|chi2|raw,2,0,1.0,1.0,24/24,38.3
mvtec_AD/tile,k12s0,nll,raw,k12s0|nll|raw,2,1,1.0,1.0,12/12,8.8
mvtec_AD/tile,k12s0,maha,raw,k12s0|maha|raw,2,1,1.0,1.0,12/12,8.8
mvtec_AD/tile,k12s0,chi2,raw,k12s0|chi2|raw,2,1,1.0,1.0,12/12,8.9
mvtec_AD/tile,k12s500,nll,raw,k12s500|nll|raw,2,1,1.0,1.0,12/12,8.8
mvtec_AD/tile,k12s500,maha,raw,k12s500|maha|raw,2,1,1.0,1.0,12/12,8.9
mvtec_AD/tile,k12s500,chi2,raw,k12s500|chi2|raw,2,1,1.0,1.0,12/12,8.9
mvtec_AD/tile,k12s8000,nll,raw,k12s8000|nll|raw,2,1,1.0,1.0,12/12,15.8
mvtec_AD/tile,k12s8000,maha,raw,k12s8000|maha|raw,2,1,1.0,1.0,12/12,15.8
mvtec_AD/tile,k12s8000,chi2,raw,k12s8000|chi2|raw,2,1,1.0,1.0,12/12,15.8
mvtec_AD/tile,k24s2000,nll,raw,k24s2000|nll|raw,2,1,1.0,1.0,24/24,35.2
mvtec_AD/tile,k24s2000,maha,raw,k24s2000|maha|raw,2,1,1.0,1.0,24/24,35.2
mvtec_AD/tile,k24s2000,chi2,raw,k24s2000|chi2|raw,2,1,1.0,1.0,24/24,35.2
mvtec_AD/tile,k12s0,nll,raw,k12s0|nll|raw,2,2,1.0,1.0,12/12,9.0
mvtec_AD/tile,k12s0,maha,raw,k12s0|maha|raw,2,2,1.0,1.0,12/12,9.0
mvtec_AD/tile,k12s0,chi2,raw,k12s0|chi2|raw,2,2,1.0,1.0,12/12,9.1
mvtec_AD/tile,k12s500,nll,raw,k12s500|nll|raw,2,2,1.0,1.0,12/12,15.5
mvtec_AD/tile,k12s500,maha,raw,k12s500|maha|raw,2,2,1.0,1.0,12/12,15.5
mvtec_AD/tile,k12s500,chi2,raw,k12s500|chi2|raw,2,2,1.0,1.0,12/12,15.6
mvtec_AD/tile,k12s8000,nll,raw,k12s8000|nll|raw,2,2,1.0,1.0,12/12,15.7
mvtec_AD/tile,k12s8000,maha,raw,k12s8000|maha|raw,2,2,1.0,1.0,12/12,15.7
mvtec_AD/tile,k12s8000,chi2,raw,k12s8000|chi2|raw,2,2,1.0,1.0,12/12,15.8
mvtec_AD/tile,k24s2000,nll,raw,k24s2000|nll|raw,2,2,1.0,1.0,24/24,35.5
mvtec_AD/tile,k24s2000,maha,raw,k24s2000|maha|raw,2,2,1.0,1.0,24/24,35.5
mvtec_AD/tile,k24s2000,chi2,raw,k24s2000|chi2|raw,2,2,1.0,1.0,24/24,35.5
VisA/pcb4,k12s0,nll,raw,k12s0|nll|raw,1,0,0.462,0.4836,12/12,7.8
VisA/pcb4,k12s0,maha,raw,k12s0|maha|raw,1,0,0.4344,0.4328,12/12,7.9
VisA/pcb4,k12s0,chi2,raw,k12s0|chi2|raw,1,0,0.4474,0.4581,12/12,7.9
VisA/pcb4,k12s500,nll,raw,k12s500|nll|raw,1,0,0.5359,0.4405,12/12,6.3
VisA/pcb4,k12s500,maha,raw,k12s500|maha|raw,1,0,0.5201,0.445,12/12,6.4
VisA/pcb4,k12s500,chi2,raw,k12s500|chi2|raw,1,0,0.5823,0.5253,12/12,6.4
VisA/pcb4,k12s8000,nll,raw,k12s8000|nll|raw,1,0,0.5513,0.4529,12/12,7.5
VisA/pcb4,k12s8000,maha,raw,k12s8000|maha|raw,1,0,0.5522,0.4557,12/12,7.5
VisA/pcb4,k12s8000,chi2,raw,k12s8000|chi2|raw,1,0,0.5758,0.4807,12/12,7.6
VisA/pcb4,k24s2000,nll,raw,k24s2000|nll|raw,1,0,0.5505,0.4572,23/23,11.9
VisA/pcb4,k24s2000,maha,raw,k24s2000|maha|raw,1,0,0.5445,0.4554,23/23,11.9
VisA/pcb4,k24s2000,chi2,raw,k24s2000|chi2|raw,1,0,0.5603,0.48,23/23,12.0
VisA/pcb4,k12s0,nll,raw,k12s0|nll|raw,1,1,0.8879,0.9125,12/12,8.5
VisA/pcb4,k12s0,maha,raw,k12s0|maha|raw,1,1,0.88,0.907,12/12,8.5
VisA/pcb4,k12s0,chi2,raw,k12s0|chi2|raw,1,1,0.8927,0.9203,12/12,8.6
VisA/pcb4,k12s500,nll,raw,k12s500|nll|raw,1,1,0.9826,0.9848,12/12,5.4
VisA/pcb4,k12s500,maha,raw,k12s500|maha|raw,1,1,0.9795,0.9825,12/12,5.4
VisA/pcb4,k12s500,chi2,raw,k12s500|chi2|raw,1,1,0.9687,0.9761,12/12,5.5
VisA/pcb4,k12s8000,nll,raw,k12s8000|nll|raw,1,1,0.9732,0.9758,12/12,6.2
VisA/pcb4,k12s8000,maha,raw,k12s8000|maha|raw,1,1,0.9731,0.9755,12/12,6.3
VisA/pcb4,k12s8000,chi2,raw,k12s8000|chi2|raw,1,1,0.9677,0.9692,12/12,6.3
VisA/pcb4,k24s2000,nll,raw,k24s2000|nll|raw,1,1,0.9811,0.9834,23/23,15.6
VisA/pcb4,k24s2000,maha,raw,k24s2000|maha|raw,1,1,0.9816,0.9839,23/23,15.7
VisA/pcb4,k24s2000,chi2,raw,k24s2000|chi2|raw,1,1,0.9814,0.9835,23/23,15.7
VisA/pcb4,k12s0,nll,raw,k12s0|nll|raw,1,2,0.493,0.5408,12/12,4.8
VisA/pcb4,k12s0,maha,raw,k12s0|maha|raw,1,2,0.4672,0.5024,12/12,4.8
VisA/pcb4,k12s0,chi2,raw,k12s0|chi2|raw,1,2,0.4655,0.4966,12/12,4.9
VisA/pcb4,k12s500,nll,raw,k12s500|nll|raw,1,2,0.7405,0.6722,12/12,5.9
VisA/pcb4,k12s500,maha,raw,k12s500|maha|raw,1,2,0.756,0.7043,12/12,6.0
VisA/pcb4,k12s500,chi2,raw,k12s500|chi2|raw,1,2,0.8036,0.7828,12/12,6.0
VisA/pcb4,k12s8000,nll,raw,k12s8000|nll|raw,1,2,0.6907,0.6209,12/12,7.9
VisA/pcb4,k12s8000,maha,raw,k12s8000|maha|raw,1,2,0.6896,0.6205,12/12,7.9
VisA/pcb4,k12s8000,chi2,raw,k12s8000|chi2|raw,1,2,0.7197,0.6608,12/12,8.0
VisA/pcb4,k24s2000,nll,raw,k24s2000|nll|raw,1,2,0.6929,0.6047,23/23,10.9
VisA/pcb4,k24s2000,maha,raw,k24s2000|maha|raw,1,2,0.6967,0.608,23/23,10.9
VisA/pcb4,k24s2000,chi2,raw,k24s2000|chi2|raw,1,2,0.7389,0.6664,23/23,11.0
VisA/pcb4,k12s0,nll,raw,k12s0|nll|raw,2,0,0.8037,0.7877,12/12,10.7
VisA/pcb4,k12s0,maha,raw,k12s0|maha|raw,2,0,0.7217,0.7534,12/12,10.7
VisA/pcb4,k12s0,chi2,raw,k12s0|chi2|raw,2,0,0.6739,0.7037,12/12,10.8
VisA/pcb4,k12s500,nll,raw,k12s500|nll|raw,2,0,0.9594,0.9575,12/12,12.9
VisA/pcb4,k12s500,maha,raw,k12s500|maha|raw,2,0,0.9271,0.9382,12/12,12.9
VisA/pcb4,k12s500,chi2,raw,k12s500|chi2|raw,2,0,0.9001,0.9384,12/12,13.0
VisA/pcb4,k12s8000,nll,raw,k12s8000|nll|raw,2,0,0.9082,0.8888,12/12,8.2
VisA/pcb4,k12s8000,maha,raw,k12s8000|maha|raw,2,0,0.9118,0.895,12/12,8.3
VisA/pcb4,k12s8000,chi2,raw,k12s8000|chi2|raw,2,0,0.9165,0.8994,12/12,8.4
VisA/pcb4,k24s2000,nll,raw,k24s2000|nll|raw,2,0,0.9588,0.9502,24/24,22.5
VisA/pcb4,k24s2000,maha,raw,k24s2000|maha|raw,2,0,0.9582,0.9497,24/24,22.6
VisA/pcb4,k24s2000,chi2,raw,k24s2000|chi2|raw,2,0,0.9494,0.9448,24/24,22.7
VisA/pcb4,k12s0,nll,raw,k12s0|nll|raw,2,1,0.8801,0.9211,12/12,8.1
VisA/pcb4,k12s0,maha,raw,k12s0|maha|raw,2,1,0.7826,0.8544,12/12,8.2
VisA/pcb4,k12s0,chi2,raw,k12s0|chi2|raw,2,1,0.7658,0.8401,12/12,8.3
VisA/pcb4,k12s500,nll,raw,k12s500|nll|raw,2,1,0.9877,0.9892,12/12,12.9
VisA/pcb4,k12s500,maha,raw,k12s500|maha|raw,2,1,0.9825,0.9852,12/12,12.9
VisA/pcb4,k12s500,chi2,raw,k12s500|chi2|raw,2,1,0.9641,0.9762,12/12,13.0
VisA/pcb4,k12s8000,nll,raw,k12s8000|nll|raw,2,1,0.9835,0.985,12/12,10.4
VisA/pcb4,k12s8000,maha,raw,k12s8000|maha|raw,2,1,0.9838,0.9852,12/12,10.5
VisA/pcb4,k12s8000,chi2,raw,k12s8000|chi2|raw,2,1,0.9804,0.9819,12/12,10.6
VisA/pcb4,k24s2000,nll,raw,k24s2000|nll|raw,2,1,0.9863,0.9883,24/24,18.9
VisA/pcb4,k24s2000,maha,raw,k24s2000|maha|raw,2,1,0.9889,0.9904,24/24,19.0
VisA/pcb4,k24s2000,chi2,raw,k24s2000|chi2|raw,2,1,0.9878,0.9885,24/24,19.1
VisA/pcb4,k12s0,nll,raw,k12s0|nll|raw,2,2,0.4669,0.447,12/12,10.3
VisA/pcb4,k12s0,maha,raw,k12s0|maha|raw,2,2,0.4525,0.4528,12/12,10.3
VisA/pcb4,k12s0,chi2,raw,k12s0|chi2|raw,2,2,0.446,0.438,12/12,10.4
VisA/pcb4,k12s500,nll,raw,k12s500|nll|raw,2,2,0.6459,0.5659,12/12,11.9
VisA/pcb4,k12s500,maha,raw,k12s500|maha|raw,2,2,0.6343,0.5894,12/12,11.9
VisA/pcb4,k12s500,chi2,raw,k12s500|chi2|raw,2,2,0.723,0.7249,12/12,12.0
VisA/pcb4,k12s8000,nll,raw,k12s8000|nll|raw,2,2,0.6273,0.5416,12/12,7.6
VisA/pcb4,k12s8000,maha,raw,k12s8000|maha|raw,2,2,0.6316,0.5513,12/12,7.6
VisA/pcb4,k12s8000,chi2,raw,k12s8000|chi2|raw,2,2,0.6652,0.5925,12/12,7.7
VisA/pcb4,k24s2000,nll,raw,k24s2000|nll|raw,2,2,0.648,0.562,24/24,19.5
VisA/pcb4,k24s2000,maha,raw,k24s2000|maha|raw,2,2,0.6552,0.5727,24/24,19.5
VisA/pcb4,k24s2000,chi2,raw,k24s2000|chi2|raw,2,2,0.7067,0.65,24/24,19.6
mvtec_AD/toothbrush,k12s0,nll,raw,k12s0|nll|raw,1,0,0.9122,0.7722,12/12,2.4
mvtec_AD/toothbrush,k12s0,maha,raw,k12s0|maha|raw,1,0,0.9161,0.7806,12/12,2.4
mvtec_AD/toothbrush,k12s0,chi2,raw,k12s0|chi2|raw,1,0,0.9176,0.7833,12/12,2.4
mvtec_AD/toothbrush,k12s500,nll,raw,k12s500|nll|raw,1,0,0.9408,0.8417,12/12,7.6
mvtec_AD/toothbrush,k12s500,maha,raw,k12s500|maha|raw,1,0,0.9429,0.8472,12/12,7.6
mvtec_AD/toothbrush,k12s500,chi2,raw,k12s500|chi2|raw,1,0,0.9561,0.8806,12/12,7.6
mvtec_AD/toothbrush,k12s8000,nll,raw,k12s8000|nll|raw,1,0,0.9377,0.8306,12/12,11.3
mvtec_AD/toothbrush,k12s8000,maha,raw,k12s8000|maha|raw,1,0,0.9377,0.8306,12/12,11.4
mvtec_AD/toothbrush,k12s8000,chi2,raw,k12s8000|chi2|raw,1,0,0.9438,0.8472,12/12,11.4
mvtec_AD/toothbrush,k24s2000,nll,raw,k24s2000|nll|raw,1,0,0.9396,0.8389,23/23,14.4
mvtec_AD/toothbrush,k24s2000,maha,raw,k24s2000|maha|raw,1,0,0.9412,0.8417,23/23,14.4
mvtec_AD/toothbrush,k24s2000,chi2,raw,k24s2000|chi2|raw,1,0,0.9476,0.8583,23/23,14.4
mvtec_AD/toothbrush,k12s0,nll,raw,k12s0|nll|raw,1,1,0.9013,0.7472,12/12,2.5
mvtec_AD/toothbrush,k12s0,maha,raw,k12s0|maha|raw,1,1,0.9,0.7444,12/12,2.5
mvtec_AD/toothbrush,k12s0,chi2,raw,k12s0|chi2|raw,1,1,0.9052,0.7528,12/12,2.5
mvtec_AD/toothbrush,k12s500,nll,raw,k12s500|nll|raw,1,1,0.9399,0.8417,12/12,7.7
mvtec_AD/toothbrush,k12s500,maha,raw,k12s500|maha|raw,1,1,0.9455,0.8528,12/12,7.7
mvtec_AD/toothbrush,k12s500,chi2,raw,k12s500|chi2|raw,1,1,0.9521,0.8694,12/12,7.7
mvtec_AD/toothbrush,k12s8000,nll,raw,k12s8000|nll|raw,1,1,0.9444,0.8528,12/12,16.0
mvtec_AD/toothbrush,k12s8000,maha,raw,k12s8000|maha|raw,1,1,0.945,0.8556,12/12,16.0
mvtec_AD/toothbrush,k12s8000,chi2,raw,k12s8000|chi2|raw,1,1,0.9539,0.8778,12/12,16.0
mvtec_AD/toothbrush,k24s2000,nll,raw,k24s2000|nll|raw,1,1,0.9402,0.8444,23/23,14.0
mvtec_AD/toothbrush,k24s2000,maha,raw,k24s2000|maha|raw,1,1,0.9399,0.8444,23/23,14.0
mvtec_AD/toothbrush,k24s2000,chi2,raw,k24s2000|chi2|raw,1,1,0.9532,0.8722,23/23,14.1
mvtec_AD/toothbrush,k12s0,nll,raw,k12s0|nll|raw,1,2,0.9306,0.8222,12/12,3.1
mvtec_AD/toothbrush,k12s0,maha,raw,k12s0|maha|raw,1,2,0.9282,0.8167,12/12,3.1
mvtec_AD/toothbrush,k12s0,chi2,raw,k12s0|chi2|raw,1,2,0.9257,0.8111,12/12,3.1
mvtec_AD/toothbrush,k12s500,nll,raw,k12s500|nll|raw,1,2,0.9373,0.8306,12/12,5.4
mvtec_AD/toothbrush,k12s500,maha,raw,k12s500|maha|raw,1,2,0.9373,0.8306,12/12,5.4
mvtec_AD/toothbrush,k12s500,chi2,raw,k12s500|chi2|raw,1,2,0.9478,0.8583,12/12,5.4
mvtec_AD/toothbrush,k12s8000,nll,raw,k12s8000|nll|raw,1,2,0.9343,0.8222,12/12,5.9
mvtec_AD/toothbrush,k12s8000,maha,raw,k12s8000|maha|raw,1,2,0.9343,0.8222,12/12,5.9
mvtec_AD/toothbrush,k12s8000,chi2,raw,k12s8000|chi2|raw,1,2,0.9394,0.8389,12/12,5.9
mvtec_AD/toothbrush,k24s2000,nll,raw,k24s2000|nll|raw,1,2,0.9349,0.825,23/23,8.1
mvtec_AD/toothbrush,k24s2000,maha,raw,k24s2000|maha|raw,1,2,0.936,0.8278,23/23,8.2
mvtec_AD/toothbrush,k24s2000,chi2,raw,k24s2000|chi2|raw,1,2,0.9385,0.8361,23/23,8.2
mvtec_AD/toothbrush,k12s0,nll,raw,k12s0|nll|raw,2,0,0.9673,0.9139,12/12,9.3
mvtec_AD/toothbrush,k12s0,maha,raw,k12s0|maha|raw,2,0,0.9783,0.9417,12/12,9.3
mvtec_AD/toothbrush,k12s0,chi2,raw,k12s0|chi2|raw,2,0,0.9828,0.9528,12/12,9.3
mvtec_AD/toothbrush,k12s500,nll,raw,k12s500|nll|raw,2,0,0.9394,0.8528,12/12,13.3
mvtec_AD/toothbrush,k12s500,maha,raw,k12s500|maha|raw,2,0,0.9426,0.8611,12/12,13.3
mvtec_AD/toothbrush,k12s500,chi2,raw,k12s500|chi2|raw,2,0,0.959,0.8944,12/12,13.3
mvtec_AD/toothbrush,k12s8000,nll,raw,k12s8000|nll|raw,2,0,0.938,0.8472,12/12,16.1
mvtec_AD/toothbrush,k12s8000,maha,raw,k12s8000|maha|raw,2,0,0.938,0.8472,12/12,16.2
mvtec_AD/toothbrush,k12s8000,chi2,raw,k12s8000|chi2|raw,2,0,0.9554,0.8889,12/12,16.2
mvtec_AD/toothbrush,k24s2000,nll,raw,k24s2000|nll|raw,2,0,0.938,0.85,24/24,20.2
mvtec_AD/toothbrush,k24s2000,maha,raw,k24s2000|maha|raw,2,0,0.9393,0.8528,24/24,20.2
mvtec_AD/toothbrush,k24s2000,chi2,raw,k24s2000|chi2|raw,2,0,0.9577,0.8944,24/24,20.2
mvtec_AD/toothbrush,k12s0,nll,raw,k12s0|nll|raw,2,1,0.9724,0.9306,12/12,7.6
mvtec_AD/toothbrush,k12s0,maha,raw,k12s0|maha|raw,2,1,0.9789,0.9444,12/12,7.7
mvtec_AD/toothbrush,k12s0,chi2,raw,k12s0|chi2|raw,2,1,0.9741,0.9306,12/12,7.7
mvtec_AD/toothbrush,k12s500,nll,raw,k12s500|nll|raw,2,1,0.9834,0.9583,12/12,14.3
mvtec_AD/toothbrush,k12s500,maha,raw,k12s500|maha|raw,2,1,0.9855,0.9639,12/12,14.3
mvtec_AD/toothbrush,k12s500,chi2,raw,k12s500|chi2|raw,2,1,0.9947,0.9861,12/12,14.3
mvtec_AD/toothbrush,k12s8000,nll,raw,k12s8000|nll|raw,2,1,0.9859,0.9639,12/12,16.2
mvtec_AD/toothbrush,k12s8000,maha,raw,k12s8000|maha|raw,2,1,0.9879,0.9694,12/12,16.2
mvtec_AD/toothbrush,k12s8000,chi2,raw,k12s8000|chi2|raw,2,1,0.9978,0.9944,12/12,16.3
mvtec_AD/toothbrush,k24s2000,nll,raw,k24s2000|nll|raw,2,1,0.9919,0.9778,24/24,24.8
mvtec_AD/toothbrush,k24s2000,maha,raw,k24s2000|maha|raw,2,1,0.9926,0.9806,24/24,24.9
mvtec_AD/toothbrush,k24s2000,chi2,raw,k24s2000|chi2|raw,2,1,0.9967,0.9917,24/24,24.9
mvtec_AD/toothbrush,k12s0,nll,raw,k12s0|nll|raw,2,2,0.9404,0.8417,12/12,10.5
mvtec_AD/toothbrush,k12s0,maha,raw,k12s0|maha|raw,2,2,0.9437,0.85,12/12,10.5
mvtec_AD/toothbrush,k12s0,chi2,raw,k12s0|chi2|raw,2,2,0.9492,0.8639,12/12,10.6
mvtec_AD/toothbrush,k12s500,nll,raw,k12s500|nll|raw,2,2,0.9374,0.8306,12/12,9.7
mvtec_AD/toothbrush,k12s500,maha,raw,k12s500|maha|raw,2,2,0.9378,0.8306,12/12,9.7
mvtec_AD/toothbrush,k12s500,chi2,raw,k12s500|chi2|raw,2,2,0.9459,0.8528,12/12,9.7
mvtec_AD/toothbrush,k12s8000,nll,raw,k12s8000|nll|raw,2,2,0.9312,0.8139,12/12,15.1
mvtec_AD/toothbrush,k12s8000,maha,raw,k12s8000|maha|raw,2,2,0.932,0.8167,12/12,15.1
mvtec_AD/toothbrush,k12s8000,chi2,raw,k12s8000|chi2|raw,2,2,0.9393,0.8361,12/12,15.1
mvtec_AD/toothbrush,k24s2000,nll,raw,k24s2000|nll|raw,2,2,0.9363,0.8306,24/24,21.7
mvtec_AD/toothbrush,k24s2000,maha,raw,k24s2000|maha|raw,2,2,0.9372,0.8333,24/24,21.7
mvtec_AD/toothbrush,k24s2000,chi2,raw,k24s2000|chi2|raw,2,2,0.9443,0.8472,24/24,21.7
VisA/pipe_fryum,k12s0,nll,raw,k12s0|nll|raw,1,0,0.8502,0.6946,12/12,6.5
VisA/pipe_fryum,k12s0,maha,raw,k12s0|maha|raw,1,0,0.8526,0.6996,12/12,6.5
VisA/pipe_fryum,k12s0,chi2,raw,k12s0|chi2|raw,1,0,0.8523,0.6992,12/12,6.6
VisA/pipe_fryum,k12s500,nll,raw,k12s500|nll|raw,1,0,0.849,0.6914,12/12,7.2
VisA/pipe_fryum,k12s500,maha,raw,k12s500|maha|raw,1,0,0.8495,0.6946,12/12,7.2
VisA/pipe_fryum,k12s500,chi2,raw,k12s500|chi2|raw,1,0,0.8697,0.7364,12/12,7.3
VisA/pipe_fryum,k12s8000,nll,raw,k12s8000|nll|raw,1,0,0.8397,0.6758,12/12,13.0
VisA/pipe_fryum,k12s8000,maha,raw,k12s8000|maha|raw,1,0,0.8406,0.6776,12/12,13.0
VisA/pipe_fryum,k12s8000,chi2,raw,k12s8000|chi2|raw,1,0,0.8544,0.705,12/12,13.1
VisA/pipe_fryum,k24s2000,nll,raw,k24s2000|nll|raw,1,0,0.842,0.6778,23/23,14.7
VisA/pipe_fryum,k24s2000,maha,raw,k24s2000|maha|raw,1,0,0.8417,0.6786,23/23,14.7
VisA/pipe_fryum,k24s2000,chi2,raw,k24s2000|chi2|raw,1,0,0.8583,0.714,23/23,14.8
VisA/pipe_fryum,k12s0,nll,raw,k12s0|nll|raw,1,1,0.7388,0.5598,12/12,3.5
VisA/pipe_fryum,k12s0,maha,raw,k12s0|maha|raw,1,1,0.7329,0.5512,12/12,3.6
VisA/pipe_fryum,k12s0,chi2,raw,k12s0|chi2|raw,1,1,0.7387,0.5596,12/12,3.6
VisA/pipe_fryum,k12s500,nll,raw,k12s500|nll|raw,1,1,0.8824,0.7586,12/12,6.8
VisA/pipe_fryum,k12s500,maha,raw,k12s500|maha|raw,1,1,0.8845,0.7638,12/12,6.9
VisA/pipe_fryum,k12s500,chi2,raw,k12s500|chi2|raw,1,1,0.8957,0.7852,12/12,6.9
VisA/pipe_fryum,k12s8000,nll,raw,k12s8000|nll|raw,1,1,0.8784,0.7504,12/12,12.6
VisA/pipe_fryum,k12s8000,maha,raw,k12s8000|maha|raw,1,1,0.8781,0.7498,12/12,12.6
VisA/pipe_fryum,k12s8000,chi2,raw,k12s8000|chi2|raw,1,1,0.8846,0.7642,12/12,12.7
VisA/pipe_fryum,k24s2000,nll,raw,k24s2000|nll|raw,1,1,0.8798,0.753,23/23,17.0
VisA/pipe_fryum,k24s2000,maha,raw,k24s2000|maha|raw,1,1,0.8794,0.753,23/23,17.1
VisA/pipe_fryum,k24s2000,chi2,raw,k24s2000|chi2|raw,1,1,0.887,0.7692,23/23,17.1
VisA/pipe_fryum,k12s0,nll,raw,k12s0|nll|raw,1,2,0.9336,0.8656,12/12,4.2
VisA/pipe_fryum,k12s0,maha,raw,k12s0|maha|raw,1,2,0.9339,0.8662,12/12,4.2
VisA/pipe_fryum,k12s0,chi2,raw,k12s0|chi2|raw,1,2,0.9338,0.8654,12/12,4.3
VisA/pipe_fryum,k12s500,nll,raw,k12s500|nll|raw,1,2,0.9033,0.8004,12/12,7.7
VisA/pipe_fryum,k12s500,maha,raw,k12s500|maha|raw,1,2,0.9025,0.7992,12/12,7.7
VisA/pipe_fryum,k12s500,chi2,raw,k12s500|chi2|raw,1,2,0.9053,0.8068,12/12,7.7
VisA/pipe_fryum,k12s8000,nll,raw,k12s8000|nll|raw,1,2,0.8856,0.7612,12/12,11.8
VisA/pipe_fryum,k12s8000,maha,raw,k12s8000|maha|raw,1,2,0.8857,0.7614,12/12,11.9
VisA/pipe_fryum,k12s8000,chi2,raw,k12s8000|chi2|raw,1,2,0.8923,0.7768,12/12,11.9
VisA/pipe_fryum,k24s2000,nll,raw,k24s2000|nll|raw,1,2,0.8921,0.7752,23/23,15.5
VisA/pipe_fryum,k24s2000,maha,raw,k24s2000|maha|raw,1,2,0.8926,0.7766,23/23,15.5
VisA/pipe_fryum,k24s2000,chi2,raw,k24s2000|chi2|raw,1,2,0.9004,0.793,23/23,15.6
VisA/pipe_fryum,k12s0,nll,raw,k12s0|nll|raw,2,0,0.8726,0.7418,12/12,10.3
VisA/pipe_fryum,k12s0,maha,raw,k12s0|maha|raw,2,0,0.8742,0.7466,12/12,10.3
VisA/pipe_fryum,k12s0,chi2,raw,k12s0|chi2|raw,2,0,0.8742,0.7464,12/12,10.3
VisA/pipe_fryum,k12s500,nll,raw,k12s500|nll|raw,2,0,0.8655,0.7196,12/12,16.0
VisA/pipe_fryum,k12s500,maha,raw,k12s500|maha|raw,2,0,0.8688,0.7298,12/12,16.1
VisA/pipe_fryum,k12s500,chi2,raw,k12s500|chi2|raw,2,0,0.8951,0.7892,12/12,16.1
VisA/pipe_fryum,k12s8000,nll,raw,k12s8000|nll|raw,2,0,0.8513,0.6904,12/12,16.7
VisA/pipe_fryum,k12s8000,maha,raw,k12s8000|maha|raw,2,0,0.8523,0.6938,12/12,16.7
VisA/pipe_fryum,k12s8000,chi2,raw,k12s8000|chi2|raw,2,0,0.8654,0.7222,12/12,16.8
VisA/pipe_fryum,k24s2000,nll,raw,k24s2000|nll|raw,2,0,0.8554,0.698,24/24,26.8
VisA/pipe_fryum,k24s2000,maha,raw,k24s2000|maha|raw,2,0,0.8558,0.698,24/24,26.9
VisA/pipe_fryum,k24s2000,chi2,raw,k24s2000|chi2|raw,2,0,0.8749,0.7402,24/24,26.9
VisA/pipe_fryum,k12s0,nll,raw,k12s0|nll|raw,2,1,0.9188,0.8306,12/12,10.1
VisA/pipe_fryum,k12s0,maha,raw,k12s0|maha|raw,2,1,0.9179,0.8288,12/12,10.1
VisA/pipe_fryum,k12s0,chi2,raw,k12s0|chi2|raw,2,1,0.9189,0.8314,12/12,10.2
VisA/pipe_fryum,k12s500,nll,raw,k12s500|nll|raw,2,1,0.9016,0.7944,12/12,14.5
VisA/pipe_fryum,k12s500,maha,raw,k12s500|maha|raw,2,1,0.9029,0.7956,12/12,14.5
VisA/pipe_fryum,k12s500,chi2,raw,k12s500|chi2|raw,2,1,0.9121,0.8176,12/12,14.6
VisA/pipe_fryum,k12s8000,nll,raw,k12s8000|nll|raw,2,1,0.8911,0.7742,12/12,14.9
VisA/pipe_fryum,k12s8000,maha,raw,k12s8000|maha|raw,2,1,0.892,0.7756,12/12,14.9
VisA/pipe_fryum,k12s8000,chi2,raw,k12s8000|chi2|raw,2,1,0.8985,0.791,12/12,15.0
VisA/pipe_fryum,k24s2000,nll,raw,k24s2000|nll|raw,2,1,0.895,0.7834,24/24,29.1
VisA/pipe_fryum,k24s2000,maha,raw,k24s2000|maha|raw,2,1,0.8953,0.784,24/24,29.2
VisA/pipe_fryum,k24s2000,chi2,raw,k24s2000|chi2|raw,2,1,0.9048,0.8034,24/24,29.2
VisA/pipe_fryum,k12s0,nll,raw,k12s0|nll|raw,2,2,0.9159,0.8388,12/12,8.9
VisA/pipe_fryum,k12s0,maha,raw,k12s0|maha|raw,2,2,0.9183,0.8422,12/12,8.9
VisA/pipe_fryum,k12s0,chi2,raw,k12s0|chi2|raw,2,2,0.922,0.8534,12/12,9.0
VisA/pipe_fryum,k12s500,nll,raw,k12s500|nll|raw,2,2,0.8816,0.755,12/12,17.1
VisA/pipe_fryum,k12s500,maha,raw,k12s500|maha|raw,2,2,0.8828,0.762,12/12,17.2
VisA/pipe_fryum,k12s500,chi2,raw,k12s500|chi2|raw,2,2,0.904,0.8118,12/12,17.2
VisA/pipe_fryum,k12s8000,nll,raw,k12s8000|nll|raw,2,2,0.8689,0.7272,12/12,15.7
VisA/pipe_fryum,k12s8000,maha,raw,k12s8000|maha|raw,2,2,0.8694,0.7278,12/12,15.8
VisA/pipe_fryum,k12s8000,chi2,raw,k12s8000|chi2|raw,2,2,0.8842,0.7638,12/12,15.8
VisA/pipe_fryum,k24s2000,nll,raw,k24s2000|nll|raw,2,2,0.8695,0.7286,24/24,29.8
VisA/pipe_fryum,k24s2000,maha,raw,k24s2000|maha|raw,2,2,0.8705,0.731,24/24,29.8
VisA/pipe_fryum,k24s2000,chi2,raw,k24s2000|chi2|raw,2,2,0.8884,0.775,24/24,29.9
mvtec_AD/transistor,k12s0,nll,raw,k12s0|nll|raw,1,0,0.8973,0.9121,12/12,3.6
mvtec_AD/transistor,k12s0,maha,raw,k12s0|maha|raw,1,0,0.8987,0.9142,12/12,3.6
mvtec_AD/transistor,k12s0,chi2,raw,k12s0|chi2|raw,1,0,0.8887,0.9038,12/12,3.7
mvtec_AD/transistor,k12s500,nll,raw,k12s500|nll|raw,1,0,0.8856,0.9108,12/12,6.8
mvtec_AD/transistor,k12s500,maha,raw,k12s500|maha|raw,1,0,0.8707,0.9062,12/12,6.8
mvtec_AD/transistor,k12s500,chi2,raw,k12s500|chi2|raw,1,0,0.8474,0.8813,12/12,6.8
mvtec_AD/transistor,k12s8000,nll,raw,k12s8000|nll|raw,1,0,0.8722,0.8871,12/12,10.2
mvtec_AD/transistor,k12s8000,maha,raw,k12s8000|maha|raw,1,0,0.8699,0.885,12/12,10.2
mvtec_AD/transistor,k12s8000,chi2,raw,k12s8000|chi2|raw,1,0,0.8714,0.8925,12/12,10.2
mvtec_AD/transistor,k24s2000,nll,raw,k24s2000|nll|raw,1,0,0.869,0.8904,23/23,14.5
mvtec_AD/transistor,k24s2000,maha,raw,k24s2000|maha|raw,1,0,0.8684,0.8871,23/23,14.6
mvtec_AD/transistor,k24s2000,chi2,raw,k24s2000|chi2|raw,1,0,0.8815,0.8975,23/23,14.6
mvtec_AD/transistor,k12s0,nll,raw,k12s0|nll|raw,1,1,0.8175,0.8104,12/12,3.5
mvtec_AD/transistor,k12s0,maha,raw,k12s0|maha|raw,1,1,0.8065,0.7975,12/12,3.6
mvtec_AD/transistor,k12s0,chi2,raw,k12s0|chi2|raw,1,1,0.7939,0.7867,12/12,3.6
mvtec_AD/transistor,k12s500,nll,raw,k12s500|nll|raw,1,1,0.9478,0.9608,12/12,6.6
mvtec_AD/transistor,k12s500,maha,raw,k12s500|maha|raw,1,1,0.9226,0.94,12/12,6.6
mvtec_AD/transistor,k12s500,chi2,raw,k12s500|chi2|raw,1,1,0.9059,0.9321,12/12,6.7
mvtec_AD/transistor,k12s8000,nll,raw,k12s8000|nll|raw,1,1,0.9122,0.925,12/12,10.6
mvtec_AD/transistor,k12s8000,maha,raw,k12s8000|maha|raw,1,1,0.9115,0.9254,12/12,10.6
mvtec_AD/transistor,k12s8000,chi2,raw,k12s8000|chi2|raw,1,1,0.913,0.925,12/12,10.6
mvtec_AD/transistor,k24s2000,nll,raw,k24s2000|nll|raw,1,1,0.9298,0.9433,23/23,10.8
mvtec_AD/transistor,k24s2000,maha,raw,k24s2000|maha|raw,1,1,0.928,0.9421,23/23,10.8
mvtec_AD/transistor,k24s2000,chi2,raw,k24s2000|chi2|raw,1,1,0.9197,0.935,23/23,10.8
mvtec_AD/transistor,k12s0,nll,raw,k12s0|nll|raw,1,2,0.8183,0.85,12/12,2.7
mvtec_AD/transistor,k12s0,maha,raw,k12s0|maha|raw,1,2,0.8236,0.8542,12/12,2.8
mvtec_AD/transistor,k12s0,chi2,raw,k12s0|chi2|raw,1,2,0.8207,0.8525,12/12,2.8
mvtec_AD/transistor,k12s500,nll,raw,k12s500|nll|raw,1,2,0.9132,0.9267,12/12,9.7
mvtec_AD/transistor,k12s500,maha,raw,k12s500|maha|raw,1,2,0.9214,0.9317,12/12,9.7
mvtec_AD/transistor,k12s500,chi2,raw,k12s500|chi2|raw,1,2,0.883,0.8904,12/12,9.7
mvtec_AD/transistor,k12s8000,nll,raw,k12s8000|nll|raw,1,2,0.8852,0.9029,12/12,9.2
mvtec_AD/transistor,k12s8000,maha,raw,k12s8000|maha|raw,1,2,0.8879,0.9054,12/12,9.2
mvtec_AD/transistor,k12s8000,chi2,raw,k12s8000|chi2|raw,1,2,0.905,0.9162,12/12,9.2
mvtec_AD/transistor,k24s2000,nll,raw,k24s2000|nll|raw,1,2,0.9093,0.9221,23/23,17.5
mvtec_AD/transistor,k24s2000,maha,raw,k24s2000|maha|raw,1,2,0.9138,0.9254,23/23,17.6
mvtec_AD/transistor,k24s2000,chi2,raw,k24s2000|chi2|raw,1,2,0.9149,0.9242,23/23,17.6
mvtec_AD/transistor,k12s0,nll,raw,k12s0|nll|raw,2,0,0.8945,0.9108,12/12,11.8
mvtec_AD/transistor,k12s0,maha,raw,k12s0|maha|raw,2,0,0.8868,0.9029,12/12,11.8
mvtec_AD/transistor,k12s0,chi2,raw,k12s0|chi2|raw,2,0,0.8694,0.8821,12/12,11.9
mvtec_AD/transistor,k12s500,nll,raw,k12s500|nll|raw,2,0,0.8871,0.9146,12/12,18.2
mvtec_AD/transistor,k12s500,maha,raw,k12s500|maha|raw,2,0,0.8572,0.8917,12/12,18.2
mvtec_AD/transistor,k12s500,chi2,raw,k12s500|chi2|raw,2,0,0.8557,0.8912,12/12,18.3
mvtec_AD/transistor,k12s8000,nll,raw,k12s8000|nll|raw,2,0,0.8902,0.9088,12/12,20.2
mvtec_AD/transistor,k12s8000,maha,raw,k12s8000|maha|raw,2,0,0.8902,0.9071,12/12,20.3
mvtec_AD/transistor,k12s8000,chi2,raw,k12s8000|chi2|raw,2,0,0.8888,0.9021,12/12,20.3
mvtec_AD/transistor,k24s2000,nll,raw,k24s2000|nll|raw,2,0,0.896,0.92,24/24,66.7
mvtec_AD/transistor,k24s2000,maha,raw,k24s2000|maha|raw,2,0,0.8972,0.9196,24/24,66.7
mvtec_AD/transistor,k24s2000,chi2,raw,k24s2000|chi2|raw,2,0,0.9108,0.9317,24/24,66.7
mvtec_AD/transistor,k12s0,nll,raw,k12s0|nll|raw,2,1,0.9329,0.9475,12/12,12.6
mvtec_AD/transistor,k12s0,maha,raw,k12s0|maha|raw,2,1,0.9236,0.9412,12/12,12.6
mvtec_AD/transistor,k12s0,chi2,raw,k12s0|chi2|raw,2,1,0.9152,0.935,12/12,12.6
mvtec_AD/transistor,k12s500,nll,raw,k12s500|nll|raw,2,1,0.9428,0.9542,12/12,10.5
mvtec_AD/transistor,k12s500,maha,raw,k12s500|maha|raw,2,1,0.8738,0.895,12/12,10.5
mvtec_AD/transistor,k12s500,chi2,raw,k12s500|chi2|raw,2,1,0.871,0.9,12/12,10.6
mvtec_AD/transistor,k12s8000,nll,raw,k12s8000|nll|raw,2,1,0.9159,0.9292,12/12,19.3
mvtec_AD/transistor,k12s8000,maha,raw,k12s8000|maha|raw,2,1,0.9211,0.9321,12/12,19.3
mvtec_AD/transistor,k12s8000,chi2,raw,k12s8000|chi2|raw,2,1,0.9329,0.94,12/12,19.3
mvtec_AD/transistor,k24s2000,nll,raw,k24s2000|nll|raw,2,1,0.9471,0.9542,24/24,56.3
mvtec_AD/transistor,k24s2000,maha,raw,k24s2000|maha|raw,2,1,0.9401,0.9483,24/24,56.4
mvtec_AD/transistor,k24s2000,chi2,raw,k24s2000|chi2|raw,2,1,0.9365,0.9458,24/24,56.4
mvtec_AD/transistor,k12s0,nll,raw,k12s0|nll|raw,2,2,0.9407,0.945,12/12,7.6
mvtec_AD/transistor,k12s0,maha,raw,k12s0|maha|raw,2,2,0.9253,0.93,12/12,7.7
mvtec_AD/transistor,k12s0,chi2,raw,k12s0|chi2|raw,2,2,0.9085,0.915,12/12,7.7
mvtec_AD/transistor,k12s500,nll,raw,k12s500|nll|raw,2,2,0.9485,0.9579,12/12,13.5
mvtec_AD/transistor,k12s500,maha,raw,k12s500|maha|raw,2,2,0.9485,0.9546,12/12,13.6
mvtec_AD/transistor,k12s500,chi2,raw,k12s500|chi2|raw,2,2,0.9054,0.9238,12/12,13.6
mvtec_AD/transistor,k12s8000,nll,raw,k12s8000|nll|raw,2,2,0.9139,0.9263,12/12,26.0
mvtec_AD/transistor,k12s8000,maha,raw,k12s8000|maha|raw,2,2,0.924,0.9329,12/12,26.1
mvtec_AD/transistor,k12s8000,chi2,raw,k12s8000|chi2|raw,2,2,0.9097,0.9158,12/12,26.1
mvtec_AD/transistor,k24s2000,nll,raw,k24s2000|nll|raw,2,2,0.9302,0.9379,24/24,66.5
mvtec_AD/transistor,k24s2000,maha,raw,k24s2000|maha|raw,2,2,0.9424,0.9458,24/24,66.5
mvtec_AD/transistor,k24s2000,chi2,raw,k24s2000|chi2|raw,2,2,0.9111,0.9196,24/24,66.6
mvtec_AD/wood,k12s0,nll,raw,k12s0|nll|raw,1,0,0.9839,0.95,12/12,2.2
mvtec_AD/wood,k12s0,maha,raw,k12s0|maha|raw,1,0,0.9846,0.9518,12/12,2.3
mvtec_AD/wood,k12s0,chi2,raw,k12s0|chi2|raw,1,0,0.9848,0.9526,12/12,2.3
mvtec_AD/wood,k12s500,nll,raw,k12s500|nll|raw,1,0,0.9711,0.9167,12/12,3.8
mvtec_AD/wood,k12s500,maha,raw,k12s500|maha|raw,1,0,0.9724,0.9211,12/12,3.8
mvtec_AD/wood,k12s500,chi2,raw,k12s500|chi2|raw,1,0,0.9789,0.9395,12/12,3.9
mvtec_AD/wood,k12s8000,nll,raw,k12s8000|nll|raw,1,0,0.9801,0.9421,12/12,11.3
mvtec_AD/wood,k12s8000,maha,raw,k12s8000|maha|raw,1,0,0.9801,0.9421,12/12,11.3
mvtec_AD/wood,k12s8000,chi2,raw,k12s8000|chi2|raw,1,0,0.9864,0.9614,12/12,11.3
mvtec_AD/wood,k24s2000,nll,raw,k24s2000|nll|raw,1,0,0.9777,0.9351,23/23,11.3
mvtec_AD/wood,k24s2000,maha,raw,k24s2000|maha|raw,1,0,0.9785,0.9377,23/23,11.3
mvtec_AD/wood,k24s2000,chi2,raw,k24s2000|chi2|raw,1,0,0.9846,0.9561,23/23,11.4
mvtec_AD/wood,k12s0,nll,raw,k12s0|nll|raw,1,1,0.978,0.9342,12/12,2.4
mvtec_AD/wood,k12s0,maha,raw,k12s0|maha|raw,1,1,0.9771,0.9316,12/12,2.4
mvtec_AD/wood,k12s0,chi2,raw,k12s0|chi2|raw,1,1,0.9773,0.9325,12/12,2.4
mvtec_AD/wood,k12s500,nll,raw,k12s500|nll|raw,1,1,0.9801,0.9421,12/12,5.2
mvtec_AD/wood,k12s500,maha,raw,k12s500|maha|raw,1,1,0.9812,0.9447,12/12,5.2
mvtec_AD/wood,k12s500,chi2,raw,k12s500|chi2|raw,1,1,0.9861,0.9588,12/12,5.3
mvtec_AD/wood,k12s8000,nll,raw,k12s8000|nll|raw,1,1,0.984,0.9526,12/12,7.2
mvtec_AD/wood,k12s8000,maha,raw,k12s8000|maha|raw,1,1,0.984,0.9526,12/12,7.2
mvtec_AD/wood,k12s8000,chi2,raw,k12s8000|chi2|raw,1,1,0.9904,0.9702,12/12,7.2
mvtec_AD/wood,k24s2000,nll,raw,k24s2000|nll|raw,1,1,0.9836,0.9518,23/23,10.8
mvtec_AD/wood,k24s2000,maha,raw,k24s2000|maha|raw,1,1,0.9836,0.9518,23/23,10.9
mvtec_AD/wood,k24s2000,chi2,raw,k24s2000|chi2|raw,1,1,0.9907,0.9711,23/23,10.9
mvtec_AD/wood,k12s0,nll,raw,k12s0|nll|raw,1,2,0.9768,0.9228,12/12,2.2
mvtec_AD/wood,k12s0,maha,raw,k12s0|maha|raw,1,2,0.9762,0.9211,12/12,2.2
mvtec_AD/wood,k12s0,chi2,raw,k12s0|chi2|raw,1,2,0.9759,0.9202,12/12,2.2
mvtec_AD/wood,k12s500,nll,raw,k12s500|nll|raw,1,2,0.9805,0.9342,12/12,4.7
mvtec_AD/wood,k12s500,maha,raw,k12s500|maha|raw,1,2,0.9821,0.9395,12/12,4.8
mvtec_AD/wood,k12s500,chi2,raw,k12s500|chi2|raw,1,2,0.9879,0.9588,12/12,4.8
mvtec_AD/wood,k12s8000,nll,raw,k12s8000|nll|raw,1,2,0.9827,0.9421,12/12,12.6
mvtec_AD/wood,k12s8000,maha,raw,k12s8000|maha|raw,1,2,0.9832,0.9439,12/12,12.6
mvtec_AD/wood,k12s8000,chi2,raw,k12s8000|chi2|raw,1,2,0.9896,0.9649,12/12,12.7
mvtec_AD/wood,k24s2000,nll,raw,k24s2000|nll|raw,1,2,0.9822,0.9404,23/23,13.6
mvtec_AD/wood,k24s2000,maha,raw,k24s2000|maha|raw,1,2,0.9829,0.943,23/23,13.6
mvtec_AD/wood,k24s2000,chi2,raw,k24s2000|chi2|raw,1,2,0.9901,0.9667,23/23,13.6
mvtec_AD/wood,k12s0,nll,raw,k12s0|nll|raw,2,0,0.9821,0.9474,12/12,8.0
mvtec_AD/wood,k12s0,maha,raw,k12s0|maha|raw,2,0,0.9825,0.9491,12/12,8.0
mvtec_AD/wood,k12s0,chi2,raw,k12s0|chi2|raw,2,0,0.9834,0.9518,12/12,8.1
mvtec_AD/wood,k12s500,nll,raw,k12s500|nll|raw,2,0,0.9819,0.9491,12/12,10.0
mvtec_AD/wood,k12s500,maha,raw,k12s500|maha|raw,2,0,0.9817,0.9491,12/12,10.0
mvtec_AD/wood,k12s500,chi2,raw,k12s500|chi2|raw,2,0,0.9887,0.9675,12/12,10.1
mvtec_AD/wood,k12s8000,nll,raw,k12s8000|nll|raw,2,0,0.9867,0.9614,12/12,18.2
mvtec_AD/wood,k12s8000,maha,raw,k12s8000|maha|raw,2,0,0.9871,0.9632,12/12,18.3
mvtec_AD/wood,k12s8000,chi2,raw,k12s8000|chi2|raw,2,0,0.9923,0.9772,12/12,18.3
mvtec_AD/wood,k24s2000,nll,raw,k24s2000|nll|raw,2,0,0.986,0.9596,24/24,40.6
mvtec_AD/wood,k24s2000,maha,raw,k24s2000|maha|raw,2,0,0.9862,0.9605,24/24,40.6
mvtec_AD/wood,k24s2000,chi2,raw,k24s2000|chi2|raw,2,0,0.9914,0.9746,24/24,40.6
mvtec_AD/wood,k12s0,nll,raw,k12s0|nll|raw,2,1,0.9846,0.9553,12/12,6.2
mvtec_AD/wood,k12s0,maha,raw,k12s0|maha|raw,2,1,0.9857,0.9588,12/12,6.2
mvtec_AD/wood,k12s0,chi2,raw,k12s0|chi2|raw,2,1,0.9867,0.9614,12/12,6.3
mvtec_AD/wood,k12s500,nll,raw,k12s500|nll|raw,2,1,0.9849,0.957,12/12,10.6
mvtec_AD/wood,k12s500,maha,raw,k12s500|maha|raw,2,1,0.9855,0.9588,12/12,10.6
mvtec_AD/wood,k12s500,chi2,raw,k12s500|chi2|raw,2,1,0.9907,0.9728,12/12,10.7
mvtec_AD/wood,k12s8000,nll,raw,k12s8000|nll|raw,2,1,0.9892,0.9684,12/12,22.3
mvtec_AD/wood,k12s8000,maha,raw,k12s8000|maha|raw,2,1,0.9889,0.9675,12/12,22.4
mvtec_AD/wood,k12s8000,chi2,raw,k12s8000|chi2|raw,2,1,0.9939,0.9816,12/12,22.4
mvtec_AD/wood,k24s2000,nll,raw,k24s2000|nll|raw,2,1,0.9887,0.9675,24/24,36.1
mvtec_AD/wood,k24s2000,maha,raw,k24s2000|maha|raw,2,1,0.9894,0.9693,24/24,36.1
mvtec_AD/wood,k24s2000,chi2,raw,k24s2000|chi2|raw,2,1,0.9944,0.9833,24/24,36.2
mvtec_AD/wood,k12s0,nll,raw,k12s0|nll|raw,2,2,0.987,0.9561,12/12,6.2
mvtec_AD/wood,k12s0,maha,raw,k12s0|maha|raw,2,2,0.9867,0.9553,12/12,6.2
mvtec_AD/wood,k12s0,chi2,raw,k12s0|chi2|raw,2,2,0.9903,0.9667,12/12,6.2
mvtec_AD/wood,k12s500,nll,raw,k12s500|nll|raw,2,2,0.9777,0.9307,12/12,13.5
mvtec_AD/wood,k12s500,maha,raw,k12s500|maha|raw,2,2,0.9788,0.9342,12/12,13.5
mvtec_AD/wood,k12s500,chi2,raw,k12s500|chi2|raw,2,2,0.9849,0.9535,12/12,13.6
mvtec_AD/wood,k12s8000,nll,raw,k12s8000|nll|raw,2,2,0.9863,0.9561,12/12,22.8
mvtec_AD/wood,k12s8000,maha,raw,k12s8000|maha|raw,2,2,0.9868,0.9579,12/12,22.8
mvtec_AD/wood,k12s8000,chi2,raw,k12s8000|chi2|raw,2,2,0.9934,0.9781,12/12,22.8
mvtec_AD/wood,k24s2000,nll,raw,k24s2000|nll|raw,2,2,0.9852,0.9518,24/24,48.7
mvtec_AD/wood,k24s2000,maha,raw,k24s2000|maha|raw,2,2,0.9879,0.9605,24/24,48.7
mvtec_AD/wood,k24s2000,chi2,raw,k24s2000|chi2|raw,2,2,0.995,0.9833,24/24,48.7
mvtec_AD/zipper,k12s0,nll,raw,k12s0|nll|raw,1,0,0.9912,0.9672,12/12,3.7
mvtec_AD/zipper,k12s0,maha,raw,k12s0|maha|raw,1,0,0.9898,0.9619,12/12,3.8
mvtec_AD/zipper,k12s0,chi2,raw,k12s0|chi2|raw,1,0,0.9899,0.9617,12/12,3.8
mvtec_AD/zipper,k12s500,nll,raw,k12s500|nll|raw,1,0,0.9972,0.9895,12/12,6.6
mvtec_AD/zipper,k12s500,maha,raw,k12s500|maha|raw,1,0,0.9973,0.99,12/12,6.6
mvtec_AD/zipper,k12s500,chi2,raw,k12s500|chi2|raw,1,0,0.9979,0.9921,12/12,6.7
mvtec_AD/zipper,k12s8000,nll,raw,k12s8000|nll|raw,1,0,0.9975,0.9908,12/12,10.9
mvtec_AD/zipper,k12s8000,maha,raw,k12s8000|maha|raw,1,0,0.9976,0.9911,12/12,10.9
mvtec_AD/zipper,k12s8000,chi2,raw,k12s8000|chi2|raw,1,0,0.9976,0.9911,12/12,11.0
mvtec_AD/zipper,k24s2000,nll,raw,k24s2000|nll|raw,1,0,0.9968,0.9882,23/23,15.8
mvtec_AD/zipper,k24s2000,maha,raw,k24s2000|maha|raw,1,0,0.9972,0.9898,23/23,15.8
mvtec_AD/zipper,k24s2000,chi2,raw,k24s2000|chi2|raw,1,0,0.9979,0.9921,23/23,15.8
mvtec_AD/zipper,k12s0,nll,raw,k12s0|nll|raw,1,1,0.9963,0.9874,12/12,3.5
mvtec_AD/zipper,k12s0,maha,raw,k12s0|maha|raw,1,1,0.9959,0.9866,12/12,3.5
mvtec_AD/zipper,k12s0,chi2,raw,k12s0|chi2|raw,1,1,0.9955,0.985,12/12,3.5
mvtec_AD/zipper,k12s500,nll,raw,k12s500|nll|raw,1,1,0.9968,0.9887,12/12,4.9
mvtec_AD/zipper,k12s500,maha,raw,k12s500|maha|raw,1,1,0.9964,0.9874,12/12,4.9
mvtec_AD/zipper,k12s500,chi2,raw,k12s500|chi2|raw,1,1,0.997,0.9895,12/12,5.0
mvtec_AD/zipper,k12s8000,nll,raw,k12s8000|nll|raw,1,1,0.9977,0.9919,12/12,10.0
mvtec_AD/zipper,k12s8000,maha,raw,k12s8000|maha|raw,1,1,0.9975,0.9911,12/12,10.0
mvtec_AD/zipper,k12s8000,chi2,raw,k12s8000|chi2|raw,1,1,0.998,0.9929,12/12,10.1
mvtec_AD/zipper,k24s2000,nll,raw,k24s2000|nll|raw,1,1,0.9977,0.9916,23/23,17.1
mvtec_AD/zipper,k24s2000,maha,raw,k24s2000|maha|raw,1,1,0.9975,0.9908,23/23,17.1
mvtec_AD/zipper,k24s2000,chi2,raw,k24s2000|chi2|raw,1,1,0.9979,0.9924,23/23,17.2
mvtec_AD/zipper,k12s0,nll,raw,k12s0|nll|raw,1,2,0.9929,0.9719,12/12,3.6
mvtec_AD/zipper,k12s0,maha,raw,k12s0|maha|raw,1,2,0.9928,0.9698,12/12,3.7
mvtec_AD/zipper,k12s0,chi2,raw,k12s0|chi2|raw,1,2,0.9928,0.9701,12/12,3.7
mvtec_AD/zipper,k12s500,nll,raw,k12s500|nll|raw,1,2,0.9968,0.9892,12/12,6.3
mvtec_AD/zipper,k12s500,maha,raw,k12s500|maha|raw,1,2,0.9974,0.9908,12/12,6.4
mvtec_AD/zipper,k12s500,chi2,raw,k12s500|chi2|raw,1,2,0.9975,0.9911,12/12,6.4
mvtec_AD/zipper,k12s8000,nll,raw,k12s8000|nll|raw,1,2,0.9976,0.9916,12/12,7.7
mvtec_AD/zipper,k12s8000,maha,raw,k12s8000|maha|raw,1,2,0.9977,0.9919,12/12,7.8
mvtec_AD/zipper,k12s8000,chi2,raw,k12s8000|chi2|raw,1,2,0.9974,0.9908,12/12,7.8
mvtec_AD/zipper,k24s2000,nll,raw,k24s2000|nll|raw,1,2,0.9972,0.9903,23/23,16.3
mvtec_AD/zipper,k24s2000,maha,raw,k24s2000|maha|raw,1,2,0.9972,0.9903,23/23,16.3
mvtec_AD/zipper,k24s2000,chi2,raw,k24s2000|chi2|raw,1,2,0.9975,0.9913,23/23,16.4
mvtec_AD/zipper,k12s0,nll,raw,k12s0|nll|raw,2,0,0.9956,0.9835,12/12,12.0
mvtec_AD/zipper,k12s0,maha,raw,k12s0|maha|raw,2,0,0.995,0.9811,12/12,12.1
mvtec_AD/zipper,k12s0,chi2,raw,k12s0|chi2|raw,2,0,0.9952,0.9814,12/12,12.1
mvtec_AD/zipper,k12s500,nll,raw,k12s500|nll|raw,2,0,0.9977,0.9913,12/12,15.7
mvtec_AD/zipper,k12s500,maha,raw,k12s500|maha|raw,2,0,0.9975,0.9903,12/12,15.8
mvtec_AD/zipper,k12s500,chi2,raw,k12s500|chi2|raw,2,0,0.9984,0.9937,12/12,15.8
mvtec_AD/zipper,k12s8000,nll,raw,k12s8000|nll|raw,2,0,0.9982,0.9934,12/12,15.2
mvtec_AD/zipper,k12s8000,maha,raw,k12s8000|maha|raw,2,0,0.9982,0.9934,12/12,15.2
mvtec_AD/zipper,k12s8000,chi2,raw,k12s8000|chi2|raw,2,0,0.9983,0.9934,12/12,15.3
mvtec_AD/zipper,k24s2000,nll,raw,k24s2000|nll|raw,2,0,0.9977,0.9913,24/24,32.9
mvtec_AD/zipper,k24s2000,maha,raw,k24s2000|maha|raw,2,0,0.9977,0.9913,24/24,32.9
mvtec_AD/zipper,k24s2000,chi2,raw,k24s2000|chi2|raw,2,0,0.9983,0.9934,24/24,33.0
mvtec_AD/zipper,k12s0,nll,raw,k12s0|nll|raw,2,1,0.9978,0.9924,12/12,10.6
mvtec_AD/zipper,k12s0,maha,raw,k12s0|maha|raw,2,1,0.9975,0.9913,12/12,10.6
mvtec_AD/zipper,k12s0,chi2,raw,k12s0|chi2|raw,2,1,0.9976,0.9913,12/12,10.7
mvtec_AD/zipper,k12s500,nll,raw,k12s500|nll|raw,2,1,0.9964,0.9877,12/12,20.1
mvtec_AD/zipper,k12s500,maha,raw,k12s500|maha|raw,2,1,0.996,0.9866,12/12,20.1
mvtec_AD/zipper,k12s500,chi2,raw,k12s500|chi2|raw,2,1,0.9969,0.9892,12/12,20.2
mvtec_AD/zipper,k12s8000,nll,raw,k12s8000|nll|raw,2,1,0.9968,0.9887,12/12,20.7
mvtec_AD/zipper,k12s8000,maha,raw,k12s8000|maha|raw,2,1,0.9964,0.9874,12/12,20.7
mvtec_AD/zipper,k12s8000,chi2,raw,k12s8000|chi2|raw,2,1,0.9974,0.9908,12/12,20.8
mvtec_AD/zipper,k24s2000,nll,raw,k24s2000|nll|raw,2,1,0.9967,0.9887,24/24,26.5
mvtec_AD/zipper,k24s2000,maha,raw,k24s2000|maha|raw,2,1,0.9962,0.9871,24/24,26.6
mvtec_AD/zipper,k24s2000,chi2,raw,k24s2000|chi2|raw,2,1,0.9976,0.9913,24/24,26.6
mvtec_AD/zipper,k12s0,nll,raw,k12s0|nll|raw,2,2,0.9956,0.9845,12/12,17.9
mvtec_AD/zipper,k12s0,maha,raw,k12s0|maha|raw,2,2,0.9952,0.9819,12/12,17.9
mvtec_AD/zipper,k12s0,chi2,raw,k12s0|chi2|raw,2,2,0.995,0.98,12/12,17.9
mvtec_AD/zipper,k12s500,nll,raw,k12s500|nll|raw,2,2,0.9977,0.9916,12/12,15.5
mvtec_AD/zipper,k12s500,maha,raw,k12s500|maha|raw,2,2,0.9976,0.9913,12/12,15.5
mvtec_AD/zipper,k12s500,chi2,raw,k12s500|chi2|raw,2,2,0.9982,0.9934,12/12,15.6
mvtec_AD/zipper,k12s8000,nll,raw,k12s8000|nll|raw,2,2,0.9973,0.9903,12/12,20.0
mvtec_AD/zipper,k12s8000,maha,raw,k12s8000|maha|raw,2,2,0.9973,0.9903,12/12,20.0
mvtec_AD/zipper,k12s8000,chi2,raw,k12s8000|chi2|raw,2,2,0.9976,0.9911,12/12,20.1
mvtec_AD/zipper,k24s2000,nll,raw,k24s2000|nll|raw,2,2,0.9973,0.9903,24/24,25.6
mvtec_AD/zipper,k24s2000,maha,raw,k24s2000|maha|raw,2,2,0.9969,0.989,24/24,25.6
mvtec_AD/zipper,k24s2000,chi2,raw,k24s2000|chi2|raw,2,2,0.9972,0.99,24/24,25.7
