backbone,resize,mask,dataset,method,n_train,seed,img_ap,img_auroc,aupro_30,aupro_05,pix_auroc,pix_ap,k_used,fit_s
dinov3b,square,none,mvtec_AD/bottle,galad,1,0,0.999,0.9968,0.9558,0.7646,0.9853,0.7764,12/12,3.73
dinov3b,square,none,mvtec_AD/bottle,adino,1,0,1.0,1.0,0.951,0.7756,0.9879,0.84,,0.0
dinov3b,square,none,mvtec_AD/bottle,galad,1,1,0.9992,0.9976,0.9509,0.7573,0.9822,0.7634,12/12,3.9
dinov3b,square,none,mvtec_AD/bottle,adino,1,1,1.0,1.0,0.9399,0.7685,0.9834,0.8287,,0.0
dinov3b,square,none,mvtec_AD/bottle,galad,1,2,1.0,1.0,0.957,0.7674,0.9853,0.7794,12/12,5.76
dinov3b,square,none,mvtec_AD/bottle,adino,1,2,1.0,1.0,0.9413,0.7741,0.9883,0.8481,,0.0
dinov3b,square,none,mvtec_AD/bottle,galad,1,3,0.9992,0.9976,0.9554,0.7603,0.9845,0.7683,12/12,3.97
dinov3b,square,none,mvtec_AD/bottle,adino,1,3,1.0,1.0,0.9485,0.7756,0.9872,0.8383,,0.0
dinov3b,square,none,mvtec_AD/bottle,galad,1,4,0.9992,0.9976,0.9554,0.7619,0.9844,0.7709,12/12,4.94
dinov3b,square,none,mvtec_AD/bottle,adino,1,4,1.0,1.0,0.9485,0.7756,0.9872,0.8383,,0.0
dinov3b,square,none,mvtec_AD/bottle,galad,2,0,0.9987,0.996,0.952,0.7518,0.986,0.7678,12/12,10.42
dinov3b,square,none,mvtec_AD/bottle,adino,2,0,1.0,1.0,0.9525,0.7779,0.9888,0.8418,,0.0
dinov3b,square,none,mvtec_AD/bottle,galad,2,1,0.9982,0.9944,0.9494,0.749,0.9851,0.7658,12/12,26.88
dinov3b,square,none,mvtec_AD/bottle,adino,2,1,1.0,1.0,0.9381,0.7769,0.9845,0.8342,,0.0
dinov3b,square,none,mvtec_AD/bottle,galad,2,2,0.9998,0.9992,0.9561,0.765,0.9866,0.7827,12/12,13.42
dinov3b,square,none,mvtec_AD/bottle,adino,2,2,1.0,1.0,0.9506,0.8009,0.9906,0.8625,,0.0
dinov3b,square,none,mvtec_AD/bottle,galad,2,3,0.999,0.9968,0.9509,0.7482,0.9853,0.7626,12/12,12.31
dinov3b,square,none,mvtec_AD/bottle,adino,2,3,1.0,1.0,0.9511,0.784,0.9879,0.8429,,0.0
dinov3b,square,none,mvtec_AD/bottle,galad,2,4,0.999,0.9968,0.9514,0.7517,0.9863,0.7736,12/12,17.71
dinov3b,square,none,mvtec_AD/bottle,adino,2,4,1.0,1.0,0.9472,0.7747,0.9874,0.839,,0.0
dinov3b,square,none,mvtec_AD/bottle,galad,4,0,0.9987,0.996,0.9541,0.7546,0.9867,0.7706,12/12,23.44
dinov3b,square,none,mvtec_AD/bottle,adino,4,0,1.0,1.0,0.9478,0.7817,0.9891,0.8441,,0.0
dinov3b,square,none,mvtec_AD/bottle,galad,4,1,0.9998,0.9992,0.9481,0.7496,0.9859,0.768,12/12,29.93
dinov3b,square,none,mvtec_AD/bottle,adino,4,1,1.0,1.0,0.9385,0.772,0.9839,0.824,,0.0
dinov3b,square,none,mvtec_AD/bottle,galad,4,2,0.9986,0.9952,0.9556,0.7633,0.9873,0.7848,12/12,25.6
dinov3b,square,none,mvtec_AD/bottle,adino,4,2,1.0,1.0,0.9549,0.8011,0.9908,0.8587,,0.0
dinov3b,square,none,mvtec_AD/bottle,galad,4,3,0.9979,0.9937,0.9517,0.7445,0.986,0.7636,12/12,34.12
dinov3b,square,none,mvtec_AD/bottle,adino,4,3,1.0,1.0,0.9494,0.7836,0.9881,0.8438,,0.0
dinov3b,square,none,mvtec_AD/bottle,galad,4,4,0.9956,0.9873,0.9488,0.7424,0.9865,0.7665,12/12,21.1
dinov3b,square,none,mvtec_AD/bottle,adino,4,4,1.0,1.0,0.9468,0.7724,0.9874,0.837,,0.0
dinov3b,square,none,mvtec_AD/bottle,galad,5,0,0.9954,0.9865,0.9448,0.7346,0.9866,0.7653,12/12,34.52
dinov3b,square,none,mvtec_AD/bottle,adino,5,0,1.0,1.0,0.9474,0.7799,0.989,0.8437,,0.0
dinov3b,square,none,mvtec_AD/bottle,galad,5,1,0.9998,0.9992,0.9482,0.7487,0.9865,0.7716,12/12,38.38
dinov3b,square,none,mvtec_AD/bottle,adino,5,1,1.0,1.0,0.9386,0.7716,0.9839,0.8242,,0.0
dinov3b,square,none,mvtec_AD/bottle,galad,5,2,0.9991,0.9968,0.9486,0.7467,0.9873,0.774,12/12,43.9
dinov3b,square,none,mvtec_AD/bottle,adino,5,2,1.0,1.0,0.955,0.7963,0.9904,0.8541,,0.0
dinov3b,square,none,mvtec_AD/bottle,galad,5,3,0.997,0.9913,0.9462,0.7356,0.9865,0.7623,12/12,70.03
dinov3b,square,none,mvtec_AD/bottle,adino,5,3,1.0,1.0,0.9497,0.7851,0.9882,0.8444,,0.0
dinov3b,square,none,mvtec_AD/bottle,galad,5,4,0.9953,0.9865,0.9473,0.736,0.9865,0.7676,12/12,27.61
dinov3b,square,none,mvtec_AD/bottle,adino,5,4,1.0,1.0,0.9465,0.7708,0.9874,0.837,,0.0
dinov3b,square,none,VisA/candle,galad,1,0,0.8013,0.8103,0.9521,0.8456,0.9926,0.3587,12/12,8.44
dinov3b,square,none,VisA/candle,adino,1,0,0.8877,0.8802,0.9415,0.8497,0.9892,0.4455,,0.0
dinov3b,square,none,VisA/candle,galad,1,1,0.8876,0.9272,0.9653,0.8782,0.9938,0.3456,12/12,6.92
dinov3b,square,none,VisA/candle,adino,1,1,0.9076,0.9073,0.9522,0.8663,0.9894,0.4472,,0.0
dinov3b,square,none,VisA/candle,galad,1,2,0.7936,0.8002,0.9531,0.849,0.9924,0.3578,12/12,5.71
dinov3b,square,none,VisA/candle,adino,1,2,0.8991,0.8868,0.9425,0.8334,0.9915,0.4655,,0.0
dinov3b,square,none,VisA/candle,galad,1,3,0.8548,0.8895,0.9605,0.8674,0.9926,0.3401,12/12,5.14
dinov3b,square,none,VisA/candle,adino,1,3,0.9133,0.9093,0.9489,0.8648,0.9914,0.4378,,0.0
dinov3b,square,none,VisA/candle,galad,1,4,0.8494,0.8866,0.9561,0.8606,0.9928,0.311,12/12,6.34
dinov3b,square,none,VisA/candle,adino,1,4,0.8909,0.8825,0.9315,0.8464,0.9887,0.4129,,0.0
dinov3b,square,none,VisA/candle,galad,2,0,0.79,0.811,0.9528,0.8391,0.9926,0.3593,12/12,18.62
dinov3b,square,none,VisA/candle,adino,2,0,0.8878,0.8823,0.9416,0.8579,0.9906,0.4506,,0.0
dinov3b,square,none,VisA/candle,galad,2,1,0.8869,0.9394,0.9657,0.8743,0.9937,0.336,12/12,17.2
dinov3b,square,none,VisA/candle,adino,2,1,0.9281,0.9329,0.9612,0.8789,0.9929,0.4553,,0.0
dinov3b,square,none,VisA/candle,galad,2,2,0.7958,0.8303,0.9585,0.8622,0.9924,0.3154,12/12,20.58
dinov3b,square,none,VisA/candle,adino,2,2,0.9086,0.9142,0.9565,0.8716,0.9942,0.4609,,0.0
dinov3b,square,none,VisA/candle,galad,2,3,0.8676,0.9134,0.9644,0.8747,0.993,0.3003,12/12,14.06
dinov3b,square,none,VisA/candle,adino,2,3,0.9259,0.9268,0.9573,0.8753,0.993,0.4432,,0.0
dinov3b,square,none,VisA/candle,galad,2,4,0.8716,0.9187,0.9611,0.8671,0.9934,0.3297,12/12,16.49
dinov3b,square,none,VisA/candle,adino,2,4,0.91,0.9083,0.9483,0.873,0.9923,0.4285,,0.0
dinov3b,square,none,VisA/candle,galad,4,0,0.8639,0.8966,0.9616,0.8512,0.9925,0.337,12/12,26.9
dinov3b,square,none,VisA/candle,adino,4,0,0.9076,0.9141,0.9564,0.8845,0.9939,0.4528,,0.0
dinov3b,square,none,VisA/candle,galad,4,1,0.8704,0.9193,0.9658,0.8741,0.9925,0.3146,12/12,28.36
dinov3b,square,none,VisA/candle,adino,4,1,0.918,0.9239,0.9635,0.8848,0.9938,0.4528,,0.0
dinov3b,square,none,VisA/candle,galad,4,2,0.8257,0.878,0.9628,0.866,0.9923,0.3117,12/12,27.82
dinov3b,square,none,VisA/candle,adino,4,2,0.914,0.9206,0.9579,0.8868,0.9932,0.4463,,0.0
dinov3b,square,none,VisA/candle,galad,4,3,0.8554,0.9024,0.9628,0.8704,0.9926,0.333,12/12,24.44
dinov3b,square,none,VisA/candle,adino,4,3,0.9266,0.9297,0.9615,0.879,0.9941,0.4511,,0.0
dinov3b,square,none,VisA/candle,galad,4,4,0.8487,0.8985,0.9625,0.8631,0.9926,0.326,12/12,19.28
dinov3b,square,none,VisA/candle,adino,4,4,0.9111,0.9169,0.9568,0.8791,0.994,0.4467,,0.0
dinov3b,square,none,VisA/candle,galad,5,0,0.8629,0.9041,0.9592,0.8471,0.9923,0.3446,12/12,46.6
dinov3b,square,none,VisA/candle,adino,5,0,0.9189,0.9267,0.9578,0.8869,0.9942,0.45,,0.0
dinov3b,square,none,VisA/candle,galad,5,1,0.8514,0.8937,0.9604,0.8644,0.9916,0.3379,12/12,63.02
dinov3b,square,none,VisA/candle,adino,5,1,0.9218,0.9271,0.9648,0.8862,0.9943,0.4594,,0.0
dinov3b,square,none,VisA/candle,galad,5,2,0.805,0.8598,0.9599,0.857,0.9912,0.2912,12/12,31.07
dinov3b,square,none,VisA/candle,adino,5,2,0.9135,0.9228,0.9554,0.8812,0.9936,0.4633,,0.0
dinov3b,square,none,VisA/candle,galad,5,3,0.8377,0.8819,0.9623,0.8668,0.9925,0.3279,12/12,39.57
dinov3b,square,none,VisA/candle,adino,5,3,0.9293,0.9338,0.9609,0.8817,0.9945,0.4592,,0.0
dinov3b,square,none,VisA/candle,galad,5,4,0.8342,0.8852,0.9626,0.8658,0.9925,0.3314,12/12,31.65
dinov3b,square,none,VisA/candle,adino,5,4,0.9097,0.9163,0.9605,0.8825,0.9944,0.4484,,0.0
dinov3b,square,none,mvtec_loco_AD/breakfast_box,galad,1,0,0.8315,0.7093,0.6983,0.4348,0.8289,0.3533,12/12,4.36
dinov3b,square,none,mvtec_loco_AD/breakfast_box,adino,1,0,0.8704,0.768,0.7529,0.454,0.8866,0.4298,,0.0
dinov3b,square,none,mvtec_loco_AD/breakfast_box,galad,1,1,0.8103,0.662,0.6921,0.4295,0.8307,0.3484,12/12,5.35
dinov3b,square,none,mvtec_loco_AD/breakfast_box,adino,1,1,0.871,0.7673,0.7518,0.4217,0.895,0.4422,,0.0
dinov3b,square,none,mvtec_loco_AD/breakfast_box,galad,1,2,0.8495,0.7267,0.6688,0.4005,0.8157,0.283,12/12,4.62
dinov3b,square,none,mvtec_loco_AD/breakfast_box,adino,1,2,0.8869,0.8085,0.7493,0.4844,0.8886,0.4551,,0.0
dinov3b,square,none,mvtec_loco_AD/breakfast_box,galad,1,3,0.8363,0.7311,0.6894,0.4301,0.834,0.3636,12/12,4.69
dinov3b,square,none,mvtec_loco_AD/breakfast_box,adino,1,3,0.873,0.7764,0.7483,0.4203,0.9002,0.4511,,0.0
dinov3b,square,none,mvtec_loco_AD/breakfast_box,galad,1,4,0.8373,0.7082,0.687,0.4098,0.8304,0.3533,12/12,6.21
dinov3b,square,none,mvtec_loco_AD/breakfast_box,adino,1,4,0.8599,0.7452,0.7222,0.4315,0.8779,0.4337,,0.0
dinov3b,square,none,mvtec_loco_AD/breakfast_box,galad,2,0,0.8281,0.6929,0.7053,0.4504,0.8224,0.3641,12/12,16.34
dinov3b,square,none,mvtec_loco_AD/breakfast_box,adino,2,0,0.8738,0.7809,0.7598,0.4675,0.8913,0.4509,,0.0
dinov3b,square,none,mvtec_loco_AD/breakfast_box,galad,2,1,0.8129,0.6679,0.7004,0.4567,0.8246,0.3819,12/12,13.9
dinov3b,square,none,mvtec_loco_AD/breakfast_box,adino,2,1,0.8768,0.7717,0.7476,0.4711,0.8853,0.4734,,0.0
dinov3b,square,none,mvtec_loco_AD/breakfast_box,galad,2,2,0.8408,0.7165,0.6871,0.4169,0.8223,0.3139,12/12,10.11
dinov3b,square,none,mvtec_loco_AD/breakfast_box,adino,2,2,0.8934,0.815,0.7645,0.4884,0.9021,0.4855,,0.0
dinov3b,square,none,mvtec_loco_AD/breakfast_box,galad,2,3,0.8266,0.6967,0.7143,0.4716,0.8327,0.3849,12/12,8.72
dinov3b,square,none,mvtec_loco_AD/breakfast_box,adino,2,3,0.8691,0.7667,0.7523,0.4194,0.9007,0.4437,,0.0
dinov3b,square,none,mvtec_loco_AD/breakfast_box,galad,2,4,0.8406,0.7198,0.7083,0.4533,0.8344,0.3845,12/12,9.83
dinov3b,square,none,mvtec_loco_AD/breakfast_box,adino,2,4,0.8871,0.7998,0.7229,0.4819,0.8787,0.4623,,0.0
dinov3b,square,none,mvtec_loco_AD/breakfast_box,galad,4,0,0.8166,0.6747,0.7131,0.4709,0.8198,0.3898,12/12,22.54
dinov3b,square,none,mvtec_loco_AD/breakfast_box,adino,4,0,0.8922,0.8106,0.7867,0.4974,0.9037,0.5029,,0.0
dinov3b,square,none,mvtec_loco_AD/breakfast_box,galad,4,1,0.8027,0.6639,0.699,0.462,0.8101,0.3924,12/12,32.52
dinov3b,square,none,mvtec_loco_AD/breakfast_box,adino,4,1,0.8906,0.8044,0.7491,0.4935,0.888,0.4898,,0.0
dinov3b,square,none,mvtec_loco_AD/breakfast_box,galad,4,2,0.8196,0.685,0.6997,0.4693,0.8175,0.383,12/12,20.3
dinov3b,square,none,mvtec_loco_AD/breakfast_box,adino,4,2,0.8976,0.8196,0.7825,0.4973,0.9056,0.5142,,0.0
dinov3b,square,none,mvtec_loco_AD/breakfast_box,galad,4,3,0.8267,0.6997,0.7138,0.4909,0.8235,0.4084,12/12,26.49
dinov3b,square,none,mvtec_loco_AD/breakfast_box,adino,4,3,0.8832,0.7854,0.7734,0.4526,0.9056,0.4873,,0.0
dinov3b,square,none,mvtec_loco_AD/breakfast_box,galad,4,4,0.8229,0.6913,0.7116,0.4826,0.8226,0.4089,12/12,34.22
dinov3b,square,none,mvtec_loco_AD/breakfast_box,adino,4,4,0.9003,0.813,0.7515,0.4798,0.8892,0.4719,,0.0
dinov3b,square,none,mvtec_loco_AD/breakfast_box,galad,5,0,0.8296,0.6807,0.7154,0.4966,0.8177,0.4225,12/12,45.95
dinov3b,square,none,mvtec_loco_AD/breakfast_box,adino,5,0,0.8947,0.8137,0.7883,0.5086,0.9038,0.5182,,0.0
dinov3b,square,none,mvtec_loco_AD/breakfast_box,galad,5,1,0.8153,0.676,0.712,0.4815,0.8159,0.4125,12/12,31.54
dinov3b,square,none,mvtec_loco_AD/breakfast_box,adino,5,1,0.8974,0.8137,0.7565,0.5072,0.8921,0.5051,,0.0
dinov3b,square,none,mvtec_loco_AD/breakfast_box,galad,5,2,0.8203,0.6806,0.7133,0.4836,0.819,0.406,12/12,36.46
dinov3b,square,none,mvtec_loco_AD/breakfast_box,adino,5,2,0.9004,0.8257,0.7824,0.5031,0.906,0.519,,0.0
dinov3b,square,none,mvtec_loco_AD/breakfast_box,galad,5,3,0.8274,0.6913,0.709,0.4863,0.8183,0.4165,12/12,32.19
dinov3b,square,none,mvtec_loco_AD/breakfast_box,adino,5,3,0.8998,0.8133,0.7893,0.494,0.9105,0.528,,0.0
dinov3b,square,none,mvtec_loco_AD/breakfast_box,galad,5,4,0.8352,0.7052,0.7258,0.5086,0.8255,0.4236,12/12,23.41
dinov3b,square,none,mvtec_loco_AD/breakfast_box,adino,5,4,0.9018,0.8151,0.7678,0.4906,0.8962,0.4936,,0.0
dinov3b,square,none,AutoVI/engine_wiring,galad,1,0,0.5964,0.5854,0.3152,0.0449,0.8165,0.1569,12/12,5.11
dinov3b,square,none,AutoVI/engine_wiring,adino,1,0,0.5594,0.5375,0.4998,0.0908,0.9325,0.6363,,0.0
dinov3b,square,none,AutoVI/engine_wiring,galad,1,1,0.5424,0.4857,0.2695,0.0266,0.8014,0.1443,12/12,6.64
dinov3b,square,none,AutoVI/engine_wiring,adino,1,1,0.5489,0.5114,0.4426,0.053,0.9295,0.6217,,0.0
dinov3b,square,none,AutoVI/engine_wiring,galad,1,2,0.5398,0.5059,0.2764,0.0378,0.7668,0.1206,12/12,4.94
dinov3b,square,none,AutoVI/engine_wiring,adino,1,2,0.5396,0.4983,0.4249,0.073,0.9251,0.6289,,0.0
dinov3b,square,none,AutoVI/engine_wiring,galad,1,3,0.5665,0.5425,0.2687,0.0252,0.7704,0.125,12/12,4.08
dinov3b,square,none,AutoVI/engine_wiring,adino,1,3,0.5816,0.5438,0.4078,0.0398,0.9204,0.6087,,0.0
dinov3b,square,none,AutoVI/engine_wiring,galad,1,4,0.6418,0.6328,0.284,0.0346,0.781,0.166,12/12,4.28
dinov3b,square,none,AutoVI/engine_wiring,adino,1,4,0.6203,0.6097,0.456,0.0768,0.9374,0.6282,,0.0
dinov3b,square,none,AutoVI/engine_wiring,galad,2,0,0.6689,0.6675,0.3055,0.0427,0.807,0.2548,12/12,14.28
dinov3b,square,none,AutoVI/engine_wiring,adino,2,0,0.622,0.6326,0.5371,0.1203,0.9389,0.6436,,0.0
dinov3b,square,none,AutoVI/engine_wiring,galad,2,1,0.5452,0.4984,0.2802,0.0164,0.8198,0.1087,12/12,11.42
dinov3b,square,none,AutoVI/engine_wiring,adino,2,1,0.5415,0.5056,0.4419,0.0493,0.9288,0.6212,,0.0
dinov3b,square,none,AutoVI/engine_wiring,galad,2,2,0.5614,0.5214,0.3309,0.0429,0.8094,0.1999,12/12,10.34
dinov3b,square,none,AutoVI/engine_wiring,adino,2,2,0.5303,0.4793,0.4838,0.0788,0.9326,0.6308,,0.0
dinov3b,square,none,AutoVI/engine_wiring,galad,2,3,0.5959,0.586,0.3223,0.0406,0.8134,0.2009,12/12,20.12
dinov3b,square,none,AutoVI/engine_wiring,adino,2,3,0.5835,0.5707,0.4865,0.0678,0.9325,0.6291,,0.0
dinov3b,square,none,AutoVI/engine_wiring,galad,2,4,0.7244,0.7264,0.3373,0.0495,0.8151,0.226,12/12,10.62
dinov3b,square,none,AutoVI/engine_wiring,adino,2,4,0.6177,0.6392,0.4894,0.1074,0.9387,0.6393,,0.0
dinov3b,square,none,AutoVI/engine_wiring,galad,4,0,0.6769,0.6751,0.3704,0.0655,0.8537,0.3419,12/12,21.64
dinov3b,square,none,AutoVI/engine_wiring,adino,4,0,0.6245,0.6401,0.5921,0.1477,0.9436,0.6508,,0.0
dinov3b,square,none,AutoVI/engine_wiring,galad,4,1,0.6219,0.597,0.3796,0.0643,0.8825,0.3342,12/12,28.54
dinov3b,square,none,AutoVI/engine_wiring,adino,4,1,0.5813,0.5734,0.5225,0.1064,0.9387,0.6414,,0.0
dinov3b,square,none,AutoVI/engine_wiring,galad,4,2,0.6004,0.5716,0.3862,0.0596,0.8625,0.2611,12/12,20.29
dinov3b,square,none,AutoVI/engine_wiring,adino,4,2,0.5548,0.5068,0.5319,0.0892,0.9393,0.6378,,0.0
dinov3b,square,none,AutoVI/engine_wiring,galad,4,3,0.709,0.7129,0.335,0.0471,0.8493,0.2968,12/12,37.7
dinov3b,square,none,AutoVI/engine_wiring,adino,4,3,0.6293,0.6349,0.5471,0.1245,0.941,0.6472,,0.0
dinov3b,square,none,AutoVI/engine_wiring,galad,4,4,0.6762,0.6655,0.3471,0.0572,0.8419,0.3119,12/12,32.45
dinov3b,square,none,AutoVI/engine_wiring,adino,4,4,0.6194,0.6365,0.5204,0.1122,0.9386,0.6388,,0.0
dinov3b,square,none,AutoVI/engine_wiring,galad,5,0,0.6802,0.6818,0.3747,0.0663,0.8634,0.3575,12/12,25.2
dinov3b,square,none,AutoVI/engine_wiring,adino,5,0,0.635,0.6544,0.6062,0.1577,0.9459,0.6536,,0.0
dinov3b,square,none,AutoVI/engine_wiring,galad,5,1,0.6154,0.5923,0.3472,0.0605,0.8729,0.2931,12/12,45.1
dinov3b,square,none,AutoVI/engine_wiring,adino,5,1,0.6045,0.6029,0.5426,0.121,0.9411,0.6458,,0.0
dinov3b,square,none,AutoVI/engine_wiring,galad,5,2,0.6241,0.6029,0.4304,0.0768,0.8867,0.3181,12/12,26.5
dinov3b,square,none,AutoVI/engine_wiring,adino,5,2,0.5697,0.5327,0.5658,0.1145,0.9431,0.6449,,0.0
dinov3b,square,none,AutoVI/engine_wiring,galad,5,3,0.6959,0.6964,0.3747,0.0618,0.8712,0.33,12/12,48.28
dinov3b,square,none,AutoVI/engine_wiring,adino,5,3,0.6289,0.6392,0.5589,0.1291,0.9412,0.6484,,0.0
dinov3b,square,none,AutoVI/engine_wiring,galad,5,4,0.7084,0.6999,0.4095,0.0757,0.8608,0.3515,12/12,46.08
dinov3b,square,none,AutoVI/engine_wiring,adino,5,4,0.6266,0.654,0.5497,0.1163,0.9422,0.641,,0.0
dinov3b,square,none,btad/01,galad,1,0,0.9835,0.9563,0.8237,0.4566,0.9734,0.566,12/12,2.89
dinov3b,square,none,btad/01,adino,1,0,0.9935,0.9825,0.7495,0.4512,0.9694,0.6106,,0.0
dinov3b,square,none,btad/01,galad,1,1,0.9872,0.965,0.8127,0.4489,0.9723,0.5654,12/12,2.5
dinov3b,square,none,btad/01,adino,1,1,0.9926,0.9796,0.7388,0.4353,0.9682,0.6025,,0.0
dinov3b,square,none,btad/01,galad,1,2,0.9896,0.9718,0.8133,0.448,0.9725,0.5673,12/12,3.0
dinov3b,square,none,btad/01,adino,1,2,0.9931,0.9806,0.7244,0.432,0.9653,0.5936,,0.0
dinov3b,square,none,btad/01,galad,1,3,0.9857,0.9621,0.7942,0.428,0.971,0.558,12/12,2.25
dinov3b,square,none,btad/01,adino,1,3,0.9921,0.9786,0.7226,0.4204,0.9655,0.5913,,0.0
dinov3b,square,none,btad/01,galad,1,4,0.987,0.965,0.8171,0.4517,0.9725,0.5683,12/12,2.16
dinov3b,square,none,btad/01,adino,1,4,0.9927,0.9796,0.7351,0.4388,0.9672,0.6048,,0.0
dinov3b,square,none,btad/01,galad,2,0,0.9899,0.9708,0.8206,0.4537,0.9733,0.5667,12/12,10.08
dinov3b,square,none,btad/01,adino,2,0,0.996,0.9893,0.7436,0.444,0.969,0.6091,,0.0
dinov3b,square,none,btad/01,galad,2,1,0.9899,0.9718,0.8166,0.4504,0.9725,0.5629,12/12,7.12
dinov3b,square,none,btad/01,adino,2,1,0.9944,0.9845,0.7384,0.4353,0.9682,0.6025,,0.0
dinov3b,square,none,btad/01,galad,2,2,0.99,0.9718,0.8147,0.4555,0.9709,0.5552,12/12,8.97
dinov3b,square,none,btad/01,adino,2,2,0.9925,0.9786,0.7232,0.4313,0.9639,0.5871,,0.0
dinov3b,square,none,btad/01,galad,2,3,0.9874,0.964,0.8019,0.4341,0.972,0.5633,12/12,5.8
dinov3b,square,none,btad/01,adino,2,3,0.9931,0.9806,0.7212,0.4191,0.9658,0.5932,,0.0
dinov3b,square,none,btad/01,galad,2,4,0.9875,0.967,0.8276,0.4577,0.9726,0.5603,12/12,7.29
dinov3b,square,none,btad/01,adino,2,4,0.9936,0.9825,0.747,0.4559,0.9683,0.6095,,0.0
dinov3b,square,none,btad/01,galad,4,0,0.9909,0.9728,0.8257,0.4571,0.9732,0.5636,12/12,15.89
dinov3b,square,none,btad/01,adino,4,0,0.9961,0.9903,0.7482,0.4493,0.97,0.6132,,0.0
dinov3b,square,none,btad/01,galad,4,1,0.9918,0.9767,0.8164,0.4546,0.9724,0.5639,12/12,14.69
dinov3b,square,none,btad/01,adino,4,1,0.9947,0.9854,0.7277,0.4233,0.9668,0.5939,,0.0
dinov3b,square,none,btad/01,galad,4,2,0.9886,0.9679,0.7994,0.4267,0.9703,0.5509,12/12,22.11
dinov3b,square,none,btad/01,adino,4,2,0.993,0.9806,0.7175,0.4264,0.9634,0.5839,,0.0
dinov3b,square,none,btad/01,galad,4,3,0.9902,0.9708,0.8129,0.4451,0.9723,0.5597,12/12,17.43
dinov3b,square,none,btad/01,adino,4,3,0.9969,0.9922,0.7317,0.4311,0.9676,0.603,,0.0
dinov3b,square,none,btad/01,galad,4,4,0.9908,0.9728,0.8229,0.4533,0.9726,0.562,12/12,9.69
dinov3b,square,none,btad/01,adino,4,4,0.9949,0.9864,0.7461,0.4521,0.9689,0.6104,,0.0
dinov3b,square,none,btad/01,galad,5,0,0.9915,0.9767,0.8275,0.4603,0.973,0.5596,12/12,23.18
dinov3b,square,none,btad/01,adino,5,0,0.9956,0.9883,0.748,0.4493,0.9699,0.6126,,0.0
dinov3b,square,none,btad/01,galad,5,1,0.991,0.9747,0.8172,0.4549,0.973,0.565,12/12,24.28
dinov3b,square,none,btad/01,adino,5,1,0.9949,0.9864,0.7317,0.4271,0.9676,0.5978,,0.0
dinov3b,square,none,btad/01,galad,5,2,0.9894,0.9699,0.7995,0.4272,0.9708,0.5481,12/12,43.29
dinov3b,square,none,btad/01,adino,5,2,0.9962,0.9903,0.7298,0.4349,0.9658,0.593,,0.0
dinov3b,square,none,btad/01,galad,5,3,0.9917,0.9757,0.8123,0.4505,0.972,0.5628,12/12,23.79
dinov3b,square,none,btad/01,adino,5,3,0.9962,0.9903,0.7313,0.4306,0.9675,0.6023,,0.0
dinov3b,square,none,btad/01,galad,5,4,0.9912,0.9738,0.8223,0.4513,0.9727,0.5607,12/12,19.25
dinov3b,square,none,btad/01,adino,5,4,0.9958,0.9893,0.7443,0.4486,0.9686,0.6076,,0.0
dinov3b,square,none,GoodsAD/cigarette_box,galad,1,0,0.6343,0.6042,0.5914,0.0268,0.8763,0.1333,12/12,4.5
dinov3b,square,none,GoodsAD/cigarette_box,adino,1,0,0.5835,0.5212,0.7146,0.1299,0.9301,0.2165,,0.0
dinov3b,square,none,GoodsAD/cigarette_box,galad,1,1,0.6706,0.6448,0.5947,0.0714,0.8769,0.1425,12/12,5.58
dinov3b,square,none,GoodsAD/cigarette_box,adino,1,1,0.5806,0.5212,0.7299,0.1667,0.9383,0.2459,,0.0
dinov3b,square,none,GoodsAD/cigarette_box,galad,1,2,0.6064,0.574,0.5686,0.0347,0.8632,0.1257,12/12,4.14
dinov3b,square,none,GoodsAD/cigarette_box,adino,1,2,0.5696,0.5012,0.6278,0.0777,0.9022,0.1662,,0.0
dinov3b,square,none,GoodsAD/cigarette_box,galad,1,3,0.6736,0.6655,0.6853,0.1,0.9049,0.173,12/12,5.31
dinov3b,square,none,GoodsAD/cigarette_box,adino,1,3,0.5927,0.5299,0.6888,0.1159,0.9281,0.2166,,0.0
dinov3b,square,none,GoodsAD/cigarette_box,galad,1,4,0.6678,0.6596,0.6823,0.0926,0.9041,0.1707,12/12,4.28
dinov3b,square,none,GoodsAD/cigarette_box,adino,1,4,0.5927,0.5299,0.6888,0.1159,0.9281,0.2166,,0.0
dinov3b,square,none,GoodsAD/cigarette_box,galad,2,0,0.6615,0.6573,0.6778,0.0856,0.9017,0.1685,12/12,8.78
dinov3b,square,none,GoodsAD/cigarette_box,adino,2,0,0.5751,0.5187,0.7525,0.1952,0.9415,0.253,,0.0
dinov3b,square,none,GoodsAD/cigarette_box,galad,2,1,0.6846,0.6777,0.6891,0.1044,0.9042,0.1744,12/12,9.43
dinov3b,square,none,GoodsAD/cigarette_box,adino,2,1,0.5877,0.5325,0.7449,0.1854,0.94,0.2495,,0.0
dinov3b,square,none,GoodsAD/cigarette_box,galad,2,2,0.6403,0.618,0.6369,0.0577,0.8897,0.1503,12/12,6.35
dinov3b,square,none,GoodsAD/cigarette_box,adino,2,2,0.5615,0.4932,0.7178,0.1476,0.9304,0.2203,,0.0
dinov3b,square,none,GoodsAD/cigarette_box,galad,2,3,0.667,0.6678,0.6977,0.1126,0.9101,0.1826,12/12,7.77
dinov3b,square,none,GoodsAD/cigarette_box,adino,2,3,0.595,0.54,0.7192,0.1716,0.9359,0.2435,,0.0
dinov3b,square,none,GoodsAD/cigarette_box,galad,2,4,0.6788,0.6885,0.6981,0.1314,0.9111,0.1876,12/12,10.02
dinov3b,square,none,GoodsAD/cigarette_box,adino,2,4,0.5816,0.5175,0.7355,0.1881,0.9414,0.2575,,0.0
dinov3b,square,none,GoodsAD/cigarette_box,galad,4,0,0.7041,0.7176,0.7553,0.2059,0.9262,0.2303,12/12,20.53
dinov3b,square,none,GoodsAD/cigarette_box,adino,4,0,0.5753,0.5399,0.7712,0.2213,0.9471,0.2736,,0.0
dinov3b,square,none,GoodsAD/cigarette_box,galad,4,1,0.7276,0.73,0.7539,0.2016,0.9248,0.2239,12/12,20.8
dinov3b,square,none,GoodsAD/cigarette_box,adino,4,1,0.601,0.5633,0.7677,0.2324,0.947,0.276,,0.0
dinov3b,square,none,GoodsAD/cigarette_box,galad,4,2,0.6721,0.6783,0.7279,0.1283,0.918,0.1971,12/12,19.61
dinov3b,square,none,GoodsAD/cigarette_box,adino,4,2,0.5664,0.5129,0.7695,0.2267,0.9456,0.2678,,0.0
dinov3b,square,none,GoodsAD/cigarette_box,galad,4,3,0.7327,0.7502,0.769,0.2418,0.932,0.2515,12/12,25.52
dinov3b,square,none,GoodsAD/cigarette_box,adino,4,3,0.5896,0.5393,0.7476,0.2105,0.943,0.2653,,0.0
dinov3b,square,none,GoodsAD/cigarette_box,galad,4,4,0.7392,0.7612,0.7753,0.2614,0.9343,0.2592,12/12,18.79
dinov3b,square,none,GoodsAD/cigarette_box,adino,4,4,0.5834,0.5363,0.774,0.2552,0.9511,0.2953,,0.0
dinov3b,square,none,GoodsAD/cigarette_box,galad,5,0,0.7453,0.7699,0.7911,0.2929,0.9374,0.2811,12/12,18.47
dinov3b,square,none,GoodsAD/cigarette_box,adino,5,0,0.5941,0.5676,0.7738,0.2267,0.9468,0.2727,,0.0
dinov3b,square,none,GoodsAD/cigarette_box,galad,5,1,0.7888,0.7874,0.7945,0.3007,0.9375,0.2835,12/12,21.97
dinov3b,square,none,GoodsAD/cigarette_box,adino,5,1,0.6028,0.5864,0.7773,0.2675,0.9503,0.2959,,0.0
dinov3b,square,none,GoodsAD/cigarette_box,galad,5,2,0.6965,0.7145,0.7637,0.2023,0.9299,0.2341,12/12,35.57
dinov3b,square,none,GoodsAD/cigarette_box,adino,5,2,0.57,0.5335,0.7793,0.2606,0.9486,0.2846,,0.0
dinov3b,square,none,GoodsAD/cigarette_box,galad,5,3,0.7409,0.7592,0.7886,0.2713,0.9381,0.2727,12/12,38.93
dinov3b,square,none,GoodsAD/cigarette_box,adino,5,3,0.5936,0.5548,0.772,0.2727,0.9501,0.304,,0.0
dinov3b,square,none,GoodsAD/cigarette_box,galad,5,4,0.7513,0.7775,0.7883,0.2832,0.9385,0.2749,12/12,19.53
dinov3b,square,none,GoodsAD/cigarette_box,adino,5,4,0.598,0.5627,0.7833,0.2801,0.9533,0.3083,,0.0
dinov3b,square,none,mvtec_AD/cable,galad,1,0,0.9622,0.9262,0.8875,0.6795,0.9483,0.5923,12/12,6.17
dinov3b,square,none,mvtec_AD/cable,adino,1,0,0.9427,0.8919,0.8322,0.5472,0.9485,0.6662,,0.0
dinov3b,square,none,mvtec_AD/cable,galad,1,1,0.9325,0.8877,0.8779,0.6585,0.9475,0.5741,12/12,7.49
dinov3b,square,none,mvtec_AD/cable,adino,1,1,0.9523,0.9115,0.816,0.5528,0.9542,0.6843,,0.0
dinov3b,square,none,mvtec_AD/cable,galad,1,2,0.9595,0.9256,0.88,0.6828,0.9461,0.5871,12/12,4.09
dinov3b,square,none,mvtec_AD/cable,adino,1,2,0.9473,0.8956,0.8404,0.5586,0.9504,0.674,,0.0
dinov3b,square,none,mvtec_AD/cable,galad,1,3,0.9581,0.9254,0.8762,0.6517,0.9445,0.5798,12/12,6.6
dinov3b,square,none,mvtec_AD/cable,adino,1,3,0.9683,0.9402,0.8565,0.5892,0.9525,0.684,,0.0
dinov3b,square,none,mvtec_AD/cable,galad,1,4,0.9588,0.926,0.8813,0.6644,0.9473,0.5821,12/12,5.72
dinov3b,square,none,mvtec_AD/cable,adino,1,4,0.9683,0.9402,0.8565,0.5892,0.9525,0.684,,0.0
dinov3b,square,none,mvtec_AD/cable,galad,2,0,0.9671,0.9337,0.8883,0.692,0.942,0.5869,12/12,15.42
dinov3b,square,none,mvtec_AD/cable,adino,2,0,0.9559,0.9181,0.837,0.5446,0.9436,0.663,,0.0
dinov3b,square,none,mvtec_AD/cable,galad,2,1,0.9501,0.9112,0.882,0.6785,0.9423,0.5758,12/12,18.46
dinov3b,square,none,mvtec_AD/cable,adino,2,1,0.9559,0.919,0.8372,0.5563,0.9458,0.6508,,0.0
dinov3b,square,none,mvtec_AD/cable,galad,2,2,0.9625,0.9286,0.8857,0.6828,0.9457,0.59,12/12,14.88
dinov3b,square,none,mvtec_AD/cable,adino,2,2,0.9602,0.9189,0.8752,0.6226,0.9563,0.6907,,0.0
dinov3b,square,none,mvtec_AD/cable,galad,2,3,0.9546,0.9196,0.8825,0.6806,0.9453,0.5739,12/12,8.33
dinov3b,square,none,mvtec_AD/cable,adino,2,3,0.9717,0.9451,0.869,0.6036,0.9638,0.6915,,0.0
dinov3b,square,none,mvtec_AD/cable,galad,2,4,0.9646,0.9327,0.8855,0.6987,0.9431,0.5726,12/12,14.17
dinov3b,square,none,mvtec_AD/cable,adino,2,4,0.9711,0.9417,0.8762,0.6157,0.9517,0.6682,,0.0
dinov3b,square,none,mvtec_AD/cable,galad,4,0,0.9735,0.9472,0.886,0.6943,0.9401,0.5913,12/12,24.21
dinov3b,square,none,mvtec_AD/cable,adino,4,0,0.9743,0.9507,0.8706,0.6121,0.948,0.6583,,0.0
dinov3b,square,none,mvtec_AD/cable,galad,4,1,0.9632,0.9299,0.8869,0.7039,0.9402,0.6025,12/12,24.86
dinov3b,square,none,mvtec_AD/cable,adino,4,1,0.974,0.9509,0.8713,0.6151,0.9533,0.6652,,0.0
dinov3b,square,none,mvtec_AD/cable,galad,4,2,0.971,0.9408,0.8902,0.7125,0.9398,0.6047,12/12,24.54
dinov3b,square,none,mvtec_AD/cable,adino,4,2,0.9773,0.9569,0.8878,0.6375,0.96,0.6809,,0.0
dinov3b,square,none,mvtec_AD/cable,galad,4,3,0.9631,0.9284,0.883,0.7046,0.9373,0.5895,12/12,26.05
dinov3b,square,none,mvtec_AD/cable,adino,4,3,0.9714,0.941,0.8871,0.6527,0.9583,0.6976,,0.0
dinov3b,square,none,mvtec_AD/cable,galad,4,4,0.9725,0.9475,0.8861,0.6755,0.9414,0.5903,12/12,33.3
dinov3b,square,none,mvtec_AD/cable,adino,4,4,0.9764,0.9535,0.8871,0.6407,0.9545,0.6778,,0.0
dinov3b,square,none,mvtec_AD/cable,galad,5,0,0.9767,0.9539,0.8895,0.6801,0.9442,0.5943,12/12,36.65
dinov3b,square,none,mvtec_AD/cable,adino,5,0,0.9739,0.95,0.8741,0.6128,0.9504,0.6556,,0.0
dinov3b,square,none,mvtec_AD/cable,galad,5,1,0.9631,0.9305,0.8876,0.7009,0.9401,0.5973,12/12,40.59
dinov3b,square,none,mvtec_AD/cable,adino,5,1,0.9783,0.9603,0.8831,0.6254,0.9594,0.667,,0.0
dinov3b,square,none,mvtec_AD/cable,galad,5,2,0.9725,0.9453,0.8911,0.7078,0.9413,0.5951,12/12,30.89
dinov3b,square,none,mvtec_AD/cable,adino,5,2,0.9791,0.9597,0.8926,0.6449,0.9607,0.6795,,0.0
dinov3b,square,none,mvtec_AD/cable,galad,5,3,0.9654,0.9335,0.8826,0.6846,0.9348,0.5954,12/12,34.17
dinov3b,square,none,mvtec_AD/cable,adino,5,3,0.9703,0.9385,0.8858,0.6547,0.9541,0.6838,,0.0
dinov3b,square,none,mvtec_AD/cable,galad,5,4,0.9769,0.955,0.888,0.6758,0.9412,0.5898,12/12,43.87
dinov3b,square,none,mvtec_AD/cable,adino,5,4,0.9771,0.9556,0.892,0.6323,0.958,0.6649,,0.0
dinov3b,square,none,VisA/capsules,galad,1,0,0.97,0.9438,0.9705,0.8668,0.9934,0.4342,12/12,4.7
dinov3b,square,none,VisA/capsules,adino,1,0,0.906,0.8317,0.6146,0.3115,0.9332,0.222,,0.0
dinov3b,square,none,VisA/capsules,galad,1,1,0.9785,0.9627,0.9661,0.8462,0.9922,0.3924,12/12,7.48
dinov3b,square,none,VisA/capsules,adino,1,1,0.9339,0.8752,0.6868,0.3961,0.9556,0.277,,0.0
dinov3b,square,none,VisA/capsules,galad,1,2,0.971,0.9467,0.9693,0.8622,0.992,0.4141,12/12,5.44
dinov3b,square,none,VisA/capsules,adino,1,2,0.9209,0.8577,0.6512,0.3719,0.9481,0.2622,,0.0
dinov3b,square,none,VisA/capsules,galad,1,3,0.9529,0.9103,0.9706,0.8694,0.9936,0.5342,12/12,6.47
dinov3b,square,none,VisA/capsules,adino,1,3,0.8786,0.7787,0.5695,0.3208,0.9457,0.2914,,0.0
dinov3b,square,none,VisA/capsules,galad,1,4,0.9697,0.9428,0.969,0.8623,0.9934,0.415,12/12,4.82
dinov3b,square,none,VisA/capsules,adino,1,4,0.9295,0.868,0.6253,0.3623,0.9436,0.2301,,0.0
dinov3b,square,none,VisA/capsules,galad,2,0,0.9573,0.9203,0.973,0.8858,0.9943,0.502,12/12,19.25
dinov3b,square,none,VisA/capsules,adino,2,0,0.9146,0.8335,0.6793,0.4221,0.9616,0.2836,,0.0
dinov3b,square,none,VisA/capsules,galad,2,1,0.9828,0.9693,0.9688,0.8619,0.9924,0.3979,12/12,17.33
dinov3b,square,none,VisA/capsules,adino,2,1,0.9421,0.8997,0.75,0.4576,0.9632,0.2858,,0.0
dinov3b,square,none,VisA/capsules,galad,2,2,0.9826,0.9688,0.9696,0.8628,0.9922,0.3865,12/12,16.39
dinov3b,square,none,VisA/capsules,adino,2,2,0.9322,0.884,0.6858,0.399,0.9531,0.2587,,0.0
dinov3b,square,none,VisA/capsules,galad,2,3,0.9722,0.9483,0.9725,0.8793,0.9936,0.5077,12/12,17.1
dinov3b,square,none,VisA/capsules,adino,2,3,0.9508,0.9092,0.6522,0.4059,0.9635,0.3367,,0.0
dinov3b,square,none,VisA/capsules,galad,2,4,0.9689,0.9415,0.9742,0.8934,0.9944,0.4938,12/12,12.21
dinov3b,square,none,VisA/capsules,adino,2,4,0.9416,0.8883,0.6855,0.4351,0.9601,0.2815,,0.0
dinov3b,square,none,VisA/capsules,galad,4,0,0.9735,0.9507,0.976,0.8959,0.9939,0.5105,12/12,36.41
dinov3b,square,none,VisA/capsules,adino,4,0,0.947,0.8968,0.7461,0.4588,0.9686,0.3179,,0.0
dinov3b,square,none,VisA/capsules,galad,4,1,0.9779,0.9597,0.9717,0.8768,0.9917,0.4103,12/12,34.69
dinov3b,square,none,VisA/capsules,adino,4,1,0.9491,0.9118,0.7889,0.505,0.9638,0.3108,,0.0
dinov3b,square,none,VisA/capsules,galad,4,2,0.9823,0.9688,0.9686,0.8567,0.9922,0.3873,12/12,19.83
dinov3b,square,none,VisA/capsules,adino,4,2,0.9586,0.9242,0.7707,0.467,0.9631,0.2931,,0.0
dinov3b,square,none,VisA/capsules,galad,4,3,0.9704,0.943,0.9739,0.883,0.9935,0.4862,12/12,31.61
dinov3b,square,none,VisA/capsules,adino,4,3,0.9574,0.9192,0.6959,0.4825,0.9717,0.3464,,0.0
dinov3b,square,none,VisA/capsules,galad,4,4,0.9726,0.9487,0.975,0.8956,0.9936,0.4866,12/12,27.65
dinov3b,square,none,VisA/capsules,adino,4,4,0.9443,0.8948,0.7211,0.4734,0.964,0.305,,0.0
dinov3b,square,none,VisA/capsules,galad,5,0,0.9651,0.9343,0.9753,0.8986,0.9936,0.5002,12/12,33.43
dinov3b,square,none,VisA/capsules,adino,5,0,0.9494,0.9052,0.7829,0.4883,0.9711,0.32,,0.0
dinov3b,square,none,VisA/capsules,galad,5,1,0.9762,0.9565,0.9727,0.8807,0.9923,0.4014,12/12,31.93
dinov3b,square,none,VisA/capsules,adino,5,1,0.9539,0.9195,0.8116,0.5412,0.965,0.3181,,0.0
dinov3b,square,none,VisA/capsules,galad,5,2,0.9829,0.9695,0.9688,0.8583,0.9917,0.3911,12/12,26.27
dinov3b,square,none,VisA/capsules,adino,5,2,0.9661,0.9377,0.8057,0.5141,0.9671,0.3028,,0.0
dinov3b,square,none,VisA/capsules,galad,5,3,0.9735,0.9493,0.9746,0.8889,0.9935,0.479,12/12,38.84
dinov3b,square,none,VisA/capsules,adino,5,3,0.9637,0.9322,0.7241,0.5005,0.9718,0.348,,0.0
dinov3b,square,none,VisA/capsules,galad,5,4,0.9717,0.947,0.9759,0.8958,0.9937,0.4852,12/12,46.21
dinov3b,square,none,VisA/capsules,adino,5,4,0.9449,0.8948,0.7342,0.4846,0.9665,0.3098,,0.0
dinov3b,square,none,mvtec_loco_AD/juice_bottle,galad,1,0,0.8599,0.672,0.6954,0.3203,0.8487,0.1906,12/12,5.81
dinov3b,square,none,mvtec_loco_AD/juice_bottle,adino,1,0,0.7299,0.5297,0.7578,0.4209,0.9037,0.3759,,0.0
dinov3b,square,none,mvtec_loco_AD/juice_bottle,galad,1,1,0.8337,0.6802,0.7077,0.3348,0.8471,0.1964,12/12,6.87
dinov3b,square,none,mvtec_loco_AD/juice_bottle,adino,1,1,0.7337,0.5466,0.798,0.522,0.9036,0.4341,,0.0
dinov3b,square,none,mvtec_loco_AD/juice_bottle,galad,1,2,0.8134,0.6728,0.6919,0.3341,0.8437,0.1928,12/12,4.69
dinov3b,square,none,mvtec_loco_AD/juice_bottle,adino,1,2,0.7739,0.5587,0.772,0.4404,0.887,0.3793,,0.0
dinov3b,square,none,mvtec_loco_AD/juice_bottle,galad,1,3,0.8281,0.6785,0.7048,0.3389,0.8429,0.1981,12/12,4.82
dinov3b,square,none,mvtec_loco_AD/juice_bottle,adino,1,3,0.7315,0.5461,0.8097,0.5123,0.9039,0.4236,,0.0
dinov3b,square,none,mvtec_loco_AD/juice_bottle,galad,1,4,0.8653,0.6904,0.6922,0.3321,0.845,0.1919,12/12,3.05
dinov3b,square,none,mvtec_loco_AD/juice_bottle,adino,1,4,0.7406,0.5528,0.7667,0.4445,0.9004,0.3972,,0.0
dinov3b,square,none,mvtec_loco_AD/juice_bottle,galad,2,0,0.871,0.7175,0.723,0.3639,0.8466,0.2101,12/12,6.31
dinov3b,square,none,mvtec_loco_AD/juice_bottle,adino,2,0,0.7554,0.6156,0.8142,0.5264,0.9114,0.4649,,0.0
dinov3b,square,none,mvtec_loco_AD/juice_bottle,galad,2,1,0.8876,0.7428,0.7398,0.3698,0.8588,0.2232,12/12,7.07
dinov3b,square,none,mvtec_loco_AD/juice_bottle,adino,2,1,0.7587,0.6266,0.812,0.5154,0.9102,0.4607,,0.0
dinov3b,square,none,mvtec_loco_AD/juice_bottle,galad,2,2,0.8301,0.7095,0.7219,0.3623,0.8548,0.2251,12/12,7.92
dinov3b,square,none,mvtec_loco_AD/juice_bottle,adino,2,2,0.8441,0.7192,0.7931,0.5257,0.8989,0.4859,,0.0
dinov3b,square,none,mvtec_loco_AD/juice_bottle,galad,2,3,0.8864,0.7416,0.7271,0.379,0.8456,0.2135,12/12,8.45
dinov3b,square,none,mvtec_loco_AD/juice_bottle,adino,2,3,0.7657,0.6283,0.821,0.5084,0.9087,0.4596,,0.0
dinov3b,square,none,mvtec_loco_AD/juice_bottle,galad,2,4,0.8794,0.7132,0.7245,0.3545,0.8603,0.2145,12/12,8.69
dinov3b,square,none,mvtec_loco_AD/juice_bottle,adino,2,4,0.7413,0.5543,0.7721,0.4414,0.9107,0.395,,0.0
dinov3b,square,none,mvtec_loco_AD/juice_bottle,galad,4,0,0.8826,0.7376,0.73,0.3728,0.8448,0.2364,12/12,10.78
dinov3b,square,none,mvtec_loco_AD/juice_bottle,adino,4,0,0.7563,0.6213,0.8309,0.539,0.9152,0.4733,,0.0
dinov3b,square,none,mvtec_loco_AD/juice_bottle,galad,4,1,0.8659,0.7412,0.7551,0.4163,0.8581,0.2503,12/12,10.31
dinov3b,square,none,mvtec_loco_AD/juice_bottle,adino,4,1,0.9271,0.8353,0.8323,0.5601,0.9133,0.5569,,0.0
dinov3b,square,none,mvtec_loco_AD/juice_bottle,galad,4,2,0.9109,0.7907,0.7654,0.4412,0.8639,0.2725,12/12,20.57
dinov3b,square,none,mvtec_loco_AD/juice_bottle,adino,4,2,0.9582,0.8821,0.8285,0.565,0.9152,0.5702,,0.0
dinov3b,square,none,mvtec_loco_AD/juice_bottle,galad,4,3,0.8973,0.7769,0.7604,0.4355,0.8627,0.2744,12/12,9.34
dinov3b,square,none,mvtec_loco_AD/juice_bottle,adino,4,3,0.9353,0.8441,0.8383,0.5695,0.9094,0.5561,,0.0
dinov3b,square,none,mvtec_loco_AD/juice_bottle,galad,4,4,0.9017,0.7772,0.7386,0.4183,0.8523,0.2408,12/12,23.43
dinov3b,square,none,mvtec_loco_AD/juice_bottle,adino,4,4,0.9494,0.8656,0.8293,0.5538,0.9154,0.5543,,0.0
dinov3b,square,none,mvtec_loco_AD/juice_bottle,galad,5,0,0.8893,0.7646,0.7428,0.4192,0.8482,0.266,12/12,21.64
dinov3b,square,none,mvtec_loco_AD/juice_bottle,adino,5,0,0.9157,0.8252,0.8413,0.5785,0.9166,0.5663,,0.0
dinov3b,square,none,mvtec_loco_AD/juice_bottle,galad,5,1,0.8732,0.7514,0.7563,0.4202,0.8569,0.2677,12/12,22.8
dinov3b,square,none,mvtec_loco_AD/juice_bottle,adino,5,1,0.9268,0.8353,0.8396,0.5688,0.9152,0.5596,,0.0
dinov3b,square,none,mvtec_loco_AD/juice_bottle,galad,5,2,0.9215,0.8042,0.7516,0.4566,0.8404,0.2757,12/12,19.29
dinov3b,square,none,mvtec_loco_AD/juice_bottle,adino,5,2,0.9571,0.8814,0.8303,0.5609,0.9165,0.566,,0.0
dinov3b,square,none,mvtec_loco_AD/juice_bottle,galad,5,3,0.9111,0.7958,0.7651,0.4373,0.8648,0.2889,12/12,17.9
dinov3b,square,none,mvtec_loco_AD/juice_bottle,adino,5,3,0.9343,0.8438,0.8423,0.5674,0.9109,0.5533,,0.0
dinov3b,square,none,mvtec_loco_AD/juice_bottle,galad,5,4,0.8911,0.7654,0.7449,0.4183,0.8485,0.24,12/12,19.58
dinov3b,square,none,mvtec_loco_AD/juice_bottle,adino,5,4,0.9477,0.8605,0.8342,0.5639,0.9143,0.5602,,0.0
dinov3b,square,none,AutoVI/pipe_clip,galad,1,0,0.4668,0.5326,0.1543,0.0047,0.6251,0.0229,12/12,5.67
dinov3b,square,none,AutoVI/pipe_clip,adino,1,0,0.4852,0.5494,0.1714,0.0039,0.6574,0.0105,,0.0
dinov3b,square,none,AutoVI/pipe_clip,galad,1,1,0.4532,0.5104,0.1287,0.0037,0.5921,0.0207,12/12,4.3
dinov3b,square,none,AutoVI/pipe_clip,adino,1,1,0.472,0.529,0.1992,0.0038,0.6925,0.0116,,0.0
dinov3b,square,none,AutoVI/pipe_clip,galad,1,2,0.477,0.5339,0.1928,0.0044,0.6582,0.0226,12/12,3.87
dinov3b,square,none,AutoVI/pipe_clip,adino,1,2,0.4775,0.5587,0.1182,0.0015,0.6061,0.0085,,0.0
dinov3b,square,none,AutoVI/pipe_clip,galad,1,3,0.451,0.5123,0.17,0.007,0.6559,0.0177,12/12,3.9
dinov3b,square,none,AutoVI/pipe_clip,adino,1,3,0.4527,0.5093,0.169,0.0033,0.6488,0.0102,,0.0
dinov3b,square,none,AutoVI/pipe_clip,galad,1,4,0.4536,0.5184,0.1806,0.0072,0.664,0.0177,12/12,4.33
dinov3b,square,none,AutoVI/pipe_clip,adino,1,4,0.4527,0.5093,0.169,0.0033,0.6488,0.0102,,0.0
dinov3b,square,none,AutoVI/pipe_clip,galad,2,0,0.4563,0.5263,0.1152,0.004,0.5985,0.0227,12/12,13.22
dinov3b,square,none,AutoVI/pipe_clip,adino,2,0,0.4772,0.5466,0.1718,0.0042,0.6762,0.0111,,0.0
dinov3b,square,none,AutoVI/pipe_clip,galad,2,1,0.4556,0.5123,0.1362,0.0039,0.6259,0.0225,12/12,9.18
dinov3b,square,none,AutoVI/pipe_clip,adino,2,1,0.4691,0.525,0.1606,0.0044,0.6733,0.0109,,0.0
dinov3b,square,none,AutoVI/pipe_clip,galad,2,2,0.4575,0.5086,0.177,0.0061,0.639,0.018,12/12,13.47
dinov3b,square,none,AutoVI/pipe_clip,adino,2,2,0.4568,0.5303,0.1938,0.0226,0.6399,0.0149,,0.0
dinov3b,square,none,AutoVI/pipe_clip,galad,2,3,0.4534,0.5171,0.1147,0.0045,0.6015,0.0248,12/12,10.05
dinov3b,square,none,AutoVI/pipe_clip,adino,2,3,0.4687,0.5265,0.1692,0.0035,0.6802,0.011,,0.0
dinov3b,square,none,AutoVI/pipe_clip,galad,2,4,0.4591,0.5131,0.114,0.004,0.5877,0.0206,12/12,11.83
dinov3b,square,none,AutoVI/pipe_clip,adino,2,4,0.4561,0.5003,0.201,0.0033,0.6873,0.0113,,0.0
dinov3b,square,none,AutoVI/pipe_clip,galad,4,0,0.4532,0.5231,0.1096,0.0038,0.5738,0.0215,12/12,22.82
dinov3b,square,none,AutoVI/pipe_clip,adino,4,0,0.4768,0.5311,0.1784,0.0049,0.6824,0.0115,,0.0
dinov3b,square,none,AutoVI/pipe_clip,galad,4,1,0.4562,0.5219,0.1448,0.0041,0.6255,0.0188,12/12,36.37
dinov3b,square,none,AutoVI/pipe_clip,adino,4,1,0.471,0.5422,0.236,0.0043,0.7243,0.0129,,0.0
dinov3b,square,none,AutoVI/pipe_clip,galad,4,2,0.4616,0.5049,0.1442,0.0077,0.62,0.0297,12/12,50.73
dinov3b,square,none,AutoVI/pipe_clip,adino,4,2,0.4323,0.485,0.2571,0.0221,0.7094,0.0226,,0.0
dinov3b,square,none,AutoVI/pipe_clip,galad,4,3,0.4571,0.5153,0.1409,0.0041,0.64,0.0243,12/12,35.01
dinov3b,square,none,AutoVI/pipe_clip,adino,4,3,0.4705,0.5211,0.1903,0.0036,0.6894,0.0116,,0.0
dinov3b,square,none,AutoVI/pipe_clip,galad,4,4,0.4629,0.5115,0.1542,0.0047,0.658,0.0237,12/12,39.81
dinov3b,square,none,AutoVI/pipe_clip,adino,4,4,0.4809,0.5329,0.2412,0.0055,0.7162,0.0128,,0.0
dinov3b,square,none,AutoVI/pipe_clip,galad,5,0,0.4557,0.5213,0.1262,0.0049,0.5991,0.0233,12/12,40.75
dinov3b,square,none,AutoVI/pipe_clip,adino,5,0,0.4709,0.5298,0.1998,0.0049,0.6981,0.0122,,0.0
dinov3b,square,none,AutoVI/pipe_clip,galad,5,1,0.4636,0.5308,0.1252,0.0066,0.5916,0.0168,12/12,32.02
dinov3b,square,none,AutoVI/pipe_clip,adino,5,1,0.4463,0.5276,0.2674,0.0108,0.7363,0.0265,,0.0
dinov3b,square,none,AutoVI/pipe_clip,galad,5,2,0.4538,0.5148,0.1221,0.007,0.5959,0.0283,12/12,23.6
dinov3b,square,none,AutoVI/pipe_clip,adino,5,2,0.4427,0.5028,0.275,0.0241,0.7184,0.0235,,0.0
dinov3b,square,none,AutoVI/pipe_clip,galad,5,3,0.4545,0.5156,0.1218,0.0042,0.6143,0.0252,12/12,36.33
dinov3b,square,none,AutoVI/pipe_clip,adino,5,3,0.4701,0.518,0.1996,0.0039,0.6996,0.012,,0.0
dinov3b,square,none,AutoVI/pipe_clip,galad,5,4,0.4594,0.5194,0.112,0.0048,0.6012,0.0247,12/12,32.26
dinov3b,square,none,AutoVI/pipe_clip,adino,5,4,0.4794,0.5476,0.2534,0.006,0.7266,0.0132,,0.0
dinov3b,square,none,btad/02,galad,1,0,0.9632,0.7802,0.622,0.2314,0.964,0.5283,12/12,6.05
dinov3b,square,none,btad/02,adino,1,0,0.9589,0.7534,0.4948,0.2008,0.954,0.5661,,0.0
dinov3b,square,none,btad/02,galad,1,1,0.9829,0.895,0.637,0.2512,0.9639,0.5356,12/12,5.64
dinov3b,square,none,btad/02,adino,1,1,0.9844,0.902,0.4737,0.1627,0.9391,0.408,,0.0
dinov3b,square,none,btad/02,galad,1,2,0.9829,0.893,0.6494,0.2566,0.9651,0.5529,12/12,8.3
dinov3b,square,none,btad/02,adino,1,2,0.9849,0.9008,0.4737,0.1666,0.9423,0.4363,,0.0
dinov3b,square,none,btad/02,galad,1,3,0.984,0.9013,0.6728,0.2905,0.9681,0.5836,12/12,5.66
dinov3b,square,none,btad/02,adino,1,3,0.9846,0.903,0.4791,0.1686,0.9441,0.4503,,0.0
dinov3b,square,none,btad/02,galad,1,4,0.982,0.8898,0.6626,0.2738,0.9663,0.5628,12/12,5.5
dinov3b,square,none,btad/02,adino,1,4,0.9831,0.8953,0.4835,0.1765,0.9464,0.4628,,0.0
dinov3b,square,none,btad/02,galad,2,0,0.9725,0.8307,0.6169,0.2345,0.9639,0.5253,12/12,11.57
dinov3b,square,none,btad/02,adino,2,0,0.9756,0.8559,0.4944,0.2013,0.9547,0.565,,0.0
dinov3b,square,none,btad/02,galad,2,1,0.9861,0.9149,0.6602,0.2779,0.9677,0.5805,12/12,11.97
dinov3b,square,none,btad/02,adino,2,1,0.9871,0.9168,0.4948,0.1957,0.9515,0.5351,,0.0
dinov3b,square,none,btad/02,galad,2,2,0.9827,0.8923,0.6336,0.2513,0.964,0.5352,12/12,10.77
dinov3b,square,none,btad/02,adino,2,2,0.9868,0.9124,0.4797,0.1803,0.9439,0.4571,,0.0
dinov3b,square,none,btad/02,galad,2,3,0.9844,0.9057,0.6573,0.2644,0.9669,0.5658,12/12,12.95
dinov3b,square,none,btad/02,adino,2,3,0.9868,0.9173,0.4973,0.2126,0.9529,0.5475,,0.0
dinov3b,square,none,btad/02,galad,2,4,0.9783,0.869,0.6241,0.2522,0.9664,0.5731,12/12,10.12
dinov3b,square,none,btad/02,adino,2,4,0.9805,0.8804,0.4877,0.1926,0.9518,0.539,,0.0
dinov3b,square,none,btad/02,galad,4,0,0.9747,0.8467,0.5868,0.2084,0.9617,0.5012,12/12,28.44
dinov3b,square,none,btad/02,adino,4,0,0.9766,0.8593,0.4922,0.2007,0.9545,0.5582,,0.0
dinov3b,square,none,btad/02,galad,4,1,0.9869,0.9201,0.6373,0.2453,0.9647,0.5421,12/12,29.52
dinov3b,square,none,btad/02,adino,4,1,0.9869,0.9157,0.4966,0.2059,0.953,0.5473,,0.0
dinov3b,square,none,btad/02,galad,4,2,0.9833,0.898,0.6256,0.2395,0.9633,0.5228,12/12,18.51
dinov3b,square,none,btad/02,adino,4,2,0.9866,0.9127,0.4857,0.1823,0.9467,0.4733,,0.0
dinov3b,square,none,btad/02,galad,4,3,0.9821,0.8908,0.6198,0.2339,0.9636,0.5263,12/12,27.51
dinov3b,square,none,btad/02,adino,4,3,0.9865,0.9136,0.494,0.2066,0.9527,0.5438,,0.0
dinov3b,square,none,btad/02,galad,4,4,0.9817,0.8894,0.5926,0.2184,0.9626,0.5234,12/12,30.44
dinov3b,square,none,btad/02,adino,4,4,0.9817,0.8889,0.4906,0.1901,0.951,0.5254,,0.0
dinov3b,square,none,btad/02,galad,5,0,0.976,0.8558,0.5815,0.1927,0.9595,0.4748,12/12,38.27
dinov3b,square,none,btad/02,adino,5,0,0.9762,0.8575,0.4954,0.2076,0.9547,0.5585,,0.0
dinov3b,square,none,btad/02,galad,5,1,0.9852,0.909,0.6444,0.2543,0.9654,0.5473,12/12,48.49
dinov3b,square,none,btad/02,adino,5,1,0.9889,0.9291,0.4981,0.2061,0.9535,0.5505,,0.0
dinov3b,square,none,btad/02,galad,5,2,0.9858,0.9142,0.6371,0.2453,0.9647,0.5437,12/12,47.73
dinov3b,square,none,btad/02,adino,5,2,0.9856,0.9079,0.5133,0.2095,0.9561,0.5702,,0.0
dinov3b,square,none,btad/02,galad,5,3,0.982,0.8923,0.6192,0.2427,0.965,0.5492,12/12,52.57
dinov3b,square,none,btad/02,adino,5,3,0.9863,0.9127,0.4934,0.2066,0.9527,0.5441,,0.0
dinov3b,square,none,btad/02,galad,5,4,0.9787,0.8705,0.598,0.2209,0.9626,0.5172,12/12,25.04
dinov3b,square,none,btad/02,adino,5,4,0.982,0.8908,0.4905,0.1901,0.9511,0.5254,,0.0
dinov3b,square,none,GoodsAD/drink_bottle,galad,1,0,0.5617,0.52,0.6662,0.1603,0.8993,0.0415,12/12,4.63
dinov3b,square,none,GoodsAD/drink_bottle,adino,1,0,0.5487,0.5162,0.6467,0.2013,0.9276,0.0805,,0.0
dinov3b,square,none,GoodsAD/drink_bottle,galad,1,1,0.5502,0.5057,0.6281,0.1285,0.8867,0.0378,12/12,5.25
dinov3b,square,none,GoodsAD/drink_bottle,adino,1,1,0.5537,0.5197,0.6381,0.1648,0.9145,0.0723,,0.0
dinov3b,square,none,GoodsAD/drink_bottle,galad,1,2,0.5632,0.5413,0.6416,0.1467,0.8899,0.0366,12/12,3.94
dinov3b,square,none,GoodsAD/drink_bottle,adino,1,2,0.5516,0.5241,0.6344,0.1921,0.9322,0.0824,,0.0
dinov3b,square,none,GoodsAD/drink_bottle,galad,1,3,0.5634,0.5096,0.6404,0.1232,0.9043,0.0435,12/12,6.49
dinov3b,square,none,GoodsAD/drink_bottle,adino,1,3,0.545,0.5078,0.6556,0.208,0.9347,0.0966,,0.0
dinov3b,square,none,GoodsAD/drink_bottle,galad,1,4,0.5713,0.5489,0.6635,0.1803,0.8726,0.0314,12/12,4.99
dinov3b,square,none,GoodsAD/drink_bottle,adino,1,4,0.5565,0.5313,0.6502,0.2384,0.8961,0.0459,,0.0
dinov3b,square,none,GoodsAD/drink_bottle,galad,2,0,0.5768,0.5526,0.6751,0.221,0.9055,0.0496,12/12,9.02
dinov3b,square,none,GoodsAD/drink_bottle,adino,2,0,0.5523,0.5278,0.6601,0.2079,0.93,0.0837,,0.0
dinov3b,square,none,GoodsAD/drink_bottle,galad,2,1,0.5555,0.5144,0.6137,0.1486,0.9023,0.049,12/12,10.75
dinov3b,square,none,GoodsAD/drink_bottle,adino,2,1,0.5469,0.5151,0.6799,0.2519,0.9282,0.095,,0.0
dinov3b,square,none,GoodsAD/drink_bottle,galad,2,2,0.5829,0.5608,0.6564,0.2073,0.8958,0.0412,12/12,6.92
dinov3b,square,none,GoodsAD/drink_bottle,adino,2,2,0.5552,0.5304,0.6662,0.2265,0.9234,0.0716,,0.0
dinov3b,square,none,GoodsAD/drink_bottle,galad,2,3,0.581,0.5511,0.6774,0.2103,0.9096,0.0503,12/12,9.67
dinov3b,square,none,GoodsAD/drink_bottle,adino,2,3,0.5552,0.5332,0.6814,0.2513,0.9309,0.0856,,0.0
dinov3b,square,none,GoodsAD/drink_bottle,galad,2,4,0.578,0.5515,0.6819,0.2255,0.8823,0.0365,12/12,7.68
dinov3b,square,none,GoodsAD/drink_bottle,adino,2,4,0.5502,0.5276,0.6782,0.2269,0.9011,0.0446,,0.0
dinov3b,square,none,GoodsAD/drink_bottle,galad,4,0,0.5722,0.5455,0.6224,0.2078,0.8837,0.0416,12/12,27.01
dinov3b,square,none,GoodsAD/drink_bottle,adino,4,0,0.5556,0.5317,0.6895,0.2401,0.9129,0.058,,0.0
dinov3b,square,none,GoodsAD/drink_bottle,galad,4,1,0.5853,0.5584,0.6331,0.2324,0.8888,0.05,12/12,12.32
dinov3b,square,none,GoodsAD/drink_bottle,adino,4,1,0.5689,0.5534,0.6772,0.2671,0.9132,0.0771,,0.0
dinov3b,square,none,GoodsAD/drink_bottle,galad,4,2,0.5814,0.5539,0.6462,0.2375,0.9179,0.0645,12/12,15.14
dinov3b,square,none,GoodsAD/drink_bottle,adino,4,2,0.5608,0.5376,0.6808,0.242,0.9314,0.0921,,0.0
dinov3b,square,none,GoodsAD/drink_bottle,galad,4,3,0.5821,0.5543,0.6555,0.2312,0.9208,0.0712,12/12,13.47
dinov3b,square,none,GoodsAD/drink_bottle,adino,4,3,0.5647,0.5464,0.6897,0.2762,0.9389,0.1103,,0.0
dinov3b,square,none,GoodsAD/drink_bottle,galad,4,4,0.5766,0.5541,0.6796,0.2167,0.8962,0.044,12/12,19.02
dinov3b,square,none,GoodsAD/drink_bottle,adino,4,4,0.5513,0.5273,0.7138,0.2616,0.9235,0.066,,0.0
dinov3b,square,none,GoodsAD/drink_bottle,galad,5,0,0.5769,0.5557,0.6214,0.219,0.8868,0.0442,12/12,30.89
dinov3b,square,none,GoodsAD/drink_bottle,adino,5,0,0.5583,0.5371,0.7063,0.2439,0.9208,0.0634,,0.0
dinov3b,square,none,GoodsAD/drink_bottle,galad,5,1,0.5805,0.5548,0.6374,0.229,0.8966,0.0555,12/12,28.86
dinov3b,square,none,GoodsAD/drink_bottle,adino,5,1,0.5664,0.5496,0.6885,0.2728,0.9146,0.0731,,0.0
dinov3b,square,none,GoodsAD/drink_bottle,galad,5,2,0.5777,0.5451,0.6461,0.2291,0.9228,0.0711,12/12,18.47
dinov3b,square,none,GoodsAD/drink_bottle,adino,5,2,0.5596,0.5346,0.6806,0.2476,0.9334,0.094,,0.0
dinov3b,square,none,GoodsAD/drink_bottle,galad,5,3,0.5819,0.5548,0.6289,0.2208,0.921,0.0811,12/12,18.41
dinov3b,square,none,GoodsAD/drink_bottle,adino,5,3,0.5707,0.5551,0.6927,0.2805,0.9392,0.1142,,0.0
dinov3b,square,none,GoodsAD/drink_bottle,galad,5,4,0.5821,0.5637,0.656,0.2389,0.9034,0.0509,12/12,17.49
dinov3b,square,none,GoodsAD/drink_bottle,adino,5,4,0.5581,0.5379,0.7203,0.2633,0.9309,0.0756,,0.0
dinov3b,square,none,mvtec_AD/capsule,galad,1,0,0.9623,0.8408,0.9483,0.738,0.9838,0.502,12/12,6.35
dinov3b,square,none,mvtec_AD/capsule,adino,1,0,0.9718,0.8736,0.9374,0.6962,0.9892,0.5539,,0.0
dinov3b,square,none,mvtec_AD/capsule,galad,1,1,0.9311,0.7339,0.91,0.559,0.9722,0.2,12/12,8.56
dinov3b,square,none,mvtec_AD/capsule,adino,1,1,0.9062,0.706,0.9212,0.5968,0.9845,0.3369,,0.0
dinov3b,square,none,mvtec_AD/capsule,galad,1,2,0.9528,0.8022,0.9479,0.7427,0.9817,0.4416,12/12,5.18
dinov3b,square,none,mvtec_AD/capsule,adino,1,2,0.9813,0.917,0.9338,0.6908,0.9891,0.5396,,0.0
dinov3b,square,none,mvtec_AD/capsule,galad,1,3,0.9525,0.8097,0.9426,0.7125,0.982,0.4951,12/12,5.63
dinov3b,square,none,mvtec_AD/capsule,adino,1,3,0.9531,0.8297,0.9366,0.6846,0.988,0.5337,,0.0
dinov3b,square,none,mvtec_AD/capsule,galad,1,4,0.9512,0.803,0.942,0.7119,0.9818,0.4937,12/12,7.09
dinov3b,square,none,mvtec_AD/capsule,adino,1,4,0.9531,0.8297,0.9366,0.6846,0.988,0.5337,,0.0
dinov3b,square,none,mvtec_AD/capsule,galad,2,0,0.9636,0.84,0.9506,0.7416,0.9823,0.5053,12/12,10.41
dinov3b,square,none,mvtec_AD/capsule,adino,2,0,0.969,0.87,0.9413,0.6873,0.9897,0.5544,,0.0
dinov3b,square,none,mvtec_AD/capsule,galad,2,1,0.9383,0.7583,0.9184,0.5814,0.9725,0.2158,12/12,10.55
dinov3b,square,none,mvtec_AD/capsule,adino,2,1,0.9099,0.712,0.9262,0.6042,0.9849,0.3427,,0.0
dinov3b,square,none,mvtec_AD/capsule,galad,2,2,0.9585,0.8273,0.9564,0.7683,0.984,0.4952,12/12,11.89
dinov3b,square,none,mvtec_AD/capsule,adino,2,2,0.9848,0.9346,0.9481,0.7204,0.9906,0.5544,,0.0
dinov3b,square,none,mvtec_AD/capsule,galad,2,3,0.945,0.783,0.9454,0.7135,0.9829,0.4773,12/12,10.8
dinov3b,square,none,mvtec_AD/capsule,adino,2,3,0.9494,0.8177,0.9383,0.6789,0.9887,0.5288,,0.0
dinov3b,square,none,mvtec_AD/capsule,galad,2,4,0.9517,0.8057,0.9455,0.7174,0.9824,0.4865,12/12,8.91
dinov3b,square,none,mvtec_AD/capsule,adino,2,4,0.9508,0.8233,0.939,0.6816,0.9886,0.5343,,0.0
dinov3b,square,none,mvtec_AD/capsule,galad,4,0,0.9557,0.8149,0.954,0.7554,0.9832,0.5162,12/12,25.97
dinov3b,square,none,mvtec_AD/capsule,adino,4,0,0.9621,0.8464,0.943,0.6891,0.99,0.5459,,0.0
dinov3b,square,none,mvtec_AD/capsule,galad,4,1,0.9649,0.8532,0.9565,0.7716,0.9831,0.5022,12/12,20.97
dinov3b,square,none,mvtec_AD/capsule,adino,4,1,0.9769,0.9003,0.9453,0.7068,0.9901,0.5547,,0.0
dinov3b,square,none,mvtec_AD/capsule,galad,4,2,0.9578,0.8277,0.9562,0.7691,0.9831,0.5059,12/12,18.63
dinov3b,square,none,mvtec_AD/capsule,adino,4,2,0.979,0.9126,0.9469,0.71,0.9901,0.5539,,0.0
dinov3b,square,none,mvtec_AD/capsule,galad,4,3,0.9629,0.8476,0.9564,0.7722,0.9822,0.5037,12/12,19.03
dinov3b,square,none,mvtec_AD/capsule,adino,4,3,0.9724,0.8843,0.9435,0.6998,0.9896,0.5542,,0.0
dinov3b,square,none,mvtec_AD/capsule,galad,4,4,0.9692,0.8771,0.9587,0.7775,0.9841,0.5066,12/12,14.38
dinov3b,square,none,mvtec_AD/capsule,adino,4,4,0.9928,0.9681,0.9483,0.73,0.9906,0.5574,,0.0
dinov3b,square,none,mvtec_AD/capsule,galad,5,0,0.9594,0.8281,0.9525,0.7614,0.9807,0.5137,12/12,30.38
dinov3b,square,none,mvtec_AD/capsule,adino,5,0,0.9633,0.8528,0.9424,0.6905,0.99,0.5464,,0.0
dinov3b,square,none,mvtec_AD/capsule,galad,5,1,0.971,0.8779,0.9594,0.7857,0.9839,0.5057,12/12,20.38
dinov3b,square,none,mvtec_AD/capsule,adino,5,1,0.9884,0.9485,0.9478,0.7198,0.9905,0.5615,,0.0
dinov3b,square,none,mvtec_AD/capsule,galad,5,2,0.9575,0.8237,0.9565,0.7729,0.9826,0.5038,12/12,23.46
dinov3b,square,none,mvtec_AD/capsule,adino,5,2,0.9792,0.9142,0.9464,0.7067,0.9902,0.5545,,0.0
dinov3b,square,none,mvtec_AD/capsule,galad,5,3,0.9646,0.8512,0.9558,0.7684,0.9824,0.5081,12/12,22.23
dinov3b,square,none,mvtec_AD/capsule,adino,5,3,0.9729,0.8867,0.9436,0.6983,0.9897,0.5552,,0.0
dinov3b,square,none,mvtec_AD/capsule,galad,5,4,0.9706,0.8783,0.9572,0.7697,0.984,0.4994,12/12,20.25
dinov3b,square,none,mvtec_AD/capsule,adino,5,4,0.9919,0.9641,0.9496,0.7307,0.9908,0.5583,,0.0
dinov3b,square,none,VisA/cashew,galad,1,0,0.9309,0.8664,0.9523,0.7879,0.9805,0.5311,12/12,5.46
dinov3b,square,none,VisA/cashew,adino,1,0,0.9623,0.9194,0.9409,0.7312,0.9974,0.8267,,0.0
dinov3b,square,none,VisA/cashew,galad,1,1,0.9569,0.9324,0.9551,0.7856,0.9762,0.4993,12/12,5.29
dinov3b,square,none,VisA/cashew,adino,1,1,0.9627,0.9368,0.9312,0.6559,0.9967,0.7832,,0.0
dinov3b,square,none,VisA/cashew,galad,1,2,0.924,0.862,0.947,0.7586,0.9756,0.5113,12/12,11.56
dinov3b,square,none,VisA/cashew,adino,1,2,0.9538,0.9088,0.9367,0.6912,0.9966,0.779,,0.0
dinov3b,square,none,VisA/cashew,galad,1,3,0.9289,0.8762,0.9461,0.7346,0.9817,0.5405,12/12,11.08
dinov3b,square,none,VisA/cashew,adino,1,3,0.9554,0.918,0.9016,0.6183,0.9971,0.8275,,0.0
dinov3b,square,none,VisA/cashew,galad,1,4,0.9506,0.9002,0.9355,0.7391,0.9698,0.4693,12/12,6.39
dinov3b,square,none,VisA/cashew,adino,1,4,0.9568,0.9152,0.9272,0.7425,0.9963,0.7839,,0.0
dinov3b,square,none,VisA/cashew,galad,2,0,0.9554,0.9128,0.9574,0.7973,0.9821,0.5392,12/12,11.1
dinov3b,square,none,VisA/cashew,adino,2,0,0.9611,0.9216,0.9384,0.7119,0.9975,0.8271,,0.0
dinov3b,square,none,VisA/cashew,galad,2,1,0.9781,0.9588,0.9641,0.8316,0.978,0.5165,12/12,13.32
dinov3b,square,none,VisA/cashew,adino,2,1,0.9747,0.951,0.9405,0.7081,0.9976,0.8312,,0.0
dinov3b,square,none,VisA/cashew,galad,2,2,0.9276,0.8586,0.9545,0.7992,0.9809,0.5391,12/12,13.48
dinov3b,square,none,VisA/cashew,adino,2,2,0.9697,0.9378,0.9459,0.7343,0.9971,0.7983,,0.0
dinov3b,square,none,VisA/cashew,galad,2,3,0.954,0.926,0.9554,0.7856,0.9821,0.5556,12/12,17.21
dinov3b,square,none,VisA/cashew,adino,2,3,0.964,0.9368,0.9096,0.6222,0.9973,0.8385,,0.0
dinov3b,square,none,VisA/cashew,galad,2,4,0.9644,0.935,0.9511,0.7894,0.9738,0.4989,12/12,11.53
dinov3b,square,none,VisA/cashew,adino,2,4,0.9823,0.9626,0.9406,0.7497,0.9973,0.8152,,0.0
dinov3b,square,none,VisA/cashew,galad,4,0,0.9688,0.9422,0.9632,0.8088,0.9825,0.5364,12/12,27.37
dinov3b,square,none,VisA/cashew,adino,4,0,0.9751,0.9528,0.9417,0.7096,0.9978,0.8445,,0.0
dinov3b,square,none,VisA/cashew,galad,4,1,0.972,0.9456,0.9626,0.8104,0.9802,0.5231,12/12,20.65
dinov3b,square,none,VisA/cashew,adino,4,1,0.9692,0.9396,0.9352,0.6905,0.9977,0.841,,0.0
dinov3b,square,none,VisA/cashew,galad,4,2,0.9643,0.9288,0.9493,0.7735,0.9763,0.5245,12/12,14.17
dinov3b,square,none,VisA/cashew,adino,4,2,0.9669,0.9312,0.9385,0.6971,0.9973,0.8076,,0.0
dinov3b,square,none,VisA/cashew,galad,4,3,0.9681,0.9422,0.9604,0.8062,0.984,0.5471,12/12,23.62
dinov3b,square,none,VisA/cashew,adino,4,3,0.9659,0.9386,0.9182,0.6346,0.9975,0.8462,,0.0
dinov3b,square,none,VisA/cashew,galad,4,4,0.977,0.9568,0.9594,0.8141,0.9748,0.5098,12/12,35.32
dinov3b,square,none,VisA/cashew,adino,4,4,0.9818,0.963,0.9449,0.75,0.9976,0.8246,,0.0
dinov3b,square,none,VisA/cashew,galad,5,0,0.9701,0.944,0.9623,0.8101,0.9781,0.5332,12/12,28.87
dinov3b,square,none,VisA/cashew,adino,5,0,0.9777,0.9558,0.943,0.7149,0.9978,0.8423,,0.0
dinov3b,square,none,VisA/cashew,galad,5,1,0.9724,0.9478,0.964,0.8182,0.9791,0.5192,12/12,21.94
dinov3b,square,none,VisA/cashew,adino,5,1,0.9726,0.9466,0.9374,0.695,0.9978,0.8407,,0.0
dinov3b,square,none,VisA/cashew,galad,5,2,0.9764,0.953,0.9563,0.7879,0.9811,0.5318,12/12,31.4
dinov3b,square,none,VisA/cashew,adino,5,2,0.9732,0.9456,0.9403,0.7022,0.9974,0.809,,0.0
dinov3b,square,none,VisA/cashew,galad,5,3,0.9754,0.9554,0.9568,0.8054,0.9818,0.5319,12/12,18.92
dinov3b,square,none,VisA/cashew,adino,5,3,0.9686,0.9406,0.9259,0.6514,0.9977,0.856,,0.0
dinov3b,square,none,VisA/cashew,galad,5,4,0.9779,0.9584,0.9652,0.8301,0.978,0.5262,12/12,24.26
dinov3b,square,none,VisA/cashew,adino,5,4,0.9821,0.964,0.9444,0.739,0.9976,0.8285,,0.0
dinov3b,square,none,mvtec_loco_AD/pushpins,galad,1,0,0.5683,0.5291,0.4135,0.1012,0.5628,0.0402,12/12,6.5
dinov3b,square,none,mvtec_loco_AD/pushpins,adino,1,0,0.6551,0.5774,0.5331,0.2094,0.7779,0.2269,,0.0
dinov3b,square,none,mvtec_loco_AD/pushpins,galad,1,1,0.6004,0.522,0.379,0.0663,0.5985,0.0401,12/12,8.94
dinov3b,square,none,mvtec_loco_AD/pushpins,adino,1,1,0.6563,0.5784,0.5578,0.2383,0.7883,0.3493,,0.0
dinov3b,square,none,mvtec_loco_AD/pushpins,galad,1,2,0.5471,0.5102,0.3674,0.0547,0.6032,0.0456,12/12,4.6
dinov3b,square,none,mvtec_loco_AD/pushpins,adino,1,2,0.632,0.5571,0.5335,0.2162,0.793,0.3107,,0.0
dinov3b,square,none,mvtec_loco_AD/pushpins,galad,1,3,0.5889,0.5323,0.3878,0.094,0.5478,0.0362,12/12,6.52
dinov3b,square,none,mvtec_loco_AD/pushpins,adino,1,3,0.6558,0.5926,0.5181,0.2028,0.7684,0.2216,,0.0
dinov3b,square,none,mvtec_loco_AD/pushpins,galad,1,4,0.555,0.5255,0.3982,0.071,0.6043,0.0463,12/12,5.38
dinov3b,square,none,mvtec_loco_AD/pushpins,adino,1,4,0.6132,0.5321,0.5346,0.2332,0.7984,0.3458,,0.0
dinov3b,square,none,mvtec_loco_AD/pushpins,galad,2,0,0.6295,0.5865,0.3945,0.0958,0.6002,0.0422,12/12,9.56
dinov3b,square,none,mvtec_loco_AD/pushpins,adino,2,0,0.6514,0.5823,0.5658,0.2431,0.7945,0.2804,,0.0
dinov3b,square,none,mvtec_loco_AD/pushpins,galad,2,1,0.5966,0.5273,0.4262,0.0953,0.6237,0.0473,12/12,7.74
dinov3b,square,none,mvtec_loco_AD/pushpins,adino,2,1,0.667,0.595,0.5934,0.2605,0.7904,0.3566,,0.0
dinov3b,square,none,mvtec_loco_AD/pushpins,galad,2,2,0.5623,0.5233,0.3669,0.0629,0.6452,0.0511,12/12,10.56
dinov3b,square,none,mvtec_loco_AD/pushpins,adino,2,2,0.6419,0.5611,0.5854,0.2761,0.8103,0.3879,,0.0
dinov3b,square,none,mvtec_loco_AD/pushpins,galad,2,3,0.6235,0.5574,0.4178,0.1129,0.635,0.0499,12/12,9.02
dinov3b,square,none,mvtec_loco_AD/pushpins,adino,2,3,0.6422,0.5805,0.5509,0.227,0.778,0.2593,,0.0
dinov3b,square,none,mvtec_loco_AD/pushpins,galad,2,4,0.6225,0.5793,0.4583,0.1325,0.6238,0.0502,12/12,13.1
dinov3b,square,none,mvtec_loco_AD/pushpins,adino,2,4,0.6036,0.5222,0.5607,0.2381,0.7869,0.291,,0.0
dinov3b,square,none,mvtec_loco_AD/pushpins,galad,4,0,0.6591,0.6205,0.4311,0.1346,0.6876,0.075,12/12,28.2
dinov3b,square,none,mvtec_loco_AD/pushpins,adino,4,0,0.6935,0.6473,0.6073,0.2992,0.8098,0.3597,,0.0
dinov3b,square,none,mvtec_loco_AD/pushpins,galad,4,1,0.595,0.533,0.434,0.0983,0.6741,0.0572,12/12,19.24
dinov3b,square,none,mvtec_loco_AD/pushpins,adino,4,1,0.6572,0.5923,0.6051,0.2778,0.7992,0.3589,,0.0
dinov3b,square,none,mvtec_loco_AD/pushpins,galad,4,2,0.5909,0.5195,0.398,0.0956,0.6572,0.0543,12/12,26.41
dinov3b,square,none,mvtec_loco_AD/pushpins,adino,4,2,0.6511,0.5733,0.6122,0.2965,0.814,0.4024,,0.0
dinov3b,square,none,mvtec_loco_AD/pushpins,galad,4,3,0.6297,0.5578,0.4029,0.0997,0.6572,0.054,12/12,25.42
dinov3b,square,none,mvtec_loco_AD/pushpins,adino,4,3,0.6528,0.5799,0.6013,0.2691,0.8026,0.3409,,0.0
dinov3b,square,none,mvtec_loco_AD/pushpins,galad,4,4,0.6003,0.5603,0.455,0.1216,0.6503,0.0548,12/12,12.05
dinov3b,square,none,mvtec_loco_AD/pushpins,adino,4,4,0.6165,0.5375,0.5798,0.2558,0.8022,0.353,,0.0
dinov3b,square,none,mvtec_loco_AD/pushpins,galad,5,0,0.6559,0.6135,0.4331,0.1138,0.6834,0.0624,12/12,31.43
dinov3b,square,none,mvtec_loco_AD/pushpins,adino,5,0,0.6824,0.633,0.6094,0.2993,0.8098,0.3513,,0.0
dinov3b,square,none,mvtec_loco_AD/pushpins,galad,5,1,0.6266,0.5613,0.4388,0.1126,0.6718,0.061,12/12,31.37
dinov3b,square,none,mvtec_loco_AD/pushpins,adino,5,1,0.6545,0.588,0.61,0.2881,0.8053,0.3736,,0.0
dinov3b,square,none,mvtec_loco_AD/pushpins,galad,5,2,0.6122,0.5536,0.4569,0.1422,0.6553,0.0581,12/12,32.36
dinov3b,square,none,mvtec_loco_AD/pushpins,adino,5,2,0.6384,0.5627,0.622,0.3058,0.8155,0.4079,,0.0
dinov3b,square,none,mvtec_loco_AD/pushpins,galad,5,3,0.6281,0.5618,0.4411,0.13,0.6825,0.0657,12/12,16.94
dinov3b,square,none,mvtec_loco_AD/pushpins,adino,5,3,0.6434,0.5752,0.6111,0.2815,0.8026,0.3617,,0.0
dinov3b,square,none,mvtec_loco_AD/pushpins,galad,5,4,0.6244,0.5588,0.4608,0.1269,0.6873,0.0649,12/12,25.28
dinov3b,square,none,mvtec_loco_AD/pushpins,adino,5,4,0.6263,0.5551,0.5944,0.2744,0.8092,0.3781,,0.0
dinov3b,square,none,AutoVI/tank_screw,galad,1,0,0.2395,0.504,0.6037,0.0422,0.8593,0.0028,12/12,5.42
dinov3b,square,none,AutoVI/tank_screw,adino,1,0,0.194,0.4272,0.3921,0.0182,0.7891,0.002,,0.0
dinov3b,square,none,AutoVI/tank_screw,galad,1,1,0.2433,0.5428,0.5569,0.0327,0.8595,0.0027,12/12,5.47
dinov3b,square,none,AutoVI/tank_screw,adino,1,1,0.2178,0.4858,0.4026,0.0131,0.8103,0.0021,,0.0
dinov3b,square,none,AutoVI/tank_screw,galad,1,2,0.2413,0.4946,0.6014,0.163,0.864,0.0035,12/12,3.77
dinov3b,square,none,AutoVI/tank_screw,adino,1,2,0.216,0.4597,0.3472,0.0301,0.7362,0.0018,,0.0
dinov3b,square,none,AutoVI/tank_screw,galad,1,3,0.2466,0.5096,0.7203,0.1872,0.8974,0.0042,12/12,5.11
dinov3b,square,none,AutoVI/tank_screw,adino,1,3,0.1944,0.4296,0.3957,0.0423,0.7807,0.0023,,0.0
dinov3b,square,none,AutoVI/tank_screw,galad,1,4,0.2416,0.5,0.576,0.1294,0.8496,0.0031,12/12,7.47
dinov3b,square,none,AutoVI/tank_screw,adino,1,4,0.2102,0.4626,0.4214,0.0453,0.7707,0.0023,,0.0
dinov3b,square,none,AutoVI/tank_screw,galad,2,0,0.2376,0.4944,0.6688,0.1101,0.8823,0.0036,12/12,12.17
dinov3b,square,none,AutoVI/tank_screw,adino,2,0,0.1919,0.4175,0.4033,0.0287,0.7998,0.0022,,0.0
dinov3b,square,none,AutoVI/tank_screw,galad,2,1,0.2477,0.5383,0.6796,0.0832,0.8906,0.0036,12/12,9.77
dinov3b,square,none,AutoVI/tank_screw,adino,2,1,0.215,0.4767,0.4707,0.0545,0.8396,0.0028,,0.0
dinov3b,square,none,AutoVI/tank_screw,galad,2,2,0.266,0.5139,0.6971,0.2536,0.9044,0.006,12/12,14.63
dinov3b,square,none,AutoVI/tank_screw,adino,2,2,0.2011,0.4326,0.4674,0.1136,0.8137,0.0033,,0.0
dinov3b,square,none,AutoVI/tank_screw,galad,2,3,0.2268,0.5055,0.7831,0.3133,0.9185,0.0061,12/12,16.12
dinov3b,square,none,AutoVI/tank_screw,adino,2,3,0.1885,0.4149,0.5774,0.0722,0.8645,0.0033,,0.0
dinov3b,square,none,AutoVI/tank_screw,galad,2,4,0.213,0.4857,0.7109,0.1945,0.8974,0.0044,12/12,9.94
dinov3b,square,none,AutoVI/tank_screw,adino,2,4,0.1914,0.4203,0.4459,0.0378,0.8205,0.0023,,0.0
dinov3b,square,none,AutoVI/tank_screw,galad,4,0,0.2158,0.486,0.7924,0.3191,0.9305,0.0071,12/12,22.3
dinov3b,square,none,AutoVI/tank_screw,adino,4,0,0.1787,0.3731,0.4974,0.0804,0.8289,0.0026,,0.0
dinov3b,square,none,AutoVI/tank_screw,galad,4,1,0.2251,0.5005,0.6674,0.1182,0.8965,0.0042,12/12,36.01
dinov3b,square,none,AutoVI/tank_screw,adino,4,1,0.2183,0.473,0.6053,0.0824,0.8814,0.0038,,0.0
dinov3b,square,none,AutoVI/tank_screw,galad,4,2,0.2145,0.4799,0.7327,0.2699,0.9115,0.0061,12/12,17.91
dinov3b,square,none,AutoVI/tank_screw,adino,4,2,0.1834,0.3971,0.5606,0.066,0.8633,0.0031,,0.0
dinov3b,square,none,AutoVI/tank_screw,galad,4,3,0.2217,0.4805,0.7023,0.1499,0.9026,0.0043,12/12,20.68
dinov3b,square,none,AutoVI/tank_screw,adino,4,3,0.1889,0.4147,0.5328,0.0856,0.8597,0.0032,,0.0
dinov3b,square,none,AutoVI/tank_screw,galad,4,4,0.2194,0.5012,0.7389,0.251,0.9116,0.0056,12/12,21.34
dinov3b,square,none,AutoVI/tank_screw,adino,4,4,0.1895,0.4138,0.4991,0.0411,0.8434,0.0027,,0.0
dinov3b,square,none,AutoVI/tank_screw,galad,5,0,0.2194,0.4923,0.7611,0.2288,0.9216,0.0057,12/12,26.94
dinov3b,square,none,AutoVI/tank_screw,adino,5,0,0.1808,0.388,0.5009,0.0891,0.8374,0.0027,,0.0
dinov3b,square,none,AutoVI/tank_screw,galad,5,1,0.2378,0.5345,0.7512,0.2327,0.9265,0.0065,12/12,41.17
dinov3b,square,none,AutoVI/tank_screw,adino,5,1,0.2164,0.4689,0.6323,0.0886,0.8903,0.0041,,0.0
dinov3b,square,none,AutoVI/tank_screw,galad,5,2,0.2139,0.488,0.7839,0.2701,0.9349,0.0071,12/12,33.19
dinov3b,square,none,AutoVI/tank_screw,adino,5,2,0.1844,0.4004,0.5319,0.0532,0.8616,0.0032,,0.0
dinov3b,square,none,AutoVI/tank_screw,galad,5,3,0.2163,0.491,0.7324,0.1887,0.9106,0.0049,12/12,41.24
dinov3b,square,none,AutoVI/tank_screw,adino,5,3,0.1939,0.4276,0.4992,0.0492,0.8634,0.0031,,0.0
dinov3b,square,none,AutoVI/tank_screw,galad,5,4,0.2141,0.4894,0.7209,0.2573,0.9058,0.0059,12/12,20.8
dinov3b,square,none,AutoVI/tank_screw,adino,5,4,0.1883,0.4134,0.5081,0.0453,0.8489,0.0028,,0.0
dinov3b,square,none,btad/03,galad,1,0,0.997,0.9998,0.983,0.9008,0.9968,0.6332,12/12,4.16
dinov3b,square,none,btad/03,adino,1,0,0.9761,0.9969,0.957,0.8478,0.9957,0.6689,,0.0
dinov3b,square,none,btad/03,galad,1,1,0.999,0.9999,0.9847,0.9102,0.997,0.6279,12/12,3.38
dinov3b,square,none,btad/03,adino,1,1,0.9566,0.9931,0.9432,0.8215,0.9951,0.6676,,0.0
dinov3b,square,none,btad/03,galad,1,2,0.9969,0.9998,0.984,0.9105,0.9968,0.6403,12/12,5.09
dinov3b,square,none,btad/03,adino,1,2,0.9446,0.9879,0.9333,0.7659,0.9936,0.6654,,0.0
dinov3b,square,none,btad/03,galad,1,3,0.998,0.9998,0.9857,0.9162,0.9972,0.6444,12/12,4.35
dinov3b,square,none,btad/03,adino,1,3,0.9801,0.9979,0.9589,0.8735,0.9963,0.6867,,0.0
dinov3b,square,none,btad/03,galad,1,4,1.0,1.0,0.9865,0.9208,0.9973,0.6142,12/12,3.74
dinov3b,square,none,btad/03,adino,1,4,0.9961,0.9997,0.9674,0.8867,0.9971,0.6817,,0.0
dinov3b,square,none,btad/03,galad,2,0,0.9969,0.9998,0.9886,0.9323,0.9977,0.6774,12/12,9.15
dinov3b,square,none,btad/03,adino,2,0,0.9885,0.9989,0.9594,0.8621,0.9964,0.6949,,0.0
dinov3b,square,none,btad/03,galad,2,1,1.0,1.0,0.9887,0.9331,0.9978,0.6527,12/12,6.08
dinov3b,square,none,btad/03,adino,2,1,0.9609,0.9938,0.9475,0.832,0.9956,0.6698,,0.0
dinov3b,square,none,btad/03,galad,2,2,0.9781,0.9987,0.9898,0.9396,0.9979,0.6929,12/12,13.53
dinov3b,square,none,btad/03,adino,2,2,0.9445,0.9935,0.9536,0.8311,0.9958,0.685,,0.0
dinov3b,square,none,btad/03,galad,2,3,0.998,0.9998,0.9903,0.9423,0.998,0.6736,12/12,9.37
dinov3b,square,none,btad/03,adino,2,3,0.9931,0.9994,0.9721,0.8946,0.9977,0.7085,,0.0
dinov3b,square,none,btad/03,galad,2,4,0.9958,0.9997,0.9897,0.9393,0.9979,0.6906,12/12,9.61
dinov3b,square,none,btad/03,adino,2,4,0.9875,0.9987,0.9664,0.8933,0.9972,0.7208,,0.0
dinov3b,square,none,btad/03,galad,4,0,0.9835,0.999,0.9917,0.9502,0.9984,0.718,12/12,36.39
dinov3b,square,none,btad/03,adino,4,0,0.9972,0.9998,0.969,0.8932,0.9976,0.725,,0.0
dinov3b,square,none,btad/03,galad,4,1,0.9969,0.9998,0.991,0.9462,0.9982,0.6913,12/12,40.26
dinov3b,square,none,btad/03,adino,4,1,0.993,0.9994,0.9613,0.8689,0.9969,0.7064,,0.0
dinov3b,square,none,btad/03,galad,4,2,0.9781,0.9987,0.9909,0.9457,0.9981,0.6894,12/12,29.56
dinov3b,square,none,btad/03,adino,4,2,0.999,0.9999,0.9676,0.8902,0.9975,0.7158,,0.0
dinov3b,square,none,btad/03,galad,4,3,0.9958,0.9997,0.9919,0.9514,0.9983,0.6943,12/12,28.77
dinov3b,square,none,btad/03,adino,4,3,0.9948,0.9996,0.9728,0.8968,0.9977,0.7115,,0.0
dinov3b,square,none,btad/03,galad,4,4,0.9934,0.9995,0.9902,0.9416,0.998,0.6836,12/12,27.84
dinov3b,square,none,btad/03,adino,4,4,0.9887,0.999,0.9696,0.897,0.9976,0.7227,,0.0
dinov3b,square,none,btad/03,galad,5,0,0.974,0.9985,0.9919,0.9517,0.9984,0.7158,12/12,26.96
dinov3b,square,none,btad/03,adino,5,0,0.999,0.9999,0.9704,0.9009,0.9977,0.7406,,0.0
dinov3b,square,none,btad/03,galad,5,1,0.9946,0.9996,0.9909,0.9459,0.9982,0.7005,12/12,35.77
dinov3b,square,none,btad/03,adino,5,1,0.9963,0.9997,0.9651,0.8821,0.9972,0.711,,0.0
dinov3b,square,none,btad/03,galad,5,2,0.98,0.9988,0.9912,0.9471,0.9981,0.6901,12/12,35.51
dinov3b,square,none,btad/03,adino,5,2,1.0,1.0,0.9658,0.8818,0.9973,0.7207,,0.0
dinov3b,square,none,btad/03,galad,5,3,0.9946,0.9996,0.9916,0.9497,0.9983,0.6982,12/12,25.96
dinov3b,square,none,btad/03,adino,5,3,0.998,0.9998,0.9719,0.8964,0.9979,0.7237,,0.0
dinov3b,square,none,btad/03,galad,5,4,0.9946,0.9996,0.9907,0.9443,0.9981,0.6892,12/12,55.85
dinov3b,square,none,btad/03,adino,5,4,0.9898,0.999,0.9708,0.8985,0.9977,0.7229,,0.0
dinov3b,square,none,GoodsAD/drink_can,galad,1,0,0.5252,0.5241,0.5004,0.0421,0.8249,0.054,12/12,6.45
dinov3b,square,none,GoodsAD/drink_can,adino,1,0,0.5441,0.5397,0.6579,0.0982,0.8302,0.0555,,0.0
dinov3b,square,none,GoodsAD/drink_can,galad,1,1,0.551,0.539,0.5406,0.0559,0.8925,0.0923,12/12,8.94
dinov3b,square,none,GoodsAD/drink_can,adino,1,1,0.5298,0.5237,0.5061,0.0467,0.9043,0.1042,,0.0
dinov3b,square,none,GoodsAD/drink_can,galad,1,2,0.557,0.5399,0.5144,0.0522,0.8209,0.059,12/12,5.77
dinov3b,square,none,GoodsAD/drink_can,adino,1,2,0.5625,0.5375,0.6347,0.0839,0.8221,0.0566,,0.0
dinov3b,square,none,GoodsAD/drink_can,galad,1,3,0.5313,0.5115,0.5533,0.0449,0.9002,0.0943,12/12,9.52
dinov3b,square,none,GoodsAD/drink_can,adino,1,3,0.5332,0.5103,0.5212,0.0466,0.918,0.1146,,0.0
dinov3b,square,none,GoodsAD/drink_can,galad,1,4,0.5311,0.512,0.55,0.0447,0.8992,0.0933,12/12,6.1
dinov3b,square,none,GoodsAD/drink_can,adino,1,4,0.5332,0.5103,0.5212,0.0466,0.918,0.1146,,0.0
dinov3b,square,none,GoodsAD/drink_can,galad,2,0,0.567,0.5686,0.5463,0.0482,0.8758,0.0781,12/12,13.28
dinov3b,square,none,GoodsAD/drink_can,adino,2,0,0.5588,0.55,0.5862,0.0841,0.9126,0.1091,,0.0
dinov3b,square,none,GoodsAD/drink_can,galad,2,1,0.5491,0.5385,0.5693,0.0709,0.9045,0.1028,12/12,8.88
dinov3b,square,none,GoodsAD/drink_can,adino,2,1,0.5271,0.5254,0.5206,0.0481,0.911,0.1078,,0.0
dinov3b,square,none,GoodsAD/drink_can,galad,2,2,0.5565,0.5396,0.5245,0.0558,0.8139,0.0547,12/12,13.0
dinov3b,square,none,GoodsAD/drink_can,adino,2,2,0.5456,0.5291,0.6538,0.1425,0.8122,0.0535,,0.0
dinov3b,square,none,GoodsAD/drink_can,galad,2,3,0.5513,0.5506,0.5155,0.0808,0.9143,0.1176,12/12,11.0
dinov3b,square,none,GoodsAD/drink_can,adino,2,3,0.5411,0.5413,0.4887,0.0354,0.9202,0.1166,,0.0
dinov3b,square,none,GoodsAD/drink_can,galad,2,4,0.5448,0.5367,0.5887,0.0742,0.8994,0.0988,12/12,8.01
dinov3b,square,none,GoodsAD/drink_can,adino,2,4,0.5222,0.5246,0.5303,0.0414,0.9108,0.1056,,0.0
dinov3b,square,none,GoodsAD/drink_can,galad,4,0,0.545,0.5533,0.5637,0.0642,0.8637,0.0725,12/12,29.15
dinov3b,square,none,GoodsAD/drink_can,adino,4,0,0.5632,0.5479,0.6193,0.1165,0.899,0.0961,,0.0
dinov3b,square,none,GoodsAD/drink_can,galad,4,1,0.5677,0.5737,0.6372,0.0664,0.8895,0.091,12/12,19.11
dinov3b,square,none,GoodsAD/drink_can,adino,4,1,0.5562,0.5646,0.656,0.1106,0.9194,0.1186,,0.0
dinov3b,square,none,GoodsAD/drink_can,galad,4,2,0.5716,0.5702,0.6181,0.0816,0.884,0.0897,12/12,39.48
dinov3b,square,none,GoodsAD/drink_can,adino,4,2,0.5622,0.5578,0.6464,0.1156,0.9046,0.1084,,0.0
dinov3b,square,none,GoodsAD/drink_can,galad,4,3,0.5447,0.55,0.504,0.0822,0.912,0.1182,12/12,16.07
dinov3b,square,none,GoodsAD/drink_can,adino,4,3,0.5355,0.5407,0.4984,0.0405,0.9202,0.1164,,0.0
dinov3b,square,none,GoodsAD/drink_can,galad,4,4,0.5892,0.5914,0.6083,0.0895,0.9106,0.1145,12/12,20.37
dinov3b,square,none,GoodsAD/drink_can,adino,4,4,0.5818,0.5768,0.6387,0.0997,0.9251,0.1307,,0.0
dinov3b,square,none,GoodsAD/drink_can,galad,5,0,0.5743,0.5849,0.5982,0.081,0.8831,0.0898,12/12,15.82
dinov3b,square,none,GoodsAD/drink_can,adino,5,0,0.562,0.5623,0.6486,0.1274,0.9114,0.1084,,0.0
dinov3b,square,none,GoodsAD/drink_can,galad,5,1,0.5876,0.5912,0.6579,0.09,0.8911,0.0968,12/12,29.08
dinov3b,square,none,GoodsAD/drink_can,adino,5,1,0.5477,0.5696,0.6744,0.1302,0.9149,0.1166,,0.0
dinov3b,square,none,GoodsAD/drink_can,galad,5,2,0.5646,0.5753,0.634,0.0993,0.8923,0.0975,12/12,25.81
dinov3b,square,none,GoodsAD/drink_can,adino,5,2,0.5645,0.5583,0.6479,0.1124,0.9069,0.1113,,0.0
dinov3b,square,none,GoodsAD/drink_can,galad,5,3,0.541,0.5487,0.5101,0.0801,0.9143,0.1195,12/12,34.24
dinov3b,square,none,GoodsAD/drink_can,adino,5,3,0.535,0.5389,0.4802,0.0404,0.9206,0.1166,,0.0
dinov3b,square,none,GoodsAD/drink_can,galad,5,4,0.5897,0.5876,0.5896,0.091,0.9176,0.1236,12/12,37.41
dinov3b,square,none,GoodsAD/drink_can,adino,5,4,0.581,0.5735,0.5996,0.0961,0.9256,0.131,,0.0
dinov3b,square,none,mvtec_AD/carpet,galad,1,0,0.9987,0.996,0.9818,0.8909,0.9957,0.7737,12/12,9.87
dinov3b,square,none,mvtec_AD/carpet,adino,1,0,1.0,1.0,0.9811,0.8913,0.9952,0.7706,,0.0
dinov3b,square,none,mvtec_AD/carpet,galad,1,1,0.9997,0.9992,0.9822,0.8932,0.9957,0.774,12/12,11.0
dinov3b,square,none,mvtec_AD/carpet,adino,1,1,1.0,1.0,0.9796,0.8847,0.995,0.7662,,0.0
dinov3b,square,none,mvtec_AD/carpet,galad,1,2,0.9985,0.9952,0.9818,0.891,0.9957,0.7782,12/12,6.75
dinov3b,square,none,mvtec_AD/carpet,adino,1,2,1.0,1.0,0.9803,0.888,0.9951,0.7706,,0.0
dinov3b,square,none,mvtec_AD/carpet,galad,1,3,0.9992,0.9976,0.9804,0.8825,0.9955,0.7682,12/12,8.99
dinov3b,square,none,mvtec_AD/carpet,adino,1,3,1.0,1.0,0.981,0.8909,0.9952,0.7688,,0.0
dinov3b,square,none,mvtec_AD/carpet,galad,1,4,0.9977,0.9928,0.9777,0.8667,0.9954,0.7656,12/12,10.72
dinov3b,square,none,mvtec_AD/carpet,adino,1,4,0.9999,0.9996,0.9763,0.8662,0.9948,0.7519,,0.0
dinov3b,square,none,mvtec_AD/carpet,galad,2,0,0.9989,0.9964,0.9806,0.8834,0.9955,0.7603,12/12,11.49
dinov3b,square,none,mvtec_AD/carpet,adino,2,0,1.0,1.0,0.9813,0.8921,0.9952,0.7687,,0.0
dinov3b,square,none,mvtec_AD/carpet,galad,2,1,0.9994,0.998,0.9805,0.8832,0.9957,0.7758,12/12,10.81
dinov3b,square,none,mvtec_AD/carpet,adino,2,1,1.0,1.0,0.9797,0.8848,0.995,0.7666,,0.0
dinov3b,square,none,mvtec_AD/carpet,galad,2,2,0.9986,0.9956,0.9783,0.8701,0.9955,0.7714,12/12,12.35
dinov3b,square,none,mvtec_AD/carpet,adino,2,2,1.0,1.0,0.9789,0.8804,0.9955,0.7771,,0.0
dinov3b,square,none,mvtec_AD/carpet,galad,2,3,0.9992,0.9976,0.9799,0.8793,0.9954,0.7636,12/12,12.3
dinov3b,square,none,mvtec_AD/carpet,adino,2,3,1.0,1.0,0.9812,0.891,0.9952,0.7679,,0.0
dinov3b,square,none,mvtec_AD/carpet,galad,2,4,0.9986,0.9956,0.9772,0.8637,0.9954,0.7584,12/12,9.15
dinov3b,square,none,mvtec_AD/carpet,adino,2,4,0.9999,0.9996,0.9761,0.8655,0.9948,0.7519,,0.0
dinov3b,square,none,mvtec_AD/carpet,galad,4,0,0.9993,0.9976,0.9802,0.8809,0.9955,0.7644,12/12,26.26
dinov3b,square,none,mvtec_AD/carpet,adino,4,0,1.0,1.0,0.9808,0.8892,0.9953,0.7685,,0.0
dinov3b,square,none,mvtec_AD/carpet,galad,4,1,0.999,0.9968,0.9801,0.8808,0.9956,0.7662,12/12,27.74
dinov3b,square,none,mvtec_AD/carpet,adino,4,1,1.0,1.0,0.9799,0.8854,0.9951,0.7676,,0.0
dinov3b,square,none,mvtec_AD/carpet,galad,4,2,0.9986,0.9956,0.9776,0.8657,0.9955,0.7693,12/12,27.71
dinov3b,square,none,mvtec_AD/carpet,adino,4,2,1.0,1.0,0.9788,0.8797,0.9954,0.7755,,0.0
dinov3b,square,none,mvtec_AD/carpet,galad,4,3,0.9995,0.9984,0.9787,0.8725,0.9945,0.7082,12/12,25.46
dinov3b,square,none,mvtec_AD/carpet,adino,4,3,1.0,1.0,0.9803,0.8859,0.995,0.7582,,0.0
dinov3b,square,none,mvtec_AD/carpet,galad,4,4,0.9983,0.9948,0.9761,0.8571,0.9954,0.7637,12/12,16.25
dinov3b,square,none,mvtec_AD/carpet,adino,4,4,1.0,1.0,0.9766,0.867,0.9949,0.754,,0.0
dinov3b,square,none,mvtec_AD/carpet,galad,5,0,0.9995,0.9984,0.9795,0.8768,0.9954,0.7621,12/12,46.73
dinov3b,square,none,mvtec_AD/carpet,adino,5,0,1.0,1.0,0.9806,0.8883,0.9952,0.7684,,0.0
dinov3b,square,none,mvtec_AD/carpet,galad,5,1,0.9986,0.9956,0.9807,0.8841,0.9956,0.7694,12/12,54.04
dinov3b,square,none,mvtec_AD/carpet,adino,5,1,1.0,1.0,0.9799,0.8854,0.9951,0.7676,,0.0
dinov3b,square,none,mvtec_AD/carpet,galad,5,2,0.999,0.9968,0.9783,0.87,0.9956,0.7802,12/12,26.27
dinov3b,square,none,mvtec_AD/carpet,adino,5,2,1.0,1.0,0.9788,0.8792,0.9954,0.7756,,0.0
dinov3b,square,none,mvtec_AD/carpet,galad,5,3,0.9995,0.9984,0.9791,0.8747,0.9948,0.7246,12/12,24.07
dinov3b,square,none,mvtec_AD/carpet,adino,5,3,1.0,1.0,0.9799,0.8846,0.995,0.7587,,0.0
dinov3b,square,none,mvtec_AD/carpet,galad,5,4,0.9986,0.9956,0.9764,0.8587,0.9955,0.7631,12/12,33.88
dinov3b,square,none,mvtec_AD/carpet,adino,5,4,1.0,1.0,0.9767,0.8675,0.9949,0.7542,,0.0
dinov3b,square,none,VisA/chewinggum,galad,1,0,0.9782,0.9538,0.9474,0.7428,0.9953,0.7242,12/12,5.32
dinov3b,square,none,VisA/chewinggum,adino,1,0,0.972,0.9262,0.9071,0.6885,0.9887,0.8292,,0.0
dinov3b,square,none,VisA/chewinggum,galad,1,1,0.9887,0.9752,0.948,0.7471,0.9952,0.7119,12/12,4.92
dinov3b,square,none,VisA/chewinggum,adino,1,1,0.9822,0.9576,0.9308,0.7154,0.9912,0.8365,,0.0
dinov3b,square,none,VisA/chewinggum,galad,1,2,0.9968,0.9934,0.9442,0.7168,0.9953,0.7046,12/12,3.22
dinov3b,square,none,VisA/chewinggum,adino,1,2,0.9856,0.967,0.9186,0.6927,0.9897,0.8246,,0.0
dinov3b,square,none,VisA/chewinggum,galad,1,3,0.9876,0.9736,0.9489,0.7488,0.9952,0.7,12/12,4.3
dinov3b,square,none,VisA/chewinggum,adino,1,3,0.9829,0.955,0.9298,0.7294,0.9893,0.8313,,0.0
dinov3b,square,none,VisA/chewinggum,galad,1,4,0.9923,0.985,0.9519,0.7561,0.9953,0.6955,12/12,4.98
dinov3b,square,none,VisA/chewinggum,adino,1,4,0.9829,0.9562,0.9207,0.6967,0.9906,0.8281,,0.0
dinov3b,square,none,VisA/chewinggum,galad,2,0,0.9856,0.9692,0.9484,0.7418,0.9952,0.7033,12/12,15.63
dinov3b,square,none,VisA/chewinggum,adino,2,0,0.9813,0.9518,0.929,0.7233,0.9899,0.8347,,0.0
dinov3b,square,none,VisA/chewinggum,galad,2,1,0.9869,0.9736,0.9493,0.7467,0.9953,0.7127,12/12,12.91
dinov3b,square,none,VisA/chewinggum,adino,2,1,0.9778,0.945,0.9348,0.7428,0.9913,0.8386,,0.0
dinov3b,square,none,VisA/chewinggum,galad,2,2,0.9928,0.9844,0.9471,0.7336,0.9953,0.7125,12/12,13.03
dinov3b,square,none,VisA/chewinggum,adino,2,2,0.9813,0.9532,0.9226,0.7039,0.9896,0.834,,0.0
dinov3b,square,none,VisA/chewinggum,galad,2,3,0.9883,0.9778,0.9506,0.7535,0.9952,0.7012,12/12,11.69
dinov3b,square,none,VisA/chewinggum,adino,2,3,0.9858,0.9642,0.9298,0.7294,0.9896,0.8303,,0.0
dinov3b,square,none,VisA/chewinggum,galad,2,4,0.9912,0.9818,0.9519,0.7511,0.9954,0.6782,12/12,17.77
dinov3b,square,none,VisA/chewinggum,adino,2,4,0.9834,0.958,0.9282,0.7224,0.9909,0.8338,,0.0
dinov3b,square,none,VisA/chewinggum,galad,4,0,0.9911,0.981,0.9466,0.7431,0.995,0.7117,12/12,19.18
dinov3b,square,none,VisA/chewinggum,adino,4,0,0.9904,0.976,0.9322,0.7306,0.9905,0.8343,,0.0
dinov3b,square,none,VisA/chewinggum,galad,4,1,0.9881,0.9754,0.9479,0.7478,0.9949,0.6845,12/12,17.88
dinov3b,square,none,VisA/chewinggum,adino,4,1,0.9858,0.9644,0.9372,0.7522,0.9908,0.8382,,0.0
dinov3b,square,none,VisA/chewinggum,galad,4,2,0.9905,0.9802,0.9448,0.7393,0.9948,0.7196,12/12,26.61
dinov3b,square,none,VisA/chewinggum,adino,4,2,0.9921,0.9812,0.9335,0.7358,0.9903,0.835,,0.0
dinov3b,square,none,VisA/chewinggum,galad,4,3,0.9902,0.9796,0.9476,0.7481,0.9949,0.6991,12/12,25.95
dinov3b,square,none,VisA/chewinggum,adino,4,3,0.9874,0.9682,0.9326,0.7396,0.9896,0.8331,,0.0
dinov3b,square,none,VisA/chewinggum,galad,4,4,0.9886,0.9776,0.9493,0.7498,0.995,0.709,12/12,28.58
dinov3b,square,none,VisA/chewinggum,adino,4,4,0.9861,0.9662,0.9301,0.7272,0.991,0.8323,,0.0
dinov3b,square,none,VisA/chewinggum,galad,5,0,0.9908,0.98,0.9467,0.7489,0.9949,0.714,12/12,39.51
dinov3b,square,none,VisA/chewinggum,adino,5,0,0.9918,0.98,0.9327,0.731,0.9907,0.8344,,0.0
dinov3b,square,none,VisA/chewinggum,galad,5,1,0.985,0.9698,0.9473,0.7477,0.9947,0.7027,12/12,31.91
dinov3b,square,none,VisA/chewinggum,adino,5,1,0.986,0.9646,0.9351,0.7402,0.9906,0.8355,,0.0
dinov3b,square,none,VisA/chewinggum,galad,5,2,0.9912,0.981,0.9432,0.7356,0.9943,0.7133,12/12,24.04
dinov3b,square,none,VisA/chewinggum,adino,5,2,0.9906,0.9764,0.9335,0.7362,0.989,0.8344,,0.0
dinov3b,square,none,VisA/chewinggum,galad,5,3,0.9919,0.9822,0.9484,0.747,0.9952,0.6977,12/12,31.34
dinov3b,square,none,VisA/chewinggum,adino,5,3,0.9886,0.972,0.933,0.7364,0.9901,0.8326,,0.0
dinov3b,square,none,VisA/chewinggum,galad,5,4,0.9878,0.9764,0.9483,0.7462,0.9949,0.6845,12/12,28.72
dinov3b,square,none,VisA/chewinggum,adino,5,4,0.9837,0.9582,0.9302,0.7302,0.9906,0.8325,,0.0
dinov3b,square,none,mvtec_loco_AD/screw_bag,galad,1,0,0.6457,0.4804,0.6055,0.3017,0.6538,0.1163,12/12,8.17
dinov3b,square,none,mvtec_loco_AD/screw_bag,adino,1,0,0.6939,0.5234,0.3752,0.1284,0.7428,0.1488,,0.0
dinov3b,square,none,mvtec_loco_AD/screw_bag,galad,1,1,0.6575,0.5014,0.5751,0.2938,0.6464,0.1156,12/12,4.62
dinov3b,square,none,mvtec_loco_AD/screw_bag,adino,1,1,0.7504,0.5889,0.464,0.1674,0.7372,0.1445,,0.0
dinov3b,square,none,mvtec_loco_AD/screw_bag,galad,1,2,0.6669,0.5129,0.5328,0.2778,0.646,0.1163,12/12,4.89
dinov3b,square,none,mvtec_loco_AD/screw_bag,adino,1,2,0.7515,0.5829,0.494,0.1858,0.7301,0.1425,,0.0
dinov3b,square,none,mvtec_loco_AD/screw_bag,galad,1,3,0.6327,0.4686,0.6168,0.3159,0.6533,0.1163,12/12,4.44
dinov3b,square,none,mvtec_loco_AD/screw_bag,adino,1,3,0.7036,0.513,0.4833,0.1477,0.7448,0.146,,0.0
dinov3b,square,none,mvtec_loco_AD/screw_bag,galad,1,4,0.665,0.5238,0.556,0.3062,0.6428,0.1147,12/12,5.42
dinov3b,square,none,mvtec_loco_AD/screw_bag,adino,1,4,0.8153,0.6899,0.5432,0.1698,0.7396,0.1517,,0.0
dinov3b,square,none,mvtec_loco_AD/screw_bag,galad,2,0,0.6584,0.5359,0.5057,0.2643,0.6653,0.1235,12/12,25.67
dinov3b,square,none,mvtec_loco_AD/screw_bag,adino,2,0,0.7542,0.611,0.5239,0.172,0.7329,0.1522,,0.0
dinov3b,square,none,mvtec_loco_AD/screw_bag,galad,2,1,0.6272,0.5022,0.4774,0.2442,0.6693,0.125,12/12,14.12
dinov3b,square,none,mvtec_loco_AD/screw_bag,adino,2,1,0.7646,0.6037,0.4869,0.1775,0.7383,0.1459,,0.0
dinov3b,square,none,mvtec_loco_AD/screw_bag,galad,2,2,0.6585,0.5305,0.4763,0.25,0.6627,0.1247,12/12,16.44
dinov3b,square,none,mvtec_loco_AD/screw_bag,adino,2,2,0.7693,0.6244,0.5053,0.1907,0.7377,0.1477,,0.0
dinov3b,square,none,mvtec_loco_AD/screw_bag,galad,2,3,0.6148,0.4774,0.4982,0.2588,0.6734,0.1264,12/12,14.52
dinov3b,square,none,mvtec_loco_AD/screw_bag,adino,2,3,0.7406,0.5826,0.5269,0.187,0.7478,0.1495,,0.0
dinov3b,square,none,mvtec_loco_AD/screw_bag,galad,2,4,0.6722,0.5308,0.5845,0.3107,0.6683,0.1226,12/12,14.71
dinov3b,square,none,mvtec_loco_AD/screw_bag,adino,2,4,0.8093,0.684,0.5513,0.1763,0.7413,0.1505,,0.0
dinov3b,square,none,mvtec_loco_AD/screw_bag,galad,4,0,0.6187,0.4806,0.465,0.2253,0.6824,0.1298,12/12,32.36
dinov3b,square,none,mvtec_loco_AD/screw_bag,adino,4,0,0.7646,0.6075,0.5437,0.1954,0.7409,0.1541,,0.0
dinov3b,square,none,mvtec_loco_AD/screw_bag,galad,4,1,0.6285,0.4972,0.4422,0.2238,0.6749,0.1294,12/12,25.4
dinov3b,square,none,mvtec_loco_AD/screw_bag,adino,4,1,0.763,0.5953,0.5178,0.1866,0.7336,0.1426,,0.0
dinov3b,square,none,mvtec_loco_AD/screw_bag,galad,4,2,0.6345,0.5069,0.4394,0.2292,0.6727,0.1271,12/12,47.07
dinov3b,square,none,mvtec_loco_AD/screw_bag,adino,4,2,0.7826,0.6448,0.5167,0.1862,0.7387,0.1491,,0.0
dinov3b,square,none,mvtec_loco_AD/screw_bag,galad,4,3,0.612,0.4592,0.4695,0.2385,0.6765,0.1279,12/12,24.63
dinov3b,square,none,mvtec_loco_AD/screw_bag,adino,4,3,0.7352,0.5716,0.5329,0.1923,0.7429,0.1483,,0.0
dinov3b,square,none,mvtec_loco_AD/screw_bag,galad,4,4,0.6455,0.5143,0.4593,0.2462,0.692,0.132,12/12,22.43
dinov3b,square,none,mvtec_loco_AD/screw_bag,adino,4,4,0.791,0.6587,0.5366,0.1821,0.7403,0.1471,,0.0
dinov3b,square,none,mvtec_loco_AD/screw_bag,galad,5,0,0.6096,0.4664,0.4236,0.21,0.6748,0.1267,12/12,45.59
dinov3b,square,none,mvtec_loco_AD/screw_bag,adino,5,0,0.7415,0.5779,0.5577,0.2054,0.7389,0.1515,,0.0
dinov3b,square,none,mvtec_loco_AD/screw_bag,galad,5,1,0.6255,0.4882,0.4272,0.2158,0.6618,0.1268,12/12,51.21
dinov3b,square,none,mvtec_loco_AD/screw_bag,adino,5,1,0.784,0.624,0.5439,0.1959,0.7312,0.1414,,0.0
dinov3b,square,none,mvtec_loco_AD/screw_bag,galad,5,2,0.6389,0.5179,0.4331,0.2227,0.6552,0.123,12/12,25.46
dinov3b,square,none,mvtec_loco_AD/screw_bag,adino,5,2,0.7745,0.6329,0.5141,0.1829,0.74,0.15,,0.0
dinov3b,square,none,mvtec_loco_AD/screw_bag,galad,5,3,0.6285,0.4659,0.4779,0.2595,0.6804,0.1288,12/12,45.01
dinov3b,square,none,mvtec_loco_AD/screw_bag,adino,5,3,0.7286,0.5631,0.5338,0.1949,0.7441,0.1496,,0.0
dinov3b,square,none,mvtec_loco_AD/screw_bag,galad,5,4,0.6452,0.5132,0.4335,0.2301,0.6793,0.1281,12/12,34.69
dinov3b,square,none,mvtec_loco_AD/screw_bag,adino,5,4,0.7837,0.6475,0.538,0.187,0.7395,0.1464,,0.0
dinov3b,square,none,AutoVI/underbody_pipes,galad,1,0,0.8863,0.9261,0.9471,0.7216,0.9886,0.4171,12/12,5.87
dinov3b,square,none,AutoVI/underbody_pipes,adino,1,0,0.8885,0.9381,0.956,0.7822,0.9924,0.5933,,0.0
dinov3b,square,none,AutoVI/underbody_pipes,galad,1,1,0.88,0.9023,0.8661,0.5343,0.9747,0.3619,12/12,4.29
dinov3b,square,none,AutoVI/underbody_pipes,adino,1,1,0.9208,0.9529,0.916,0.679,0.9857,0.5897,,0.0
dinov3b,square,none,AutoVI/underbody_pipes,galad,1,2,0.888,0.9163,0.8939,0.593,0.9808,0.4153,12/12,4.57
dinov3b,square,none,AutoVI/underbody_pipes,adino,1,2,0.9331,0.9648,0.916,0.7184,0.9864,0.6147,,0.0
dinov3b,square,none,AutoVI/underbody_pipes,galad,1,3,0.8829,0.9228,0.9481,0.7311,0.9885,0.4069,12/12,4.71
dinov3b,square,none,AutoVI/underbody_pipes,adino,1,3,0.9337,0.9636,0.9587,0.8,0.9931,0.6433,,0.0
dinov3b,square,none,AutoVI/underbody_pipes,galad,1,4,0.893,0.931,0.9474,0.732,0.9883,0.4043,12/12,5.81
dinov3b,square,none,AutoVI/underbody_pipes,adino,1,4,0.9337,0.9636,0.9587,0.8,0.9931,0.6433,,0.0
dinov3b,square,none,AutoVI/underbody_pipes,galad,2,0,0.897,0.9347,0.9513,0.7323,0.9895,0.4275,12/12,12.72
dinov3b,square,none,AutoVI/underbody_pipes,adino,2,0,0.8901,0.9394,0.9604,0.7941,0.9931,0.6006,,0.0
dinov3b,square,none,AutoVI/underbody_pipes,galad,2,1,0.9007,0.9363,0.9369,0.6918,0.988,0.4408,12/12,13.41
dinov3b,square,none,AutoVI/underbody_pipes,adino,2,1,0.9139,0.9543,0.9618,0.8099,0.9935,0.6287,,0.0
dinov3b,square,none,AutoVI/underbody_pipes,galad,2,2,0.875,0.893,0.8554,0.4947,0.9727,0.3603,12/12,12.61
dinov3b,square,none,AutoVI/underbody_pipes,adino,2,2,0.9329,0.9643,0.9313,0.7497,0.9889,0.6387,,0.0
dinov3b,square,none,AutoVI/underbody_pipes,galad,2,3,0.8666,0.9075,0.9385,0.6911,0.9874,0.4144,12/12,10.97
dinov3b,square,none,AutoVI/underbody_pipes,adino,2,3,0.9235,0.9608,0.963,0.8129,0.9938,0.6442,,0.0
dinov3b,square,none,AutoVI/underbody_pipes,galad,2,4,0.8672,0.9029,0.9429,0.7066,0.988,0.4216,12/12,9.12
dinov3b,square,none,AutoVI/underbody_pipes,adino,2,4,0.9285,0.9611,0.9608,0.8033,0.9934,0.6363,,0.0
dinov3b,square,none,AutoVI/underbody_pipes,galad,4,0,0.8947,0.9331,0.9401,0.6931,0.9881,0.448,12/12,24.29
dinov3b,square,none,AutoVI/underbody_pipes,adino,4,0,0.8971,0.9453,0.9674,0.8216,0.9942,0.6217,,0.0
dinov3b,square,none,AutoVI/underbody_pipes,galad,4,1,0.8921,0.9315,0.9416,0.7067,0.9888,0.4622,12/12,29.32
dinov3b,square,none,AutoVI/underbody_pipes,adino,4,1,0.9128,0.954,0.9653,0.8181,0.994,0.631,,0.0
dinov3b,square,none,AutoVI/underbody_pipes,galad,4,2,0.9532,0.9666,0.9407,0.7108,0.9874,0.4875,12/12,20.7
dinov3b,square,none,AutoVI/underbody_pipes,adino,4,2,0.9924,0.9919,0.9737,0.861,0.9955,0.6777,,0.0
dinov3b,square,none,AutoVI/underbody_pipes,galad,4,3,0.9092,0.9427,0.9489,0.728,0.9903,0.4719,12/12,37.01
dinov3b,square,none,AutoVI/underbody_pipes,adino,4,3,0.9309,0.9646,0.969,0.8332,0.9947,0.6624,,0.0
dinov3b,square,none,AutoVI/underbody_pipes,galad,4,4,0.9273,0.9579,0.9615,0.7834,0.9918,0.4812,12/12,21.27
dinov3b,square,none,AutoVI/underbody_pipes,adino,4,4,0.9285,0.9624,0.9683,0.8244,0.9945,0.6436,,0.0
dinov3b,square,none,AutoVI/underbody_pipes,galad,5,0,0.8836,0.9227,0.9337,0.6663,0.9875,0.4497,12/12,28.19
dinov3b,square,none,AutoVI/underbody_pipes,adino,5,0,0.8973,0.9458,0.9689,0.826,0.9944,0.6232,,0.0
dinov3b,square,none,AutoVI/underbody_pipes,galad,5,1,0.9031,0.9385,0.9365,0.6807,0.9878,0.4564,12/12,34.86
dinov3b,square,none,AutoVI/underbody_pipes,adino,5,1,0.9139,0.955,0.966,0.8199,0.9941,0.6326,,0.0
dinov3b,square,none,AutoVI/underbody_pipes,galad,5,2,0.94,0.9574,0.9351,0.692,0.9865,0.4754,12/12,39.34
dinov3b,square,none,AutoVI/underbody_pipes,adino,5,2,0.993,0.9928,0.9759,0.8686,0.9959,0.6849,,0.0
dinov3b,square,none,AutoVI/underbody_pipes,galad,5,3,0.918,0.9497,0.9544,0.753,0.991,0.4832,12/12,46.68
dinov3b,square,none,AutoVI/underbody_pipes,adino,5,3,0.9305,0.9644,0.9699,0.8356,0.9948,0.6626,,0.0
dinov3b,square,none,AutoVI/underbody_pipes,galad,5,4,0.9235,0.957,0.9606,0.7787,0.9919,0.4817,12/12,49.57
dinov3b,square,none,AutoVI/underbody_pipes,adino,5,4,0.931,0.9639,0.9692,0.8281,0.9947,0.6473,,0.0
dinov3b,square,none,GoodsAD/food_bottle,galad,1,0,0.5931,0.4804,0.554,0.043,0.8492,0.041,12/12,7.42
dinov3b,square,none,GoodsAD/food_bottle,adino,1,0,0.6155,0.5321,0.5663,0.0525,0.8493,0.0408,,0.0
dinov3b,square,none,GoodsAD/food_bottle,galad,1,1,0.6037,0.4874,0.517,0.0552,0.8786,0.0531,12/12,4.88
dinov3b,square,none,GoodsAD/food_bottle,adino,1,1,0.6304,0.5352,0.5683,0.1064,0.9101,0.0888,,0.0
dinov3b,square,none,GoodsAD/food_bottle,galad,1,2,0.6201,0.5088,0.5516,0.0548,0.8849,0.0553,12/12,6.6
dinov3b,square,none,GoodsAD/food_bottle,adino,1,2,0.6347,0.5615,0.6313,0.1205,0.9161,0.0888,,0.0
dinov3b,square,none,GoodsAD/food_bottle,galad,1,3,0.6029,0.486,0.5488,0.0612,0.8934,0.0618,12/12,5.67
dinov3b,square,none,GoodsAD/food_bottle,adino,1,3,0.6225,0.5284,0.5822,0.1143,0.9175,0.0977,,0.0
dinov3b,square,none,GoodsAD/food_bottle,galad,1,4,0.5971,0.4833,0.5495,0.0593,0.8916,0.0603,12/12,4.1
dinov3b,square,none,GoodsAD/food_bottle,adino,1,4,0.6301,0.5414,0.5868,0.1217,0.9194,0.0999,,0.0
dinov3b,square,none,GoodsAD/food_bottle,galad,2,0,0.584,0.4715,0.6056,0.0714,0.8722,0.05,12/12,7.38
dinov3b,square,none,GoodsAD/food_bottle,adino,2,0,0.6131,0.5205,0.65,0.1281,0.891,0.0621,,0.0
dinov3b,square,none,GoodsAD/food_bottle,galad,2,1,0.6242,0.5281,0.5846,0.0736,0.877,0.0514,12/12,11.46
dinov3b,square,none,GoodsAD/food_bottle,adino,2,1,0.6416,0.5581,0.5976,0.0867,0.8925,0.0609,,0.0
dinov3b,square,none,GoodsAD/food_bottle,galad,2,2,0.6406,0.5457,0.5549,0.0476,0.8708,0.0476,12/12,7.06
dinov3b,square,none,GoodsAD/food_bottle,adino,2,2,0.6286,0.5634,0.6192,0.1106,0.9023,0.0696,,0.0
dinov3b,square,none,GoodsAD/food_bottle,galad,2,3,0.6134,0.4977,0.5924,0.0811,0.8999,0.0674,12/12,11.41
dinov3b,square,none,GoodsAD/food_bottle,adino,2,3,0.6364,0.5517,0.6316,0.1163,0.9128,0.082,,0.0
dinov3b,square,none,GoodsAD/food_bottle,galad,2,4,0.6181,0.5106,0.5768,0.1042,0.9079,0.079,12/12,7.94
dinov3b,square,none,GoodsAD/food_bottle,adino,2,4,0.6353,0.5357,0.6007,0.1462,0.9227,0.1098,,0.0
dinov3b,square,none,GoodsAD/food_bottle,galad,4,0,0.5978,0.4835,0.6668,0.1196,0.8899,0.0623,12/12,19.47
dinov3b,square,none,GoodsAD/food_bottle,adino,4,0,0.6179,0.5334,0.666,0.1366,0.8947,0.0655,,0.0
dinov3b,square,none,GoodsAD/food_bottle,galad,4,1,0.6257,0.5393,0.6242,0.1039,0.8879,0.0579,12/12,18.83
dinov3b,square,none,GoodsAD/food_bottle,adino,4,1,0.6286,0.5536,0.6193,0.1071,0.8972,0.0633,,0.0
dinov3b,square,none,GoodsAD/food_bottle,galad,4,2,0.6201,0.5326,0.6145,0.0764,0.881,0.0532,12/12,20.26
dinov3b,square,none,GoodsAD/food_bottle,adino,4,2,0.6212,0.5587,0.6498,0.143,0.9079,0.0767,,0.0
dinov3b,square,none,GoodsAD/food_bottle,galad,4,3,0.6352,0.5348,0.6372,0.1169,0.9137,0.0835,12/12,14.53
dinov3b,square,none,GoodsAD/food_bottle,adino,4,3,0.6381,0.5553,0.6655,0.142,0.9204,0.092,,0.0
dinov3b,square,none,GoodsAD/food_bottle,galad,4,4,0.6043,0.4958,0.604,0.1137,0.9153,0.0845,12/12,18.08
dinov3b,square,none,GoodsAD/food_bottle,adino,4,4,0.6168,0.5142,0.6111,0.1295,0.9074,0.0812,,0.0
dinov3b,square,none,GoodsAD/food_bottle,galad,5,0,0.6162,0.5212,0.6897,0.1596,0.9015,0.0731,12/12,18.84
dinov3b,square,none,GoodsAD/food_bottle,adino,5,0,0.627,0.5578,0.6914,0.1702,0.9022,0.073,,0.0
dinov3b,square,none,GoodsAD/food_bottle,galad,5,1,0.6235,0.5374,0.6191,0.0956,0.8856,0.0565,12/12,32.2
dinov3b,square,none,GoodsAD/food_bottle,adino,5,1,0.6285,0.5512,0.6225,0.1068,0.899,0.0647,,0.0
dinov3b,square,none,GoodsAD/food_bottle,galad,5,2,0.6268,0.5391,0.6407,0.1059,0.9011,0.069,12/12,36.33
dinov3b,square,none,GoodsAD/food_bottle,adino,5,2,0.6364,0.5633,0.6531,0.1671,0.9214,0.0969,,0.0
dinov3b,square,none,GoodsAD/food_bottle,galad,5,3,0.6296,0.5289,0.6411,0.1155,0.9098,0.0781,12/12,29.76
dinov3b,square,none,GoodsAD/food_bottle,adino,5,3,0.629,0.5474,0.6644,0.1388,0.9167,0.0855,,0.0
dinov3b,square,none,GoodsAD/food_bottle,galad,5,4,0.6127,0.5044,0.6299,0.1225,0.9149,0.0842,12/12,26.26
dinov3b,square,none,GoodsAD/food_bottle,adino,5,4,0.6123,0.5177,0.6289,0.1291,0.9107,0.0812,,0.0
dinov3b,square,none,mvtec_AD/grid,galad,1,0,0.9863,0.9582,0.9486,0.7319,0.9887,0.3585,12/12,6.25
dinov3b,square,none,mvtec_AD/grid,adino,1,0,0.9944,0.9841,0.8737,0.5982,0.9737,0.3106,,0.0
dinov3b,square,none,mvtec_AD/grid,galad,1,1,0.9645,0.9006,0.9514,0.7504,0.9886,0.3483,12/12,5.63
dinov3b,square,none,mvtec_AD/grid,adino,1,1,0.9874,0.9616,0.8501,0.5653,0.9692,0.297,,0.0
dinov3b,square,none,mvtec_AD/grid,galad,1,2,0.9904,0.9724,0.9559,0.7492,0.9893,0.3508,12/12,6.35
dinov3b,square,none,mvtec_AD/grid,adino,1,2,0.994,0.9841,0.899,0.6277,0.9802,0.3198,,0.0
dinov3b,square,none,mvtec_AD/grid,galad,1,3,0.975,0.9248,0.9508,0.7297,0.9883,0.3352,12/12,3.83
dinov3b,square,none,mvtec_AD/grid,adino,1,3,0.9966,0.99,0.8801,0.6051,0.9771,0.3276,,0.0
dinov3b,square,none,mvtec_AD/grid,galad,1,4,0.9834,0.9507,0.9546,0.746,0.9896,0.3617,12/12,5.17
dinov3b,square,none,mvtec_AD/grid,adino,1,4,0.9925,0.9774,0.8763,0.6038,0.9752,0.324,,0.0
dinov3b,square,none,mvtec_AD/grid,galad,2,0,0.9873,0.9616,0.9528,0.7345,0.989,0.3521,12/12,8.5
dinov3b,square,none,mvtec_AD/grid,adino,2,0,0.997,0.9916,0.8908,0.6258,0.9788,0.3253,,0.0
dinov3b,square,none,mvtec_AD/grid,galad,2,1,0.99,0.9724,0.9546,0.7442,0.9892,0.3498,12/12,11.61
dinov3b,square,none,mvtec_AD/grid,adino,2,1,0.9994,0.9983,0.8914,0.6162,0.9794,0.3124,,0.0
dinov3b,square,none,mvtec_AD/grid,galad,2,2,0.9886,0.9691,0.9519,0.7358,0.9883,0.3433,12/12,12.25
dinov3b,square,none,mvtec_AD/grid,adino,2,2,0.996,0.9891,0.8917,0.6185,0.9788,0.3117,,0.0
dinov3b,square,none,mvtec_AD/grid,galad,2,3,0.9832,0.9524,0.9562,0.7471,0.9892,0.3454,12/12,13.94
dinov3b,square,none,mvtec_AD/grid,adino,2,3,0.9991,0.9975,0.8878,0.6188,0.9786,0.3297,,0.0
dinov3b,square,none,mvtec_AD/grid,galad,2,4,0.9893,0.9691,0.9555,0.7438,0.9896,0.3537,12/12,8.72
dinov3b,square,none,mvtec_AD/grid,adino,2,4,0.9997,0.9992,0.8945,0.6249,0.9794,0.3347,,0.0
dinov3b,square,none,mvtec_AD/grid,galad,4,0,0.9833,0.949,0.9477,0.7151,0.9878,0.3359,12/12,35.02
dinov3b,square,none,mvtec_AD/grid,adino,4,0,0.9966,0.99,0.8918,0.6261,0.9793,0.328,,0.0
dinov3b,square,none,mvtec_AD/grid,galad,4,1,0.9936,0.9833,0.9538,0.734,0.9892,0.3479,12/12,36.12
dinov3b,square,none,mvtec_AD/grid,adino,4,1,1.0,1.0,0.8968,0.6325,0.9808,0.3228,,0.0
dinov3b,square,none,mvtec_AD/grid,galad,4,2,0.9894,0.9708,0.9516,0.7287,0.9882,0.3366,12/12,23.94
dinov3b,square,none,mvtec_AD/grid,adino,4,2,0.9991,0.9975,0.9065,0.6485,0.9825,0.3361,,0.0
dinov3b,square,none,mvtec_AD/grid,galad,4,3,0.9933,0.9816,0.9537,0.7306,0.9889,0.3406,12/12,38.47
dinov3b,square,none,mvtec_AD/grid,adino,4,3,0.9997,0.9992,0.9022,0.6387,0.9816,0.3379,,0.0
dinov3b,square,none,mvtec_AD/grid,galad,4,4,0.995,0.9858,0.9537,0.7352,0.989,0.3441,12/12,25.01
dinov3b,square,none,mvtec_AD/grid,adino,4,4,0.9997,0.9992,0.8968,0.6278,0.98,0.3301,,0.0
dinov3b,square,none,mvtec_AD/grid,galad,5,0,0.988,0.9641,0.9492,0.7157,0.988,0.336,12/12,34.26
dinov3b,square,none,mvtec_AD/grid,adino,5,0,0.9997,0.9992,0.897,0.6327,0.9804,0.3315,,0.0
dinov3b,square,none,mvtec_AD/grid,galad,5,1,0.9944,0.985,0.9524,0.7284,0.9886,0.339,12/12,29.62
dinov3b,square,none,mvtec_AD/grid,adino,5,1,0.9997,0.9992,0.9017,0.6438,0.982,0.333,,0.0
dinov3b,square,none,mvtec_AD/grid,galad,5,2,0.9923,0.9774,0.9533,0.7334,0.9885,0.3364,12/12,43.73
dinov3b,square,none,mvtec_AD/grid,adino,5,2,0.9997,0.9992,0.9098,0.6551,0.9832,0.34,,0.0
dinov3b,square,none,mvtec_AD/grid,galad,5,3,0.9933,0.9808,0.9544,0.734,0.9889,0.3453,12/12,25.68
dinov3b,square,none,mvtec_AD/grid,adino,5,3,0.9994,0.9983,0.9026,0.6409,0.9817,0.3339,,0.0
dinov3b,square,none,mvtec_AD/grid,galad,5,4,0.9946,0.9841,0.9532,0.7346,0.9889,0.3428,12/12,38.4
dinov3b,square,none,mvtec_AD/grid,adino,5,4,1.0,1.0,0.8978,0.6272,0.9802,0.3282,,0.0
dinov3b,square,none,VisA/fryum,galad,1,0,0.9549,0.903,0.9009,0.6046,0.9664,0.3905,12/12,9.16
dinov3b,square,none,VisA/fryum,adino,1,0,0.9494,0.9036,0.8516,0.4395,0.9683,0.3418,,0.0
dinov3b,square,none,VisA/fryum,galad,1,1,0.9624,0.9242,0.8929,0.5942,0.9693,0.4021,12/12,10.46
dinov3b,square,none,VisA/fryum,adino,1,1,0.9153,0.8546,0.7625,0.3783,0.9643,0.296,,0.0
dinov3b,square,none,VisA/fryum,galad,1,2,0.9642,0.9272,0.9049,0.6096,0.9676,0.3955,12/12,5.7
dinov3b,square,none,VisA/fryum,adino,1,2,0.9587,0.917,0.8305,0.4815,0.9421,0.2866,,0.0
dinov3b,square,none,VisA/fryum,galad,1,3,0.9601,0.9202,0.8847,0.5644,0.9647,0.3762,12/12,8.22
dinov3b,square,none,VisA/fryum,adino,1,3,0.9481,0.9004,0.7875,0.4314,0.9614,0.3157,,0.0
dinov3b,square,none,VisA/fryum,galad,1,4,0.9543,0.9208,0.89,0.5966,0.9691,0.3929,12/12,5.46
dinov3b,square,none,VisA/fryum,adino,1,4,0.9271,0.8792,0.7879,0.4013,0.967,0.3125,,0.0
dinov3b,square,none,VisA/fryum,galad,2,0,0.9524,0.9088,0.8855,0.562,0.9649,0.3749,12/12,15.11
dinov3b,square,none,VisA/fryum,adino,2,0,0.9516,0.9106,0.8558,0.4254,0.9707,0.3513,,0.0
dinov3b,square,none,VisA/fryum,galad,2,1,0.9625,0.9332,0.8908,0.5757,0.9651,0.3756,12/12,11.38
dinov3b,square,none,VisA/fryum,adino,2,1,0.9733,0.948,0.8303,0.5112,0.9747,0.4087,,0.0
dinov3b,square,none,VisA/fryum,galad,2,2,0.9498,0.908,0.895,0.5937,0.9639,0.3675,12/12,18.32
dinov3b,square,none,VisA/fryum,adino,2,2,0.9698,0.9374,0.8608,0.5308,0.969,0.3909,,0.0
dinov3b,square,none,VisA/fryum,galad,2,3,0.9499,0.9126,0.8711,0.5473,0.9555,0.3289,12/12,12.72
dinov3b,square,none,VisA/fryum,adino,2,3,0.9399,0.8906,0.7886,0.4067,0.9591,0.2928,,0.0
dinov3b,square,none,VisA/fryum,galad,2,4,0.9563,0.9324,0.8864,0.5779,0.9673,0.3763,12/12,12.41
dinov3b,square,none,VisA/fryum,adino,2,4,0.9789,0.9564,0.8339,0.4952,0.9775,0.4215,,0.0
dinov3b,square,none,VisA/fryum,galad,4,0,0.9543,0.9248,0.8839,0.5675,0.9607,0.3498,12/12,25.74
dinov3b,square,none,VisA/fryum,adino,4,0,0.948,0.9046,0.8385,0.4309,0.9722,0.3506,,0.0
dinov3b,square,none,VisA/fryum,galad,4,1,0.9553,0.9298,0.881,0.5705,0.9548,0.3331,12/12,26.04
dinov3b,square,none,VisA/fryum,adino,4,1,0.9762,0.9536,0.8405,0.5175,0.9765,0.4145,,0.0
dinov3b,square,none,VisA/fryum,galad,4,2,0.9533,0.9244,0.8896,0.5798,0.9594,0.336,12/12,19.46
dinov3b,square,none,VisA/fryum,adino,4,2,0.9744,0.95,0.8753,0.5596,0.9745,0.4218,,0.0
dinov3b,square,none,VisA/fryum,galad,4,3,0.9537,0.9234,0.8813,0.5605,0.9591,0.3412,12/12,29.46
dinov3b,square,none,VisA/fryum,adino,4,3,0.9564,0.917,0.8309,0.4444,0.968,0.3449,,0.0
dinov3b,square,none,VisA/fryum,galad,4,4,0.9556,0.9334,0.8776,0.557,0.9599,0.3456,12/12,21.49
dinov3b,square,none,VisA/fryum,adino,4,4,0.9769,0.953,0.8507,0.5162,0.9775,0.4136,,0.0
dinov3b,square,none,VisA/fryum,galad,5,0,0.9556,0.9306,0.8828,0.5635,0.9595,0.3405,12/12,27.11
dinov3b,square,none,VisA/fryum,adino,5,0,0.9549,0.915,0.8464,0.441,0.9734,0.3592,,0.0
dinov3b,square,none,VisA/fryum,galad,5,1,0.956,0.9296,0.8834,0.5837,0.9594,0.3406,12/12,16.91
dinov3b,square,none,VisA/fryum,adino,5,1,0.9763,0.954,0.8472,0.52,0.9764,0.4119,,0.0
dinov3b,square,none,VisA/fryum,galad,5,2,0.9531,0.928,0.8837,0.5587,0.9591,0.3319,12/12,27.96
dinov3b,square,none,VisA/fryum,adino,5,2,0.9748,0.9508,0.8734,0.5495,0.9761,0.432,,0.0
dinov3b,square,none,VisA/fryum,galad,5,3,0.9515,0.9192,0.8644,0.5308,0.9529,0.3166,12/12,30.74
dinov3b,square,none,VisA/fryum,adino,5,3,0.9551,0.9144,0.8396,0.4493,0.9685,0.3464,,0.0
dinov3b,square,none,VisA/fryum,galad,5,4,0.9586,0.9364,0.8844,0.5774,0.9616,0.3498,12/12,34.42
dinov3b,square,none,VisA/fryum,adino,5,4,0.9765,0.9526,0.8549,0.5127,0.9774,0.4102,,0.0
dinov3b,square,none,mvtec_loco_AD/splicing_connectors,galad,1,0,0.7182,0.607,0.7129,0.2977,0.6114,0.1384,12/12,5.42
dinov3b,square,none,mvtec_loco_AD/splicing_connectors,adino,1,0,0.7665,0.6535,0.528,0.235,0.8463,0.4679,,0.0
dinov3b,square,none,mvtec_loco_AD/splicing_connectors,galad,1,1,0.7415,0.638,0.6919,0.2869,0.6151,0.1379,12/12,5.56
dinov3b,square,none,mvtec_loco_AD/splicing_connectors,adino,1,1,0.8063,0.7007,0.5048,0.2354,0.8586,0.4794,,0.0
dinov3b,square,none,mvtec_loco_AD/splicing_connectors,galad,1,2,0.7458,0.6463,0.698,0.2982,0.6126,0.1351,12/12,4.77
dinov3b,square,none,mvtec_loco_AD/splicing_connectors,adino,1,2,0.8094,0.7099,0.5059,0.2381,0.8504,0.4582,,0.0
dinov3b,square,none,mvtec_loco_AD/splicing_connectors,galad,1,3,0.6824,0.5754,0.7164,0.27,0.6081,0.1317,12/12,3.53
dinov3b,square,none,mvtec_loco_AD/splicing_connectors,adino,1,3,0.7696,0.6682,0.56,0.2094,0.795,0.3035,,0.0
dinov3b,square,none,mvtec_loco_AD/splicing_connectors,galad,1,4,0.7356,0.6242,0.7212,0.2939,0.6129,0.1394,12/12,5.11
dinov3b,square,none,mvtec_loco_AD/splicing_connectors,adino,1,4,0.7869,0.6772,0.5356,0.2212,0.8575,0.4704,,0.0
dinov3b,square,none,mvtec_loco_AD/splicing_connectors,galad,2,0,0.7484,0.6395,0.7001,0.293,0.6195,0.1445,12/12,8.78
dinov3b,square,none,mvtec_loco_AD/splicing_connectors,adino,2,0,0.798,0.6792,0.5569,0.2463,0.8619,0.497,,0.0
dinov3b,square,none,mvtec_loco_AD/splicing_connectors,galad,2,1,0.803,0.7103,0.7083,0.3165,0.628,0.1688,12/12,5.91
dinov3b,square,none,mvtec_loco_AD/splicing_connectors,adino,2,1,0.8676,0.7673,0.5565,0.2454,0.8791,0.5283,,0.0
dinov3b,square,none,mvtec_loco_AD/splicing_connectors,galad,2,2,0.744,0.6478,0.6767,0.2814,0.6182,0.1351,12/12,8.02
dinov3b,square,none,mvtec_loco_AD/splicing_connectors,adino,2,2,0.8087,0.7,0.5322,0.2497,0.8529,0.4553,,0.0
dinov3b,square,none,mvtec_loco_AD/splicing_connectors,galad,2,3,0.8733,0.7876,0.7182,0.3159,0.6186,0.1707,12/12,6.37
dinov3b,square,none,mvtec_loco_AD/splicing_connectors,adino,2,3,0.9004,0.8206,0.5989,0.2657,0.8619,0.5284,,0.0
dinov3b,square,none,mvtec_loco_AD/splicing_connectors,galad,2,4,0.7655,0.6588,0.6952,0.2686,0.6192,0.1416,12/12,7.1
dinov3b,square,none,mvtec_loco_AD/splicing_connectors,adino,2,4,0.8004,0.6949,0.573,0.2557,0.8696,0.5079,,0.0
dinov3b,square,none,mvtec_loco_AD/splicing_connectors,galad,4,0,0.7813,0.6755,0.6838,0.274,0.6297,0.1479,12/12,41.88
dinov3b,square,none,mvtec_loco_AD/splicing_connectors,adino,4,0,0.8194,0.7154,0.5995,0.2768,0.8763,0.5304,,0.0
dinov3b,square,none,mvtec_loco_AD/splicing_connectors,galad,4,1,0.8558,0.7572,0.6843,0.3079,0.6366,0.1769,12/12,19.19
dinov3b,square,none,mvtec_loco_AD/splicing_connectors,adino,4,1,0.9103,0.832,0.5663,0.2734,0.8874,0.531,,0.0
dinov3b,square,none,mvtec_loco_AD/splicing_connectors,galad,4,2,0.7823,0.6751,0.6656,0.3069,0.6305,0.1604,12/12,9.23
dinov3b,square,none,mvtec_loco_AD/splicing_connectors,adino,4,2,0.8344,0.7199,0.5872,0.2634,0.8677,0.4776,,0.0
dinov3b,square,none,mvtec_loco_AD/splicing_connectors,galad,4,3,0.8764,0.7789,0.6875,0.2759,0.6306,0.1784,12/12,30.54
dinov3b,square,none,mvtec_loco_AD/splicing_connectors,adino,4,3,0.8855,0.7976,0.5893,0.2833,0.8742,0.5507,,0.0
dinov3b,square,none,mvtec_loco_AD/splicing_connectors,galad,4,4,0.845,0.7485,0.6772,0.2785,0.6274,0.1668,12/12,12.35
dinov3b,square,none,mvtec_loco_AD/splicing_connectors,adino,4,4,0.8337,0.73,0.5453,0.2472,0.8925,0.572,,0.0
dinov3b,square,none,mvtec_loco_AD/splicing_connectors,galad,5,0,0.7775,0.673,0.6693,0.2534,0.6283,0.1495,12/12,10.23
dinov3b,square,none,mvtec_loco_AD/splicing_connectors,adino,5,0,0.8167,0.7142,0.5527,0.2559,0.8746,0.5311,,0.0
dinov3b,square,none,mvtec_loco_AD/splicing_connectors,galad,5,1,0.8486,0.7471,0.6785,0.3074,0.6316,0.1776,12/12,42.98
dinov3b,square,none,mvtec_loco_AD/splicing_connectors,adino,5,1,0.9137,0.8389,0.5721,0.273,0.8766,0.4869,,0.0
dinov3b,square,none,mvtec_loco_AD/splicing_connectors,galad,5,2,0.8082,0.7113,0.6609,0.2932,0.6324,0.1647,12/12,19.64
dinov3b,square,none,mvtec_loco_AD/splicing_connectors,adino,5,2,0.863,0.758,0.5797,0.2709,0.8856,0.5677,,0.0
dinov3b,square,none,mvtec_loco_AD/splicing_connectors,galad,5,3,0.8673,0.7641,0.6843,0.2839,0.6311,0.1837,12/12,31.69
dinov3b,square,none,mvtec_loco_AD/splicing_connectors,adino,5,3,0.8824,0.7947,0.6028,0.2893,0.871,0.5257,,0.0
dinov3b,square,none,mvtec_loco_AD/splicing_connectors,galad,5,4,0.8395,0.7389,0.6717,0.2643,0.6352,0.1675,12/12,9.77
dinov3b,square,none,mvtec_loco_AD/splicing_connectors,adino,5,4,0.8504,0.7514,0.5561,0.2619,0.8945,0.5841,,0.0
dinov3b,square,none,AutoVI/underbody_screw,galad,1,0,0.2343,0.7347,0.7764,0.3372,0.9328,0.0019,12/12,4.88
dinov3b,square,none,AutoVI/underbody_screw,adino,1,0,0.2144,0.6392,0.771,0.3679,0.8791,0.0027,,0.0
dinov3b,square,none,AutoVI/underbody_screw,galad,1,1,0.0763,0.6494,0.7295,0.1532,0.9187,0.0035,12/12,5.64
dinov3b,square,none,AutoVI/underbody_screw,adino,1,1,0.0642,0.5882,0.3937,0.1217,0.8128,0.0006,,0.0
dinov3b,square,none,AutoVI/underbody_screw,galad,1,2,0.0647,0.6289,0.6583,0.1187,0.8966,0.0017,12/12,5.35
dinov3b,square,none,AutoVI/underbody_screw,adino,1,2,0.0573,0.5872,0.4876,0.1095,0.8449,0.0006,,0.0
dinov3b,square,none,AutoVI/underbody_screw,galad,1,3,0.0873,0.6869,0.717,0.1415,0.9149,0.0036,12/12,7.3
dinov3b,square,none,AutoVI/underbody_screw,adino,1,3,0.0575,0.6129,0.4338,0.1015,0.8298,0.0005,,0.0
dinov3b,square,none,AutoVI/underbody_screw,galad,1,4,0.0853,0.6894,0.7282,0.1577,0.9183,0.0034,12/12,4.36
dinov3b,square,none,AutoVI/underbody_screw,adino,1,4,0.0602,0.626,0.4552,0.1156,0.8364,0.0006,,0.0
dinov3b,square,none,AutoVI/underbody_screw,galad,2,0,0.0919,0.7282,0.8555,0.25,0.9566,0.0019,12/12,7.77
dinov3b,square,none,AutoVI/underbody_screw,adino,2,0,0.0527,0.5489,0.6669,0.0483,0.8989,0.0009,,0.0
dinov3b,square,none,AutoVI/underbody_screw,galad,2,1,0.094,0.7481,0.7245,0.1429,0.9172,0.0022,12/12,18.46
dinov3b,square,none,AutoVI/underbody_screw,adino,2,1,0.0787,0.683,0.4956,0.126,0.8485,0.0007,,0.0
dinov3b,square,none,AutoVI/underbody_screw,galad,2,2,0.0725,0.6714,0.7776,0.0691,0.9332,0.0012,12/12,10.68
dinov3b,square,none,AutoVI/underbody_screw,adino,2,2,0.0719,0.5912,0.6871,0.1048,0.906,0.0009,,0.0
dinov3b,square,none,AutoVI/underbody_screw,galad,2,3,0.0831,0.7386,0.7408,0.134,0.9221,0.003,12/12,11.11
dinov3b,square,none,AutoVI/underbody_screw,adino,2,3,0.0672,0.6744,0.5274,0.1169,0.8581,0.0006,,0.0
dinov3b,square,none,AutoVI/underbody_screw,galad,2,4,0.0856,0.6916,0.6455,0.1265,0.8934,0.0023,12/12,9.02
dinov3b,square,none,AutoVI/underbody_screw,adino,2,4,0.0648,0.6615,0.5132,0.0973,0.8538,0.0006,,0.0
dinov3b,square,none,AutoVI/underbody_screw,galad,4,0,0.0726,0.6835,0.7755,0.0428,0.9325,0.0012,12/12,18.81
dinov3b,square,none,AutoVI/underbody_screw,adino,4,0,0.065,0.6661,0.6744,0.0515,0.9023,0.0008,,0.0
dinov3b,square,none,AutoVI/underbody_screw,galad,4,1,0.2876,0.8537,0.9459,0.7086,0.9837,0.0065,12/12,13.61
dinov3b,square,none,AutoVI/underbody_screw,adino,4,1,0.1508,0.7717,0.9226,0.5769,0.9768,0.0045,,0.0
dinov3b,square,none,AutoVI/underbody_screw,galad,4,2,0.0567,0.5914,0.6848,0.0376,0.9053,0.0009,12/12,16.6
dinov3b,square,none,AutoVI/underbody_screw,adino,4,2,0.0553,0.5845,0.675,0.0888,0.9025,0.0009,,0.0
dinov3b,square,none,AutoVI/underbody_screw,galad,4,3,0.1481,0.8158,0.8782,0.379,0.9634,0.0037,12/12,17.51
dinov3b,square,none,AutoVI/underbody_screw,adino,4,3,0.1551,0.7819,0.8612,0.2876,0.9583,0.0023,,0.0
dinov3b,square,none,AutoVI/underbody_screw,galad,4,4,0.1446,0.7132,0.8129,0.1757,0.9437,0.0027,12/12,28.59
dinov3b,square,none,AutoVI/underbody_screw,adino,4,4,0.1046,0.7074,0.6873,0.1479,0.9061,0.001,,0.0
dinov3b,square,none,AutoVI/underbody_screw,galad,5,0,0.065,0.6481,0.7525,0.0497,0.9256,0.0011,12/12,25.09
dinov3b,square,none,AutoVI/underbody_screw,adino,5,0,0.0624,0.6524,0.6712,0.0474,0.9013,0.0008,,0.0
dinov3b,square,none,AutoVI/underbody_screw,galad,5,1,0.2687,0.8238,0.9339,0.6663,0.9801,0.0062,12/12,26.12
dinov3b,square,none,AutoVI/underbody_screw,adino,5,1,0.1511,0.7726,0.9247,0.5858,0.9774,0.0046,,0.0
dinov3b,square,none,AutoVI/underbody_screw,galad,5,2,0.067,0.6625,0.7365,0.0383,0.9209,0.001,12/12,29.55
dinov3b,square,none,AutoVI/underbody_screw,adino,5,2,0.0588,0.6111,0.7505,0.1199,0.9252,0.0011,,0.0
dinov3b,square,none,AutoVI/underbody_screw,galad,5,3,0.1618,0.7793,0.8666,0.3105,0.9599,0.0033,12/12,16.07
dinov3b,square,none,AutoVI/underbody_screw,adino,5,3,0.1305,0.7778,0.8566,0.2757,0.9569,0.0024,,0.0
dinov3b,square,none,AutoVI/underbody_screw,galad,5,4,0.1641,0.7212,0.8104,0.1763,0.943,0.0022,12/12,18.64
dinov3b,square,none,AutoVI/underbody_screw,adino,5,4,0.1102,0.712,0.6899,0.1502,0.9069,0.0011,,0.0
dinov3b,square,none,GoodsAD/food_box,galad,1,0,0.6586,0.5393,0.4881,0.0503,0.8164,0.027,12/12,5.07
dinov3b,square,none,GoodsAD/food_box,adino,1,0,0.6046,0.479,0.4557,0.0491,0.8295,0.0286,,0.0
dinov3b,square,none,GoodsAD/food_box,galad,1,1,0.7133,0.6022,0.51,0.0673,0.8309,0.0299,12/12,9.75
dinov3b,square,none,GoodsAD/food_box,adino,1,1,0.6466,0.507,0.4722,0.0333,0.8412,0.0309,,0.0
dinov3b,square,none,GoodsAD/food_box,galad,1,2,0.6962,0.5734,0.4984,0.054,0.817,0.0275,12/12,7.12
dinov3b,square,none,GoodsAD/food_box,adino,1,2,0.6644,0.5416,0.5078,0.0287,0.8434,0.0311,,0.0
dinov3b,square,none,GoodsAD/food_box,galad,1,3,0.7079,0.6035,0.5465,0.0652,0.8335,0.0301,12/12,8.2
dinov3b,square,none,GoodsAD/food_box,adino,1,3,0.6524,0.5307,0.5351,0.0282,0.8471,0.0324,,0.0
dinov3b,square,none,GoodsAD/food_box,galad,1,4,0.7102,0.59,0.464,0.0446,0.7919,0.0236,12/12,6.97
dinov3b,square,none,GoodsAD/food_box,adino,1,4,0.6575,0.5326,0.4729,0.0219,0.822,0.0277,,0.0
dinov3b,square,none,GoodsAD/food_box,galad,2,0,0.6681,0.5323,0.5083,0.0539,0.8317,0.0302,12/12,24.07
dinov3b,square,none,GoodsAD/food_box,adino,2,0,0.6129,0.4662,0.4834,0.0494,0.8505,0.033,,0.0
dinov3b,square,none,GoodsAD/food_box,galad,2,1,0.7024,0.6038,0.5747,0.0922,0.8594,0.0373,12/12,12.21
dinov3b,square,none,GoodsAD/food_box,adino,2,1,0.645,0.5195,0.5137,0.0403,0.8593,0.0352,,0.0
dinov3b,square,none,GoodsAD/food_box,galad,2,2,0.6973,0.5751,0.5721,0.0901,0.8426,0.0346,12/12,7.79
dinov3b,square,none,GoodsAD/food_box,adino,2,2,0.6313,0.5043,0.5393,0.0434,0.8536,0.0334,,0.0
dinov3b,square,none,GoodsAD/food_box,galad,2,3,0.7058,0.5968,0.5501,0.0673,0.8458,0.0318,12/12,13.71
dinov3b,square,none,GoodsAD/food_box,adino,2,3,0.6529,0.5236,0.5155,0.03,0.8502,0.0329,,0.0
dinov3b,square,none,GoodsAD/food_box,galad,2,4,0.7076,0.6022,0.5671,0.0838,0.8511,0.0359,12/12,9.91
dinov3b,square,none,GoodsAD/food_box,adino,2,4,0.6442,0.5232,0.5261,0.0308,0.8492,0.0324,,0.0
dinov3b,square,none,GoodsAD/food_box,galad,4,0,0.6927,0.5747,0.6098,0.1168,0.8679,0.0429,12/12,17.6
dinov3b,square,none,GoodsAD/food_box,adino,4,0,0.6273,0.5032,0.5563,0.086,0.8761,0.0418,,0.0
dinov3b,square,none,GoodsAD/food_box,galad,4,1,0.6908,0.5923,0.605,0.0984,0.8826,0.0465,12/12,28.91
dinov3b,square,none,GoodsAD/food_box,adino,4,1,0.6447,0.5079,0.5195,0.0427,0.8708,0.0388,,0.0
dinov3b,square,none,GoodsAD/food_box,galad,4,2,0.6972,0.5823,0.5933,0.0988,0.8641,0.0439,12/12,19.36
dinov3b,square,none,GoodsAD/food_box,adino,4,2,0.6354,0.5096,0.5544,0.0547,0.866,0.0368,,0.0
dinov3b,square,none,GoodsAD/food_box,galad,4,3,0.7046,0.5833,0.5709,0.0646,0.8569,0.0352,12/12,23.62
dinov3b,square,none,GoodsAD/food_box,adino,4,3,0.6358,0.4992,0.5477,0.0344,0.8624,0.0358,,0.0
dinov3b,square,none,GoodsAD/food_box,galad,4,4,0.7057,0.6138,0.6126,0.1044,0.874,0.0471,12/12,14.6
dinov3b,square,none,GoodsAD/food_box,adino,4,4,0.6312,0.5177,0.5698,0.0415,0.8749,0.0394,,0.0
dinov3b,square,none,GoodsAD/food_box,galad,5,0,0.6919,0.5862,0.6461,0.1576,0.8826,0.0538,12/12,31.13
dinov3b,square,none,GoodsAD/food_box,adino,5,0,0.6259,0.5033,0.5861,0.0853,0.887,0.0459,,0.0
dinov3b,square,none,GoodsAD/food_box,galad,5,1,0.6943,0.5965,0.6039,0.0964,0.8809,0.0479,12/12,32.28
dinov3b,square,none,GoodsAD/food_box,adino,5,1,0.6447,0.5123,0.5305,0.0392,0.8744,0.0398,,0.0
dinov3b,square,none,GoodsAD/food_box,galad,5,2,0.6956,0.5894,0.6075,0.1196,0.8768,0.0511,12/12,24.07
dinov3b,square,none,GoodsAD/food_box,adino,5,2,0.6326,0.5021,0.5415,0.0552,0.8734,0.0391,,0.0
dinov3b,square,none,GoodsAD/food_box,galad,5,3,0.7095,0.5907,0.6322,0.1071,0.8864,0.0502,12/12,36.82
dinov3b,square,none,GoodsAD/food_box,adino,5,3,0.6251,0.4984,0.5677,0.0537,0.8704,0.0381,,0.0
dinov3b,square,none,GoodsAD/food_box,galad,5,4,0.7135,0.6248,0.6533,0.1432,0.8926,0.0616,12/12,28.12
dinov3b,square,none,GoodsAD/food_box,adino,5,4,0.6336,0.5181,0.5805,0.0631,0.8808,0.0421,,0.0
dinov3b,square,none,mvtec_AD/hazelnut,galad,1,0,0.8712,0.7946,0.9066,0.6182,0.9894,0.6738,12/12,6.93
dinov3b,square,none,mvtec_AD/hazelnut,adino,1,0,0.9915,0.9839,0.8769,0.6119,0.9926,0.8726,,0.0
dinov3b,square,none,mvtec_AD/hazelnut,galad,1,1,0.9455,0.8989,0.938,0.7116,0.9929,0.7461,12/12,7.04
dinov3b,square,none,mvtec_AD/hazelnut,adino,1,1,0.9977,0.9957,0.8965,0.6669,0.993,0.8853,,0.0
dinov3b,square,none,mvtec_AD/hazelnut,galad,1,2,0.9581,0.9161,0.9138,0.6105,0.9898,0.6623,12/12,4.59
dinov3b,square,none,mvtec_AD/hazelnut,adino,1,2,0.9957,0.9921,0.8829,0.6153,0.9919,0.8653,,0.0
dinov3b,square,none,mvtec_AD/hazelnut,galad,1,3,0.9056,0.8546,0.9414,0.7052,0.9918,0.7069,12/12,7.61
dinov3b,square,none,mvtec_AD/hazelnut,adino,1,3,0.9988,0.9979,0.9013,0.6771,0.9941,0.8866,,0.0
dinov3b,square,none,mvtec_AD/hazelnut,galad,1,4,0.9307,0.8871,0.9493,0.7238,0.9934,0.7537,12/12,7.39
dinov3b,square,none,mvtec_AD/hazelnut,adino,1,4,0.9998,0.9996,0.9312,0.7074,0.9952,0.8953,,0.0
dinov3b,square,none,mvtec_AD/hazelnut,galad,2,0,0.9102,0.8475,0.9349,0.6792,0.9915,0.6943,12/12,6.62
dinov3b,square,none,mvtec_AD/hazelnut,adino,2,0,0.9994,0.9989,0.9109,0.6814,0.9952,0.8912,,0.0
dinov3b,square,none,mvtec_AD/hazelnut,galad,2,1,0.9669,0.9389,0.958,0.7606,0.9932,0.7232,12/12,12.89
dinov3b,square,none,mvtec_AD/hazelnut,adino,2,1,0.9996,0.9993,0.9302,0.7066,0.9952,0.8929,,0.0
dinov3b,square,none,mvtec_AD/hazelnut,galad,2,2,0.9835,0.9696,0.9523,0.745,0.9934,0.7249,12/12,9.95
dinov3b,square,none,mvtec_AD/hazelnut,adino,2,2,1.0,1.0,0.9264,0.7032,0.9948,0.8857,,0.0
dinov3b,square,none,mvtec_AD/hazelnut,galad,2,3,0.964,0.9375,0.9573,0.7553,0.9936,0.7406,12/12,12.95
dinov3b,square,none,mvtec_AD/hazelnut,adino,2,3,0.9998,0.9996,0.9159,0.7014,0.9948,0.8923,,0.0
dinov3b,square,none,mvtec_AD/hazelnut,galad,2,4,0.9547,0.9236,0.9559,0.7517,0.994,0.7598,12/12,10.69
dinov3b,square,none,mvtec_AD/hazelnut,adino,2,4,0.9998,0.9996,0.9375,0.7192,0.9955,0.8975,,0.0
dinov3b,square,none,mvtec_AD/hazelnut,galad,4,0,0.9546,0.925,0.9374,0.6682,0.9917,0.6906,12/12,19.15
dinov3b,square,none,mvtec_AD/hazelnut,adino,4,0,1.0,1.0,0.9267,0.6908,0.9953,0.8882,,0.0
dinov3b,square,none,mvtec_AD/hazelnut,galad,4,1,0.9808,0.9629,0.9618,0.7778,0.9941,0.7553,12/12,20.28
dinov3b,square,none,mvtec_AD/hazelnut,adino,4,1,1.0,1.0,0.9394,0.729,0.9956,0.8987,,0.0
dinov3b,square,none,mvtec_AD/hazelnut,galad,4,2,0.9746,0.9543,0.9495,0.7278,0.9931,0.7225,12/12,16.92
dinov3b,square,none,mvtec_AD/hazelnut,adino,4,2,1.0,1.0,0.9304,0.7016,0.9948,0.8826,,0.0
dinov3b,square,none,mvtec_AD/hazelnut,galad,4,3,0.9824,0.9696,0.9608,0.7712,0.9934,0.7244,12/12,15.94
dinov3b,square,none,mvtec_AD/hazelnut,adino,4,3,1.0,1.0,0.9268,0.7177,0.9954,0.8909,,0.0
dinov3b,square,none,mvtec_AD/hazelnut,galad,4,4,0.9725,0.9525,0.9563,0.7485,0.9937,0.7417,12/12,18.87
dinov3b,square,none,mvtec_AD/hazelnut,adino,4,4,1.0,1.0,0.9459,0.7439,0.9959,0.9018,,0.0
dinov3b,square,none,mvtec_AD/hazelnut,galad,5,0,0.9791,0.9611,0.9409,0.6787,0.9912,0.6663,12/12,35.54
dinov3b,square,none,mvtec_AD/hazelnut,adino,5,0,1.0,1.0,0.9294,0.6973,0.9955,0.8932,,0.0
dinov3b,square,none,mvtec_AD/hazelnut,galad,5,1,0.9776,0.955,0.9605,0.771,0.9941,0.7542,12/12,19.42
dinov3b,square,none,mvtec_AD/hazelnut,adino,5,1,1.0,1.0,0.9395,0.7293,0.9956,0.8982,,0.0
dinov3b,square,none,mvtec_AD/hazelnut,galad,5,2,0.9824,0.9693,0.9502,0.7262,0.9929,0.709,12/12,31.33
dinov3b,square,none,mvtec_AD/hazelnut,adino,5,2,1.0,1.0,0.933,0.7058,0.9949,0.8843,,0.0
dinov3b,square,none,mvtec_AD/hazelnut,galad,5,3,0.9838,0.9693,0.9644,0.7916,0.9945,0.764,12/12,24.13
dinov3b,square,none,mvtec_AD/hazelnut,adino,5,3,1.0,1.0,0.9306,0.7241,0.9955,0.8914,,0.0
dinov3b,square,none,mvtec_AD/hazelnut,galad,5,4,0.9759,0.9582,0.9608,0.7712,0.9941,0.7474,12/12,18.3
dinov3b,square,none,mvtec_AD/hazelnut,adino,5,4,1.0,1.0,0.9468,0.7455,0.996,0.9032,,0.0
dinov3b,square,none,VisA/macaroni1,galad,1,0,0.776,0.7832,0.957,0.7932,0.9934,0.0779,12/12,4.97
dinov3b,square,none,VisA/macaroni1,adino,1,0,0.7695,0.7644,0.7124,0.4223,0.9459,0.0184,,0.0
dinov3b,square,none,VisA/macaroni1,galad,1,1,0.7496,0.7368,0.9501,0.76,0.9897,0.0638,12/12,11.18
dinov3b,square,none,VisA/macaroni1,adino,1,1,0.7559,0.7403,0.7005,0.4184,0.9259,0.0207,,0.0
dinov3b,square,none,VisA/macaroni1,galad,1,2,0.6919,0.7335,0.9688,0.8428,0.9942,0.1068,12/12,7.83
dinov3b,square,none,VisA/macaroni1,adino,1,2,0.7106,0.7013,0.7058,0.3831,0.9466,0.0237,,0.0
dinov3b,square,none,VisA/macaroni1,galad,1,3,0.7469,0.7432,0.8907,0.5456,0.978,0.0115,12/12,6.03
dinov3b,square,none,VisA/macaroni1,adino,1,3,0.7703,0.7777,0.7118,0.4152,0.9213,0.0113,,0.0
dinov3b,square,none,VisA/macaroni1,galad,1,4,0.8101,0.8151,0.955,0.7739,0.9919,0.0567,12/12,7.88
dinov3b,square,none,VisA/macaroni1,adino,1,4,0.7736,0.7869,0.7048,0.403,0.9519,0.0185,,0.0
dinov3b,square,none,VisA/macaroni1,galad,2,0,0.8115,0.8173,0.9536,0.7693,0.9917,0.065,12/12,11.51
dinov3b,square,none,VisA/macaroni1,adino,2,0,0.7855,0.787,0.7337,0.4415,0.9496,0.0182,,0.0
dinov3b,square,none,VisA/macaroni1,galad,2,1,0.7383,0.7187,0.9608,0.8098,0.9904,0.0857,12/12,13.73
dinov3b,square,none,VisA/macaroni1,adino,2,1,0.7819,0.7819,0.7715,0.5129,0.9497,0.0281,,0.0
dinov3b,square,none,VisA/macaroni1,galad,2,2,0.7857,0.7933,0.9696,0.8482,0.9946,0.0978,12/12,9.08
dinov3b,square,none,VisA/macaroni1,adino,2,2,0.7765,0.7844,0.7629,0.4528,0.9558,0.0223,,0.0
dinov3b,square,none,VisA/macaroni1,galad,2,3,0.8107,0.8264,0.9523,0.7758,0.9922,0.0651,12/12,17.93
dinov3b,square,none,VisA/macaroni1,adino,2,3,0.8048,0.8104,0.8006,0.4862,0.9579,0.0169,,0.0
dinov3b,square,none,VisA/macaroni1,galad,2,4,0.8198,0.8331,0.9486,0.7432,0.9899,0.0489,12/12,13.87
dinov3b,square,none,VisA/macaroni1,adino,2,4,0.7886,0.8016,0.744,0.4421,0.9493,0.0142,,0.0
dinov3b,square,none,VisA/macaroni1,galad,4,0,0.8297,0.8459,0.9577,0.8029,0.991,0.0798,12/12,21.32
dinov3b,square,none,VisA/macaroni1,adino,4,0,0.8113,0.8377,0.8053,0.5249,0.9653,0.0229,,0.0
dinov3b,square,none,VisA/macaroni1,galad,4,1,0.8514,0.8658,0.9639,0.8198,0.9917,0.0882,12/12,35.17
dinov3b,square,none,VisA/macaroni1,adino,4,1,0.8221,0.8408,0.8371,0.5695,0.9716,0.0258,,0.0
dinov3b,square,none,VisA/macaroni1,galad,4,2,0.8066,0.8238,0.9668,0.8387,0.9933,0.0884,12/12,22.43
dinov3b,square,none,VisA/macaroni1,adino,4,2,0.8046,0.8143,0.7951,0.5189,0.9674,0.0294,,0.0
dinov3b,square,none,VisA/macaroni1,galad,4,3,0.8448,0.8598,0.9611,0.8211,0.9926,0.08,12/12,18.08
dinov3b,square,none,VisA/macaroni1,adino,4,3,0.8156,0.8301,0.8024,0.5028,0.965,0.0209,,0.0
dinov3b,square,none,VisA/macaroni1,galad,4,4,0.8667,0.8792,0.9706,0.8543,0.994,0.0897,12/12,23.55
dinov3b,square,none,VisA/macaroni1,adino,4,4,0.8051,0.8228,0.7668,0.4991,0.9573,0.0206,,0.0
dinov3b,square,none,VisA/macaroni1,galad,5,0,0.8121,0.8283,0.9602,0.815,0.9913,0.0815,12/12,42.51
dinov3b,square,none,VisA/macaroni1,adino,5,0,0.811,0.8391,0.8186,0.5366,0.9685,0.0234,,0.0
dinov3b,square,none,VisA/macaroni1,galad,5,1,0.8414,0.85,0.965,0.8331,0.9916,0.0916,12/12,25.5
dinov3b,square,none,VisA/macaroni1,adino,5,1,0.824,0.8388,0.8475,0.5774,0.972,0.0255,,0.0
dinov3b,square,none,VisA/macaroni1,galad,5,2,0.8183,0.8389,0.9655,0.848,0.9942,0.094,12/12,24.19
dinov3b,square,none,VisA/macaroni1,adino,5,2,0.8001,0.8098,0.8017,0.533,0.9694,0.0297,,0.0
dinov3b,square,none,VisA/macaroni1,galad,5,3,0.852,0.8692,0.9586,0.8132,0.9916,0.0828,12/12,26.74
dinov3b,square,none,VisA/macaroni1,adino,5,3,0.8197,0.8392,0.8142,0.5233,0.9684,0.0219,,0.0
dinov3b,square,none,VisA/macaroni1,galad,5,4,0.8814,0.8914,0.9722,0.8618,0.9941,0.1022,12/12,32.07
dinov3b,square,none,VisA/macaroni1,adino,5,4,0.8149,0.833,0.8,0.531,0.9653,0.0232,,0.0
dinov3b,square,none,GoodsAD/food_package,galad,1,0,0.4912,0.5156,0.4236,0.0561,0.8016,0.0121,12/12,7.45
dinov3b,square,none,GoodsAD/food_package,adino,1,0,0.4946,0.5119,0.4347,0.0685,0.8489,0.0185,,0.0
dinov3b,square,none,GoodsAD/food_package,galad,1,1,0.4972,0.5235,0.4405,0.0675,0.827,0.014,12/12,11.67
dinov3b,square,none,GoodsAD/food_package,adino,1,1,0.4912,0.5119,0.455,0.0506,0.866,0.0208,,0.0
dinov3b,square,none,GoodsAD/food_package,galad,1,2,0.4605,0.4886,0.5016,0.0724,0.8672,0.0186,12/12,5.48
dinov3b,square,none,GoodsAD/food_package,adino,1,2,0.4744,0.4935,0.5165,0.053,0.9029,0.0283,,0.0
dinov3b,square,none,GoodsAD/food_package,galad,1,3,0.4565,0.4861,0.5177,0.0487,0.8801,0.0211,12/12,5.92
dinov3b,square,none,GoodsAD/food_package,adino,1,3,0.4808,0.4854,0.5369,0.0457,0.9081,0.0295,,0.0
dinov3b,square,none,GoodsAD/food_package,galad,1,4,0.5114,0.5432,0.4843,0.0827,0.834,0.0147,12/12,6.72
dinov3b,square,none,GoodsAD/food_package,adino,1,4,0.5108,0.5304,0.5049,0.0934,0.8849,0.0252,,0.0
dinov3b,square,none,GoodsAD/food_package,galad,2,0,0.4933,0.5173,0.4337,0.0712,0.817,0.0132,12/12,9.29
dinov3b,square,none,GoodsAD/food_package,adino,2,0,0.4907,0.5088,0.4791,0.0838,0.8715,0.0224,,0.0
dinov3b,square,none,GoodsAD/food_package,galad,2,1,0.4786,0.515,0.5055,0.0841,0.8534,0.0172,12/12,11.72
dinov3b,square,none,GoodsAD/food_package,adino,2,1,0.4844,0.5029,0.4845,0.0492,0.8806,0.0221,,0.0
dinov3b,square,none,GoodsAD/food_package,galad,2,2,0.471,0.506,0.5203,0.0879,0.8754,0.0201,12/12,10.32
dinov3b,square,none,GoodsAD/food_package,adino,2,2,0.4909,0.5154,0.5174,0.0605,0.9029,0.029,,0.0
dinov3b,square,none,GoodsAD/food_package,galad,2,3,0.4631,0.4966,0.5096,0.0602,0.88,0.0211,12/12,8.31
dinov3b,square,none,GoodsAD/food_package,adino,2,3,0.4886,0.5034,0.53,0.0447,0.9086,0.0299,,0.0
dinov3b,square,none,GoodsAD/food_package,galad,2,4,0.4961,0.5385,0.5712,0.1211,0.8785,0.0221,12/12,10.13
dinov3b,square,none,GoodsAD/food_package,adino,2,4,0.5048,0.5233,0.5413,0.0772,0.9051,0.031,,0.0
dinov3b,square,none,GoodsAD/food_package,galad,4,0,0.4848,0.5245,0.4989,0.0871,0.8771,0.0219,12/12,15.79
dinov3b,square,none,GoodsAD/food_package,adino,4,0,0.4932,0.5176,0.5311,0.0733,0.9035,0.0305,,0.0
dinov3b,square,none,GoodsAD/food_package,galad,4,1,0.4925,0.5361,0.562,0.1006,0.8886,0.0236,12/12,15.62
dinov3b,square,none,GoodsAD/food_package,adino,4,1,0.4947,0.514,0.5251,0.0621,0.9037,0.0281,,0.0
dinov3b,square,none,GoodsAD/food_package,galad,4,2,0.483,0.522,0.56,0.1085,0.8952,0.026,12/12,21.56
dinov3b,square,none,GoodsAD/food_package,adino,4,2,0.5003,0.5194,0.5328,0.0667,0.9057,0.0308,,0.0
dinov3b,square,none,GoodsAD/food_package,galad,4,3,0.482,0.5235,0.5601,0.0989,0.8875,0.0242,12/12,17.1
dinov3b,square,none,GoodsAD/food_package,adino,4,3,0.5,0.5153,0.5417,0.0629,0.9124,0.0314,,0.0
dinov3b,square,none,GoodsAD/food_package,galad,4,4,0.4998,0.5435,0.5733,0.121,0.891,0.0243,12/12,18.28
dinov3b,square,none,GoodsAD/food_package,adino,4,4,0.5085,0.5186,0.5466,0.0673,0.9135,0.0327,,0.0
dinov3b,square,none,GoodsAD/food_package,galad,5,0,0.4879,0.5324,0.5225,0.0883,0.8845,0.0238,12/12,29.45
dinov3b,square,none,GoodsAD/food_package,adino,5,0,0.4906,0.5138,0.536,0.0682,0.9062,0.0313,,0.0
dinov3b,square,none,GoodsAD/food_package,galad,5,1,0.4779,0.5193,0.5358,0.0912,0.8837,0.0226,12/12,19.68
dinov3b,square,none,GoodsAD/food_package,adino,5,1,0.4972,0.5146,0.5351,0.0629,0.9016,0.0273,,0.0
dinov3b,square,none,GoodsAD/food_package,galad,5,2,0.4876,0.5255,0.5775,0.1161,0.9035,0.029,12/12,28.07
dinov3b,square,none,GoodsAD/food_package,adino,5,2,0.5038,0.5197,0.5556,0.0695,0.9171,0.0348,,0.0
dinov3b,square,none,GoodsAD/food_package,galad,5,3,0.4891,0.5323,0.5602,0.1202,0.8866,0.0255,12/12,20.34
dinov3b,square,none,GoodsAD/food_package,adino,5,3,0.5049,0.5198,0.542,0.0654,0.9132,0.0323,,0.0
dinov3b,square,none,GoodsAD/food_package,galad,5,4,0.4946,0.5346,0.5605,0.1103,0.8777,0.0213,12/12,21.76
dinov3b,square,none,GoodsAD/food_package,adino,5,4,0.5057,0.515,0.5483,0.0678,0.9132,0.0325,,0.0
dinov3b,square,none,mvtec_AD/leather,galad,1,0,1.0,1.0,0.9799,0.8794,0.9913,0.3487,12/12,5.68
dinov3b,square,none,mvtec_AD/leather,adino,1,0,1.0,1.0,0.9751,0.8545,0.9878,0.4359,,0.0
dinov3b,square,none,mvtec_AD/leather,galad,1,1,1.0,1.0,0.9796,0.8777,0.9912,0.3445,12/12,5.57
dinov3b,square,none,mvtec_AD/leather,adino,1,1,1.0,1.0,0.9751,0.8539,0.9875,0.4302,,0.0
dinov3b,square,none,mvtec_AD/leather,galad,1,2,1.0,1.0,0.9795,0.8767,0.9908,0.3327,12/12,5.68
dinov3b,square,none,mvtec_AD/leather,adino,1,2,1.0,1.0,0.9738,0.8494,0.988,0.429,,0.0
dinov3b,square,none,mvtec_AD/leather,galad,1,3,0.9999,0.9997,0.9799,0.8794,0.9915,0.3674,12/12,5.05
dinov3b,square,none,mvtec_AD/leather,adino,1,3,1.0,1.0,0.9743,0.8496,0.9881,0.4324,,0.0
dinov3b,square,none,mvtec_AD/leather,galad,1,4,0.9999,0.9997,0.98,0.8798,0.9915,0.3687,12/12,10.27
dinov3b,square,none,mvtec_AD/leather,adino,1,4,1.0,1.0,0.9743,0.8496,0.9881,0.4324,,0.0
dinov3b,square,none,mvtec_AD/leather,galad,2,0,1.0,1.0,0.9776,0.8653,0.9917,0.3625,12/12,12.88
dinov3b,square,none,mvtec_AD/leather,adino,2,0,1.0,1.0,0.9729,0.8415,0.9894,0.4442,,0.0
dinov3b,square,none,mvtec_AD/leather,galad,2,1,1.0,1.0,0.9803,0.8819,0.9914,0.3621,12/12,24.21
dinov3b,square,none,mvtec_AD/leather,adino,2,1,1.0,1.0,0.9763,0.8606,0.988,0.4411,,0.0
dinov3b,square,none,mvtec_AD/leather,galad,2,2,1.0,1.0,0.9791,0.8743,0.9912,0.3423,12/12,14.08
dinov3b,square,none,mvtec_AD/leather,adino,2,2,1.0,1.0,0.973,0.8443,0.9874,0.4162,,0.0
dinov3b,square,none,mvtec_AD/leather,galad,2,3,1.0,1.0,0.9793,0.8756,0.9914,0.3467,12/12,13.45
dinov3b,square,none,mvtec_AD/leather,adino,2,3,1.0,1.0,0.9736,0.8456,0.9876,0.4275,,0.0
dinov3b,square,none,mvtec_AD/leather,galad,2,4,1.0,1.0,0.9791,0.8747,0.9911,0.3498,12/12,15.31
dinov3b,square,none,mvtec_AD/leather,adino,2,4,1.0,1.0,0.9738,0.8463,0.9877,0.4228,,0.0
dinov3b,square,none,mvtec_AD/leather,galad,4,0,1.0,1.0,0.9798,0.8786,0.9916,0.3575,12/12,16.25
dinov3b,square,none,mvtec_AD/leather,adino,4,0,1.0,1.0,0.9729,0.8411,0.9894,0.4433,,0.0
dinov3b,square,none,mvtec_AD/leather,galad,4,1,1.0,1.0,0.9803,0.8815,0.9919,0.3809,12/12,21.13
dinov3b,square,none,mvtec_AD/leather,adino,4,1,1.0,1.0,0.9756,0.8566,0.9878,0.4357,,0.0
dinov3b,square,none,mvtec_AD/leather,galad,4,2,1.0,1.0,0.9789,0.8735,0.9914,0.3463,12/12,23.93
dinov3b,square,none,mvtec_AD/leather,adino,4,2,1.0,1.0,0.9736,0.8467,0.9877,0.4191,,0.0
dinov3b,square,none,mvtec_AD/leather,galad,4,3,1.0,1.0,0.9818,0.8909,0.9924,0.4035,12/12,15.27
dinov3b,square,none,mvtec_AD/leather,adino,4,3,1.0,1.0,0.9736,0.8456,0.9874,0.4285,,0.0
dinov3b,square,none,mvtec_AD/leather,galad,4,4,1.0,1.0,0.9782,0.8695,0.9909,0.3491,12/12,15.22
dinov3b,square,none,mvtec_AD/leather,adino,4,4,1.0,1.0,0.9728,0.84,0.9878,0.4159,,0.0
dinov3b,square,none,mvtec_AD/leather,galad,5,0,1.0,1.0,0.9786,0.8715,0.9918,0.3692,12/12,23.55
dinov3b,square,none,mvtec_AD/leather,adino,5,0,1.0,1.0,0.973,0.8416,0.9893,0.4419,,0.0
dinov3b,square,none,mvtec_AD/leather,galad,5,1,1.0,1.0,0.9799,0.8793,0.9918,0.3812,12/12,25.29
dinov3b,square,none,mvtec_AD/leather,adino,5,1,1.0,1.0,0.9754,0.8558,0.9878,0.4357,,0.0
dinov3b,square,none,mvtec_AD/leather,galad,5,2,1.0,1.0,0.9798,0.8787,0.9918,0.3682,12/12,20.17
dinov3b,square,none,mvtec_AD/leather,adino,5,2,1.0,1.0,0.9736,0.8461,0.9877,0.4214,,0.0
dinov3b,square,none,mvtec_AD/leather,galad,5,3,1.0,1.0,0.9802,0.8811,0.9923,0.3921,12/12,38.07
dinov3b,square,none,mvtec_AD/leather,adino,5,3,1.0,1.0,0.9731,0.8423,0.9873,0.4243,,0.0
dinov3b,square,none,mvtec_AD/leather,galad,5,4,1.0,1.0,0.9795,0.8768,0.9911,0.3553,12/12,18.04
dinov3b,square,none,mvtec_AD/leather,adino,5,4,1.0,1.0,0.9728,0.8401,0.9878,0.416,,0.0
dinov3b,square,none,VisA/macaroni2,galad,1,0,0.4613,0.4831,0.868,0.5597,0.9713,0.012,12/12,7.19
dinov3b,square,none,VisA/macaroni2,adino,1,0,0.4946,0.5176,0.0747,0.0014,0.637,0.0004,,0.0
dinov3b,square,none,VisA/macaroni2,galad,1,1,0.5312,0.5556,0.9296,0.7668,0.982,0.0378,12/12,5.53
dinov3b,square,none,VisA/macaroni2,adino,1,1,0.5149,0.5497,0.1482,0.0132,0.6946,0.0004,,0.0
dinov3b,square,none,VisA/macaroni2,galad,1,2,0.4978,0.525,0.8929,0.6534,0.9701,0.0231,12/12,4.75
dinov3b,square,none,VisA/macaroni2,adino,1,2,0.4608,0.4374,0.1038,0.0069,0.6606,0.0004,,0.0
dinov3b,square,none,VisA/macaroni2,galad,1,3,0.5191,0.5391,0.9114,0.651,0.9683,0.013,12/12,6.41
dinov3b,square,none,VisA/macaroni2,adino,1,3,0.4428,0.4529,0.2304,0.0334,0.7601,0.0006,,0.0
dinov3b,square,none,VisA/macaroni2,galad,1,4,0.472,0.505,0.8733,0.5734,0.9734,0.0103,12/12,6.95
dinov3b,square,none,VisA/macaroni2,adino,1,4,0.4736,0.4927,0.1748,0.0034,0.7532,0.0006,,0.0
dinov3b,square,none,VisA/macaroni2,galad,2,0,0.5171,0.5405,0.9218,0.746,0.9811,0.0425,12/12,10.72
dinov3b,square,none,VisA/macaroni2,adino,2,0,0.562,0.5422,0.175,0.0162,0.7149,0.0005,,0.0
dinov3b,square,none,VisA/macaroni2,galad,2,1,0.5763,0.5973,0.91,0.7064,0.977,0.0265,12/12,9.52
dinov3b,square,none,VisA/macaroni2,adino,2,1,0.4681,0.502,0.2119,0.0076,0.7439,0.0005,,0.0
dinov3b,square,none,VisA/macaroni2,galad,2,2,0.5037,0.5442,0.8895,0.6549,0.9696,0.0286,12/12,9.17
dinov3b,square,none,VisA/macaroni2,adino,2,2,0.4909,0.4895,0.1632,0.0142,0.7248,0.0005,,0.0
dinov3b,square,none,VisA/macaroni2,galad,2,3,0.5038,0.549,0.9132,0.6949,0.9802,0.0156,12/12,11.27
dinov3b,square,none,VisA/macaroni2,adino,2,3,0.4995,0.4996,0.1628,0.0178,0.7031,0.0005,,0.0
dinov3b,square,none,VisA/macaroni2,galad,2,4,0.49,0.534,0.9211,0.7284,0.9836,0.0228,12/12,14.39
dinov3b,square,none,VisA/macaroni2,adino,2,4,0.45,0.4483,0.2219,0.0128,0.7667,0.0006,,0.0
dinov3b,square,none,VisA/macaroni2,galad,4,0,0.55,0.5737,0.9175,0.7341,0.9781,0.0475,12/12,24.54
dinov3b,square,none,VisA/macaroni2,adino,4,0,0.5461,0.5164,0.236,0.0258,0.764,0.0007,,0.0
dinov3b,square,none,VisA/macaroni2,galad,4,1,0.528,0.5714,0.9294,0.7521,0.9814,0.0367,12/12,16.91
dinov3b,square,none,VisA/macaroni2,adino,4,1,0.493,0.5286,0.2887,0.0232,0.7922,0.0008,,0.0
dinov3b,square,none,VisA/macaroni2,galad,4,2,0.509,0.5603,0.931,0.76,0.9801,0.0383,12/12,13.95
dinov3b,square,none,VisA/macaroni2,adino,4,2,0.472,0.4584,0.2962,0.0513,0.7952,0.0009,,0.0
dinov3b,square,none,VisA/macaroni2,galad,4,3,0.5109,0.5567,0.9279,0.7334,0.9834,0.0301,12/12,16.47
dinov3b,square,none,VisA/macaroni2,adino,4,3,0.4853,0.4794,0.2522,0.0369,0.7834,0.0007,,0.0
dinov3b,square,none,VisA/macaroni2,galad,4,4,0.5021,0.5574,0.924,0.7012,0.9767,0.0168,12/12,16.69
dinov3b,square,none,VisA/macaroni2,adino,4,4,0.4689,0.4856,0.3512,0.0467,0.8275,0.0011,,0.0
dinov3b,square,none,VisA/macaroni2,galad,5,0,0.5393,0.5701,0.9309,0.7602,0.9806,0.0493,12/12,24.19
dinov3b,square,none,VisA/macaroni2,adino,5,0,0.5133,0.5033,0.2711,0.0516,0.7864,0.0008,,0.0
dinov3b,square,none,VisA/macaroni2,galad,5,1,0.5317,0.567,0.93,0.7511,0.9811,0.0391,12/12,23.68
dinov3b,square,none,VisA/macaroni2,adino,5,1,0.4942,0.5349,0.2902,0.0239,0.7988,0.0008,,0.0
dinov3b,square,none,VisA/macaroni2,galad,5,2,0.5098,0.5596,0.9293,0.7581,0.9791,0.0334,12/12,16.83
dinov3b,square,none,VisA/macaroni2,adino,5,2,0.4835,0.4847,0.331,0.0599,0.8047,0.001,,0.0
dinov3b,square,none,VisA/macaroni2,galad,5,3,0.5114,0.5596,0.9268,0.7257,0.9788,0.0251,12/12,17.94
dinov3b,square,none,VisA/macaroni2,adino,5,3,0.4814,0.4742,0.3009,0.0418,0.8054,0.0008,,0.0
dinov3b,square,none,VisA/macaroni2,galad,5,4,0.4993,0.5531,0.9272,0.7094,0.9797,0.0162,12/12,17.42
dinov3b,square,none,VisA/macaroni2,adino,5,4,0.4706,0.4988,0.3537,0.0503,0.8305,0.0013,,0.0
dinov3b,square,none,mvtec_AD/metal_nut,galad,1,0,0.9936,0.9726,0.9317,0.7027,0.9491,0.6261,12/12,6.88
dinov3b,square,none,mvtec_AD/metal_nut,adino,1,0,0.9969,0.9858,0.8605,0.633,0.965,0.7564,,0.0
dinov3b,square,none,mvtec_AD/metal_nut,galad,1,1,0.9726,0.8851,0.9333,0.7135,0.9446,0.6032,12/12,4.24
dinov3b,square,none,mvtec_AD/metal_nut,adino,1,1,0.9946,0.9765,0.8798,0.6517,0.9795,0.8538,,0.0
dinov3b,square,none,mvtec_AD/metal_nut,galad,1,2,0.9803,0.9213,0.9288,0.7125,0.9369,0.578,12/12,4.08
dinov3b,square,none,mvtec_AD/metal_nut,adino,1,2,0.9971,0.9878,0.8771,0.6525,0.971,0.7884,,0.0
dinov3b,square,none,mvtec_AD/metal_nut,galad,1,3,0.986,0.9423,0.9312,0.7024,0.943,0.5949,12/12,9.15
dinov3b,square,none,mvtec_AD/metal_nut,adino,1,3,0.9934,0.9712,0.8291,0.589,0.967,0.7763,,0.0
dinov3b,square,none,mvtec_AD/metal_nut,galad,1,4,0.9846,0.937,0.9339,0.7087,0.9453,0.6029,12/12,3.6
dinov3b,square,none,mvtec_AD/metal_nut,adino,1,4,0.9934,0.9712,0.8291,0.589,0.967,0.7763,,0.0
dinov3b,square,none,mvtec_AD/metal_nut,galad,2,0,0.9882,0.9487,0.9391,0.7053,0.9554,0.6329,12/12,8.14
dinov3b,square,none,mvtec_AD/metal_nut,adino,2,0,0.9985,0.9932,0.9052,0.664,0.9805,0.8255,,0.0
dinov3b,square,none,mvtec_AD/metal_nut,galad,2,1,0.9824,0.9228,0.9386,0.7161,0.9501,0.6155,12/12,7.71
dinov3b,square,none,mvtec_AD/metal_nut,adino,2,1,0.9987,0.9941,0.916,0.6986,0.9836,0.8614,,0.0
dinov3b,square,none,mvtec_AD/metal_nut,galad,2,2,0.9847,0.9399,0.9378,0.7157,0.9493,0.6142,12/12,7.93
dinov3b,square,none,mvtec_AD/metal_nut,adino,2,2,0.9966,0.9858,0.8937,0.6757,0.9775,0.821,,0.0
dinov3b,square,none,mvtec_AD/metal_nut,galad,2,3,0.9896,0.9555,0.9357,0.7049,0.9479,0.6054,12/12,9.49
dinov3b,square,none,mvtec_AD/metal_nut,adino,2,3,0.9965,0.9848,0.8551,0.6385,0.9733,0.8205,,0.0
dinov3b,square,none,mvtec_AD/metal_nut,galad,2,4,0.9981,0.9917,0.9393,0.7097,0.954,0.6247,12/12,7.04
dinov3b,square,none,mvtec_AD/metal_nut,adino,2,4,1.0,1.0,0.9155,0.7008,0.986,0.8813,,0.0
dinov3b,square,none,mvtec_AD/metal_nut,galad,4,0,0.9942,0.9751,0.9422,0.7113,0.9579,0.6403,12/12,15.14
dinov3b,square,none,mvtec_AD/metal_nut,adino,4,0,0.9997,0.9985,0.9296,0.7217,0.9868,0.8729,,0.0
dinov3b,square,none,mvtec_AD/metal_nut,galad,4,1,0.9914,0.9624,0.9401,0.7056,0.9541,0.6237,12/12,18.79
dinov3b,square,none,mvtec_AD/metal_nut,adino,4,1,0.9999,0.9995,0.9341,0.7225,0.9857,0.8586,,0.0
dinov3b,square,none,mvtec_AD/metal_nut,galad,4,2,0.9854,0.9399,0.9364,0.7103,0.9468,0.6038,12/12,30.9
dinov3b,square,none,mvtec_AD/metal_nut,adino,4,2,0.9993,0.9971,0.926,0.7167,0.9858,0.8698,,0.0
dinov3b,square,none,mvtec_AD/metal_nut,galad,4,3,0.9912,0.9619,0.9369,0.6964,0.9507,0.6093,12/12,27.29
dinov3b,square,none,mvtec_AD/metal_nut,adino,4,3,0.9991,0.9961,0.926,0.7189,0.988,0.8917,,0.0
dinov3b,square,none,mvtec_AD/metal_nut,galad,4,4,0.995,0.9785,0.9415,0.7084,0.9573,0.6369,12/12,19.44
dinov3b,square,none,mvtec_AD/metal_nut,adino,4,4,1.0,1.0,0.9223,0.7241,0.9875,0.8891,,0.0
dinov3b,square,none,mvtec_AD/metal_nut,galad,5,0,0.9917,0.9643,0.9401,0.7024,0.9558,0.6292,12/12,30.21
dinov3b,square,none,mvtec_AD/metal_nut,adino,5,0,0.9997,0.9985,0.9335,0.7299,0.9877,0.88,,0.0
dinov3b,square,none,mvtec_AD/metal_nut,galad,5,1,0.9943,0.9746,0.9395,0.702,0.9555,0.6312,12/12,30.45
dinov3b,square,none,mvtec_AD/metal_nut,adino,5,1,1.0,1.0,0.9354,0.7263,0.986,0.8626,,0.0
dinov3b,square,none,mvtec_AD/metal_nut,galad,5,2,0.9846,0.936,0.9391,0.7106,0.9497,0.6074,12/12,32.71
dinov3b,square,none,mvtec_AD/metal_nut,adino,5,2,0.9993,0.9971,0.9266,0.7158,0.9853,0.8652,,0.0
dinov3b,square,none,mvtec_AD/metal_nut,galad,5,3,0.988,0.9472,0.9413,0.7086,0.9548,0.625,12/12,25.17
dinov3b,square,none,mvtec_AD/metal_nut,adino,5,3,0.9999,0.9995,0.9318,0.7323,0.9888,0.8962,,0.0
dinov3b,square,none,mvtec_AD/metal_nut,galad,5,4,0.9956,0.9809,0.9406,0.7027,0.9551,0.626,12/12,52.12
dinov3b,square,none,mvtec_AD/metal_nut,adino,5,4,1.0,1.0,0.9267,0.7344,0.9883,0.8945,,0.0
dinov3b,square,none,VisA/pcb1,galad,1,0,0.982,0.9807,0.9559,0.8094,0.9939,0.4607,12/12,4.91
dinov3b,square,none,VisA/pcb1,adino,1,0,0.8411,0.851,0.7952,0.544,0.9925,0.8663,,0.0
dinov3b,square,none,VisA/pcb1,galad,1,1,0.9774,0.9762,0.9614,0.8398,0.9943,0.5025,12/12,4.33
dinov3b,square,none,VisA/pcb1,adino,1,1,0.8282,0.8259,0.7756,0.5087,0.9907,0.8578,,0.0
dinov3b,square,none,VisA/pcb1,galad,1,2,0.9684,0.9709,0.9629,0.8346,0.9952,0.5372,12/12,7.71
dinov3b,square,none,VisA/pcb1,adino,1,2,0.8648,0.8677,0.7249,0.3683,0.9889,0.8107,,0.0
dinov3b,square,none,VisA/pcb1,galad,1,3,0.9725,0.9728,0.9569,0.8203,0.9944,0.5375,12/12,3.25
dinov3b,square,none,VisA/pcb1,adino,1,3,0.814,0.8097,0.7573,0.4647,0.9904,0.8552,,0.0
dinov3b,square,none,VisA/pcb1,galad,1,4,0.9389,0.9416,0.9576,0.8107,0.9953,0.6052,12/12,3.73
dinov3b,square,none,VisA/pcb1,adino,1,4,0.813,0.8033,0.735,0.4189,0.9895,0.8497,,0.0
dinov3b,square,none,VisA/pcb1,galad,2,0,0.967,0.9673,0.9642,0.8393,0.9955,0.4987,12/12,7.56
dinov3b,square,none,VisA/pcb1,adino,2,0,0.8479,0.8667,0.789,0.5367,0.9928,0.8656,,0.0
dinov3b,square,none,VisA/pcb1,galad,2,1,0.9168,0.9189,0.9684,0.8515,0.9962,0.6114,12/12,7.08
dinov3b,square,none,VisA/pcb1,adino,2,1,0.8283,0.8395,0.8819,0.6158,0.9966,0.8743,,0.0
dinov3b,square,none,VisA/pcb1,galad,2,2,0.9659,0.9658,0.969,0.8511,0.996,0.5478,12/12,9.46
dinov3b,square,none,VisA/pcb1,adino,2,2,0.8802,0.9022,0.7234,0.3963,0.9891,0.8296,,0.0
dinov3b,square,none,VisA/pcb1,galad,2,3,0.9435,0.9449,0.9679,0.8513,0.9958,0.5703,12/12,10.22
dinov3b,square,none,VisA/pcb1,adino,2,3,0.8767,0.8858,0.8575,0.6147,0.9956,0.8737,,0.0
dinov3b,square,none,VisA/pcb1,galad,2,4,0.9392,0.94,0.9596,0.8061,0.9959,0.6137,12/12,5.65
dinov3b,square,none,VisA/pcb1,adino,2,4,0.8279,0.8239,0.7552,0.4418,0.9907,0.8538,,0.0
dinov3b,square,none,VisA/pcb1,galad,4,0,0.9545,0.9557,0.9685,0.8454,0.9965,0.5937,12/12,7.41
dinov3b,square,none,VisA/pcb1,adino,4,0,0.9098,0.9316,0.8082,0.5514,0.9937,0.8723,,0.0
dinov3b,square,none,VisA/pcb1,galad,4,1,0.9114,0.9137,0.9713,0.8555,0.9964,0.5987,12/12,17.71
dinov3b,square,none,VisA/pcb1,adino,4,1,0.8842,0.9041,0.9064,0.6604,0.997,0.8798,,0.0
dinov3b,square,none,VisA/pcb1,galad,4,2,0.9608,0.9614,0.9682,0.8378,0.9965,0.5883,12/12,13.69
dinov3b,square,none,VisA/pcb1,adino,4,2,0.9181,0.9395,0.7515,0.47,0.992,0.8607,,0.0
dinov3b,square,none,VisA/pcb1,galad,4,3,0.9371,0.9442,0.9703,0.8511,0.9964,0.6117,12/12,12.15
dinov3b,square,none,VisA/pcb1,adino,4,3,0.8875,0.9063,0.8765,0.63,0.9962,0.8748,,0.0
dinov3b,square,none,VisA/pcb1,galad,4,4,0.923,0.9228,0.967,0.8331,0.9966,0.6538,12/12,20.24
dinov3b,square,none,VisA/pcb1,adino,4,4,0.897,0.9099,0.8616,0.6007,0.9959,0.8761,,0.0
dinov3b,square,none,VisA/pcb1,galad,5,0,0.9558,0.9588,0.9698,0.8462,0.9969,0.6519,12/12,14.36
dinov3b,square,none,VisA/pcb1,adino,5,0,0.9127,0.9357,0.8102,0.5574,0.9937,0.8703,,0.0
dinov3b,square,none,VisA/pcb1,galad,5,1,0.9239,0.9299,0.9684,0.8379,0.9968,0.6274,12/12,27.21
dinov3b,square,none,VisA/pcb1,adino,5,1,0.8858,0.9067,0.8971,0.6584,0.9969,0.8791,,0.0
dinov3b,square,none,VisA/pcb1,galad,5,2,0.9666,0.9667,0.9664,0.8311,0.9967,0.6562,12/12,24.47
dinov3b,square,none,VisA/pcb1,adino,5,2,0.9201,0.9443,0.7797,0.5159,0.9934,0.8667,,0.0
dinov3b,square,none,VisA/pcb1,galad,5,3,0.9544,0.9584,0.9695,0.8442,0.9968,0.6634,12/12,16.6
dinov3b,square,none,VisA/pcb1,adino,5,3,0.8959,0.9173,0.863,0.6267,0.9959,0.8744,,0.0
dinov3b,square,none,VisA/pcb1,galad,5,4,0.9363,0.9399,0.9677,0.8357,0.9963,0.5927,12/12,26.04
dinov3b,square,none,VisA/pcb1,adino,5,4,0.9082,0.9268,0.8574,0.6013,0.9957,0.8736,,0.0
dinov3b,square,none,mvtec_AD/pill,galad,1,0,0.9803,0.9048,0.9697,0.8464,0.9651,0.5079,12/12,9.0
dinov3b,square,none,mvtec_AD/pill,adino,1,0,0.9933,0.9637,0.9459,0.7934,0.9591,0.6114,,0.0
dinov3b,square,none,mvtec_AD/pill,galad,1,1,0.988,0.9351,0.9596,0.8142,0.9516,0.4666,12/12,8.61
dinov3b,square,none,mvtec_AD/pill,adino,1,1,0.9862,0.9258,0.9442,0.7884,0.9469,0.5764,,0.0
dinov3b,square,none,mvtec_AD/pill,galad,1,2,0.9861,0.922,0.9636,0.8208,0.9563,0.4609,12/12,4.78
dinov3b,square,none,mvtec_AD/pill,adino,1,2,0.9922,0.9583,0.9493,0.8195,0.9508,0.6065,,0.0
dinov3b,square,none,mvtec_AD/pill,galad,1,3,0.9792,0.8833,0.9485,0.7891,0.944,0.4315,12/12,5.5
dinov3b,square,none,mvtec_AD/pill,adino,1,3,0.9835,0.9108,0.9328,0.7633,0.9475,0.5611,,0.0
dinov3b,square,none,mvtec_AD/pill,galad,1,4,0.9767,0.8835,0.9631,0.8185,0.9607,0.4994,12/12,5.14
dinov3b,square,none,mvtec_AD/pill,adino,1,4,0.9901,0.9465,0.9416,0.7819,0.9567,0.6116,,0.0
dinov3b,square,none,mvtec_AD/pill,galad,2,0,0.9853,0.9231,0.9699,0.8417,0.9675,0.5062,12/12,10.03
dinov3b,square,none,mvtec_AD/pill,adino,2,0,0.9926,0.961,0.9514,0.8091,0.9586,0.6101,,0.0
dinov3b,square,none,mvtec_AD/pill,galad,2,1,0.9864,0.9266,0.9682,0.8388,0.9603,0.4855,12/12,14.22
dinov3b,square,none,mvtec_AD/pill,adino,2,1,0.991,0.9523,0.9549,0.8181,0.9604,0.624,,0.0
dinov3b,square,none,mvtec_AD/pill,galad,2,2,0.9872,0.9294,0.9679,0.8342,0.9631,0.4797,12/12,9.93
dinov3b,square,none,mvtec_AD/pill,adino,2,2,0.9931,0.9643,0.9537,0.8279,0.9564,0.6184,,0.0
dinov3b,square,none,mvtec_AD/pill,galad,2,3,0.9874,0.9296,0.9641,0.8229,0.9606,0.4781,12/12,12.13
dinov3b,square,none,mvtec_AD/pill,adino,2,3,0.9893,0.9424,0.9387,0.7813,0.9515,0.5868,,0.0
dinov3b,square,none,mvtec_AD/pill,galad,2,4,0.9836,0.9124,0.9689,0.8351,0.9686,0.5136,12/12,10.74
dinov3b,square,none,mvtec_AD/pill,adino,2,4,0.9884,0.9362,0.9505,0.7994,0.9657,0.6327,,0.0
dinov3b,square,none,mvtec_AD/pill,galad,4,0,0.9894,0.9424,0.9687,0.8264,0.9714,0.5136,12/12,14.71
dinov3b,square,none,mvtec_AD/pill,adino,4,0,0.9933,0.9662,0.9561,0.8169,0.9646,0.6327,,0.0
dinov3b,square,none,mvtec_AD/pill,galad,4,1,0.9865,0.928,0.9685,0.829,0.9678,0.5035,12/12,19.35
dinov3b,square,none,mvtec_AD/pill,adino,4,1,0.9919,0.9572,0.9549,0.8173,0.9626,0.6291,,0.0
dinov3b,square,none,mvtec_AD/pill,galad,4,2,0.9887,0.937,0.9709,0.8409,0.9698,0.502,12/12,18.61
dinov3b,square,none,mvtec_AD/pill,adino,4,2,0.9941,0.9697,0.9588,0.836,0.9654,0.6413,,0.0
dinov3b,square,none,mvtec_AD/pill,galad,4,3,0.991,0.9495,0.9676,0.8252,0.9686,0.5065,12/12,28.77
dinov3b,square,none,mvtec_AD/pill,adino,4,3,0.9939,0.9654,0.9532,0.8106,0.9641,0.6271,,0.0
dinov3b,square,none,mvtec_AD/pill,galad,4,4,0.9886,0.9381,0.9677,0.8253,0.9701,0.5186,12/12,12.75
dinov3b,square,none,mvtec_AD/pill,adino,4,4,0.9919,0.9569,0.949,0.7999,0.9646,0.6304,,0.0
dinov3b,square,none,mvtec_AD/pill,galad,5,0,0.9897,0.9438,0.9668,0.817,0.9713,0.5144,12/12,20.94
dinov3b,square,none,mvtec_AD/pill,adino,5,0,0.9929,0.9634,0.9548,0.8116,0.9642,0.6295,,0.0
dinov3b,square,none,mvtec_AD/pill,galad,5,1,0.9885,0.9384,0.9677,0.8245,0.9689,0.506,12/12,31.97
dinov3b,square,none,mvtec_AD/pill,adino,5,1,0.9919,0.9572,0.9542,0.8133,0.9635,0.6249,,0.0
dinov3b,square,none,mvtec_AD/pill,galad,5,2,0.9898,0.9435,0.9715,0.842,0.9714,0.5095,12/12,42.08
dinov3b,square,none,mvtec_AD/pill,adino,5,2,0.9938,0.9678,0.9588,0.832,0.9668,0.645,,0.0
dinov3b,square,none,mvtec_AD/pill,galad,5,3,0.9895,0.9419,0.9671,0.8224,0.9696,0.5083,12/12,14.15
dinov3b,square,none,mvtec_AD/pill,adino,5,3,0.9935,0.9632,0.9538,0.8151,0.9619,0.625,,0.0
dinov3b,square,none,mvtec_AD/pill,galad,5,4,0.9893,0.9416,0.9679,0.8249,0.9706,0.5146,12/12,20.99
dinov3b,square,none,mvtec_AD/pill,adino,5,4,0.9922,0.9599,0.9523,0.8105,0.9653,0.6324,,0.0
dinov3b,square,none,VisA/pcb2,galad,1,0,0.7266,0.7205,0.8517,0.6291,0.9612,0.1471,12/12,4.69
dinov3b,square,none,VisA/pcb2,adino,1,0,0.6616,0.6632,0.6994,0.4356,0.9516,0.1339,,0.0
dinov3b,square,none,VisA/pcb2,galad,1,1,0.8186,0.809,0.8672,0.6172,0.9699,0.1741,12/12,6.61
dinov3b,square,none,VisA/pcb2,adino,1,1,0.715,0.7334,0.6504,0.3801,0.9408,0.156,,0.0
dinov3b,square,none,VisA/pcb2,galad,1,2,0.6928,0.6903,0.8628,0.6306,0.9644,0.1424,12/12,6.47
dinov3b,square,none,VisA/pcb2,adino,1,2,0.6384,0.6454,0.6779,0.4205,0.9388,0.1269,,0.0
dinov3b,square,none,VisA/pcb2,galad,1,3,0.8392,0.8085,0.8871,0.6654,0.9746,0.1934,12/12,4.7
dinov3b,square,none,VisA/pcb2,adino,1,3,0.7377,0.7683,0.651,0.3032,0.9483,0.0913,,0.0
dinov3b,square,none,VisA/pcb2,galad,1,4,0.7955,0.7797,0.8752,0.6545,0.9683,0.1783,12/12,7.2
dinov3b,square,none,VisA/pcb2,adino,1,4,0.6962,0.7134,0.6548,0.3325,0.9462,0.1013,,0.0
dinov3b,square,none,VisA/pcb2,galad,2,0,0.8242,0.8102,0.8776,0.6783,0.9748,0.1845,12/12,15.44
dinov3b,square,none,VisA/pcb2,adino,2,0,0.7675,0.7886,0.7926,0.5569,0.9744,0.2412,,0.0
dinov3b,square,none,VisA/pcb2,galad,2,1,0.8531,0.8324,0.889,0.6711,0.9752,0.1987,12/12,15.75
dinov3b,square,none,VisA/pcb2,adino,2,1,0.7882,0.8096,0.7017,0.4361,0.9568,0.184,,0.0
dinov3b,square,none,VisA/pcb2,galad,2,2,0.7353,0.7086,0.8767,0.6772,0.9698,0.183,12/12,7.77
dinov3b,square,none,VisA/pcb2,adino,2,2,0.6599,0.671,0.7,0.4467,0.9506,0.1599,,0.0
dinov3b,square,none,VisA/pcb2,galad,2,3,0.8755,0.855,0.8853,0.6636,0.9774,0.1828,12/12,11.27
dinov3b,square,none,VisA/pcb2,adino,2,3,0.7465,0.7862,0.6574,0.3289,0.951,0.1075,,0.0
dinov3b,square,none,VisA/pcb2,galad,2,4,0.8523,0.8177,0.8801,0.6532,0.9748,0.186,12/12,7.5
dinov3b,square,none,VisA/pcb2,adino,2,4,0.781,0.8058,0.6964,0.3779,0.959,0.1551,,0.0
dinov3b,square,none,VisA/pcb2,galad,4,0,0.7866,0.7708,0.8888,0.6851,0.9749,0.1905,12/12,13.68
dinov3b,square,none,VisA/pcb2,adino,4,0,0.782,0.7925,0.8088,0.6138,0.9783,0.2914,,0.0
dinov3b,square,none,VisA/pcb2,galad,4,1,0.8099,0.8015,0.8737,0.6658,0.9743,0.1734,12/12,16.02
dinov3b,square,none,VisA/pcb2,adino,4,1,0.7998,0.817,0.7858,0.6058,0.972,0.2741,,0.0
dinov3b,square,none,VisA/pcb2,galad,4,2,0.8265,0.8016,0.8841,0.6806,0.9743,0.1982,12/12,13.43
dinov3b,square,none,VisA/pcb2,adino,4,2,0.8006,0.8165,0.7733,0.5928,0.9698,0.2779,,0.0
dinov3b,square,none,VisA/pcb2,galad,4,3,0.8449,0.8397,0.8812,0.6684,0.9793,0.1827,12/12,13.27
dinov3b,square,none,VisA/pcb2,adino,4,3,0.7715,0.8203,0.6792,0.343,0.9539,0.1097,,0.0
dinov3b,square,none,VisA/pcb2,galad,4,4,0.839,0.8326,0.8922,0.6783,0.9761,0.1867,12/12,18.8
dinov3b,square,none,VisA/pcb2,adino,4,4,0.8007,0.8279,0.8024,0.5963,0.9784,0.2722,,0.0
dinov3b,square,none,VisA/pcb2,galad,5,0,0.8331,0.8275,0.8906,0.6863,0.9755,0.1859,12/12,13.5
dinov3b,square,none,VisA/pcb2,adino,5,0,0.813,0.8372,0.8144,0.6334,0.9801,0.3043,,0.0
dinov3b,square,none,VisA/pcb2,galad,5,1,0.7805,0.7681,0.8777,0.6719,0.9759,0.1725,12/12,25.11
dinov3b,square,none,VisA/pcb2,adino,5,1,0.7914,0.8112,0.7889,0.6085,0.9742,0.2878,,0.0
dinov3b,square,none,VisA/pcb2,galad,5,2,0.8372,0.8323,0.8806,0.6765,0.9771,0.1908,12/12,38.05
dinov3b,square,none,VisA/pcb2,adino,5,2,0.802,0.8229,0.7807,0.6062,0.9719,0.2838,,0.0
dinov3b,square,none,VisA/pcb2,galad,5,3,0.8575,0.859,0.8866,0.6791,0.9794,0.1954,12/12,14.1
dinov3b,square,none,VisA/pcb2,adino,5,3,0.8121,0.8551,0.7229,0.4688,0.9638,0.2255,,0.0
dinov3b,square,none,VisA/pcb2,galad,5,4,0.8343,0.824,0.8897,0.6798,0.9765,0.1841,12/12,17.09
dinov3b,square,none,VisA/pcb2,adino,5,4,0.8105,0.8393,0.8032,0.6092,0.9784,0.2826,,0.0
dinov3b,square,none,mvtec_AD/screw,galad,1,0,0.9284,0.8061,0.9206,0.6785,0.9852,0.2724,12/12,5.58
dinov3b,square,none,mvtec_AD/screw,adino,1,0,0.8415,0.7034,0.5741,0.2286,0.8736,0.0432,,0.0
dinov3b,square,none,mvtec_AD/screw,galad,1,1,0.9098,0.7588,0.9109,0.6553,0.9845,0.2171,12/12,8.8
dinov3b,square,none,mvtec_AD/screw,adino,1,1,0.8779,0.6999,0.5494,0.2364,0.8576,0.0925,,0.0
dinov3b,square,none,mvtec_AD/screw,galad,1,2,0.8049,0.6202,0.9179,0.6681,0.9839,0.3298,12/12,6.73
dinov3b,square,none,mvtec_AD/screw,adino,1,2,0.8928,0.7491,0.6135,0.3349,0.8829,0.1705,,0.0
dinov3b,square,none,mvtec_AD/screw,galad,1,3,0.7646,0.5843,0.9376,0.7043,0.988,0.3027,12/12,4.77
dinov3b,square,none,mvtec_AD/screw,adino,1,3,0.8397,0.6337,0.5816,0.26,0.8718,0.1094,,0.0
dinov3b,square,none,mvtec_AD/screw,galad,1,4,0.7964,0.6229,0.9327,0.7206,0.9882,0.3574,12/12,5.39
dinov3b,square,none,mvtec_AD/screw,adino,1,4,0.879,0.7083,0.5972,0.3208,0.8841,0.1901,,0.0
dinov3b,square,none,mvtec_AD/screw,galad,2,0,0.8927,0.7684,0.9433,0.7643,0.9903,0.3225,12/12,8.62
dinov3b,square,none,mvtec_AD/screw,adino,2,0,0.8988,0.7922,0.662,0.3678,0.9107,0.1631,,0.0
dinov3b,square,none,mvtec_AD/screw,galad,2,1,0.8992,0.752,0.9232,0.7073,0.9876,0.3144,12/12,10.47
dinov3b,square,none,mvtec_AD/screw,adino,2,1,0.8671,0.6942,0.6291,0.2869,0.8922,0.0928,,0.0
dinov3b,square,none,mvtec_AD/screw,galad,2,2,0.9244,0.8166,0.939,0.7531,0.9892,0.363,12/12,7.17
dinov3b,square,none,mvtec_AD/screw,adino,2,2,0.902,0.7926,0.6438,0.3573,0.9007,0.1804,,0.0
dinov3b,square,none,mvtec_AD/screw,galad,2,3,0.8808,0.7233,0.9456,0.769,0.9907,0.3633,12/12,6.59
dinov3b,square,none,mvtec_AD/screw,adino,2,3,0.8496,0.7069,0.6429,0.2955,0.9,0.0974,,0.0
dinov3b,square,none,mvtec_AD/screw,galad,2,4,0.9144,0.8256,0.9391,0.767,0.9902,0.3449,12/12,10.81
dinov3b,square,none,mvtec_AD/screw,adino,2,4,0.8862,0.7499,0.6968,0.3831,0.9238,0.1838,,0.0
dinov3b,square,none,mvtec_AD/screw,galad,4,0,0.9482,0.8795,0.9498,0.7833,0.9918,0.3052,12/12,16.96
dinov3b,square,none,mvtec_AD/screw,adino,4,0,0.9276,0.8397,0.7397,0.4708,0.9379,0.2562,,0.0
dinov3b,square,none,mvtec_AD/screw,galad,4,1,0.8739,0.7206,0.9462,0.7735,0.9915,0.3179,12/12,16.57
dinov3b,square,none,mvtec_AD/screw,adino,4,1,0.8926,0.742,0.7473,0.4497,0.9399,0.2406,,0.0
dinov3b,square,none,mvtec_AD/screw,galad,4,2,0.9241,0.8174,0.9401,0.761,0.9902,0.2967,12/12,20.6
dinov3b,square,none,mvtec_AD/screw,adino,4,2,0.91,0.817,0.721,0.4685,0.9314,0.2513,,0.0
dinov3b,square,none,mvtec_AD/screw,galad,4,3,0.9389,0.8541,0.9457,0.7869,0.9914,0.3159,12/12,18.35
dinov3b,square,none,mvtec_AD/screw,adino,4,3,0.8999,0.7799,0.7502,0.4395,0.9409,0.2353,,0.0
dinov3b,square,none,mvtec_AD/screw,galad,4,4,0.8965,0.8069,0.9412,0.772,0.9907,0.2903,12/12,22.25
dinov3b,square,none,mvtec_AD/screw,adino,4,4,0.8849,0.7325,0.7167,0.4067,0.9322,0.206,,0.0
dinov3b,square,none,mvtec_AD/screw,galad,5,0,0.9252,0.8426,0.9537,0.7948,0.9925,0.3088,12/12,21.47
dinov3b,square,none,mvtec_AD/screw,adino,5,0,0.9212,0.8192,0.7671,0.5218,0.9471,0.2837,,0.0
dinov3b,square,none,mvtec_AD/screw,galad,5,1,0.8885,0.7497,0.9431,0.7751,0.9912,0.3174,12/12,24.8
dinov3b,square,none,mvtec_AD/screw,adino,5,1,0.8886,0.7292,0.7495,0.4643,0.9425,0.2545,,0.0
dinov3b,square,none,mvtec_AD/screw,galad,5,2,0.9346,0.8385,0.9355,0.7539,0.9898,0.2951,12/12,35.73
dinov3b,square,none,mvtec_AD/screw,adino,5,2,0.9165,0.8328,0.7286,0.481,0.9347,0.2574,,0.0
dinov3b,square,none,mvtec_AD/screw,galad,5,3,0.9356,0.8617,0.9512,0.794,0.9924,0.3384,12/12,27.83
dinov3b,square,none,mvtec_AD/screw,adino,5,3,0.909,0.793,0.7645,0.4676,0.9466,0.2538,,0.0
dinov3b,square,none,mvtec_AD/screw,galad,5,4,0.9021,0.8159,0.9434,0.7792,0.9909,0.3107,12/12,36.11
dinov3b,square,none,mvtec_AD/screw,adino,5,4,0.8856,0.7342,0.7157,0.413,0.9321,0.2068,,0.0
dinov3b,square,none,VisA/pcb3,galad,1,0,0.7995,0.7859,0.8473,0.4706,0.9535,0.2731,12/12,4.91
dinov3b,square,none,VisA/pcb3,adino,1,0,0.789,0.7877,0.7214,0.3378,0.974,0.4073,,0.0
dinov3b,square,none,VisA/pcb3,galad,1,1,0.7545,0.7322,0.8452,0.4946,0.9523,0.2918,12/12,4.29
dinov3b,square,none,VisA/pcb3,adino,1,1,0.8019,0.7675,0.6943,0.3581,0.9734,0.3487,,0.0
dinov3b,square,none,VisA/pcb3,galad,1,2,0.7139,0.6863,0.831,0.4551,0.95,0.3081,12/12,4.44
dinov3b,square,none,VisA/pcb3,adino,1,2,0.7959,0.7579,0.6107,0.3463,0.9688,0.3536,,0.0
dinov3b,square,none,VisA/pcb3,galad,1,3,0.7683,0.7474,0.8303,0.4268,0.9495,0.2292,12/12,4.88
dinov3b,square,none,VisA/pcb3,adino,1,3,0.7623,0.7268,0.747,0.3451,0.9742,0.3253,,0.0
dinov3b,square,none,VisA/pcb3,galad,1,4,0.7809,0.7611,0.8393,0.4579,0.953,0.2887,12/12,3.62
dinov3b,square,none,VisA/pcb3,adino,1,4,0.8139,0.7882,0.6955,0.3686,0.9742,0.396,,0.0
dinov3b,square,none,VisA/pcb3,galad,2,0,0.8256,0.8113,0.8675,0.5458,0.9606,0.2651,12/12,10.03
dinov3b,square,none,VisA/pcb3,adino,2,0,0.8261,0.8381,0.7618,0.3776,0.9788,0.3557,,0.0
dinov3b,square,none,VisA/pcb3,galad,2,1,0.7878,0.7708,0.8716,0.5578,0.9637,0.2909,12/12,6.91
dinov3b,square,none,VisA/pcb3,adino,2,1,0.8237,0.8077,0.7294,0.3635,0.978,0.3544,,0.0
dinov3b,square,none,VisA/pcb3,galad,2,2,0.7661,0.7433,0.8329,0.4747,0.958,0.3337,12/12,13.91
dinov3b,square,none,VisA/pcb3,adino,2,2,0.8208,0.7926,0.6756,0.3746,0.9772,0.3743,,0.0
dinov3b,square,none,VisA/pcb3,galad,2,3,0.8288,0.7993,0.871,0.5468,0.9653,0.3402,12/12,10.7
dinov3b,square,none,VisA/pcb3,adino,2,3,0.8148,0.8,0.8004,0.4148,0.9806,0.3062,,0.0
dinov3b,square,none,VisA/pcb3,galad,2,4,0.8161,0.7918,0.8565,0.5398,0.9603,0.3144,12/12,12.16
dinov3b,square,none,VisA/pcb3,adino,2,4,0.8853,0.8736,0.7224,0.3982,0.9788,0.4009,,0.0
dinov3b,square,none,VisA/pcb3,galad,4,0,0.8285,0.8233,0.884,0.5915,0.9721,0.2419,12/12,41.35
dinov3b,square,none,VisA/pcb3,adino,4,0,0.8699,0.8662,0.7983,0.4152,0.9829,0.3242,,0.0
dinov3b,square,none,VisA/pcb3,galad,4,1,0.8359,0.817,0.8932,0.6151,0.9734,0.2831,12/12,22.11
dinov3b,square,none,VisA/pcb3,adino,4,1,0.8634,0.8555,0.7914,0.4055,0.9833,0.3619,,0.0
dinov3b,square,none,VisA/pcb3,galad,4,2,0.804,0.7829,0.8421,0.5102,0.9654,0.3,12/12,37.71
dinov3b,square,none,VisA/pcb3,adino,4,2,0.876,0.8767,0.7364,0.3962,0.9813,0.3868,,0.0
dinov3b,square,none,VisA/pcb3,galad,4,3,0.8299,0.8155,0.8731,0.5705,0.9723,0.3428,12/12,34.78
dinov3b,square,none,VisA/pcb3,adino,4,3,0.8846,0.8745,0.8238,0.4457,0.9837,0.3177,,0.0
dinov3b,square,none,VisA/pcb3,galad,4,4,0.8276,0.8251,0.8692,0.5627,0.9707,0.2664,12/12,17.86
dinov3b,square,none,VisA/pcb3,adino,4,4,0.8994,0.8953,0.7691,0.4128,0.9825,0.4061,,0.0
dinov3b,square,none,VisA/pcb3,galad,5,0,0.8313,0.8187,0.8606,0.5253,0.9695,0.2498,12/12,24.79
dinov3b,square,none,VisA/pcb3,adino,5,0,0.8832,0.8787,0.7726,0.4132,0.9827,0.3054,,0.0
dinov3b,square,none,VisA/pcb3,galad,5,1,0.8263,0.8095,0.8926,0.618,0.9736,0.275,12/12,24.34
dinov3b,square,none,VisA/pcb3,adino,5,1,0.8621,0.8568,0.8003,0.4168,0.984,0.361,,0.0
dinov3b,square,none,VisA/pcb3,galad,5,2,0.8335,0.8071,0.8861,0.6075,0.9737,0.2884,12/12,22.81
dinov3b,square,none,VisA/pcb3,adino,5,2,0.8888,0.8942,0.7541,0.403,0.9827,0.389,,0.0
dinov3b,square,none,VisA/pcb3,galad,5,3,0.8411,0.834,0.8958,0.6171,0.9753,0.3064,12/12,20.6
dinov3b,square,none,VisA/pcb3,adino,5,3,0.895,0.8898,0.8285,0.4623,0.9842,0.327,,0.0
dinov3b,square,none,VisA/pcb3,galad,5,4,0.8165,0.8195,0.8789,0.5729,0.9735,0.1921,12/12,16.58
dinov3b,square,none,VisA/pcb3,adino,5,4,0.898,0.8945,0.7616,0.4157,0.983,0.3995,,0.0
dinov3b,square,none,mvtec_AD/tile,galad,1,0,1.0,1.0,0.9302,0.6559,0.9741,0.7096,12/12,6.01
dinov3b,square,none,mvtec_AD/tile,adino,1,0,1.0,1.0,0.8774,0.6319,0.9624,0.8063,,0.0
dinov3b,square,none,mvtec_AD/tile,galad,1,1,1.0,1.0,0.9197,0.6192,0.9706,0.6912,12/12,6.77
dinov3b,square,none,mvtec_AD/tile,adino,1,1,1.0,1.0,0.8792,0.64,0.9611,0.8061,,0.0
dinov3b,square,none,mvtec_AD/tile,galad,1,2,1.0,1.0,0.9236,0.631,0.9718,0.7088,12/12,5.35
dinov3b,square,none,mvtec_AD/tile,adino,1,2,1.0,1.0,0.8703,0.6248,0.9603,0.7985,,0.0
dinov3b,square,none,mvtec_AD/tile,galad,1,3,1.0,1.0,0.9219,0.6285,0.971,0.6944,12/12,4.24
dinov3b,square,none,mvtec_AD/tile,adino,1,3,1.0,1.0,0.8758,0.6265,0.9623,0.8005,,0.0
dinov3b,square,none,mvtec_AD/tile,galad,1,4,1.0,1.0,0.9218,0.6287,0.971,0.6947,12/12,4.88
dinov3b,square,none,mvtec_AD/tile,adino,1,4,1.0,1.0,0.8758,0.6265,0.9623,0.8005,,0.0
dinov3b,square,none,mvtec_AD/tile,galad,2,0,1.0,1.0,0.9259,0.6474,0.9724,0.7144,12/12,9.47
dinov3b,square,none,mvtec_AD/tile,adino,2,0,1.0,1.0,0.8756,0.6299,0.9618,0.8032,,0.0
dinov3b,square,none,mvtec_AD/tile,galad,2,1,1.0,1.0,0.914,0.6004,0.9684,0.6732,12/12,8.4
dinov3b,square,none,mvtec_AD/tile,adino,2,1,1.0,1.0,0.8785,0.6393,0.961,0.8056,,0.0
dinov3b,square,none,mvtec_AD/tile,galad,2,2,1.0,1.0,0.9238,0.6324,0.9724,0.7134,12/12,17.02
dinov3b,square,none,mvtec_AD/tile,adino,2,2,1.0,1.0,0.8721,0.6264,0.9609,0.7985,,0.0
dinov3b,square,none,mvtec_AD/tile,galad,2,3,1.0,1.0,0.9238,0.6396,0.9718,0.7055,12/12,8.16
dinov3b,square,none,mvtec_AD/tile,adino,2,3,1.0,1.0,0.8722,0.6252,0.9602,0.8,,0.0
dinov3b,square,none,mvtec_AD/tile,galad,2,4,1.0,1.0,0.9171,0.608,0.9689,0.6715,12/12,15.89
dinov3b,square,none,mvtec_AD/tile,adino,2,4,1.0,1.0,0.8822,0.643,0.9624,0.806,,0.0
dinov3b,square,none,mvtec_AD/tile,galad,4,0,1.0,1.0,0.9199,0.6219,0.9703,0.679,12/12,18.47
dinov3b,square,none,mvtec_AD/tile,adino,4,0,1.0,1.0,0.8778,0.6354,0.9625,0.8054,,0.0
dinov3b,square,none,mvtec_AD/tile,galad,4,1,1.0,1.0,0.9137,0.5993,0.9684,0.6659,12/12,21.22
dinov3b,square,none,mvtec_AD/tile,adino,4,1,1.0,1.0,0.878,0.6362,0.9615,0.8059,,0.0
dinov3b,square,none,mvtec_AD/tile,galad,4,2,1.0,1.0,0.922,0.6243,0.9717,0.6975,12/12,19.12
dinov3b,square,none,mvtec_AD/tile,adino,4,2,1.0,1.0,0.8719,0.6283,0.9605,0.7987,,0.0
dinov3b,square,none,mvtec_AD/tile,galad,4,3,1.0,1.0,0.9179,0.6085,0.9706,0.6762,12/12,24.51
dinov3b,square,none,mvtec_AD/tile,adino,4,3,1.0,1.0,0.8712,0.6233,0.9604,0.8003,,0.0
dinov3b,square,none,mvtec_AD/tile,galad,4,4,1.0,1.0,0.9181,0.61,0.9699,0.6836,12/12,32.62
dinov3b,square,none,mvtec_AD/tile,adino,4,4,1.0,1.0,0.8837,0.6439,0.9631,0.8078,,0.0
dinov3b,square,none,mvtec_AD/tile,galad,5,0,1.0,1.0,0.9206,0.6233,0.9712,0.6957,12/12,20.13
dinov3b,square,none,mvtec_AD/tile,adino,5,0,1.0,1.0,0.8747,0.6345,0.961,0.8023,,0.0
dinov3b,square,none,mvtec_AD/tile,galad,5,1,1.0,1.0,0.9108,0.5873,0.9677,0.6585,12/12,36.74
dinov3b,square,none,mvtec_AD/tile,adino,5,1,1.0,1.0,0.8777,0.6353,0.9616,0.8056,,0.0
dinov3b,square,none,mvtec_AD/tile,galad,5,2,1.0,1.0,0.9171,0.6125,0.9694,0.6831,12/12,57.61
dinov3b,square,none,mvtec_AD/tile,adino,5,2,1.0,1.0,0.8752,0.632,0.9608,0.8011,,0.0
dinov3b,square,none,mvtec_AD/tile,galad,5,3,1.0,1.0,0.9177,0.6124,0.97,0.6739,12/12,54.06
dinov3b,square,none,mvtec_AD/tile,adino,5,3,1.0,1.0,0.869,0.6211,0.9598,0.7993,,0.0
dinov3b,square,none,mvtec_AD/tile,galad,5,4,1.0,1.0,0.9122,0.5902,0.9675,0.662,12/12,28.92
dinov3b,square,none,mvtec_AD/tile,adino,5,4,1.0,1.0,0.8812,0.6422,0.9621,0.8058,,0.0
dinov3b,square,none,VisA/pcb4,galad,1,0,0.5794,0.5367,0.8269,0.5079,0.9546,0.238,12/12,4.34
dinov3b,square,none,VisA/pcb4,adino,1,0,0.8078,0.7686,0.7797,0.3889,0.9676,0.2855,,0.0
dinov3b,square,none,VisA/pcb4,galad,1,1,0.9711,0.975,0.8694,0.5413,0.9627,0.2175,12/12,4.56
dinov3b,square,none,VisA/pcb4,adino,1,1,0.8755,0.8915,0.8128,0.4075,0.9701,0.3075,,0.0
dinov3b,square,none,VisA/pcb4,galad,1,2,0.6842,0.6641,0.8487,0.5679,0.9603,0.2796,12/12,5.42
dinov3b,square,none,VisA/pcb4,adino,1,2,0.833,0.7994,0.7446,0.3697,0.9679,0.3015,,0.0
dinov3b,square,none,VisA/pcb4,galad,1,3,0.9822,0.9838,0.8928,0.628,0.9685,0.2898,12/12,4.06
dinov3b,square,none,VisA/pcb4,adino,1,3,0.9314,0.9289,0.8575,0.4972,0.9731,0.3366,,0.0
dinov3b,square,none,VisA/pcb4,galad,1,4,0.978,0.98,0.8794,0.5867,0.9662,0.2593,12/12,4.33
dinov3b,square,none,VisA/pcb4,adino,1,4,0.8717,0.893,0.8629,0.5138,0.9773,0.3277,,0.0
dinov3b,square,none,VisA/pcb4,galad,2,0,0.9108,0.9262,0.875,0.5962,0.9688,0.2638,12/12,8.48
dinov3b,square,none,VisA/pcb4,adino,2,0,0.9406,0.9415,0.8749,0.5864,0.9822,0.3889,,0.0
dinov3b,square,none,VisA/pcb4,galad,2,1,0.9727,0.9769,0.8827,0.555,0.9693,0.2411,12/12,9.46
dinov3b,square,none,VisA/pcb4,adino,2,1,0.9325,0.9381,0.8513,0.4684,0.979,0.3488,,0.0
dinov3b,square,none,VisA/pcb4,galad,2,2,0.6695,0.6791,0.8488,0.5673,0.9638,0.271,12/12,8.09
dinov3b,square,none,VisA/pcb4,adino,2,2,0.8815,0.8705,0.7903,0.4612,0.976,0.3633,,0.0
dinov3b,square,none,VisA/pcb4,galad,2,3,0.9762,0.9795,0.8883,0.5881,0.9708,0.2563,12/12,10.1
dinov3b,square,none,VisA/pcb4,adino,2,3,0.9587,0.9625,0.8836,0.5883,0.9798,0.3716,,0.0
dinov3b,square,none,VisA/pcb4,galad,2,4,0.9775,0.9792,0.8877,0.6135,0.9704,0.2683,12/12,10.37
dinov3b,square,none,VisA/pcb4,adino,2,4,0.9129,0.9208,0.8762,0.5556,0.9802,0.3458,,0.0
dinov3b,square,none,VisA/pcb4,galad,4,0,0.9483,0.9663,0.8916,0.6253,0.9747,0.2711,12/12,22.53
dinov3b,square,none,VisA/pcb4,adino,4,0,0.9544,0.9591,0.898,0.6478,0.9877,0.4104,,0.0
dinov3b,square,none,VisA/pcb4,galad,4,1,0.9343,0.9605,0.8724,0.5522,0.9667,0.1796,12/12,10.44
dinov3b,square,none,VisA/pcb4,adino,4,1,0.9646,0.9664,0.8957,0.5851,0.9799,0.3683,,0.0
dinov3b,square,none,VisA/pcb4,galad,4,2,0.8795,0.929,0.875,0.5829,0.9704,0.2294,12/12,23.25
dinov3b,square,none,VisA/pcb4,adino,4,2,0.9579,0.9573,0.8596,0.5767,0.983,0.4129,,0.0
dinov3b,square,none,VisA/pcb4,galad,4,3,0.9724,0.9766,0.8951,0.61,0.9741,0.2638,12/12,17.25
dinov3b,square,none,VisA/pcb4,adino,4,3,0.9771,0.9788,0.9018,0.6539,0.9852,0.3944,,0.0
dinov3b,square,none,VisA/pcb4,galad,4,4,0.979,0.9803,0.8866,0.5819,0.9719,0.2267,12/12,9.11
dinov3b,square,none,VisA/pcb4,adino,4,4,0.9554,0.9632,0.9038,0.6079,0.9857,0.3957,,0.0
dinov3b,square,none,VisA/pcb4,galad,5,0,0.9462,0.9677,0.8928,0.6173,0.9747,0.2514,12/12,20.53
dinov3b,square,none,VisA/pcb4,adino,5,0,0.9629,0.9674,0.9012,0.6588,0.9871,0.4121,,0.0
dinov3b,square,none,VisA/pcb4,galad,5,1,0.9134,0.9464,0.8673,0.5465,0.968,0.1968,12/12,41.09
dinov3b,square,none,VisA/pcb4,adino,5,1,0.9611,0.9623,0.8946,0.5964,0.9819,0.3774,,0.0
dinov3b,square,none,VisA/pcb4,galad,5,2,0.9113,0.9505,0.8852,0.6341,0.9725,0.27,12/12,35.04
dinov3b,square,none,VisA/pcb4,adino,5,2,0.9553,0.9536,0.8671,0.588,0.9839,0.4158,,0.0
dinov3b,square,none,VisA/pcb4,galad,5,3,0.9701,0.975,0.8911,0.5879,0.9723,0.238,12/12,15.49
dinov3b,square,none,VisA/pcb4,adino,5,3,0.9778,0.9795,0.9022,0.6331,0.9853,0.39,,0.0
dinov3b,square,none,VisA/pcb4,galad,5,4,0.9729,0.9762,0.8892,0.5832,0.9732,0.2399,12/12,14.47
dinov3b,square,none,VisA/pcb4,adino,5,4,0.9647,0.9668,0.9086,0.616,0.9864,0.4044,,0.0
dinov3b,square,none,mvtec_AD/toothbrush,galad,1,0,0.975,0.9333,0.9345,0.6925,0.9935,0.6678,12/12,4.62
dinov3b,square,none,mvtec_AD/toothbrush,adino,1,0,0.9581,0.8944,0.9065,0.6032,0.993,0.7319,,0.0
dinov3b,square,none,mvtec_AD/toothbrush,galad,1,1,0.9759,0.9361,0.9249,0.6633,0.9938,0.7103,12/12,4.85
dinov3b,square,none,mvtec_AD/toothbrush,adino,1,1,0.9565,0.875,0.8749,0.5387,0.9902,0.7143,,0.0
dinov3b,square,none,mvtec_AD/toothbrush,galad,1,2,0.9753,0.9361,0.929,0.6761,0.9937,0.6807,12/12,3.77
dinov3b,square,none,mvtec_AD/toothbrush,adino,1,2,0.9621,0.8972,0.9037,0.5893,0.9931,0.7373,,0.0
dinov3b,square,none,mvtec_AD/toothbrush,galad,1,3,0.9817,0.9528,0.9293,0.665,0.9938,0.6912,12/12,3.59
dinov3b,square,none,mvtec_AD/toothbrush,adino,1,3,0.9541,0.8694,0.8652,0.5183,0.9895,0.7087,,0.0
dinov3b,square,none,mvtec_AD/toothbrush,galad,1,4,0.9806,0.95,0.9289,0.6631,0.9937,0.6897,12/12,5.85
dinov3b,square,none,mvtec_AD/toothbrush,adino,1,4,0.9541,0.8694,0.8652,0.5183,0.9895,0.7087,,0.0
dinov3b,square,none,mvtec_AD/toothbrush,galad,2,0,0.9822,0.9556,0.9292,0.6729,0.993,0.643,12/12,8.32
dinov3b,square,none,mvtec_AD/toothbrush,adino,2,0,0.9552,0.8917,0.8991,0.6027,0.9933,0.7526,,0.0
dinov3b,square,none,mvtec_AD/toothbrush,galad,2,1,0.9967,0.9917,0.9337,0.6669,0.994,0.6773,12/12,10.03
dinov3b,square,none,mvtec_AD/toothbrush,adino,2,1,0.9857,0.9639,0.9231,0.6421,0.9943,0.7823,,0.0
dinov3b,square,none,mvtec_AD/toothbrush,galad,2,2,0.9748,0.9361,0.9332,0.691,0.9937,0.671,12/12,6.96
dinov3b,square,none,mvtec_AD/toothbrush,adino,2,2,0.9666,0.9083,0.9071,0.5969,0.9933,0.7377,,0.0
dinov3b,square,none,mvtec_AD/toothbrush,galad,2,3,0.9935,0.9833,0.9312,0.6528,0.9936,0.6582,12/12,9.93
dinov3b,square,none,mvtec_AD/toothbrush,adino,2,3,0.9894,0.9722,0.9168,0.6217,0.9943,0.771,,0.0
dinov3b,square,none,mvtec_AD/toothbrush,galad,2,4,0.9719,0.9222,0.9259,0.6532,0.9938,0.7018,12/12,9.51
dinov3b,square,none,mvtec_AD/toothbrush,adino,2,4,0.9609,0.8861,0.87,0.5275,0.9901,0.732,,0.0
dinov3b,square,none,mvtec_AD/toothbrush,galad,4,0,0.9772,0.9444,0.9256,0.6608,0.9927,0.6245,12/12,13.42
dinov3b,square,none,mvtec_AD/toothbrush,adino,4,0,0.9601,0.9028,0.9081,0.6206,0.9937,0.7485,,0.0
dinov3b,square,none,mvtec_AD/toothbrush,galad,4,1,0.993,0.9806,0.9315,0.6621,0.9931,0.6377,12/12,17.85
dinov3b,square,none,mvtec_AD/toothbrush,adino,4,1,1.0,1.0,0.9436,0.7,0.9954,0.7773,,0.0
dinov3b,square,none,mvtec_AD/toothbrush,galad,4,2,0.9938,0.9833,0.9333,0.6595,0.9933,0.6445,12/12,24.56
dinov3b,square,none,mvtec_AD/toothbrush,adino,4,2,0.9745,0.9333,0.9224,0.627,0.9943,0.7436,,0.0
dinov3b,square,none,mvtec_AD/toothbrush,galad,4,3,0.9942,0.9861,0.9277,0.6475,0.9934,0.6513,12/12,13.21
dinov3b,square,none,mvtec_AD/toothbrush,adino,4,3,0.986,0.9639,0.9225,0.634,0.9943,0.761,,0.0
dinov3b,square,none,mvtec_AD/toothbrush,galad,4,4,0.9879,0.9667,0.9326,0.6555,0.9931,0.6319,12/12,15.28
dinov3b,square,none,mvtec_AD/toothbrush,adino,4,4,0.9798,0.9472,0.9227,0.6405,0.9944,0.7396,,0.0
dinov3b,square,none,mvtec_AD/toothbrush,galad,5,0,0.9767,0.9444,0.9293,0.6767,0.9933,0.6465,12/12,19.91
dinov3b,square,none,mvtec_AD/toothbrush,adino,5,0,0.9588,0.9,0.9116,0.6333,0.9934,0.7224,,0.0
dinov3b,square,none,mvtec_AD/toothbrush,galad,5,1,0.9893,0.9722,0.9316,0.66,0.9924,0.6092,12/12,14.41
dinov3b,square,none,mvtec_AD/toothbrush,adino,5,1,1.0,1.0,0.9431,0.7015,0.9955,0.7767,,0.0
dinov3b,square,none,mvtec_AD/toothbrush,galad,5,2,0.9961,0.9889,0.9257,0.6386,0.9928,0.6269,12/12,27.82
dinov3b,square,none,mvtec_AD/toothbrush,adino,5,2,0.9989,0.9972,0.9373,0.67,0.9954,0.7694,,0.0
dinov3b,square,none,mvtec_AD/toothbrush,galad,5,3,0.9942,0.9861,0.9282,0.6483,0.9937,0.6606,12/12,29.33
dinov3b,square,none,mvtec_AD/toothbrush,adino,5,3,0.9918,0.9778,0.9232,0.633,0.9944,0.7639,,0.0
dinov3b,square,none,mvtec_AD/toothbrush,galad,5,4,0.9938,0.9833,0.9341,0.6574,0.9936,0.6556,12/12,13.09
dinov3b,square,none,mvtec_AD/toothbrush,adino,5,4,1.0,1.0,0.9405,0.6975,0.9956,0.7791,,0.0
dinov3b,square,none,VisA/pipe_fryum,galad,1,0,0.8602,0.7416,0.9687,0.8173,0.9881,0.4841,12/12,7.61
dinov3b,square,none,VisA/pipe_fryum,adino,1,0,0.9535,0.9092,0.934,0.6915,0.9929,0.5942,,0.0
dinov3b,square,none,VisA/pipe_fryum,galad,1,1,0.8964,0.8078,0.9716,0.8334,0.989,0.5072,12/12,6.45
dinov3b,square,none,VisA/pipe_fryum,adino,1,1,0.9723,0.944,0.9608,0.7905,0.9936,0.6262,,0.0
dinov3b,square,none,VisA/pipe_fryum,galad,1,2,0.9053,0.8186,0.9678,0.8111,0.9873,0.4633,12/12,7.85
dinov3b,square,none,VisA/pipe_fryum,adino,1,2,0.9727,0.9476,0.9646,0.7996,0.9887,0.5066,,0.0
dinov3b,square,none,VisA/pipe_fryum,galad,1,3,0.8725,0.7646,0.9677,0.8087,0.9877,0.4692,12/12,7.79
dinov3b,square,none,VisA/pipe_fryum,adino,1,3,0.9708,0.9384,0.961,0.7954,0.9921,0.5484,,0.0
dinov3b,square,none,VisA/pipe_fryum,galad,1,4,0.8868,0.7874,0.9631,0.7838,0.9887,0.5065,12/12,7.05
dinov3b,square,none,VisA/pipe_fryum,adino,1,4,0.9576,0.9152,0.9373,0.6614,0.9929,0.6207,,0.0
dinov3b,square,none,VisA/pipe_fryum,galad,2,0,0.8698,0.7618,0.972,0.8351,0.9866,0.4501,12/12,10.13
dinov3b,square,none,VisA/pipe_fryum,adino,2,0,0.9571,0.9172,0.9383,0.711,0.993,0.5827,,0.0
dinov3b,square,none,VisA/pipe_fryum,galad,2,1,0.8994,0.814,0.9678,0.8111,0.9889,0.4935,12/12,9.95
dinov3b,square,none,VisA/pipe_fryum,adino,2,1,0.9742,0.9504,0.9582,0.7699,0.994,0.6368,,0.0
dinov3b,square,none,VisA/pipe_fryum,galad,2,2,0.8977,0.8062,0.9745,0.8498,0.9879,0.4432,12/12,8.05
dinov3b,square,none,VisA/pipe_fryum,adino,2,2,0.9702,0.939,0.9565,0.7823,0.9927,0.5653,,0.0
dinov3b,square,none,VisA/pipe_fryum,galad,2,3,0.9021,0.8126,0.9749,0.8514,0.988,0.4491,12/12,11.43
dinov3b,square,none,VisA/pipe_fryum,adino,2,3,0.9765,0.9516,0.9602,0.7867,0.9922,0.5422,,0.0
dinov3b,square,none,VisA/pipe_fryum,galad,2,4,0.8983,0.7966,0.9685,0.8184,0.9887,0.4897,12/12,11.13
dinov3b,square,none,VisA/pipe_fryum,adino,2,4,0.9655,0.93,0.9434,0.7023,0.9939,0.6444,,0.0
dinov3b,square,none,VisA/pipe_fryum,galad,4,0,0.8987,0.8096,0.9708,0.8284,0.9882,0.4702,12/12,22.58
dinov3b,square,none,VisA/pipe_fryum,adino,4,0,0.9739,0.944,0.9435,0.7268,0.9939,0.5942,,0.0
dinov3b,square,none,VisA/pipe_fryum,galad,4,1,0.9159,0.8408,0.9719,0.8362,0.9887,0.4808,12/12,20.41
dinov3b,square,none,VisA/pipe_fryum,adino,4,1,0.9755,0.9514,0.9567,0.7618,0.9941,0.6337,,0.0
dinov3b,square,none,VisA/pipe_fryum,galad,4,2,0.9146,0.8408,0.9747,0.851,0.9888,0.4629,12/12,23.57
dinov3b,square,none,VisA/pipe_fryum,adino,4,2,0.9816,0.9628,0.9562,0.7707,0.9944,0.6231,,0.0
dinov3b,square,none,VisA/pipe_fryum,galad,4,3,0.9192,0.8476,0.9747,0.8511,0.9886,0.4584,12/12,16.86
dinov3b,square,none,VisA/pipe_fryum,adino,4,3,0.9862,0.9716,0.9625,0.7938,0.9931,0.5722,,0.0
dinov3b,square,none,VisA/pipe_fryum,galad,4,4,0.912,0.8312,0.969,0.8205,0.9896,0.5009,12/12,14.15
dinov3b,square,none,VisA/pipe_fryum,adino,4,4,0.9769,0.9566,0.9602,0.7789,0.9943,0.6228,,0.0
dinov3b,square,none,VisA/pipe_fryum,galad,5,0,0.8996,0.8164,0.9695,0.8226,0.9884,0.4629,12/12,30.02
dinov3b,square,none,VisA/pipe_fryum,adino,5,0,0.9779,0.9542,0.9406,0.7212,0.9941,0.5997,,0.0
dinov3b,square,none,VisA/pipe_fryum,galad,5,1,0.9095,0.8296,0.9721,0.8359,0.9863,0.4329,12/12,28.29
dinov3b,square,none,VisA/pipe_fryum,adino,5,1,0.9752,0.9496,0.959,0.7742,0.9902,0.5384,,0.0
dinov3b,square,none,VisA/pipe_fryum,galad,5,2,0.91,0.8356,0.9728,0.8406,0.9894,0.474,12/12,19.41
dinov3b,square,none,VisA/pipe_fryum,adino,5,2,0.9795,0.959,0.9507,0.7392,0.9948,0.6389,,0.0
dinov3b,square,none,VisA/pipe_fryum,galad,5,3,0.9217,0.8542,0.9742,0.8481,0.9884,0.4565,12/12,37.96
dinov3b,square,none,VisA/pipe_fryum,adino,5,3,0.9863,0.971,0.9514,0.7328,0.9942,0.6219,,0.0
dinov3b,square,none,VisA/pipe_fryum,galad,5,4,0.9195,0.8472,0.9704,0.8264,0.9894,0.4895,12/12,43.48
dinov3b,square,none,VisA/pipe_fryum,adino,5,4,0.9846,0.9688,0.962,0.787,0.9942,0.6055,,0.0
dinov3b,square,none,mvtec_AD/transistor,galad,1,0,0.8352,0.8733,0.6114,0.4045,0.7612,0.221,12/12,6.59
dinov3b,square,none,mvtec_AD/transistor,adino,1,0,0.8298,0.8517,0.79,0.4226,0.8814,0.418,,0.0
dinov3b,square,none,mvtec_AD/transistor,galad,1,1,0.943,0.9592,0.6642,0.4968,0.8131,0.2993,12/12,9.42
dinov3b,square,none,mvtec_AD/transistor,adino,1,1,0.9172,0.9283,0.8573,0.4521,0.9303,0.5099,,0.0
dinov3b,square,none,mvtec_AD/transistor,galad,1,2,0.876,0.9046,0.6178,0.4091,0.7688,0.2159,12/12,5.52
dinov3b,square,none,mvtec_AD/transistor,adino,1,2,0.8523,0.8771,0.7598,0.39,0.9032,0.4519,,0.0
dinov3b,square,none,mvtec_AD/transistor,galad,1,3,0.9081,0.9204,0.6594,0.4535,0.8133,0.2923,12/12,8.22
dinov3b,square,none,mvtec_AD/transistor,adino,1,3,0.9224,0.9263,0.8729,0.4745,0.9458,0.549,,0.0
dinov3b,square,none,mvtec_AD/transistor,galad,1,4,0.9192,0.9321,0.6596,0.4679,0.8089,0.2946,12/12,5.8
dinov3b,square,none,mvtec_AD/transistor,adino,1,4,0.9224,0.9263,0.8729,0.4745,0.9458,0.549,,0.0
dinov3b,square,none,mvtec_AD/transistor,galad,2,0,0.8912,0.9208,0.6471,0.4393,0.7826,0.2538,12/12,9.91
dinov3b,square,none,mvtec_AD/transistor,adino,2,0,0.9009,0.9137,0.8094,0.439,0.8894,0.4398,,0.0
dinov3b,square,none,mvtec_AD/transistor,galad,2,1,0.9153,0.9375,0.6562,0.4331,0.8085,0.2527,12/12,16.53
dinov3b,square,none,mvtec_AD/transistor,adino,2,1,0.8964,0.915,0.8503,0.4456,0.9173,0.4853,,0.0
dinov3b,square,none,mvtec_AD/transistor,galad,2,2,0.9155,0.9296,0.6669,0.4472,0.816,0.2696,12/12,13.95
dinov3b,square,none,mvtec_AD/transistor,adino,2,2,0.94,0.9492,0.8912,0.4729,0.9612,0.5498,,0.0
dinov3b,square,none,mvtec_AD/transistor,galad,2,3,0.8999,0.9129,0.6599,0.4113,0.8198,0.2805,12/12,15.46
dinov3b,square,none,mvtec_AD/transistor,adino,2,3,0.9263,0.9325,0.8805,0.478,0.9473,0.5408,,0.0
dinov3b,square,none,mvtec_AD/transistor,galad,2,4,0.9073,0.9204,0.6701,0.4472,0.8209,0.3052,12/12,11.78
dinov3b,square,none,mvtec_AD/transistor,adino,2,4,0.9411,0.9467,0.876,0.4704,0.9432,0.525,,0.0
dinov3b,square,none,mvtec_AD/transistor,galad,4,0,0.8862,0.9221,0.6649,0.4513,0.8002,0.2657,12/12,19.3
dinov3b,square,none,mvtec_AD/transistor,adino,4,0,0.9253,0.9387,0.8274,0.4428,0.8949,0.4469,,0.0
dinov3b,square,none,mvtec_AD/transistor,galad,4,1,0.8726,0.8938,0.6871,0.4885,0.8278,0.3262,12/12,18.66
dinov3b,square,none,mvtec_AD/transistor,adino,4,1,0.9376,0.9437,0.876,0.4901,0.9339,0.5313,,0.0
dinov3b,square,none,mvtec_AD/transistor,galad,4,2,0.918,0.9329,0.6967,0.4882,0.8416,0.3314,12/12,20.31
dinov3b,square,none,mvtec_AD/transistor,adino,4,2,0.9672,0.9738,0.9026,0.5096,0.9668,0.569,,0.0
dinov3b,square,none,mvtec_AD/transistor,galad,4,3,0.9203,0.9342,0.7064,0.5123,0.8528,0.359,12/12,24.17
dinov3b,square,none,mvtec_AD/transistor,adino,4,3,0.9688,0.9758,0.8936,0.5012,0.9545,0.5508,,0.0
dinov3b,square,none,mvtec_AD/transistor,galad,4,4,0.9191,0.9362,0.7027,0.5057,0.8429,0.3496,12/12,35.03
dinov3b,square,none,mvtec_AD/transistor,adino,4,4,0.9626,0.9675,0.8888,0.4974,0.9543,0.5577,,0.0
dinov3b,square,none,mvtec_AD/transistor,galad,5,0,0.8991,0.9267,0.6731,0.4651,0.8134,0.2935,12/12,39.08
dinov3b,square,none,mvtec_AD/transistor,adino,5,0,0.9296,0.9408,0.8405,0.4493,0.9061,0.4585,,0.0
dinov3b,square,none,mvtec_AD/transistor,galad,5,1,0.8717,0.8996,0.6842,0.4784,0.8338,0.3269,12/12,43.3
dinov3b,square,none,mvtec_AD/transistor,adino,5,1,0.9451,0.9525,0.8784,0.4964,0.9345,0.5301,,0.0
dinov3b,square,none,mvtec_AD/transistor,galad,5,2,0.9135,0.9358,0.6949,0.4736,0.845,0.3314,12/12,18.32
dinov3b,square,none,mvtec_AD/transistor,adino,5,2,0.9677,0.975,0.9001,0.5066,0.9625,0.5538,,0.0
dinov3b,square,none,mvtec_AD/transistor,galad,5,3,0.9081,0.9267,0.6977,0.4723,0.8495,0.3464,12/12,17.56
dinov3b,square,none,mvtec_AD/transistor,adino,5,3,0.9715,0.9771,0.8929,0.5062,0.9552,0.5538,,0.0
dinov3b,square,none,mvtec_AD/transistor,galad,5,4,0.9009,0.9129,0.7096,0.5076,0.8574,0.3784,12/12,25.44
dinov3b,square,none,mvtec_AD/transistor,adino,5,4,0.9704,0.975,0.8884,0.4982,0.9544,0.5606,,0.0
dinov3b,square,none,mvtec_AD/wood,galad,1,0,0.958,0.8904,0.8994,0.5875,0.961,0.6676,12/12,4.08
dinov3b,square,none,mvtec_AD/wood,adino,1,0,0.9773,0.9456,0.8024,0.5085,0.9191,0.6355,,0.0
dinov3b,square,none,mvtec_AD/wood,galad,1,1,0.9573,0.8982,0.9045,0.6048,0.9558,0.6517,12/12,4.46
dinov3b,square,none,mvtec_AD/wood,adino,1,1,0.9641,0.9219,0.7914,0.516,0.9035,0.6218,,0.0
dinov3b,square,none,mvtec_AD/wood,galad,1,2,0.9561,0.8789,0.9025,0.6052,0.9576,0.6366,12/12,7.33
dinov3b,square,none,mvtec_AD/wood,adino,1,2,0.9836,0.9596,0.8171,0.554,0.9359,0.6499,,0.0
dinov3b,square,none,mvtec_AD/wood,galad,1,3,0.9675,0.9219,0.9052,0.6037,0.9524,0.6023,12/12,7.5
dinov3b,square,none,mvtec_AD/wood,adino,1,3,0.9688,0.9254,0.8333,0.5701,0.904,0.64,,0.0
dinov3b,square,none,mvtec_AD/wood,galad,1,4,0.9657,0.9184,0.9037,0.5988,0.952,0.6028,12/12,5.67
dinov3b,square,none,mvtec_AD/wood,adino,1,4,0.9688,0.9254,0.8333,0.5701,0.904,0.64,,0.0
dinov3b,square,none,mvtec_AD/wood,galad,2,0,0.9684,0.9246,0.9106,0.6248,0.9611,0.6618,12/12,11.12
dinov3b,square,none,mvtec_AD/wood,adino,2,0,0.9728,0.936,0.833,0.562,0.9119,0.6463,,0.0
dinov3b,square,none,mvtec_AD/wood,galad,2,1,0.9692,0.9289,0.9067,0.6124,0.9567,0.6512,12/12,10.25
dinov3b,square,none,mvtec_AD/wood,adino,2,1,0.9755,0.9421,0.813,0.5317,0.9188,0.6429,,0.0
dinov3b,square,none,mvtec_AD/wood,galad,2,2,0.966,0.9061,0.9019,0.5949,0.9535,0.6173,12/12,14.19
dinov3b,square,none,mvtec_AD/wood,adino,2,2,0.9791,0.9491,0.8096,0.546,0.9189,0.6377,,0.0
dinov3b,square,none,mvtec_AD/wood,galad,2,3,0.9761,0.9421,0.908,0.6193,0.9581,0.6372,12/12,7.98
dinov3b,square,none,mvtec_AD/wood,adino,2,3,0.9758,0.943,0.8264,0.5649,0.9197,0.6478,,0.0
dinov3b,square,none,mvtec_AD/wood,galad,2,4,0.9664,0.9211,0.9024,0.5918,0.9559,0.6098,12/12,10.19
dinov3b,square,none,mvtec_AD/wood,adino,2,4,0.9743,0.9395,0.8288,0.5768,0.918,0.6522,,0.0
dinov3b,square,none,mvtec_AD/wood,galad,4,0,0.9722,0.9307,0.9117,0.6321,0.9571,0.6435,12/12,31.95
dinov3b,square,none,mvtec_AD/wood,adino,4,0,0.9774,0.9447,0.8333,0.5611,0.9186,0.6498,,0.0
dinov3b,square,none,mvtec_AD/wood,galad,4,1,0.9643,0.9193,0.9001,0.5888,0.956,0.6522,12/12,26.05
dinov3b,square,none,mvtec_AD/wood,adino,4,1,0.9755,0.9421,0.8157,0.5294,0.9212,0.6443,,0.0
dinov3b,square,none,mvtec_AD/wood,galad,4,2,0.9638,0.9053,0.8943,0.5647,0.9549,0.6235,12/12,26.58
dinov3b,square,none,mvtec_AD/wood,adino,4,2,0.9795,0.9509,0.8236,0.5577,0.9295,0.6518,,0.0
dinov3b,square,none,mvtec_AD/wood,galad,4,3,0.9682,0.9281,0.9046,0.601,0.9539,0.6358,12/12,16.13
dinov3b,square,none,mvtec_AD/wood,adino,4,3,0.9708,0.9351,0.8181,0.5496,0.9169,0.6497,,0.0
dinov3b,square,none,mvtec_AD/wood,galad,4,4,0.9655,0.9228,0.9037,0.5942,0.9533,0.6084,12/12,24.91
dinov3b,square,none,mvtec_AD/wood,adino,4,4,0.9739,0.9395,0.8263,0.5576,0.9182,0.6442,,0.0
dinov3b,square,none,mvtec_AD/wood,galad,5,0,0.9708,0.9272,0.9051,0.6046,0.9552,0.6377,12/12,26.81
dinov3b,square,none,mvtec_AD/wood,adino,5,0,0.9763,0.943,0.8334,0.5607,0.9194,0.6505,,0.0
dinov3b,square,none,mvtec_AD/wood,galad,5,1,0.9652,0.9193,0.9024,0.597,0.9568,0.6527,12/12,41.7
dinov3b,square,none,mvtec_AD/wood,adino,5,1,0.975,0.9421,0.8175,0.5301,0.9225,0.6457,,0.0
dinov3b,square,none,mvtec_AD/wood,galad,5,2,0.9645,0.9149,0.8981,0.5738,0.9555,0.6275,12/12,39.99
dinov3b,square,none,mvtec_AD/wood,adino,5,2,0.9784,0.9482,0.8414,0.5828,0.9255,0.6609,,0.0
dinov3b,square,none,mvtec_AD/wood,galad,5,3,0.9708,0.9325,0.9055,0.603,0.9581,0.6477,12/12,37.89
dinov3b,square,none,mvtec_AD/wood,adino,5,3,0.9716,0.936,0.8185,0.5502,0.9177,0.6507,,0.0
dinov3b,square,none,mvtec_AD/wood,galad,5,4,0.9691,0.9272,0.9033,0.5986,0.9518,0.6118,12/12,26.25
dinov3b,square,none,mvtec_AD/wood,adino,5,4,0.9723,0.9377,0.8272,0.5584,0.9187,0.6435,,0.0
dinov3b,square,none,mvtec_AD/zipper,galad,1,0,0.9939,0.9779,0.9593,0.7886,0.9862,0.6113,12/12,10.22
dinov3b,square,none,mvtec_AD/zipper,adino,1,0,0.9943,0.9782,0.825,0.591,0.9389,0.5086,,0.0
dinov3b,square,none,mvtec_AD/zipper,galad,1,1,0.9953,0.9832,0.9564,0.7754,0.9855,0.5994,12/12,4.11
dinov3b,square,none,mvtec_AD/zipper,adino,1,1,0.9971,0.9887,0.8245,0.5778,0.9433,0.5051,,0.0
dinov3b,square,none,mvtec_AD/zipper,galad,1,2,0.9966,0.9874,0.9556,0.7729,0.9849,0.5922,12/12,6.87
dinov3b,square,none,mvtec_AD/zipper,adino,1,2,0.995,0.9808,0.8285,0.6004,0.9415,0.5107,,0.0
dinov3b,square,none,mvtec_AD/zipper,galad,1,3,0.9967,0.9863,0.9557,0.7728,0.9848,0.5861,12/12,5.39
dinov3b,square,none,mvtec_AD/zipper,adino,1,3,0.9901,0.9606,0.8551,0.6377,0.9497,0.5329,,0.0
dinov3b,square,none,mvtec_AD/zipper,galad,1,4,0.9968,0.9866,0.9579,0.7786,0.9856,0.5895,12/12,6.3
dinov3b,square,none,mvtec_AD/zipper,adino,1,4,0.9901,0.9606,0.8551,0.6377,0.9497,0.5329,,0.0
dinov3b,square,none,mvtec_AD/zipper,galad,2,0,0.9952,0.9827,0.9604,0.7917,0.9869,0.6218,12/12,12.97
dinov3b,square,none,mvtec_AD/zipper,adino,2,0,0.9965,0.9869,0.8395,0.6029,0.9448,0.5215,,0.0
dinov3b,square,none,mvtec_AD/zipper,galad,2,1,0.9939,0.9787,0.9483,0.7461,0.9823,0.5727,12/12,5.73
dinov3b,square,none,mvtec_AD/zipper,adino,2,1,0.9974,0.9898,0.8682,0.6264,0.9575,0.5474,,0.0
dinov3b,square,none,mvtec_AD/zipper,galad,2,2,0.9958,0.9845,0.9591,0.7827,0.9863,0.6047,12/12,10.89
dinov3b,square,none,mvtec_AD/zipper,adino,2,2,0.9972,0.9892,0.8439,0.6131,0.949,0.524,,0.0
dinov3b,square,none,mvtec_AD/zipper,galad,2,3,0.9976,0.9905,0.9582,0.7817,0.986,0.6003,12/12,13.03
dinov3b,square,none,mvtec_AD/zipper,adino,2,3,0.9933,0.9732,0.855,0.6293,0.9509,0.5275,,0.0
dinov3b,square,none,mvtec_AD/zipper,galad,2,4,0.9975,0.9898,0.9493,0.7471,0.9823,0.5578,12/12,11.95
dinov3b,square,none,mvtec_AD/zipper,adino,2,4,0.9935,0.9737,0.8581,0.6359,0.9511,0.5345,,0.0
dinov3b,square,none,mvtec_AD/zipper,galad,4,0,0.9978,0.9916,0.9654,0.8074,0.9888,0.6347,12/12,21.22
dinov3b,square,none,mvtec_AD/zipper,adino,4,0,0.9971,0.9887,0.8457,0.6143,0.9493,0.5255,,0.0
dinov3b,square,none,mvtec_AD/zipper,galad,4,1,0.996,0.9853,0.9598,0.7855,0.9867,0.6103,12/12,24.14
dinov3b,square,none,mvtec_AD/zipper,adino,4,1,0.9967,0.9871,0.8488,0.6128,0.9496,0.5239,,0.0
dinov3b,square,none,mvtec_AD/zipper,galad,4,2,0.9949,0.9819,0.947,0.7422,0.9815,0.5635,12/12,14.86
dinov3b,square,none,mvtec_AD/zipper,adino,4,2,0.9978,0.9916,0.8382,0.6015,0.9466,0.5092,,0.0
dinov3b,square,none,mvtec_AD/zipper,galad,4,3,0.9983,0.9934,0.9603,0.7863,0.9868,0.6079,12/12,19.48
dinov3b,square,none,mvtec_AD/zipper,adino,4,3,0.9955,0.9827,0.8595,0.6301,0.9537,0.531,,0.0
dinov3b,square,none,mvtec_AD/zipper,galad,4,4,0.9958,0.9848,0.9465,0.7409,0.9817,0.5589,12/12,20.15
dinov3b,square,none,mvtec_AD/zipper,adino,4,4,0.9965,0.9863,0.8775,0.6591,0.9592,0.5458,,0.0
dinov3b,square,none,mvtec_AD/zipper,galad,5,0,0.9969,0.9882,0.9614,0.7937,0.9876,0.6255,12/12,27.25
dinov3b,square,none,mvtec_AD/zipper,adino,5,0,0.9974,0.9898,0.8496,0.6211,0.9499,0.5299,,0.0
dinov3b,square,none,mvtec_AD/zipper,galad,5,1,0.9951,0.9824,0.9545,0.7556,0.9845,0.5659,12/12,23.98
dinov3b,square,none,mvtec_AD/zipper,adino,5,1,0.9961,0.985,0.8436,0.6101,0.9483,0.5222,,0.0
dinov3b,square,none,mvtec_AD/zipper,galad,5,2,0.9951,0.9827,0.9595,0.7794,0.9864,0.6024,12/12,26.23
dinov3b,square,none,mvtec_AD/zipper,adino,5,2,0.997,0.9884,0.8612,0.6369,0.9552,0.5353,,0.0
dinov3b,square,none,mvtec_AD/zipper,galad,5,3,0.9981,0.9929,0.9634,0.7984,0.988,0.6241,12/12,16.14
dinov3b,square,none,mvtec_AD/zipper,adino,5,3,0.9961,0.9853,0.8605,0.6306,0.9543,0.5323,,0.0
dinov3b,square,none,mvtec_AD/zipper,galad,5,4,0.9967,0.9882,0.948,0.7457,0.9825,0.5634,12/12,21.31
dinov3b,square,none,mvtec_AD/zipper,adino,5,4,0.9965,0.9861,0.8776,0.6587,0.9597,0.546,,0.0
dinov3b,square,none,AutoVI/pipe_staple,galad,1,0,0.5219,0.6389,0.0502,0.0021,0.4657,0.0114,12/12,8.38
dinov3b,square,none,AutoVI/pipe_staple,adino,1,0,0.4802,0.6026,0.1311,0.0051,0.5845,0.0156,,0.0
dinov3b,square,none,AutoVI/pipe_staple,galad,1,1,0.4073,0.5256,0.1081,0.0121,0.506,0.0129,12/12,6.61
dinov3b,square,none,AutoVI/pipe_staple,adino,1,1,0.3935,0.4957,0.1816,0.0131,0.6541,0.0187,,0.0
dinov3b,square,none,AutoVI/pipe_staple,galad,1,2,0.374,0.4671,0.0735,0.0128,0.4091,0.0107,12/12,7.65
dinov3b,square,none,AutoVI/pipe_staple,adino,1,2,0.3353,0.3606,0.0926,0.0183,0.5329,0.0141,,0.0
dinov3b,square,none,AutoVI/pipe_staple,galad,1,3,0.4019,0.5104,0.0842,0.0075,0.4957,0.0123,12/12,5.1
dinov3b,square,none,AutoVI/pipe_staple,adino,1,3,0.4038,0.5296,0.1857,0.007,0.6421,0.0183,,0.0
dinov3b,square,none,AutoVI/pipe_staple,galad,1,4,0.3955,0.5086,0.0776,0.0066,0.4891,0.0121,12/12,6.32
dinov3b,square,none,AutoVI/pipe_staple,adino,1,4,0.4038,0.5296,0.1857,0.007,0.6421,0.0183,,0.0
dinov3b,square,none,AutoVI/pipe_staple,galad,2,0,0.4453,0.5696,0.1129,0.0062,0.5541,0.0141,12/12,16.3
dinov3b,square,none,AutoVI/pipe_staple,adino,2,0,0.4347,0.5747,0.3047,0.0136,0.7245,0.0252,,0.0
dinov3b,square,none,AutoVI/pipe_staple,galad,2,1,0.3955,0.5186,0.1364,0.0115,0.5703,0.015,12/12,10.97
dinov3b,square,none,AutoVI/pipe_staple,adino,2,1,0.3929,0.5021,0.2044,0.0153,0.684,0.0206,,0.0
dinov3b,square,none,AutoVI/pipe_staple,galad,2,2,0.4505,0.5802,0.0795,0.0072,0.5005,0.0124,12/12,19.07
dinov3b,square,none,AutoVI/pipe_staple,adino,2,2,0.382,0.467,0.265,0.0242,0.6865,0.0228,,0.0
dinov3b,square,none,AutoVI/pipe_staple,galad,2,3,0.3815,0.5047,0.1275,0.0084,0.5733,0.0149,12/12,42.08
dinov3b,square,none,AutoVI/pipe_staple,adino,2,3,0.4406,0.5964,0.2254,0.0093,0.694,0.0215,,0.0
dinov3b,square,none,AutoVI/pipe_staple,galad,2,4,0.4155,0.5344,0.107,0.0074,0.5574,0.0142,12/12,24.13
dinov3b,square,none,AutoVI/pipe_staple,adino,2,4,0.4214,0.5674,0.2057,0.009,0.6728,0.0199,,0.0
dinov3b,square,none,AutoVI/pipe_staple,galad,4,0,0.4336,0.5503,0.1374,0.0088,0.5752,0.0151,12/12,60.38
dinov3b,square,none,AutoVI/pipe_staple,adino,4,0,0.4438,0.5818,0.2823,0.0164,0.7178,0.0242,,0.0
dinov3b,square,none,AutoVI/pipe_staple,galad,4,1,0.4145,0.5437,0.163,0.0129,0.6123,0.0167,12/12,44.03
dinov3b,square,none,AutoVI/pipe_staple,adino,4,1,0.4122,0.547,0.3101,0.0216,0.7415,0.0261,,0.0
dinov3b,square,none,AutoVI/pipe_staple,galad,4,2,0.3995,0.555,0.1622,0.0185,0.6018,0.0166,12/12,34.02
dinov3b,square,none,AutoVI/pipe_staple,adino,4,2,0.3909,0.5259,0.3079,0.027,0.7229,0.0254,,0.0
dinov3b,square,none,AutoVI/pipe_staple,galad,4,3,0.4073,0.5245,0.133,0.0078,0.5838,0.0154,12/12,36.14
dinov3b,square,none,AutoVI/pipe_staple,adino,4,3,0.4279,0.606,0.3085,0.0094,0.7326,0.0256,,0.0
dinov3b,square,none,AutoVI/pipe_staple,galad,4,4,0.4228,0.5431,0.1171,0.0122,0.5312,0.0139,12/12,32.59
dinov3b,square,none,AutoVI/pipe_staple,adino,4,4,0.4337,0.6005,0.3451,0.0392,0.7334,0.0283,,0.0
dinov3b,square,none,AutoVI/pipe_staple,galad,5,0,0.4573,0.5904,0.1858,0.0143,0.6222,0.0175,12/12,39.08
dinov3b,square,none,AutoVI/pipe_staple,adino,5,0,0.4498,0.5875,0.2903,0.0189,0.7213,0.0247,,0.0
dinov3b,square,none,AutoVI/pipe_staple,galad,5,1,0.4185,0.5502,0.1944,0.0135,0.6325,0.0181,12/12,42.8
dinov3b,square,none,AutoVI/pipe_staple,adino,5,1,0.4217,0.5702,0.3105,0.0202,0.7421,0.0261,,0.0
dinov3b,square,none,AutoVI/pipe_staple,galad,5,2,0.4074,0.5759,0.2433,0.0231,0.6739,0.0209,12/12,75.01
dinov3b,square,none,AutoVI/pipe_staple,adino,5,2,0.4094,0.5706,0.3353,0.0308,0.7418,0.0274,,0.0
dinov3b,square,none,AutoVI/pipe_staple,galad,5,3,0.406,0.529,0.1401,0.0089,0.5984,0.016,12/12,33.58
dinov3b,square,none,AutoVI/pipe_staple,adino,5,3,0.422,0.5927,0.299,0.0085,0.7266,0.025,,0.0
dinov3b,square,none,AutoVI/pipe_staple,galad,5,4,0.4327,0.5411,0.1489,0.0153,0.5824,0.0157,12/12,50.41
dinov3b,square,none,AutoVI/pipe_staple,adino,5,4,0.43,0.5982,0.3586,0.0367,0.7508,0.0293,,0.0
