backbone,resize,mask,dataset,method,n_train,seed,img_ap,img_auroc,aupro_30,aupro_05,pix_auroc,pix_ap,k_used,fit_s
dinov3l,square,none,mvtec_AD/bottle,galad,1,0,0.9993,0.9976,0.9643,0.8081,0.9864,0.805,12/12,7.34
dinov3l,square,none,mvtec_AD/bottle,adino,1,0,1.0,1.0,0.9501,0.7784,0.9849,0.804,,0.0
dinov3l,square,none,mvtec_AD/bottle,galad,1,1,0.9998,0.9992,0.9603,0.8025,0.9836,0.7952,12/12,7.22
dinov3l,square,none,mvtec_AD/bottle,adino,1,1,1.0,1.0,0.9536,0.8002,0.9843,0.8157,,0.0
dinov3l,square,none,mvtec_AD/bottle,galad,1,2,1.0,1.0,0.9637,0.8058,0.9856,0.796,12/12,6.42
dinov3l,square,none,mvtec_AD/bottle,adino,1,2,1.0,1.0,0.9645,0.8336,0.9893,0.8396,,0.0
dinov3l,square,none,mvtec_AD/bottle,galad,1,3,0.9995,0.9984,0.9656,0.8071,0.9876,0.8064,12/12,7.59
dinov3l,square,none,mvtec_AD/bottle,adino,1,3,1.0,1.0,0.9492,0.7912,0.9854,0.8141,,0.0
dinov3l,square,none,mvtec_AD/bottle,galad,1,4,0.9995,0.9984,0.9648,0.8054,0.9879,0.8074,12/12,8.05
dinov3l,square,none,mvtec_AD/bottle,adino,1,4,1.0,1.0,0.9492,0.7912,0.9854,0.8141,,0.0
dinov3l,square,none,mvtec_AD/bottle,galad,2,0,0.9988,0.996,0.963,0.8037,0.9888,0.816,12/12,16.68
dinov3l,square,none,mvtec_AD/bottle,adino,2,0,1.0,1.0,0.9587,0.8089,0.9881,0.8247,,0.0
dinov3l,square,none,mvtec_AD/bottle,galad,2,1,0.9995,0.9984,0.9571,0.7908,0.987,0.8005,12/12,14.4
dinov3l,square,none,mvtec_AD/bottle,adino,2,1,1.0,1.0,0.9592,0.8185,0.9858,0.8235,,0.0
dinov3l,square,none,mvtec_AD/bottle,galad,2,2,0.9993,0.9976,0.9642,0.8042,0.988,0.8062,12/12,18.14
dinov3l,square,none,mvtec_AD/bottle,adino,2,2,1.0,1.0,0.9524,0.8123,0.9881,0.8255,,0.0
dinov3l,square,none,mvtec_AD/bottle,galad,2,3,0.9995,0.9984,0.9636,0.7977,0.9876,0.802,12/12,14.39
dinov3l,square,none,mvtec_AD/bottle,adino,2,3,1.0,1.0,0.9538,0.804,0.9865,0.8223,,0.0
dinov3l,square,none,mvtec_AD/bottle,galad,2,4,0.9988,0.996,0.9643,0.8004,0.9883,0.81,12/12,14.36
dinov3l,square,none,mvtec_AD/bottle,adino,2,4,1.0,1.0,0.9572,0.8152,0.9885,0.8308,,0.0
dinov3l,square,none,mvtec_AD/bottle,galad,4,0,0.9972,0.9913,0.9624,0.7963,0.9889,0.8126,12/12,31.83
dinov3l,square,none,mvtec_AD/bottle,adino,4,0,1.0,1.0,0.9631,0.8231,0.9895,0.8352,,0.0
dinov3l,square,none,mvtec_AD/bottle,galad,4,1,0.9998,0.9992,0.958,0.7972,0.9884,0.81,12/12,19.96
dinov3l,square,none,mvtec_AD/bottle,adino,4,1,1.0,1.0,0.9613,0.8203,0.9867,0.8245,,0.0
dinov3l,square,none,mvtec_AD/bottle,galad,4,2,0.999,0.9968,0.9594,0.7963,0.9893,0.8064,12/12,29.26
dinov3l,square,none,mvtec_AD/bottle,adino,4,2,1.0,1.0,0.9532,0.8112,0.9884,0.8256,,0.0
dinov3l,square,none,mvtec_AD/bottle,galad,4,3,0.9985,0.9952,0.9619,0.7924,0.9883,0.8065,12/12,54.85
dinov3l,square,none,mvtec_AD/bottle,adino,4,3,1.0,1.0,0.9577,0.814,0.988,0.8299,,0.0
dinov3l,square,none,mvtec_AD/bottle,galad,4,4,0.9966,0.9897,0.961,0.7898,0.9891,0.8077,12/12,22.22
dinov3l,square,none,mvtec_AD/bottle,adino,4,4,1.0,1.0,0.9571,0.811,0.9885,0.8278,,0.0
dinov3l,square,none,mvtec_AD/bottle,galad,5,0,0.996,0.9881,0.9558,0.7813,0.9886,0.8034,12/12,23.7
dinov3l,square,none,mvtec_AD/bottle,adino,5,0,1.0,1.0,0.9632,0.8222,0.9895,0.835,,0.0
dinov3l,square,none,mvtec_AD/bottle,galad,5,1,1.0,1.0,0.9565,0.792,0.9883,0.803,12/12,25.24
dinov3l,square,none,mvtec_AD/bottle,adino,5,1,1.0,1.0,0.9614,0.82,0.9869,0.8247,,0.0
dinov3l,square,none,mvtec_AD/bottle,galad,5,2,0.9995,0.9984,0.9628,0.8037,0.9894,0.8129,12/12,27.24
dinov3l,square,none,mvtec_AD/bottle,adino,5,2,1.0,1.0,0.9529,0.8098,0.9883,0.8247,,0.0
dinov3l,square,none,mvtec_AD/bottle,galad,5,3,0.9959,0.9881,0.955,0.7775,0.9888,0.7991,12/12,30.71
dinov3l,square,none,mvtec_AD/bottle,adino,5,3,1.0,1.0,0.9583,0.8161,0.9883,0.831,,0.0
dinov3l,square,none,mvtec_AD/bottle,galad,5,4,0.9971,0.9913,0.9637,0.7957,0.9893,0.8136,12/12,40.7
dinov3l,square,none,mvtec_AD/bottle,adino,5,4,1.0,1.0,0.9573,0.8108,0.9885,0.8278,,0.0
dinov3l,square,none,VisA/candle,galad,1,0,0.8952,0.8917,0.968,0.8874,0.9945,0.3858,12/12,7.83
dinov3l,square,none,VisA/candle,adino,1,0,0.8896,0.8653,0.9439,0.8385,0.9906,0.4777,,0.0
dinov3l,square,none,VisA/candle,galad,1,1,0.9249,0.937,0.9715,0.8981,0.9948,0.398,12/12,8.35
dinov3l,square,none,VisA/candle,adino,1,1,0.901,0.8816,0.9507,0.8459,0.9898,0.4845,,0.0
dinov3l,square,none,VisA/candle,galad,1,2,0.8738,0.875,0.9682,0.8927,0.9942,0.3824,12/12,6.64
dinov3l,square,none,VisA/candle,adino,1,2,0.8831,0.8506,0.9456,0.8398,0.9903,0.4685,,0.0
dinov3l,square,none,VisA/candle,galad,1,3,0.9102,0.9389,0.9713,0.8903,0.9948,0.3925,12/12,7.55
dinov3l,square,none,VisA/candle,adino,1,3,0.9005,0.8788,0.9456,0.8342,0.9921,0.4752,,0.0
dinov3l,square,none,VisA/candle,galad,1,4,0.8718,0.9163,0.9666,0.8895,0.9946,0.3689,12/12,6.68
dinov3l,square,none,VisA/candle,adino,1,4,0.8802,0.855,0.9398,0.8257,0.9912,0.4732,,0.0
dinov3l,square,none,VisA/candle,galad,2,0,0.8776,0.8868,0.9665,0.8692,0.9941,0.4083,12/12,12.27
dinov3l,square,none,VisA/candle,adino,2,0,0.8808,0.8558,0.9371,0.8446,0.9923,0.4757,,0.0
dinov3l,square,none,VisA/candle,galad,2,1,0.9242,0.95,0.9716,0.8862,0.995,0.4064,12/12,16.39
dinov3l,square,none,VisA/candle,adino,2,1,0.8975,0.883,0.9539,0.8432,0.9923,0.4766,,0.0
dinov3l,square,none,VisA/candle,galad,2,2,0.8657,0.8828,0.9703,0.8929,0.9938,0.3477,12/12,16.37
dinov3l,square,none,VisA/candle,adino,2,2,0.9014,0.8868,0.9534,0.854,0.9919,0.4713,,0.0
dinov3l,square,none,VisA/candle,galad,2,3,0.9072,0.9398,0.9742,0.8965,0.9946,0.3617,12/12,18.0
dinov3l,square,none,VisA/candle,adino,2,3,0.9067,0.8934,0.9562,0.8463,0.9933,0.4761,,0.0
dinov3l,square,none,VisA/candle,galad,2,4,0.8971,0.9333,0.9696,0.8901,0.9945,0.3646,12/12,10.77
dinov3l,square,none,VisA/candle,adino,2,4,0.8904,0.8715,0.9555,0.8523,0.9938,0.4776,,0.0
dinov3l,square,none,VisA/candle,galad,4,0,0.8961,0.9221,0.9676,0.8658,0.9937,0.3871,12/12,29.94
dinov3l,square,none,VisA/candle,adino,4,0,0.8961,0.8865,0.9505,0.8568,0.9941,0.4712,,0.0
dinov3l,square,none,VisA/candle,galad,4,1,0.9039,0.9324,0.9728,0.8854,0.9939,0.3764,12/12,40.8
dinov3l,square,none,VisA/candle,adino,4,1,0.9078,0.9005,0.9668,0.8645,0.9943,0.4721,,0.0
dinov3l,square,none,VisA/candle,galad,4,2,0.8611,0.9023,0.9726,0.8913,0.9936,0.3367,12/12,33.55
dinov3l,square,none,VisA/candle,adino,4,2,0.9014,0.8924,0.9607,0.8652,0.9942,0.4736,,0.0
dinov3l,square,none,VisA/candle,galad,4,3,0.9019,0.9372,0.9721,0.8919,0.9937,0.3571,12/12,46.56
dinov3l,square,none,VisA/candle,adino,4,3,0.9137,0.9079,0.9648,0.8656,0.9946,0.4781,,0.0
dinov3l,square,none,VisA/candle,galad,4,4,0.9091,0.9431,0.9722,0.8821,0.9941,0.3715,12/12,24.82
dinov3l,square,none,VisA/candle,adino,4,4,0.9037,0.8998,0.9602,0.8659,0.9943,0.4716,,0.0
dinov3l,square,none,VisA/candle,galad,5,0,0.8905,0.9284,0.9729,0.8868,0.9942,0.3744,12/12,38.52
dinov3l,square,none,VisA/candle,adino,5,0,0.9054,0.9001,0.9553,0.8602,0.9945,0.4734,,0.0
dinov3l,square,none,VisA/candle,galad,5,1,0.8941,0.9274,0.9698,0.8733,0.9936,0.385,12/12,34.43
dinov3l,square,none,VisA/candle,adino,5,1,0.9051,0.8987,0.967,0.8665,0.9947,0.4794,,0.0
dinov3l,square,none,VisA/candle,galad,5,2,0.8767,0.9143,0.9745,0.8917,0.9935,0.3236,12/12,26.71
dinov3l,square,none,VisA/candle,adino,5,2,0.905,0.8998,0.9598,0.8647,0.9944,0.4775,,0.0
dinov3l,square,none,VisA/candle,galad,5,3,0.8961,0.9343,0.9722,0.8888,0.9933,0.3549,12/12,33.62
dinov3l,square,none,VisA/candle,adino,5,3,0.9142,0.9094,0.966,0.8706,0.995,0.4794,,0.0
dinov3l,square,none,VisA/candle,galad,5,4,0.9121,0.9397,0.9735,0.8958,0.9944,0.3299,12/12,40.77
dinov3l,square,none,VisA/candle,adino,5,4,0.9067,0.9046,0.9635,0.8731,0.9947,0.4731,,0.0
dinov3l,square,none,mvtec_loco_AD/breakfast_box,galad,1,0,0.8738,0.761,0.6884,0.4567,0.8309,0.3424,12/12,5.28
dinov3l,square,none,mvtec_loco_AD/breakfast_box,adino,1,0,0.8732,0.7834,0.7435,0.451,0.8882,0.4436,,0.0
dinov3l,square,none,mvtec_loco_AD/breakfast_box,galad,1,1,0.8729,0.7564,0.7021,0.4529,0.8436,0.3776,12/12,6.08
dinov3l,square,none,mvtec_loco_AD/breakfast_box,adino,1,1,0.863,0.7518,0.7198,0.393,0.8838,0.4085,,0.0
dinov3l,square,none,mvtec_loco_AD/breakfast_box,galad,1,2,0.8659,0.7408,0.6722,0.412,0.8166,0.2855,12/12,8.63
dinov3l,square,none,mvtec_loco_AD/breakfast_box,adino,1,2,0.896,0.8177,0.7373,0.4615,0.8848,0.4594,,0.0
dinov3l,square,none,mvtec_loco_AD/breakfast_box,galad,1,3,0.8749,0.7678,0.6927,0.4526,0.8392,0.3819,12/12,9.0
dinov3l,square,none,mvtec_loco_AD/breakfast_box,adino,1,3,0.8792,0.7693,0.7123,0.4024,0.8829,0.4377,,0.0
dinov3l,square,none,mvtec_loco_AD/breakfast_box,galad,1,4,0.8699,0.7649,0.6964,0.4452,0.8398,0.3545,12/12,6.31
dinov3l,square,none,mvtec_loco_AD/breakfast_box,adino,1,4,0.8545,0.738,0.6948,0.395,0.8751,0.4195,,0.0
dinov3l,square,none,mvtec_loco_AD/breakfast_box,galad,2,0,0.8729,0.7563,0.7122,0.4738,0.8324,0.3638,12/12,18.28
dinov3l,square,none,mvtec_loco_AD/breakfast_box,adino,2,0,0.8762,0.7921,0.761,0.4594,0.8954,0.4534,,0.0
dinov3l,square,none,mvtec_loco_AD/breakfast_box,galad,2,1,0.851,0.7172,0.7161,0.4845,0.831,0.406,12/12,11.86
dinov3l,square,none,mvtec_loco_AD/breakfast_box,adino,2,1,0.8891,0.7919,0.7484,0.4444,0.8931,0.4629,,0.0
dinov3l,square,none,mvtec_loco_AD/breakfast_box,galad,2,2,0.8828,0.7735,0.6945,0.4255,0.8267,0.3008,12/12,17.6
dinov3l,square,none,mvtec_loco_AD/breakfast_box,adino,2,2,0.8937,0.8074,0.7469,0.461,0.8948,0.4777,,0.0
dinov3l,square,none,mvtec_loco_AD/breakfast_box,galad,2,3,0.8752,0.7647,0.7269,0.4775,0.8406,0.397,12/12,20.12
dinov3l,square,none,mvtec_loco_AD/breakfast_box,adino,2,3,0.8734,0.7627,0.7148,0.393,0.8857,0.4159,,0.0
dinov3l,square,none,mvtec_loco_AD/breakfast_box,galad,2,4,0.8777,0.7778,0.7137,0.4662,0.838,0.3849,12/12,17.54
dinov3l,square,none,mvtec_loco_AD/breakfast_box,adino,2,4,0.8737,0.7765,0.7107,0.4377,0.8798,0.4378,,0.0
dinov3l,square,none,mvtec_loco_AD/breakfast_box,galad,4,0,0.8854,0.7874,0.7412,0.4915,0.8292,0.3933,12/12,35.56
dinov3l,square,none,mvtec_loco_AD/breakfast_box,adino,4,0,0.8958,0.8177,0.7914,0.4983,0.9091,0.5081,,0.0
dinov3l,square,none,mvtec_loco_AD/breakfast_box,galad,4,1,0.868,0.7614,0.7465,0.497,0.8386,0.4212,12/12,31.08
dinov3l,square,none,mvtec_loco_AD/breakfast_box,adino,4,1,0.8959,0.8154,0.7709,0.484,0.9037,0.5038,,0.0
dinov3l,square,none,mvtec_loco_AD/breakfast_box,galad,4,2,0.8912,0.7949,0.7563,0.5226,0.8459,0.4263,12/12,27.41
dinov3l,square,none,mvtec_loco_AD/breakfast_box,adino,4,2,0.905,0.8311,0.7754,0.4911,0.9057,0.5121,,0.0
dinov3l,square,none,mvtec_loco_AD/breakfast_box,galad,4,3,0.8655,0.7503,0.7393,0.5104,0.8327,0.411,12/12,21.5
dinov3l,square,none,mvtec_loco_AD/breakfast_box,adino,4,3,0.8888,0.791,0.7647,0.4539,0.9014,0.4817,,0.0
dinov3l,square,none,mvtec_loco_AD/breakfast_box,galad,4,4,0.8835,0.7853,0.7465,0.5072,0.8375,0.4386,12/12,20.63
dinov3l,square,none,mvtec_loco_AD/breakfast_box,adino,4,4,0.8844,0.7826,0.7531,0.4871,0.8947,0.4814,,0.0
dinov3l,square,none,mvtec_loco_AD/breakfast_box,galad,5,0,0.89,0.7936,0.7446,0.5014,0.8313,0.4115,12/12,49.53
dinov3l,square,none,mvtec_loco_AD/breakfast_box,adino,5,0,0.8975,0.8154,0.8008,0.5127,0.9129,0.5281,,0.0
dinov3l,square,none,mvtec_loco_AD/breakfast_box,galad,5,1,0.8502,0.735,0.7339,0.4859,0.8277,0.4077,12/12,35.16
dinov3l,square,none,mvtec_loco_AD/breakfast_box,adino,5,1,0.8946,0.8157,0.7795,0.4985,0.9083,0.5193,,0.0
dinov3l,square,none,mvtec_loco_AD/breakfast_box,galad,5,2,0.8819,0.7805,0.7563,0.5065,0.8398,0.415,12/12,33.29
dinov3l,square,none,mvtec_loco_AD/breakfast_box,adino,5,2,0.9075,0.8314,0.78,0.5052,0.9073,0.5233,,0.0
dinov3l,square,none,mvtec_loco_AD/breakfast_box,galad,5,3,0.8889,0.7843,0.7565,0.5353,0.8401,0.4632,12/12,24.92
dinov3l,square,none,mvtec_loco_AD/breakfast_box,adino,5,3,0.9126,0.838,0.7868,0.4916,0.9098,0.5235,,0.0
dinov3l,square,none,mvtec_loco_AD/breakfast_box,galad,5,4,0.8887,0.787,0.7584,0.543,0.8413,0.4675,12/12,37.33
dinov3l,square,none,mvtec_loco_AD/breakfast_box,adino,5,4,0.8821,0.7814,0.7716,0.4962,0.902,0.5008,,0.0
dinov3l,square,none,AutoVI/engine_wiring,galad,1,0,0.6463,0.632,0.3173,0.0436,0.8398,0.1988,12/12,6.06
dinov3l,square,none,AutoVI/engine_wiring,adino,1,0,0.5487,0.5499,0.4068,0.0346,0.9062,0.6088,,0.0
dinov3l,square,none,AutoVI/engine_wiring,galad,1,1,0.5429,0.4947,0.2118,0.0162,0.8151,0.1395,12/12,4.66
dinov3l,square,none,AutoVI/engine_wiring,adino,1,1,0.5876,0.5724,0.3532,0.029,0.9002,0.6032,,0.0
dinov3l,square,none,AutoVI/engine_wiring,galad,1,2,0.5885,0.5823,0.2817,0.0501,0.7796,0.1324,12/12,5.55
dinov3l,square,none,AutoVI/engine_wiring,adino,1,2,0.5579,0.5411,0.293,0.0271,0.8867,0.5989,,0.0
dinov3l,square,none,AutoVI/engine_wiring,galad,1,3,0.5815,0.5545,0.2671,0.0275,0.7993,0.1593,12/12,6.03
dinov3l,square,none,AutoVI/engine_wiring,adino,1,3,0.5369,0.5113,0.3747,0.0179,0.9011,0.5803,,0.0
dinov3l,square,none,AutoVI/engine_wiring,galad,1,4,0.6681,0.6612,0.3234,0.0622,0.8002,0.1741,12/12,5.71
dinov3l,square,none,AutoVI/engine_wiring,adino,1,4,0.6184,0.6295,0.3639,0.0382,0.9144,0.6014,,0.0
dinov3l,square,none,AutoVI/engine_wiring,galad,2,0,0.6943,0.6829,0.2874,0.0467,0.8312,0.2831,12/12,18.58
dinov3l,square,none,AutoVI/engine_wiring,adino,2,0,0.6161,0.6472,0.4415,0.0453,0.9136,0.6083,,0.0
dinov3l,square,none,AutoVI/engine_wiring,galad,2,1,0.5512,0.5078,0.2677,0.0232,0.8635,0.1909,12/12,11.74
dinov3l,square,none,AutoVI/engine_wiring,adino,2,1,0.5547,0.5406,0.415,0.0318,0.9101,0.6065,,0.0
dinov3l,square,none,AutoVI/engine_wiring,galad,2,2,0.5862,0.5501,0.2807,0.0362,0.8327,0.2116,12/12,16.46
dinov3l,square,none,AutoVI/engine_wiring,adino,2,2,0.5268,0.513,0.4069,0.0298,0.9061,0.6042,,0.0
dinov3l,square,none,AutoVI/engine_wiring,galad,2,3,0.6387,0.6399,0.338,0.0419,0.8684,0.25,12/12,16.49
dinov3l,square,none,AutoVI/engine_wiring,adino,2,3,0.5792,0.5882,0.4663,0.038,0.9176,0.6074,,0.0
dinov3l,square,none,AutoVI/engine_wiring,galad,2,4,0.7448,0.7495,0.389,0.081,0.8507,0.2496,12/12,23.37
dinov3l,square,none,AutoVI/engine_wiring,adino,2,4,0.6252,0.6326,0.4846,0.0642,0.9249,0.6132,,0.0
dinov3l,square,none,AutoVI/engine_wiring,galad,4,0,0.7221,0.7221,0.3674,0.0708,0.8756,0.3513,12/12,37.74
dinov3l,square,none,AutoVI/engine_wiring,adino,4,0,0.6263,0.6652,0.5552,0.0808,0.9265,0.62,,0.0
dinov3l,square,none,AutoVI/engine_wiring,galad,4,1,0.556,0.5234,0.3278,0.0294,0.8851,0.3102,12/12,37.24
dinov3l,square,none,AutoVI/engine_wiring,adino,4,1,0.6013,0.6039,0.5006,0.0587,0.9202,0.6154,,0.0
dinov3l,square,none,AutoVI/engine_wiring,galad,4,2,0.542,0.5164,0.3351,0.0288,0.8694,0.2423,12/12,19.73
dinov3l,square,none,AutoVI/engine_wiring,adino,4,2,0.5487,0.5329,0.4772,0.0459,0.9162,0.6112,,0.0
dinov3l,square,none,AutoVI/engine_wiring,galad,4,3,0.6923,0.6917,0.3901,0.0745,0.8922,0.3722,12/12,35.54
dinov3l,square,none,AutoVI/engine_wiring,adino,4,3,0.6367,0.665,0.5142,0.0608,0.9254,0.6161,,0.0
dinov3l,square,none,AutoVI/engine_wiring,galad,4,4,0.7192,0.7136,0.3802,0.074,0.8571,0.3089,12/12,36.73
dinov3l,square,none,AutoVI/engine_wiring,adino,4,4,0.6017,0.6211,0.5003,0.0687,0.9239,0.6134,,0.0
dinov3l,square,none,AutoVI/engine_wiring,galad,5,0,0.7105,0.7253,0.398,0.0842,0.8884,0.3737,12/12,52.0
dinov3l,square,none,AutoVI/engine_wiring,adino,5,0,0.6427,0.6782,0.5734,0.0852,0.9297,0.6229,,0.0
dinov3l,square,none,AutoVI/engine_wiring,galad,5,1,0.6602,0.6262,0.3662,0.0618,0.8926,0.3828,12/12,31.57
dinov3l,square,none,AutoVI/engine_wiring,adino,5,1,0.6042,0.6219,0.5263,0.0751,0.9261,0.6196,,0.0
dinov3l,square,none,AutoVI/engine_wiring,galad,5,2,0.6162,0.5906,0.4015,0.0612,0.891,0.2874,12/12,61.86
dinov3l,square,none,AutoVI/engine_wiring,adino,5,2,0.564,0.5455,0.5106,0.0526,0.9195,0.6154,,0.0
dinov3l,square,none,AutoVI/engine_wiring,galad,5,3,0.7463,0.7353,0.4014,0.0787,0.8886,0.3923,12/12,43.58
dinov3l,square,none,AutoVI/engine_wiring,adino,5,3,0.6362,0.666,0.5396,0.0636,0.9278,0.6178,,0.0
dinov3l,square,none,AutoVI/engine_wiring,galad,5,4,0.7332,0.7159,0.4145,0.0763,0.8764,0.323,12/12,55.83
dinov3l,square,none,AutoVI/engine_wiring,adino,5,4,0.62,0.6475,0.5316,0.0717,0.9295,0.616,,0.0
dinov3l,square,none,btad/01,galad,1,0,0.9949,0.9854,0.8526,0.4952,0.9768,0.5934,12/12,2.32
dinov3l,square,none,btad/01,adino,1,0,0.9977,0.9942,0.8009,0.4753,0.9728,0.6428,,0.0
dinov3l,square,none,btad/01,galad,1,1,0.9932,0.9806,0.8472,0.4911,0.9771,0.6036,12/12,3.21
dinov3l,square,none,btad/01,adino,1,1,0.9974,0.9932,0.7844,0.45,0.9709,0.6294,,0.0
dinov3l,square,none,btad/01,galad,1,2,0.9866,0.9621,0.8324,0.4649,0.977,0.6043,12/12,2.38
dinov3l,square,none,btad/01,adino,1,2,0.9941,0.9845,0.8021,0.4726,0.973,0.6396,,0.0
dinov3l,square,none,btad/01,galad,1,3,0.992,0.9776,0.8284,0.4652,0.9762,0.6014,12/12,3.24
dinov3l,square,none,btad/01,adino,1,3,0.9965,0.9913,0.7782,0.4395,0.9698,0.6219,,0.0
dinov3l,square,none,btad/01,galad,1,4,0.9946,0.9845,0.8525,0.4957,0.9773,0.6042,12/12,3.51
dinov3l,square,none,btad/01,adino,1,4,0.9961,0.9893,0.8008,0.4802,0.9729,0.6477,,0.0
dinov3l,square,none,btad/01,galad,2,0,0.9939,0.9825,0.8461,0.4738,0.9771,0.6009,12/12,5.99
dinov3l,square,none,btad/01,adino,2,0,0.9976,0.9942,0.8054,0.4753,0.9738,0.6429,,0.0
dinov3l,square,none,btad/01,galad,2,1,0.9933,0.9815,0.8338,0.4646,0.9764,0.5978,12/12,4.44
dinov3l,square,none,btad/01,adino,2,1,0.9981,0.9951,0.7889,0.4563,0.9718,0.6342,,0.0
dinov3l,square,none,btad/01,galad,2,2,0.9933,0.9815,0.8363,0.4669,0.9771,0.6019,12/12,7.27
dinov3l,square,none,btad/01,adino,2,2,0.9955,0.9883,0.804,0.4761,0.9734,0.6417,,0.0
dinov3l,square,none,btad/01,galad,2,3,0.9917,0.9757,0.8262,0.4582,0.976,0.5939,12/12,6.0
dinov3l,square,none,btad/01,adino,2,3,0.9962,0.9903,0.7889,0.46,0.9724,0.6398,,0.0
dinov3l,square,none,btad/01,galad,2,4,0.996,0.9893,0.8553,0.4935,0.9769,0.5927,12/12,7.24
dinov3l,square,none,btad/01,adino,2,4,0.9974,0.9932,0.8007,0.4809,0.9725,0.6438,,0.0
dinov3l,square,none,btad/01,galad,4,0,0.9988,0.9971,0.848,0.4672,0.977,0.5921,12/12,17.28
dinov3l,square,none,btad/01,adino,4,0,0.9992,0.9981,0.814,0.4912,0.9746,0.6533,,0.0
dinov3l,square,none,btad/01,galad,4,1,0.9976,0.9942,0.8369,0.4638,0.9758,0.5913,12/12,16.63
dinov3l,square,none,btad/01,adino,4,1,0.9976,0.9942,0.7922,0.4587,0.972,0.6355,,0.0
dinov3l,square,none,btad/01,galad,4,2,0.9947,0.9864,0.8314,0.4539,0.9759,0.5881,12/12,11.45
dinov3l,square,none,btad/01,adino,4,2,0.9962,0.9903,0.8029,0.4744,0.9733,0.6395,,0.0
dinov3l,square,none,btad/01,galad,4,3,0.9976,0.9942,0.835,0.4612,0.9765,0.5905,12/12,13.35
dinov3l,square,none,btad/01,adino,4,3,0.9969,0.9922,0.7946,0.4684,0.9732,0.6459,,0.0
dinov3l,square,none,btad/01,galad,4,4,0.9988,0.9971,0.8514,0.4776,0.9771,0.5923,12/12,14.9
dinov3l,square,none,btad/01,adino,4,4,0.9974,0.9932,0.8044,0.4766,0.9737,0.6448,,0.0
dinov3l,square,none,btad/01,galad,5,0,0.9992,0.9981,0.8487,0.4663,0.9767,0.5883,12/12,24.13
dinov3l,square,none,btad/01,adino,5,0,0.9992,0.9981,0.8124,0.4883,0.9746,0.6526,,0.0
dinov3l,square,none,btad/01,galad,5,1,0.9976,0.9942,0.8392,0.4633,0.976,0.5876,12/12,19.13
dinov3l,square,none,btad/01,adino,5,1,0.9985,0.9961,0.7987,0.4663,0.9731,0.64,,0.0
dinov3l,square,none,btad/01,galad,5,2,0.9977,0.9942,0.8312,0.4515,0.9761,0.5938,12/12,24.55
dinov3l,square,none,btad/01,adino,5,2,0.9984,0.9961,0.8053,0.4771,0.9736,0.6416,,0.0
dinov3l,square,none,btad/01,galad,5,3,0.9984,0.9961,0.8312,0.4533,0.9762,0.5914,12/12,14.04
dinov3l,square,none,btad/01,adino,5,3,0.9969,0.9922,0.7945,0.468,0.9731,0.6455,,0.0
dinov3l,square,none,btad/01,galad,5,4,0.9985,0.9961,0.8503,0.4799,0.9779,0.6033,12/12,14.32
dinov3l,square,none,btad/01,adino,5,4,0.9977,0.9942,0.8053,0.4756,0.974,0.6447,,0.0
dinov3l,square,none,GoodsAD/cigarette_box,galad,1,0,0.5794,0.5453,0.5543,0.0092,0.8677,0.1237,12/12,5.73
dinov3l,square,none,GoodsAD/cigarette_box,adino,1,0,0.5746,0.5242,0.6583,0.0485,0.9107,0.174,,0.0
dinov3l,square,none,GoodsAD/cigarette_box,galad,1,1,0.5756,0.5296,0.4802,0.0151,0.8459,0.1105,12/12,7.66
dinov3l,square,none,GoodsAD/cigarette_box,adino,1,1,0.5782,0.5083,0.6642,0.0624,0.9172,0.1885,,0.0
dinov3l,square,none,GoodsAD/cigarette_box,galad,1,2,0.5781,0.5163,0.48,0.0141,0.8424,0.1082,12/12,4.37
dinov3l,square,none,GoodsAD/cigarette_box,adino,1,2,0.5561,0.4886,0.5323,0.0077,0.8654,0.1208,,0.0
dinov3l,square,none,GoodsAD/cigarette_box,galad,1,3,0.5806,0.5501,0.5691,0.0158,0.874,0.1299,12/12,6.05
dinov3l,square,none,GoodsAD/cigarette_box,adino,1,3,0.5832,0.5288,0.7129,0.1112,0.9321,0.2212,,0.0
dinov3l,square,none,GoodsAD/cigarette_box,galad,1,4,0.5818,0.5512,0.5838,0.0165,0.8782,0.1332,12/12,4.46
dinov3l,square,none,GoodsAD/cigarette_box,adino,1,4,0.5832,0.5288,0.7129,0.1112,0.9321,0.2212,,0.0
dinov3l,square,none,GoodsAD/cigarette_box,galad,2,0,0.5821,0.5619,0.6054,0.026,0.8835,0.14,12/12,10.63
dinov3l,square,none,GoodsAD/cigarette_box,adino,2,0,0.5671,0.5075,0.7018,0.0886,0.925,0.2024,,0.0
dinov3l,square,none,GoodsAD/cigarette_box,galad,2,1,0.5963,0.5779,0.6036,0.0321,0.8838,0.1401,12/12,9.82
dinov3l,square,none,GoodsAD/cigarette_box,adino,2,1,0.5805,0.5114,0.6948,0.0705,0.9236,0.1976,,0.0
dinov3l,square,none,GoodsAD/cigarette_box,galad,2,2,0.5765,0.5315,0.5442,0.0178,0.8666,0.1236,12/12,9.22
dinov3l,square,none,GoodsAD/cigarette_box,adino,2,2,0.5549,0.4833,0.6368,0.0305,0.8985,0.1549,,0.0
dinov3l,square,none,GoodsAD/cigarette_box,galad,2,3,0.5912,0.5814,0.6212,0.0332,0.8917,0.1495,12/12,13.55
dinov3l,square,none,GoodsAD/cigarette_box,adino,2,3,0.5788,0.534,0.7142,0.1315,0.9319,0.2252,,0.0
dinov3l,square,none,GoodsAD/cigarette_box,galad,2,4,0.5903,0.5817,0.61,0.0327,0.8897,0.1464,12/12,11.75
dinov3l,square,none,GoodsAD/cigarette_box,adino,2,4,0.5777,0.5226,0.7055,0.103,0.9298,0.2153,,0.0
dinov3l,square,none,GoodsAD/cigarette_box,galad,4,0,0.6321,0.6304,0.6875,0.1023,0.9098,0.1861,12/12,22.33
dinov3l,square,none,GoodsAD/cigarette_box,adino,4,0,0.5565,0.5004,0.7169,0.0907,0.9279,0.2076,,0.0
dinov3l,square,none,GoodsAD/cigarette_box,galad,4,1,0.6622,0.6678,0.7281,0.1482,0.9195,0.2082,12/12,20.61
dinov3l,square,none,GoodsAD/cigarette_box,adino,4,1,0.5739,0.5232,0.7441,0.1354,0.9365,0.2308,,0.0
dinov3l,square,none,GoodsAD/cigarette_box,galad,4,2,0.6085,0.6058,0.6882,0.0583,0.9079,0.1734,12/12,19.47
dinov3l,square,none,GoodsAD/cigarette_box,adino,4,2,0.5483,0.4802,0.7151,0.0844,0.923,0.1963,,0.0
dinov3l,square,none,GoodsAD/cigarette_box,galad,4,3,0.6708,0.6906,0.7317,0.171,0.9248,0.2244,12/12,17.89
dinov3l,square,none,GoodsAD/cigarette_box,adino,4,3,0.5768,0.53,0.7359,0.1714,0.9363,0.238,,0.0
dinov3l,square,none,GoodsAD/cigarette_box,galad,4,4,0.642,0.6527,0.7064,0.1226,0.9171,0.201,12/12,23.06
dinov3l,square,none,GoodsAD/cigarette_box,adino,4,4,0.579,0.5336,0.7503,0.1775,0.9417,0.2515,,0.0
dinov3l,square,none,GoodsAD/cigarette_box,galad,5,0,0.6794,0.6982,0.7345,0.1731,0.9232,0.2245,12/12,30.4
dinov3l,square,none,GoodsAD/cigarette_box,adino,5,0,0.5708,0.5195,0.7225,0.0951,0.9287,0.2092,,0.0
dinov3l,square,none,GoodsAD/cigarette_box,galad,5,1,0.6554,0.665,0.7267,0.1482,0.9192,0.2086,12/12,34.99
dinov3l,square,none,GoodsAD/cigarette_box,adino,5,1,0.5778,0.5322,0.7519,0.1609,0.9395,0.2413,,0.0
dinov3l,square,none,GoodsAD/cigarette_box,galad,5,2,0.633,0.6406,0.7295,0.1212,0.9195,0.2026,12/12,27.33
dinov3l,square,none,GoodsAD/cigarette_box,adino,5,2,0.544,0.4811,0.7313,0.115,0.9294,0.2119,,0.0
dinov3l,square,none,GoodsAD/cigarette_box,galad,5,3,0.682,0.6923,0.7353,0.1802,0.9266,0.2334,12/12,32.49
dinov3l,square,none,GoodsAD/cigarette_box,adino,5,3,0.5801,0.5426,0.7565,0.2183,0.9425,0.2624,,0.0
dinov3l,square,none,GoodsAD/cigarette_box,galad,5,4,0.6751,0.6895,0.7415,0.167,0.9271,0.2279,12/12,29.31
dinov3l,square,none,GoodsAD/cigarette_box,adino,5,4,0.5837,0.5454,0.7516,0.1789,0.9401,0.2461,,0.0
dinov3l,square,none,mvtec_AD/cable,galad,1,0,0.9573,0.9134,0.9014,0.7479,0.9493,0.6126,12/12,7.93
dinov3l,square,none,mvtec_AD/cable,adino,1,0,0.9115,0.854,0.7857,0.4864,0.915,0.5959,,0.0
dinov3l,square,none,mvtec_AD/cable,galad,1,1,0.943,0.8904,0.8863,0.7326,0.9391,0.6242,12/12,5.56
dinov3l,square,none,mvtec_AD/cable,adino,1,1,0.9203,0.8519,0.7646,0.5148,0.916,0.6746,,0.0
dinov3l,square,none,mvtec_AD/cable,galad,1,2,0.9678,0.9355,0.8959,0.7537,0.942,0.639,12/12,7.34
dinov3l,square,none,mvtec_AD/cable,adino,1,2,0.9563,0.9166,0.8732,0.6639,0.9317,0.676,,0.0
dinov3l,square,none,mvtec_AD/cable,galad,1,3,0.9438,0.896,0.8921,0.7494,0.937,0.6165,12/12,7.4
dinov3l,square,none,mvtec_AD/cable,adino,1,3,0.9252,0.8651,0.8337,0.5811,0.9218,0.6618,,0.0
dinov3l,square,none,mvtec_AD/cable,galad,1,4,0.9424,0.8943,0.8921,0.7465,0.9372,0.6114,12/12,5.21
dinov3l,square,none,mvtec_AD/cable,adino,1,4,0.9252,0.8651,0.8337,0.5811,0.9218,0.6618,,0.0
dinov3l,square,none,mvtec_AD/cable,galad,2,0,0.956,0.9076,0.8949,0.7515,0.9384,0.6304,12/12,16.59
dinov3l,square,none,mvtec_AD/cable,adino,2,0,0.8906,0.8148,0.7669,0.4248,0.9132,0.5961,,0.0
dinov3l,square,none,mvtec_AD/cable,galad,2,1,0.9573,0.9159,0.8906,0.7445,0.9366,0.625,12/12,16.82
dinov3l,square,none,mvtec_AD/cable,adino,2,1,0.9404,0.884,0.8187,0.5861,0.9242,0.6846,,0.0
dinov3l,square,none,mvtec_AD/cable,galad,2,2,0.9663,0.9314,0.897,0.7552,0.9413,0.6416,12/12,13.27
dinov3l,square,none,mvtec_AD/cable,adino,2,2,0.9511,0.9027,0.8731,0.6438,0.9425,0.6842,,0.0
dinov3l,square,none,mvtec_AD/cable,galad,2,3,0.9626,0.9275,0.8924,0.7495,0.944,0.62,12/12,9.13
dinov3l,square,none,mvtec_AD/cable,adino,2,3,0.9591,0.913,0.8865,0.6698,0.9486,0.6975,,0.0
dinov3l,square,none,mvtec_AD/cable,galad,2,4,0.9522,0.9085,0.891,0.7503,0.9299,0.614,12/12,10.93
dinov3l,square,none,mvtec_AD/cable,adino,2,4,0.9432,0.8881,0.8652,0.6752,0.9187,0.6804,,0.0
dinov3l,square,none,mvtec_AD/cable,galad,4,0,0.9718,0.9419,0.8978,0.7511,0.9428,0.6346,12/12,26.94
dinov3l,square,none,mvtec_AD/cable,adino,4,0,0.9335,0.8806,0.8359,0.5744,0.9318,0.6596,,0.0
dinov3l,square,none,mvtec_AD/cable,galad,4,1,0.9625,0.9211,0.8924,0.7461,0.9366,0.6181,12/12,27.71
dinov3l,square,none,mvtec_AD/cable,adino,4,1,0.9437,0.8924,0.8433,0.6101,0.9284,0.6708,,0.0
dinov3l,square,none,mvtec_AD/cable,galad,4,2,0.9683,0.935,0.8953,0.7582,0.9361,0.6341,12/12,40.62
dinov3l,square,none,mvtec_AD/cable,adino,4,2,0.9535,0.9102,0.8745,0.6483,0.9478,0.6925,,0.0
dinov3l,square,none,mvtec_AD/cable,galad,4,3,0.9627,0.9288,0.8858,0.7446,0.9341,0.6161,12/12,26.9
dinov3l,square,none,mvtec_AD/cable,adino,4,3,0.9652,0.9222,0.8888,0.6987,0.9409,0.6998,,0.0
dinov3l,square,none,mvtec_AD/cable,galad,4,4,0.9614,0.923,0.896,0.7537,0.9326,0.6152,12/12,17.12
dinov3l,square,none,mvtec_AD/cable,adino,4,4,0.9494,0.9016,0.8661,0.6686,0.9247,0.6783,,0.0
dinov3l,square,none,mvtec_AD/cable,galad,5,0,0.9752,0.9492,0.8929,0.7542,0.9379,0.6199,12/12,28.8
dinov3l,square,none,mvtec_AD/cable,adino,5,0,0.9513,0.9042,0.8732,0.6404,0.947,0.6877,,0.0
dinov3l,square,none,mvtec_AD/cable,galad,5,1,0.9701,0.9402,0.8965,0.745,0.9406,0.6271,12/12,26.42
dinov3l,square,none,mvtec_AD/cable,adino,5,1,0.9625,0.9228,0.8699,0.6525,0.9413,0.6861,,0.0
dinov3l,square,none,mvtec_AD/cable,galad,5,2,0.9676,0.9337,0.8931,0.7444,0.9364,0.637,12/12,22.55
dinov3l,square,none,mvtec_AD/cable,adino,5,2,0.9506,0.9054,0.8734,0.6437,0.9462,0.6877,,0.0
dinov3l,square,none,mvtec_AD/cable,galad,5,3,0.9634,0.9301,0.8845,0.7471,0.9292,0.6159,12/12,40.18
dinov3l,square,none,mvtec_AD/cable,adino,5,3,0.9629,0.9172,0.8872,0.7028,0.9376,0.6995,,0.0
dinov3l,square,none,mvtec_AD/cable,galad,5,4,0.9711,0.9423,0.8956,0.7465,0.9357,0.6019,12/12,29.42
dinov3l,square,none,mvtec_AD/cable,adino,5,4,0.9518,0.9114,0.876,0.6684,0.9386,0.6784,,0.0
dinov3l,square,none,VisA/capsules,galad,1,0,0.9668,0.9407,0.9788,0.8992,0.9952,0.5316,12/12,14.39
dinov3l,square,none,VisA/capsules,adino,1,0,0.8909,0.7923,0.4976,0.2743,0.9022,0.1981,,0.0
dinov3l,square,none,VisA/capsules,galad,1,1,0.9757,0.9598,0.9762,0.8846,0.9943,0.4881,12/12,6.36
dinov3l,square,none,VisA/capsules,adino,1,1,0.9241,0.8587,0.5572,0.3265,0.9355,0.2366,,0.0
dinov3l,square,none,VisA/capsules,galad,1,2,0.9745,0.9593,0.9777,0.8987,0.9932,0.5031,12/12,9.43
dinov3l,square,none,VisA/capsules,adino,1,2,0.8987,0.8118,0.509,0.2722,0.9118,0.2008,,0.0
dinov3l,square,none,VisA/capsules,galad,1,3,0.9434,0.9,0.9781,0.8975,0.9956,0.613,12/12,7.97
dinov3l,square,none,VisA/capsules,adino,1,3,0.8505,0.7348,0.4555,0.2387,0.9088,0.2631,,0.0
dinov3l,square,none,VisA/capsules,galad,1,4,0.9601,0.929,0.9759,0.8841,0.9945,0.5158,12/12,10.28
dinov3l,square,none,VisA/capsules,adino,1,4,0.8908,0.7928,0.5231,0.2872,0.9138,0.2071,,0.0
dinov3l,square,none,VisA/capsules,galad,2,0,0.965,0.9398,0.9774,0.894,0.9945,0.5415,12/12,12.66
dinov3l,square,none,VisA/capsules,adino,2,0,0.8982,0.7963,0.6169,0.3869,0.9403,0.2483,,0.0
dinov3l,square,none,VisA/capsules,galad,2,1,0.9818,0.9703,0.9764,0.8861,0.9941,0.4817,12/12,13.66
dinov3l,square,none,VisA/capsules,adino,2,1,0.924,0.8555,0.6027,0.3612,0.9427,0.2382,,0.0
dinov3l,square,none,VisA/capsules,galad,2,2,0.9805,0.9702,0.976,0.8853,0.9934,0.4834,12/12,12.17
dinov3l,square,none,VisA/capsules,adino,2,2,0.8988,0.814,0.561,0.3171,0.9284,0.2179,,0.0
dinov3l,square,none,VisA/capsules,galad,2,3,0.963,0.9393,0.9765,0.892,0.9942,0.5777,12/12,15.0
dinov3l,square,none,VisA/capsules,adino,2,3,0.8926,0.8018,0.5272,0.2859,0.9311,0.2905,,0.0
dinov3l,square,none,VisA/capsules,galad,2,4,0.9684,0.9465,0.9815,0.9164,0.9956,0.5543,12/12,11.41
dinov3l,square,none,VisA/capsules,adino,2,4,0.896,0.8012,0.5821,0.3498,0.9363,0.2574,,0.0
dinov3l,square,none,VisA/capsules,galad,4,0,0.9716,0.9535,0.979,0.9033,0.995,0.5536,12/12,62.05
dinov3l,square,none,VisA/capsules,adino,4,0,0.8937,0.7998,0.6275,0.4195,0.949,0.2836,,0.0
dinov3l,square,none,VisA/capsules,galad,4,1,0.9853,0.9768,0.9785,0.9018,0.9939,0.5252,12/12,41.57
dinov3l,square,none,VisA/capsules,adino,4,1,0.9227,0.856,0.6547,0.4234,0.9472,0.2667,,0.0
dinov3l,square,none,VisA/capsules,galad,4,2,0.9748,0.9605,0.9773,0.8938,0.9936,0.5002,12/12,32.96
dinov3l,square,none,VisA/capsules,adino,4,2,0.9094,0.8298,0.6632,0.4028,0.9477,0.2617,,0.0
dinov3l,square,none,VisA/capsules,galad,4,3,0.96,0.9332,0.9792,0.903,0.9954,0.5603,12/12,37.63
dinov3l,square,none,VisA/capsules,adino,4,3,0.9005,0.8097,0.6281,0.3566,0.9493,0.312,,0.0
dinov3l,square,none,VisA/capsules,galad,4,4,0.9707,0.9528,0.9793,0.906,0.9948,0.5553,12/12,35.13
dinov3l,square,none,VisA/capsules,adino,4,4,0.9079,0.8223,0.6769,0.3994,0.9503,0.2873,,0.0
dinov3l,square,none,VisA/capsules,galad,5,0,0.9743,0.9552,0.9793,0.9046,0.995,0.5497,12/12,52.74
dinov3l,square,none,VisA/capsules,adino,5,0,0.9053,0.821,0.6443,0.4316,0.9546,0.2892,,0.0
dinov3l,square,none,VisA/capsules,galad,5,1,0.9818,0.972,0.9791,0.9045,0.9941,0.5209,12/12,47.54
dinov3l,square,none,VisA/capsules,adino,5,1,0.9143,0.8352,0.6799,0.448,0.9494,0.2827,,0.0
dinov3l,square,none,VisA/capsules,galad,5,2,0.9739,0.9605,0.9766,0.8901,0.9936,0.4966,12/12,39.36
dinov3l,square,none,VisA/capsules,adino,5,2,0.9074,0.8257,0.7024,0.4363,0.9519,0.2801,,0.0
dinov3l,square,none,VisA/capsules,galad,5,3,0.9655,0.9452,0.9803,0.9104,0.9952,0.5545,12/12,53.66
dinov3l,square,none,VisA/capsules,adino,5,3,0.9027,0.8103,0.6466,0.3797,0.9516,0.3212,,0.0
dinov3l,square,none,VisA/capsules,galad,5,4,0.9714,0.949,0.9816,0.9159,0.9958,0.5743,12/12,52.21
dinov3l,square,none,VisA/capsules,adino,5,4,0.9048,0.812,0.6802,0.4125,0.9527,0.2929,,0.0
dinov3l,square,none,mvtec_loco_AD/juice_bottle,galad,1,0,0.8592,0.6752,0.7096,0.3609,0.8672,0.2334,12/12,3.67
dinov3l,square,none,mvtec_loco_AD/juice_bottle,adino,1,0,0.7442,0.5291,0.7336,0.433,0.9012,0.3743,,0.0
dinov3l,square,none,mvtec_loco_AD/juice_bottle,galad,1,1,0.8582,0.6872,0.7139,0.3744,0.8637,0.238,12/12,5.22
dinov3l,square,none,mvtec_loco_AD/juice_bottle,adino,1,1,0.759,0.5405,0.7787,0.5144,0.8994,0.4225,,0.0
dinov3l,square,none,mvtec_loco_AD/juice_bottle,galad,1,2,0.8315,0.6638,0.7014,0.3567,0.854,0.218,12/12,4.6
dinov3l,square,none,mvtec_loco_AD/juice_bottle,adino,1,2,0.776,0.5629,0.7626,0.4813,0.8758,0.3804,,0.0
dinov3l,square,none,mvtec_loco_AD/juice_bottle,galad,1,3,0.8504,0.6726,0.7224,0.3621,0.8571,0.2224,12/12,4.23
dinov3l,square,none,mvtec_loco_AD/juice_bottle,adino,1,3,0.7608,0.5417,0.7861,0.5106,0.8951,0.4103,,0.0
dinov3l,square,none,mvtec_loco_AD/juice_bottle,galad,1,4,0.8498,0.666,0.7105,0.3623,0.8621,0.2275,12/12,5.11
dinov3l,square,none,mvtec_loco_AD/juice_bottle,adino,1,4,0.7491,0.5492,0.7367,0.4565,0.8956,0.3982,,0.0
dinov3l,square,none,mvtec_loco_AD/juice_bottle,galad,2,0,0.9036,0.7629,0.7419,0.4047,0.8682,0.2738,12/12,11.61
dinov3l,square,none,mvtec_loco_AD/juice_bottle,adino,2,0,0.7865,0.6312,0.7864,0.5275,0.9133,0.4786,,0.0
dinov3l,square,none,mvtec_loco_AD/juice_bottle,galad,2,1,0.9047,0.768,0.7491,0.4161,0.8656,0.2783,12/12,9.13
dinov3l,square,none,mvtec_loco_AD/juice_bottle,adino,2,1,0.7911,0.652,0.7815,0.5296,0.9098,0.4847,,0.0
dinov3l,square,none,mvtec_loco_AD/juice_bottle,galad,2,2,0.8629,0.7257,0.7243,0.4017,0.8601,0.2673,12/12,7.05
dinov3l,square,none,mvtec_loco_AD/juice_bottle,adino,2,2,0.8298,0.6977,0.7784,0.5267,0.9016,0.4689,,0.0
dinov3l,square,none,mvtec_loco_AD/juice_bottle,galad,2,3,0.9045,0.7657,0.7431,0.4074,0.8564,0.2612,12/12,6.74
dinov3l,square,none,mvtec_loco_AD/juice_bottle,adino,2,3,0.7899,0.6419,0.7724,0.51,0.8995,0.4634,,0.0
dinov3l,square,none,mvtec_loco_AD/juice_bottle,galad,2,4,0.8565,0.6766,0.7223,0.3755,0.866,0.2492,12/12,8.76
dinov3l,square,none,mvtec_loco_AD/juice_bottle,adino,2,4,0.7454,0.5434,0.7622,0.4568,0.9147,0.4013,,0.0
dinov3l,square,none,mvtec_loco_AD/juice_bottle,galad,4,0,0.8998,0.7502,0.723,0.4051,0.8587,0.2829,12/12,15.44
dinov3l,square,none,mvtec_loco_AD/juice_bottle,adino,4,0,0.7874,0.6355,0.8078,0.5485,0.9185,0.49,,0.0
dinov3l,square,none,mvtec_loco_AD/juice_bottle,galad,4,1,0.9126,0.7924,0.7669,0.465,0.8681,0.3404,12/12,18.66
dinov3l,square,none,mvtec_loco_AD/juice_bottle,adino,4,1,0.9481,0.8592,0.7918,0.5614,0.9193,0.5868,,0.0
dinov3l,square,none,mvtec_loco_AD/juice_bottle,galad,4,2,0.9264,0.8203,0.7524,0.4691,0.8683,0.3564,12/12,16.61
dinov3l,square,none,mvtec_loco_AD/juice_bottle,adino,4,2,0.9471,0.8544,0.7968,0.5641,0.9202,0.5888,,0.0
dinov3l,square,none,mvtec_loco_AD/juice_bottle,galad,4,3,0.9313,0.8308,0.7531,0.4786,0.8534,0.3494,12/12,15.41
dinov3l,square,none,mvtec_loco_AD/juice_bottle,adino,4,3,0.9493,0.8632,0.7939,0.5668,0.9104,0.5787,,0.0
dinov3l,square,none,mvtec_loco_AD/juice_bottle,galad,4,4,0.9397,0.847,0.7672,0.4606,0.8591,0.3293,12/12,18.1
dinov3l,square,none,mvtec_loco_AD/juice_bottle,adino,4,4,0.9492,0.8584,0.791,0.5641,0.9172,0.582,,0.0
dinov3l,square,none,mvtec_loco_AD/juice_bottle,galad,5,0,0.9126,0.7902,0.7602,0.4581,0.8696,0.3449,12/12,22.59
dinov3l,square,none,mvtec_loco_AD/juice_bottle,adino,5,0,0.9306,0.8311,0.8057,0.5734,0.9221,0.5906,,0.0
dinov3l,square,none,mvtec_loco_AD/juice_bottle,galad,5,1,0.9109,0.8004,0.755,0.4529,0.8585,0.3323,12/12,22.21
dinov3l,square,none,mvtec_loco_AD/juice_bottle,adino,5,1,0.9486,0.8628,0.8011,0.5703,0.9215,0.5894,,0.0
dinov3l,square,none,mvtec_loco_AD/juice_bottle,galad,5,2,0.9426,0.8518,0.7555,0.4691,0.8618,0.3621,12/12,24.41
dinov3l,square,none,mvtec_loco_AD/juice_bottle,adino,5,2,0.9482,0.8603,0.7985,0.5651,0.9219,0.588,,0.0
dinov3l,square,none,mvtec_loco_AD/juice_bottle,galad,5,3,0.9362,0.8366,0.7576,0.4534,0.8581,0.3325,12/12,22.61
dinov3l,square,none,mvtec_loco_AD/juice_bottle,adino,5,3,0.952,0.8677,0.7962,0.5772,0.9117,0.5835,,0.0
dinov3l,square,none,mvtec_loco_AD/juice_bottle,galad,5,4,0.9387,0.8431,0.7706,0.4542,0.8621,0.3344,12/12,16.71
dinov3l,square,none,mvtec_loco_AD/juice_bottle,adino,5,4,0.9497,0.8608,0.7995,0.5711,0.9178,0.5832,,0.0
dinov3l,square,none,AutoVI/pipe_clip,galad,1,0,0.4515,0.5237,0.4021,0.0315,0.7922,0.0316,12/12,3.97
dinov3l,square,none,AutoVI/pipe_clip,adino,1,0,0.4558,0.5176,0.1702,0.0077,0.6393,0.0525,,0.0
dinov3l,square,none,AutoVI/pipe_clip,galad,1,1,0.4558,0.5213,0.2759,0.0279,0.7246,0.0171,12/12,4.27
dinov3l,square,none,AutoVI/pipe_clip,adino,1,1,0.45,0.4979,0.1231,0.0066,0.5839,0.0512,,0.0
dinov3l,square,none,AutoVI/pipe_clip,galad,1,2,0.503,0.5843,0.405,0.0298,0.7749,0.018,12/12,3.96
dinov3l,square,none,AutoVI/pipe_clip,adino,1,2,0.4711,0.5382,0.1433,0.0085,0.6247,0.0657,,0.0
dinov3l,square,none,AutoVI/pipe_clip,galad,1,3,0.4649,0.5328,0.466,0.0657,0.8226,0.0307,12/12,4.04
dinov3l,square,none,AutoVI/pipe_clip,adino,1,3,0.4415,0.4917,0.1346,0.0079,0.6041,0.0596,,0.0
dinov3l,square,none,AutoVI/pipe_clip,galad,1,4,0.4648,0.5305,0.3769,0.0502,0.7881,0.026,12/12,3.58
dinov3l,square,none,AutoVI/pipe_clip,adino,1,4,0.4415,0.4917,0.1346,0.0079,0.6041,0.0596,,0.0
dinov3l,square,none,AutoVI/pipe_clip,galad,2,0,0.4614,0.5363,0.353,0.0318,0.7817,0.0285,12/12,9.5
dinov3l,square,none,AutoVI/pipe_clip,adino,2,0,0.4537,0.5189,0.1779,0.0075,0.6636,0.0629,,0.0
dinov3l,square,none,AutoVI/pipe_clip,galad,2,1,0.4562,0.5242,0.2709,0.0243,0.7234,0.0215,12/12,10.91
dinov3l,square,none,AutoVI/pipe_clip,adino,2,1,0.4603,0.5311,0.1708,0.0076,0.6436,0.0504,,0.0
dinov3l,square,none,AutoVI/pipe_clip,galad,2,2,0.5058,0.5595,0.3967,0.0467,0.7873,0.0224,12/12,18.02
dinov3l,square,none,AutoVI/pipe_clip,adino,2,2,0.4453,0.5053,0.1936,0.0572,0.6291,0.0719,,0.0
dinov3l,square,none,AutoVI/pipe_clip,galad,2,3,0.4631,0.533,0.2876,0.0228,0.7563,0.0242,12/12,17.27
dinov3l,square,none,AutoVI/pipe_clip,adino,2,3,0.4436,0.502,0.1561,0.0076,0.6549,0.0565,,0.0
dinov3l,square,none,AutoVI/pipe_clip,galad,2,4,0.4649,0.5332,0.355,0.0431,0.7838,0.0267,12/12,8.84
dinov3l,square,none,AutoVI/pipe_clip,adino,2,4,0.4376,0.4852,0.1737,0.0078,0.6542,0.0529,,0.0
dinov3l,square,none,AutoVI/pipe_clip,galad,4,0,0.4591,0.5285,0.293,0.0286,0.7582,0.0278,12/12,14.1
dinov3l,square,none,AutoVI/pipe_clip,adino,4,0,0.4503,0.5122,0.1629,0.0074,0.6465,0.0619,,0.0
dinov3l,square,none,AutoVI/pipe_clip,galad,4,1,0.4574,0.5273,0.2771,0.0163,0.7448,0.0192,12/12,22.58
dinov3l,square,none,AutoVI/pipe_clip,adino,4,1,0.4588,0.5415,0.2112,0.0079,0.6808,0.0618,,0.0
dinov3l,square,none,AutoVI/pipe_clip,galad,4,2,0.4778,0.5665,0.3266,0.0295,0.7573,0.0301,12/12,35.49
dinov3l,square,none,AutoVI/pipe_clip,adino,4,2,0.4431,0.4835,0.1906,0.0169,0.6252,0.071,,0.0
dinov3l,square,none,AutoVI/pipe_clip,galad,4,3,0.469,0.5429,0.304,0.0239,0.7655,0.0286,12/12,27.68
dinov3l,square,none,AutoVI/pipe_clip,adino,4,3,0.4466,0.5078,0.1406,0.0074,0.6334,0.0518,,0.0
dinov3l,square,none,AutoVI/pipe_clip,galad,4,4,0.4743,0.5586,0.2598,0.0183,0.7324,0.0215,12/12,44.62
dinov3l,square,none,AutoVI/pipe_clip,adino,4,4,0.4702,0.533,0.2109,0.0088,0.6772,0.0769,,0.0
dinov3l,square,none,AutoVI/pipe_clip,galad,5,0,0.4618,0.5367,0.3104,0.0238,0.7684,0.0247,12/12,27.58
dinov3l,square,none,AutoVI/pipe_clip,adino,5,0,0.446,0.5027,0.1767,0.0075,0.6673,0.0618,,0.0
dinov3l,square,none,AutoVI/pipe_clip,galad,5,1,0.4627,0.5373,0.3306,0.0293,0.7636,0.0296,12/12,28.68
dinov3l,square,none,AutoVI/pipe_clip,adino,5,1,0.4732,0.5493,0.2449,0.0167,0.7008,0.0743,,0.0
dinov3l,square,none,AutoVI/pipe_clip,galad,5,2,0.4781,0.5579,0.3371,0.0316,0.7677,0.0339,12/12,42.88
dinov3l,square,none,AutoVI/pipe_clip,adino,5,2,0.4382,0.4811,0.2087,0.0181,0.6403,0.067,,0.0
dinov3l,square,none,AutoVI/pipe_clip,galad,5,3,0.4639,0.5382,0.2743,0.0194,0.7454,0.0238,12/12,27.24
dinov3l,square,none,AutoVI/pipe_clip,adino,5,3,0.4465,0.5075,0.1462,0.0073,0.641,0.0519,,0.0
dinov3l,square,none,AutoVI/pipe_clip,galad,5,4,0.4711,0.5503,0.3167,0.0232,0.7705,0.0251,12/12,44.04
dinov3l,square,none,AutoVI/pipe_clip,adino,5,4,0.4694,0.5395,0.2369,0.0094,0.7007,0.0762,,0.0
dinov3l,square,none,btad/02,galad,1,0,0.9726,0.8305,0.6434,0.2841,0.9697,0.6361,12/12,7.1
dinov3l,square,none,btad/02,adino,1,0,0.9619,0.7719,0.4979,0.2308,0.949,0.5177,,0.0
dinov3l,square,none,btad/02,galad,1,1,0.9866,0.9174,0.7047,0.344,0.973,0.6565,12/12,7.45
dinov3l,square,none,btad/02,adino,1,1,0.9792,0.8755,0.5004,0.2257,0.9517,0.5346,,0.0
dinov3l,square,none,btad/02,galad,1,2,0.9888,0.9307,0.7154,0.3458,0.9733,0.6719,12/12,7.13
dinov3l,square,none,btad/02,adino,1,2,0.9795,0.8732,0.4958,0.2157,0.9531,0.5484,,0.0
dinov3l,square,none,btad/02,galad,1,3,0.9883,0.9293,0.7143,0.3506,0.9735,0.6742,12/12,5.72
dinov3l,square,none,btad/02,adino,1,3,0.9837,0.8992,0.5053,0.2352,0.9511,0.5275,,0.0
dinov3l,square,none,btad/02,galad,1,4,0.9843,0.9035,0.6576,0.2831,0.9682,0.6026,12/12,5.56
dinov3l,square,none,btad/02,adino,1,4,0.9813,0.8873,0.503,0.2316,0.9547,0.5746,,0.0
dinov3l,square,none,btad/02,galad,2,0,0.9797,0.876,0.6534,0.3055,0.972,0.6647,12/12,23.34
dinov3l,square,none,btad/02,adino,2,0,0.975,0.8516,0.4969,0.2304,0.9505,0.5231,,0.0
dinov3l,square,none,btad/02,galad,2,1,0.9883,0.9305,0.7154,0.349,0.9731,0.6582,12/12,21.44
dinov3l,square,none,btad/02,adino,2,1,0.9832,0.8997,0.5288,0.2399,0.9537,0.5335,,0.0
dinov3l,square,none,btad/02,galad,2,2,0.9885,0.9302,0.6913,0.3361,0.9732,0.6683,12/12,11.17
dinov3l,square,none,btad/02,adino,2,2,0.9862,0.9157,0.4962,0.2192,0.9535,0.5519,,0.0
dinov3l,square,none,btad/02,galad,2,3,0.9893,0.9372,0.6903,0.3335,0.9732,0.6703,12/12,12.83
dinov3l,square,none,btad/02,adino,2,3,0.9859,0.9131,0.5056,0.2351,0.9518,0.5324,,0.0
dinov3l,square,none,btad/02,galad,2,4,0.9865,0.9181,0.6552,0.3118,0.9715,0.6598,12/12,10.5
dinov3l,square,none,btad/02,adino,2,4,0.9828,0.8943,0.5012,0.2279,0.9542,0.5578,,0.0
dinov3l,square,none,btad/02,galad,4,0,0.9789,0.8715,0.5859,0.2519,0.966,0.5919,12/12,23.35
dinov3l,square,none,btad/02,adino,4,0,0.9789,0.8762,0.5061,0.2345,0.9532,0.5358,,0.0
dinov3l,square,none,btad/02,galad,4,1,0.9885,0.9317,0.67,0.3003,0.97,0.6162,12/12,31.87
dinov3l,square,none,btad/02,adino,4,1,0.9879,0.9278,0.5222,0.2396,0.9541,0.5361,,0.0
dinov3l,square,none,btad/02,galad,4,2,0.986,0.9154,0.6881,0.3297,0.973,0.6639,12/12,20.27
dinov3l,square,none,btad/02,adino,4,2,0.9857,0.9136,0.5003,0.2231,0.9543,0.5577,,0.0
dinov3l,square,none,btad/02,galad,4,3,0.9862,0.9166,0.6496,0.293,0.9693,0.6148,12/12,32.94
dinov3l,square,none,btad/02,adino,4,3,0.9885,0.931,0.5104,0.237,0.954,0.5452,,0.0
dinov3l,square,none,btad/02,galad,4,4,0.9855,0.9119,0.6076,0.255,0.9665,0.5841,12/12,25.03
dinov3l,square,none,btad/02,adino,4,4,0.983,0.8948,0.5011,0.2326,0.9551,0.5677,,0.0
dinov3l,square,none,btad/02,galad,5,0,0.9815,0.8874,0.6053,0.2523,0.9661,0.5811,12/12,39.49
dinov3l,square,none,btad/02,adino,5,0,0.9801,0.8796,0.5059,0.2337,0.9521,0.5249,,0.0
dinov3l,square,none,btad/02,galad,5,1,0.9883,0.9303,0.6796,0.3148,0.9712,0.6399,12/12,33.44
dinov3l,square,none,btad/02,adino,5,1,0.9892,0.9357,0.5217,0.2396,0.9542,0.5361,,0.0
dinov3l,square,none,btad/02,galad,5,2,0.9863,0.9171,0.6699,0.3055,0.9699,0.6169,12/12,32.84
dinov3l,square,none,btad/02,adino,5,2,0.9862,0.9144,0.5062,0.2284,0.9559,0.5679,,0.0
dinov3l,square,none,btad/02,galad,5,3,0.9846,0.907,0.6252,0.286,0.9689,0.6151,12/12,33.15
dinov3l,square,none,btad/02,adino,5,3,0.9875,0.925,0.5092,0.2397,0.9544,0.5584,,0.0
dinov3l,square,none,btad/02,galad,5,4,0.9851,0.9102,0.6033,0.2541,0.9662,0.5781,12/12,43.28
dinov3l,square,none,btad/02,adino,5,4,0.9841,0.9007,0.5005,0.2323,0.9551,0.5669,,0.0
dinov3l,square,none,GoodsAD/drink_bottle,galad,1,0,0.5686,0.5219,0.7018,0.2132,0.9216,0.065,12/12,5.71
dinov3l,square,none,GoodsAD/drink_bottle,adino,1,0,0.5523,0.521,0.5999,0.2456,0.9091,0.0717,,0.0
dinov3l,square,none,GoodsAD/drink_bottle,galad,1,1,0.5595,0.5299,0.6756,0.2243,0.9092,0.0579,12/12,6.36
dinov3l,square,none,GoodsAD/drink_bottle,adino,1,1,0.5452,0.5088,0.6237,0.235,0.905,0.0628,,0.0
dinov3l,square,none,GoodsAD/drink_bottle,galad,1,2,0.5831,0.5588,0.6851,0.2314,0.9202,0.0599,12/12,7.38
dinov3l,square,none,GoodsAD/drink_bottle,adino,1,2,0.5594,0.5356,0.6033,0.2152,0.92,0.0851,,0.0
dinov3l,square,none,GoodsAD/drink_bottle,galad,1,3,0.5695,0.5195,0.6911,0.1697,0.9289,0.0727,12/12,5.76
dinov3l,square,none,GoodsAD/drink_bottle,adino,1,3,0.5591,0.525,0.6163,0.2577,0.9202,0.0906,,0.0
dinov3l,square,none,GoodsAD/drink_bottle,galad,1,4,0.5784,0.5559,0.7071,0.2642,0.9009,0.0433,12/12,7.7
dinov3l,square,none,GoodsAD/drink_bottle,adino,1,4,0.558,0.5281,0.606,0.2269,0.8906,0.0522,,0.0
dinov3l,square,none,GoodsAD/drink_bottle,galad,2,0,0.5796,0.5443,0.723,0.2662,0.9274,0.0732,12/12,9.92
dinov3l,square,none,GoodsAD/drink_bottle,adino,2,0,0.5598,0.5337,0.6093,0.245,0.9149,0.0765,,0.0
dinov3l,square,none,GoodsAD/drink_bottle,galad,2,1,0.5781,0.5365,0.6559,0.2534,0.9208,0.0867,12/12,7.0
dinov3l,square,none,GoodsAD/drink_bottle,adino,2,1,0.5595,0.524,0.637,0.2481,0.9197,0.0829,,0.0
dinov3l,square,none,GoodsAD/drink_bottle,galad,2,2,0.5934,0.5711,0.7125,0.2821,0.9299,0.0706,12/12,11.66
dinov3l,square,none,GoodsAD/drink_bottle,adino,2,2,0.5606,0.5333,0.6261,0.2255,0.9169,0.0754,,0.0
dinov3l,square,none,GoodsAD/drink_bottle,galad,2,3,0.5773,0.5337,0.6878,0.2627,0.9275,0.08,12/12,14.07
dinov3l,square,none,GoodsAD/drink_bottle,adino,2,3,0.56,0.5348,0.6392,0.2787,0.9199,0.0851,,0.0
dinov3l,square,none,GoodsAD/drink_bottle,galad,2,4,0.5826,0.5577,0.7128,0.27,0.8981,0.045,12/12,10.75
dinov3l,square,none,GoodsAD/drink_bottle,adino,2,4,0.5562,0.5257,0.6371,0.236,0.8976,0.0472,,0.0
dinov3l,square,none,GoodsAD/drink_bottle,galad,4,0,0.5735,0.5489,0.6916,0.272,0.9254,0.0834,12/12,24.44
dinov3l,square,none,GoodsAD/drink_bottle,adino,4,0,0.5586,0.5361,0.6521,0.2768,0.9116,0.0646,,0.0
dinov3l,square,none,GoodsAD/drink_bottle,galad,4,1,0.59,0.5561,0.6866,0.2684,0.9188,0.0804,12/12,28.14
dinov3l,square,none,GoodsAD/drink_bottle,adino,4,1,0.5718,0.5522,0.6362,0.2568,0.9067,0.0702,,0.0
dinov3l,square,none,GoodsAD/drink_bottle,galad,4,2,0.591,0.559,0.7128,0.2743,0.9429,0.11,12/12,33.74
dinov3l,square,none,GoodsAD/drink_bottle,adino,4,2,0.5663,0.5446,0.6498,0.2697,0.9285,0.0961,,0.0
dinov3l,square,none,GoodsAD/drink_bottle,galad,4,3,0.5882,0.5504,0.6664,0.2892,0.9324,0.1137,12/12,16.58
dinov3l,square,none,GoodsAD/drink_bottle,adino,4,3,0.5646,0.544,0.6524,0.2913,0.9262,0.0993,,0.0
dinov3l,square,none,GoodsAD/drink_bottle,galad,4,4,0.5816,0.5565,0.6879,0.2789,0.908,0.054,12/12,21.79
dinov3l,square,none,GoodsAD/drink_bottle,adino,4,4,0.5541,0.5293,0.6695,0.2674,0.9222,0.0689,,0.0
dinov3l,square,none,GoodsAD/drink_bottle,galad,5,0,0.5859,0.5599,0.7029,0.2651,0.9304,0.0893,12/12,29.73
dinov3l,square,none,GoodsAD/drink_bottle,adino,5,0,0.556,0.5313,0.666,0.2703,0.9197,0.0684,,0.0
dinov3l,square,none,GoodsAD/drink_bottle,galad,5,1,0.5795,0.552,0.6745,0.2443,0.9215,0.0861,12/12,26.22
dinov3l,square,none,GoodsAD/drink_bottle,adino,5,1,0.5683,0.5437,0.6443,0.2586,0.9076,0.0698,,0.0
dinov3l,square,none,GoodsAD/drink_bottle,galad,5,2,0.5894,0.5548,0.7245,0.2763,0.9464,0.1166,12/12,38.32
dinov3l,square,none,GoodsAD/drink_bottle,adino,5,2,0.5649,0.5441,0.6487,0.2734,0.9291,0.0941,,0.0
dinov3l,square,none,GoodsAD/drink_bottle,galad,5,3,0.5932,0.5515,0.6804,0.2605,0.9389,0.1489,12/12,31.76
dinov3l,square,none,GoodsAD/drink_bottle,adino,5,3,0.5681,0.5497,0.6545,0.2965,0.9278,0.1005,,0.0
dinov3l,square,none,GoodsAD/drink_bottle,galad,5,4,0.5847,0.5621,0.6997,0.2947,0.9193,0.0691,12/12,33.82
dinov3l,square,none,GoodsAD/drink_bottle,adino,5,4,0.5574,0.5347,0.674,0.265,0.9282,0.0764,,0.0
dinov3l,square,none,mvtec_AD/capsule,galad,1,0,0.9617,0.8381,0.953,0.7513,0.9853,0.5634,12/12,7.56
dinov3l,square,none,mvtec_AD/capsule,adino,1,0,0.9818,0.9166,0.9434,0.7398,0.9904,0.6174,,0.0
dinov3l,square,none,mvtec_AD/capsule,galad,1,1,0.9383,0.7595,0.9247,0.6273,0.9772,0.3772,12/12,12.55
dinov3l,square,none,mvtec_AD/capsule,adino,1,1,0.9014,0.7048,0.9295,0.6689,0.9863,0.4039,,0.0
dinov3l,square,none,mvtec_AD/capsule,galad,1,2,0.9495,0.795,0.9505,0.7481,0.9837,0.5418,12/12,5.2
dinov3l,square,none,mvtec_AD/capsule,adino,1,2,0.9866,0.939,0.9415,0.7465,0.9906,0.6145,,0.0
dinov3l,square,none,mvtec_AD/capsule,galad,1,3,0.9508,0.8157,0.9473,0.7453,0.9818,0.5174,12/12,6.59
dinov3l,square,none,mvtec_AD/capsule,adino,1,3,0.9472,0.8277,0.9382,0.7399,0.9903,0.6036,,0.0
dinov3l,square,none,mvtec_AD/capsule,galad,1,4,0.9591,0.8396,0.9469,0.7447,0.9826,0.5355,12/12,5.03
dinov3l,square,none,mvtec_AD/capsule,adino,1,4,0.9472,0.8277,0.9382,0.7399,0.9903,0.6036,,0.0
dinov3l,square,none,mvtec_AD/capsule,galad,2,0,0.9652,0.8552,0.957,0.7734,0.9848,0.5686,12/12,9.61
dinov3l,square,none,mvtec_AD/capsule,adino,2,0,0.9782,0.9051,0.947,0.7464,0.9914,0.6199,,0.0
dinov3l,square,none,mvtec_AD/capsule,galad,2,1,0.945,0.7802,0.9301,0.6445,0.9752,0.3791,12/12,12.39
dinov3l,square,none,mvtec_AD/capsule,adino,2,1,0.9022,0.7044,0.9333,0.6711,0.9871,0.4006,,0.0
dinov3l,square,none,mvtec_AD/capsule,galad,2,2,0.9636,0.8492,0.9607,0.7985,0.9846,0.5605,12/12,7.72
dinov3l,square,none,mvtec_AD/capsule,adino,2,2,0.9885,0.9501,0.9491,0.765,0.9921,0.6226,,0.0
dinov3l,square,none,mvtec_AD/capsule,galad,2,3,0.9525,0.8225,0.952,0.7532,0.985,0.5499,12/12,8.05
dinov3l,square,none,mvtec_AD/capsule,adino,2,3,0.9415,0.8133,0.9438,0.7414,0.9907,0.5967,,0.0
dinov3l,square,none,mvtec_AD/capsule,galad,2,4,0.9566,0.8408,0.9517,0.7649,0.9817,0.5335,12/12,10.95
dinov3l,square,none,mvtec_AD/capsule,adino,2,4,0.9427,0.8177,0.9416,0.7407,0.9908,0.5987,,0.0
dinov3l,square,none,mvtec_AD/capsule,galad,4,0,0.9658,0.8544,0.9547,0.7627,0.9843,0.5675,12/12,17.37
dinov3l,square,none,mvtec_AD/capsule,adino,4,0,0.9722,0.8831,0.9507,0.7515,0.9917,0.6139,,0.0
dinov3l,square,none,mvtec_AD/capsule,galad,4,1,0.9697,0.8728,0.9605,0.795,0.9847,0.5629,12/12,20.4
dinov3l,square,none,mvtec_AD/capsule,adino,4,1,0.9789,0.9091,0.9509,0.7635,0.9916,0.6212,,0.0
dinov3l,square,none,mvtec_AD/capsule,galad,4,2,0.9639,0.8532,0.9619,0.8032,0.9843,0.5631,12/12,16.96
dinov3l,square,none,mvtec_AD/capsule,adino,4,2,0.9876,0.9462,0.9517,0.7621,0.9921,0.6215,,0.0
dinov3l,square,none,mvtec_AD/capsule,galad,4,3,0.9618,0.8536,0.959,0.7963,0.9818,0.5496,12/12,20.82
dinov3l,square,none,mvtec_AD/capsule,adino,4,3,0.9716,0.8835,0.9485,0.7581,0.9913,0.6215,,0.0
dinov3l,square,none,mvtec_AD/capsule,galad,4,4,0.9791,0.911,0.9594,0.8018,0.9821,0.5431,12/12,22.55
dinov3l,square,none,mvtec_AD/capsule,adino,4,4,0.9958,0.9813,0.9517,0.7801,0.9924,0.6363,,0.0
dinov3l,square,none,mvtec_AD/capsule,galad,5,0,0.9632,0.848,0.9582,0.7858,0.9831,0.565,12/12,19.03
dinov3l,square,none,mvtec_AD/capsule,adino,5,0,0.9716,0.8827,0.9498,0.7526,0.9916,0.614,,0.0
dinov3l,square,none,mvtec_AD/capsule,galad,5,1,0.9756,0.8959,0.9604,0.7992,0.9833,0.5631,12/12,27.61
dinov3l,square,none,mvtec_AD/capsule,adino,5,1,0.9898,0.9541,0.9516,0.774,0.992,0.6249,,0.0
dinov3l,square,none,mvtec_AD/capsule,galad,5,2,0.9645,0.8564,0.9599,0.8024,0.9828,0.5509,12/12,38.24
dinov3l,square,none,mvtec_AD/capsule,adino,5,2,0.9863,0.9406,0.9517,0.7609,0.9922,0.6232,,0.0
dinov3l,square,none,mvtec_AD/capsule,galad,5,3,0.9673,0.866,0.9564,0.7822,0.9812,0.5323,12/12,23.36
dinov3l,square,none,mvtec_AD/capsule,adino,5,3,0.9714,0.8839,0.949,0.7573,0.9914,0.619,,0.0
dinov3l,square,none,mvtec_AD/capsule,galad,5,4,0.9758,0.8999,0.9575,0.7922,0.9821,0.5375,12/12,36.48
dinov3l,square,none,mvtec_AD/capsule,adino,5,4,0.9946,0.9757,0.9526,0.7783,0.9925,0.6345,,0.0
dinov3l,square,none,VisA/cashew,galad,1,0,0.9523,0.9078,0.9679,0.824,0.9769,0.4484,12/12,8.58
dinov3l,square,none,VisA/cashew,adino,1,0,0.9618,0.9144,0.9208,0.6611,0.9936,0.7029,,0.0
dinov3l,square,none,VisA/cashew,galad,1,1,0.9651,0.937,0.9681,0.8271,0.9702,0.4202,12/12,5.59
dinov3l,square,none,VisA/cashew,adino,1,1,0.9648,0.9292,0.9302,0.6751,0.9921,0.6597,,0.0
dinov3l,square,none,VisA/cashew,galad,1,2,0.9549,0.921,0.9663,0.8213,0.9759,0.456,12/12,8.64
dinov3l,square,none,VisA/cashew,adino,1,2,0.9625,0.9184,0.9282,0.6896,0.9907,0.651,,0.0
dinov3l,square,none,VisA/cashew,galad,1,3,0.9684,0.937,0.9604,0.7928,0.9739,0.4718,12/12,7.46
dinov3l,square,none,VisA/cashew,adino,1,3,0.976,0.9462,0.9023,0.6442,0.9935,0.7065,,0.0
dinov3l,square,none,VisA/cashew,galad,1,4,0.97,0.936,0.9599,0.8069,0.9734,0.4209,12/12,6.68
dinov3l,square,none,VisA/cashew,adino,1,4,0.977,0.9554,0.9094,0.6954,0.9939,0.713,,0.0
dinov3l,square,none,VisA/cashew,galad,2,0,0.972,0.9452,0.9652,0.8119,0.9757,0.4452,12/12,10.54
dinov3l,square,none,VisA/cashew,adino,2,0,0.9715,0.939,0.9359,0.7205,0.9953,0.7275,,0.0
dinov3l,square,none,VisA/cashew,galad,2,1,0.9719,0.9474,0.9706,0.8342,0.9723,0.4019,12/12,15.94
dinov3l,square,none,VisA/cashew,adino,2,1,0.9839,0.9676,0.9124,0.717,0.9949,0.7166,,0.0
dinov3l,square,none,VisA/cashew,galad,2,2,0.9538,0.9098,0.9655,0.8116,0.9797,0.4676,12/12,15.95
dinov3l,square,none,VisA/cashew,adino,2,2,0.9787,0.9546,0.9453,0.7392,0.9938,0.6834,,0.0
dinov3l,square,none,VisA/cashew,galad,2,3,0.9725,0.9482,0.9653,0.8152,0.9752,0.4399,12/12,13.69
dinov3l,square,none,VisA/cashew,adino,2,3,0.9879,0.9736,0.9206,0.6848,0.995,0.7406,,0.0
dinov3l,square,none,VisA/cashew,galad,2,4,0.9639,0.9244,0.9637,0.8096,0.9716,0.4186,12/12,20.68
dinov3l,square,none,VisA/cashew,adino,2,4,0.9839,0.9694,0.9341,0.7282,0.9956,0.7458,,0.0
dinov3l,square,none,VisA/cashew,galad,4,0,0.9779,0.9576,0.969,0.8261,0.9775,0.423,12/12,28.99
dinov3l,square,none,VisA/cashew,adino,4,0,0.9843,0.9672,0.9457,0.7469,0.9962,0.7636,,0.0
dinov3l,square,none,VisA/cashew,galad,4,1,0.9777,0.9574,0.9687,0.825,0.9778,0.4367,12/12,17.24
dinov3l,square,none,VisA/cashew,adino,4,1,0.9868,0.9722,0.9279,0.7179,0.9957,0.7326,,0.0
dinov3l,square,none,VisA/cashew,galad,4,2,0.9766,0.9544,0.9653,0.8097,0.978,0.4524,12/12,34.49
dinov3l,square,none,VisA/cashew,adino,4,2,0.9798,0.9552,0.9482,0.7483,0.995,0.7117,,0.0
dinov3l,square,none,VisA/cashew,galad,4,3,0.9734,0.951,0.9628,0.806,0.9762,0.4396,12/12,23.77
dinov3l,square,none,VisA/cashew,adino,4,3,0.9867,0.9702,0.9315,0.7075,0.9957,0.7533,,0.0
dinov3l,square,none,VisA/cashew,galad,4,4,0.9848,0.968,0.9681,0.8207,0.9743,0.4157,12/12,20.73
dinov3l,square,none,VisA/cashew,adino,4,4,0.987,0.9746,0.9413,0.7364,0.9959,0.7496,,0.0
dinov3l,square,none,VisA/cashew,galad,5,0,0.9742,0.9516,0.9622,0.8004,0.9765,0.4547,12/12,72.68
dinov3l,square,none,VisA/cashew,adino,5,0,0.985,0.9696,0.9477,0.7519,0.9964,0.7711,,0.0
dinov3l,square,none,VisA/cashew,galad,5,1,0.9796,0.9628,0.9698,0.8288,0.9786,0.4464,12/12,34.1
dinov3l,square,none,VisA/cashew,adino,5,1,0.9874,0.9736,0.9302,0.7208,0.9957,0.7309,,0.0
dinov3l,square,none,VisA/cashew,galad,5,2,0.9789,0.9594,0.9641,0.807,0.9752,0.4275,12/12,20.85
dinov3l,square,none,VisA/cashew,adino,5,2,0.9808,0.9576,0.9496,0.7521,0.9952,0.7165,,0.0
dinov3l,square,none,VisA/cashew,galad,5,3,0.9773,0.9586,0.9638,0.8054,0.9759,0.4464,12/12,16.97
dinov3l,square,none,VisA/cashew,adino,5,3,0.988,0.9734,0.9368,0.7195,0.9959,0.758,,0.0
dinov3l,square,none,VisA/cashew,galad,5,4,0.9866,0.9716,0.9692,0.8259,0.9734,0.428,12/12,27.71
dinov3l,square,none,VisA/cashew,adino,5,4,0.9878,0.9758,0.9426,0.7361,0.9959,0.75,,0.0
dinov3l,square,none,mvtec_loco_AD/pushpins,galad,1,0,0.6027,0.5535,0.4216,0.1179,0.6727,0.0681,12/12,6.64
dinov3l,square,none,mvtec_loco_AD/pushpins,adino,1,0,0.6543,0.5638,0.4134,0.1412,0.7214,0.0967,,0.0
dinov3l,square,none,mvtec_loco_AD/pushpins,galad,1,1,0.7127,0.5989,0.4188,0.1175,0.6575,0.0533,12/12,6.29
dinov3l,square,none,mvtec_loco_AD/pushpins,adino,1,1,0.6218,0.5452,0.4135,0.137,0.7166,0.0863,,0.0
dinov3l,square,none,mvtec_loco_AD/pushpins,galad,1,2,0.5624,0.5061,0.3884,0.0849,0.683,0.0762,12/12,6.57
dinov3l,square,none,mvtec_loco_AD/pushpins,adino,1,2,0.6391,0.5756,0.4252,0.1493,0.7469,0.1421,,0.0
dinov3l,square,none,mvtec_loco_AD/pushpins,galad,1,3,0.6669,0.5931,0.4276,0.1418,0.6362,0.0558,12/12,5.94
dinov3l,square,none,mvtec_loco_AD/pushpins,adino,1,3,0.6549,0.592,0.4041,0.129,0.7034,0.0765,,0.0
dinov3l,square,none,mvtec_loco_AD/pushpins,galad,1,4,0.5699,0.5249,0.4201,0.1085,0.6522,0.068,12/12,5.94
dinov3l,square,none,mvtec_loco_AD/pushpins,adino,1,4,0.6339,0.5876,0.4179,0.1474,0.7494,0.1174,,0.0
dinov3l,square,none,mvtec_loco_AD/pushpins,galad,2,0,0.7133,0.6433,0.4815,0.1942,0.6957,0.0815,12/12,8.83
dinov3l,square,none,mvtec_loco_AD/pushpins,adino,2,0,0.6378,0.5676,0.4623,0.17,0.7562,0.1082,,0.0
dinov3l,square,none,mvtec_loco_AD/pushpins,galad,2,1,0.7114,0.6169,0.492,0.198,0.7096,0.087,12/12,8.5
dinov3l,square,none,mvtec_loco_AD/pushpins,adino,2,1,0.6592,0.5897,0.4675,0.1649,0.7353,0.0997,,0.0
dinov3l,square,none,mvtec_loco_AD/pushpins,galad,2,2,0.5847,0.5338,0.4249,0.1263,0.7104,0.0855,12/12,12.09
dinov3l,square,none,mvtec_loco_AD/pushpins,adino,2,2,0.6851,0.6229,0.4857,0.1939,0.7725,0.1676,,0.0
dinov3l,square,none,mvtec_loco_AD/pushpins,galad,2,3,0.7133,0.6235,0.4525,0.1634,0.7127,0.0766,12/12,14.73
dinov3l,square,none,mvtec_loco_AD/pushpins,adino,2,3,0.6697,0.611,0.4346,0.1455,0.7206,0.0827,,0.0
dinov3l,square,none,mvtec_loco_AD/pushpins,galad,2,4,0.6978,0.6244,0.4594,0.1784,0.7124,0.0811,12/12,9.25
dinov3l,square,none,mvtec_loco_AD/pushpins,adino,2,4,0.6277,0.573,0.4485,0.1562,0.7524,0.1055,,0.0
dinov3l,square,none,mvtec_loco_AD/pushpins,galad,4,0,0.7536,0.6701,0.5303,0.2324,0.7394,0.1068,12/12,18.35
dinov3l,square,none,mvtec_loco_AD/pushpins,adino,4,0,0.6621,0.5936,0.5054,0.2064,0.7817,0.1515,,0.0
dinov3l,square,none,mvtec_loco_AD/pushpins,galad,4,1,0.6546,0.5964,0.4685,0.1848,0.7604,0.1182,12/12,24.1
dinov3l,square,none,mvtec_loco_AD/pushpins,adino,4,1,0.6376,0.5684,0.4952,0.1892,0.7583,0.1223,,0.0
dinov3l,square,none,mvtec_loco_AD/pushpins,galad,4,2,0.6927,0.6242,0.4937,0.2249,0.7603,0.1394,12/12,20.01
dinov3l,square,none,mvtec_loco_AD/pushpins,adino,4,2,0.6605,0.5717,0.529,0.2251,0.7925,0.194,,0.0
dinov3l,square,none,mvtec_loco_AD/pushpins,galad,4,3,0.7095,0.6235,0.4963,0.2036,0.732,0.099,12/12,19.29
dinov3l,square,none,mvtec_loco_AD/pushpins,adino,4,3,0.6494,0.5917,0.4867,0.1833,0.7647,0.1259,,0.0
dinov3l,square,none,mvtec_loco_AD/pushpins,galad,4,4,0.6529,0.5827,0.4725,0.203,0.7537,0.1245,12/12,22.49
dinov3l,square,none,mvtec_loco_AD/pushpins,adino,4,4,0.6516,0.5988,0.4826,0.1852,0.7792,0.1424,,0.0
dinov3l,square,none,mvtec_loco_AD/pushpins,galad,5,0,0.7521,0.667,0.5383,0.2545,0.7712,0.146,12/12,21.94
dinov3l,square,none,mvtec_loco_AD/pushpins,adino,5,0,0.6673,0.6131,0.5053,0.2027,0.7763,0.1422,,0.0
dinov3l,square,none,mvtec_loco_AD/pushpins,galad,5,1,0.7055,0.6355,0.5163,0.242,0.7662,0.152,12/12,34.26
dinov3l,square,none,mvtec_loco_AD/pushpins,adino,5,1,0.6552,0.5812,0.4971,0.1914,0.761,0.1219,,0.0
dinov3l,square,none,mvtec_loco_AD/pushpins,galad,5,2,0.6873,0.6232,0.5055,0.2491,0.7783,0.184,12/12,22.96
dinov3l,square,none,mvtec_loco_AD/pushpins,adino,5,2,0.6388,0.5555,0.5475,0.2425,0.8004,0.2027,,0.0
dinov3l,square,none,mvtec_loco_AD/pushpins,galad,5,3,0.7059,0.621,0.5178,0.2147,0.7551,0.1168,12/12,21.19
dinov3l,square,none,mvtec_loco_AD/pushpins,adino,5,3,0.6389,0.5701,0.5047,0.197,0.7703,0.142,,0.0
dinov3l,square,none,mvtec_loco_AD/pushpins,galad,5,4,0.6806,0.614,0.4895,0.2165,0.7541,0.1294,12/12,37.3
dinov3l,square,none,mvtec_loco_AD/pushpins,adino,5,4,0.6529,0.6059,0.5004,0.2041,0.7846,0.163,,0.0
dinov3l,square,none,AutoVI/tank_screw,galad,1,0,0.2381,0.5034,0.6132,0.1301,0.8263,0.0026,12/12,5.81
dinov3l,square,none,AutoVI/tank_screw,adino,1,0,0.2191,0.4576,0.2907,0.0312,0.7211,0.0017,,0.0
dinov3l,square,none,AutoVI/tank_screw,galad,1,1,0.2403,0.5328,0.7063,0.2504,0.8723,0.0037,12/12,6.29
dinov3l,square,none,AutoVI/tank_screw,adino,1,1,0.2285,0.4844,0.3723,0.0584,0.7648,0.0023,,0.0
dinov3l,square,none,AutoVI/tank_screw,galad,1,2,0.293,0.5263,0.7573,0.3993,0.904,0.008,12/12,4.45
dinov3l,square,none,AutoVI/tank_screw,adino,1,2,0.2103,0.4597,0.2837,0.0458,0.7196,0.002,,0.0
dinov3l,square,none,AutoVI/tank_screw,galad,1,3,0.2634,0.5246,0.7023,0.2768,0.862,0.0039,12/12,5.18
dinov3l,square,none,AutoVI/tank_screw,adino,1,3,0.2189,0.4665,0.2999,0.0621,0.6566,0.0019,,0.0
dinov3l,square,none,AutoVI/tank_screw,galad,1,4,0.2838,0.507,0.6875,0.318,0.8674,0.0053,12/12,3.71
dinov3l,square,none,AutoVI/tank_screw,adino,1,4,0.1945,0.4193,0.3908,0.1227,0.7492,0.0034,,0.0
dinov3l,square,none,AutoVI/tank_screw,galad,2,0,0.2307,0.499,0.6647,0.1696,0.8595,0.0032,12/12,13.86
dinov3l,square,none,AutoVI/tank_screw,adino,2,0,0.2213,0.4593,0.34,0.0407,0.7494,0.002,,0.0
dinov3l,square,none,AutoVI/tank_screw,galad,2,1,0.2362,0.518,0.7147,0.1711,0.8863,0.0039,12/12,18.63
dinov3l,square,none,AutoVI/tank_screw,adino,2,1,0.227,0.488,0.4,0.0825,0.7522,0.0027,,0.0
dinov3l,square,none,AutoVI/tank_screw,galad,2,2,0.3123,0.5215,0.746,0.4005,0.9085,0.0092,12/12,16.26
dinov3l,square,none,AutoVI/tank_screw,adino,2,2,0.2018,0.4266,0.4326,0.1827,0.7991,0.0059,,0.0
dinov3l,square,none,AutoVI/tank_screw,galad,2,3,0.2151,0.4951,0.7826,0.352,0.9122,0.0061,12/12,14.2
dinov3l,square,none,AutoVI/tank_screw,adino,2,3,0.1963,0.4253,0.428,0.0617,0.7763,0.0024,,0.0
dinov3l,square,none,AutoVI/tank_screw,galad,2,4,0.2053,0.4664,0.7522,0.2459,0.9061,0.0048,12/12,9.19
dinov3l,square,none,AutoVI/tank_screw,adino,2,4,0.1846,0.3978,0.2643,0.0219,0.7347,0.0017,,0.0
dinov3l,square,none,AutoVI/tank_screw,galad,4,0,0.2125,0.4806,0.7411,0.2328,0.8992,0.0044,12/12,26.73
dinov3l,square,none,AutoVI/tank_screw,adino,4,0,0.1793,0.366,0.3411,0.0576,0.7733,0.0022,,0.0
dinov3l,square,none,AutoVI/tank_screw,galad,4,1,0.2252,0.5074,0.853,0.4198,0.9425,0.0085,12/12,31.33
dinov3l,square,none,AutoVI/tank_screw,adino,4,1,0.2084,0.455,0.2995,0.0592,0.7522,0.0023,,0.0
dinov3l,square,none,AutoVI/tank_screw,galad,4,2,0.2149,0.4867,0.8182,0.453,0.9243,0.0093,12/12,43.73
dinov3l,square,none,AutoVI/tank_screw,adino,4,2,0.1778,0.3733,0.3844,0.047,0.8119,0.0024,,0.0
dinov3l,square,none,AutoVI/tank_screw,galad,4,3,0.2008,0.4576,0.6591,0.1509,0.8647,0.0034,12/12,29.79
dinov3l,square,none,AutoVI/tank_screw,adino,4,3,0.2011,0.4308,0.4371,0.0803,0.7664,0.0028,,0.0
dinov3l,square,none,AutoVI/tank_screw,galad,4,4,0.2108,0.4806,0.7816,0.2904,0.9174,0.0055,12/12,47.85
dinov3l,square,none,AutoVI/tank_screw,adino,4,4,0.1834,0.3904,0.337,0.0351,0.7708,0.0021,,0.0
dinov3l,square,none,AutoVI/tank_screw,galad,5,0,0.2322,0.5093,0.7903,0.2784,0.9214,0.0057,12/12,30.2
dinov3l,square,none,AutoVI/tank_screw,adino,5,0,0.1815,0.3793,0.3615,0.0645,0.7803,0.0024,,0.0
dinov3l,square,none,AutoVI/tank_screw,galad,5,1,0.2241,0.5001,0.7703,0.2632,0.915,0.0055,12/12,38.96
dinov3l,square,none,AutoVI/tank_screw,adino,5,1,0.2091,0.4496,0.3174,0.064,0.7698,0.0025,,0.0
dinov3l,square,none,AutoVI/tank_screw,galad,5,2,0.213,0.4901,0.8236,0.4178,0.9305,0.0077,12/12,38.53
dinov3l,square,none,AutoVI/tank_screw,adino,5,2,0.1792,0.3766,0.3081,0.0455,0.7814,0.0022,,0.0
dinov3l,square,none,AutoVI/tank_screw,galad,5,3,0.208,0.4803,0.7205,0.1271,0.9104,0.0046,12/12,31.18
dinov3l,square,none,AutoVI/tank_screw,adino,5,3,0.2078,0.4484,0.3718,0.0715,0.781,0.0026,,0.0
dinov3l,square,none,AutoVI/tank_screw,galad,5,4,0.2224,0.5081,0.8059,0.3311,0.9263,0.0065,12/12,41.54
dinov3l,square,none,AutoVI/tank_screw,adino,5,4,0.1836,0.3908,0.3569,0.0401,0.7848,0.0023,,0.0
dinov3l,square,none,btad/03,galad,1,0,0.995,0.9996,0.9891,0.9361,0.9979,0.7256,12/12,7.54
dinov3l,square,none,btad/03,adino,1,0,0.9656,0.9966,0.9582,0.8707,0.9959,0.7728,,0.0
dinov3l,square,none,btad/03,galad,1,1,0.9802,0.9979,0.987,0.9243,0.9977,0.7186,12/12,3.53
dinov3l,square,none,btad/03,adino,1,1,0.9471,0.991,0.9513,0.8439,0.9965,0.7623,,0.0
dinov3l,square,none,btad/03,galad,1,2,0.9795,0.9982,0.9882,0.9314,0.9978,0.7548,12/12,4.46
dinov3l,square,none,btad/03,adino,1,2,0.9226,0.984,0.9083,0.7713,0.9906,0.752,,0.0
dinov3l,square,none,btad/03,galad,1,3,0.9914,0.9993,0.985,0.9118,0.9974,0.6675,12/12,4.6
dinov3l,square,none,btad/03,adino,1,3,0.9568,0.992,0.9673,0.88,0.9972,0.7679,,0.0
dinov3l,square,none,btad/03,galad,1,4,1.0,1.0,0.9897,0.9393,0.998,0.6545,12/12,5.28
dinov3l,square,none,btad/03,adino,1,4,0.998,0.9998,0.9731,0.9143,0.9979,0.767,,0.0
dinov3l,square,none,btad/03,galad,2,0,0.999,0.9999,0.9905,0.9438,0.9983,0.7271,12/12,21.18
dinov3l,square,none,btad/03,adino,2,0,0.977,0.9979,0.9679,0.8889,0.9971,0.7778,,0.0
dinov3l,square,none,btad/03,galad,2,1,0.998,0.9998,0.9887,0.9335,0.998,0.6961,12/12,10.56
dinov3l,square,none,btad/03,adino,2,1,0.9481,0.9909,0.9572,0.8507,0.9965,0.7586,,0.0
dinov3l,square,none,btad/03,galad,2,2,0.9743,0.9985,0.9929,0.9581,0.9986,0.7748,12/12,16.22
dinov3l,square,none,btad/03,adino,2,2,0.9791,0.998,0.9623,0.8755,0.9972,0.7992,,0.0
dinov3l,square,none,btad/03,galad,2,3,1.0,1.0,0.9911,0.9476,0.9984,0.7194,12/12,12.27
dinov3l,square,none,btad/03,adino,2,3,0.9928,0.9994,0.9767,0.9232,0.9985,0.7996,,0.0
dinov3l,square,none,btad/03,galad,2,4,0.9969,0.9998,0.9926,0.9566,0.9985,0.7349,12/12,14.22
dinov3l,square,none,btad/03,adino,2,4,0.9932,0.9994,0.9722,0.9098,0.998,0.7995,,0.0
dinov3l,square,none,btad/03,galad,4,0,0.9851,0.999,0.9949,0.9695,0.9991,0.7891,12/12,24.81
dinov3l,square,none,btad/03,adino,4,0,0.9872,0.9989,0.9711,0.9128,0.9981,0.8114,,0.0
dinov3l,square,none,btad/03,galad,4,1,0.9946,0.9996,0.9944,0.9664,0.9989,0.7716,12/12,26.82
dinov3l,square,none,btad/03,adino,4,1,0.9924,0.9994,0.9757,0.9192,0.9985,0.8017,,0.0
dinov3l,square,none,btad/03,galad,4,2,0.9922,0.9994,0.9939,0.9636,0.9989,0.7801,12/12,23.0
dinov3l,square,none,btad/03,adino,4,2,0.9934,0.9995,0.9765,0.9236,0.9985,0.8184,,0.0
dinov3l,square,none,btad/03,galad,4,3,0.9946,0.9996,0.9941,0.9645,0.9989,0.7688,12/12,35.48
dinov3l,square,none,btad/03,adino,4,3,0.997,0.9998,0.9777,0.9289,0.9985,0.7981,,0.0
dinov3l,square,none,btad/03,galad,4,4,0.9958,0.9997,0.9928,0.9572,0.9987,0.7429,12/12,38.72
dinov3l,square,none,btad/03,adino,4,4,0.9902,0.9992,0.9753,0.9162,0.9983,0.7987,,0.0
dinov3l,square,none,btad/03,galad,5,0,0.9835,0.999,0.9949,0.9693,0.999,0.7867,12/12,41.47
dinov3l,square,none,btad/03,adino,5,0,0.9885,0.999,0.9725,0.9181,0.9983,0.8145,,0.0
dinov3l,square,none,btad/03,galad,5,1,0.9946,0.9996,0.9944,0.9665,0.9989,0.7783,12/12,49.05
dinov3l,square,none,btad/03,adino,5,1,0.9899,0.9991,0.9764,0.9221,0.9985,0.8029,,0.0
dinov3l,square,none,btad/03,galad,5,2,0.9717,0.9985,0.9937,0.9621,0.9988,0.7682,12/12,26.91
dinov3l,square,none,btad/03,adino,5,2,0.9922,0.9994,0.9721,0.9182,0.9983,0.8195,,0.0
dinov3l,square,none,btad/03,galad,5,3,0.9934,0.9995,0.9943,0.9659,0.9989,0.7738,12/12,47.6
dinov3l,square,none,btad/03,adino,5,3,0.9959,0.9997,0.9772,0.9262,0.9985,0.8032,,0.0
dinov3l,square,none,btad/03,galad,5,4,0.9969,0.9998,0.992,0.9521,0.9986,0.7237,12/12,29.46
dinov3l,square,none,btad/03,adino,5,4,0.9902,0.9992,0.9757,0.9185,0.9984,0.798,,0.0
dinov3l,square,none,GoodsAD/drink_can,galad,1,0,0.523,0.5281,0.5977,0.0955,0.8295,0.0557,12/12,8.5
dinov3l,square,none,GoodsAD/drink_can,adino,1,0,0.5405,0.5543,0.6459,0.1145,0.8218,0.0539,,0.0
dinov3l,square,none,GoodsAD/drink_can,galad,1,1,0.5334,0.5226,0.6125,0.1157,0.8901,0.0917,12/12,5.53
dinov3l,square,none,GoodsAD/drink_can,adino,1,1,0.5185,0.521,0.5484,0.0588,0.9025,0.1044,,0.0
dinov3l,square,none,GoodsAD/drink_can,galad,1,2,0.5563,0.552,0.6038,0.093,0.8276,0.0614,12/12,6.45
dinov3l,square,none,GoodsAD/drink_can,adino,1,2,0.5464,0.5451,0.6061,0.1043,0.8083,0.0551,,0.0
dinov3l,square,none,GoodsAD/drink_can,galad,1,3,0.5039,0.5236,0.6866,0.1236,0.8985,0.0986,12/12,6.52
dinov3l,square,none,GoodsAD/drink_can,adino,1,3,0.5332,0.5247,0.5303,0.0566,0.912,0.1106,,0.0
dinov3l,square,none,GoodsAD/drink_can,galad,1,4,0.5068,0.5294,0.6863,0.1251,0.8992,0.0997,12/12,5.99
dinov3l,square,none,GoodsAD/drink_can,adino,1,4,0.5332,0.5247,0.5303,0.0566,0.912,0.1106,,0.0
dinov3l,square,none,GoodsAD/drink_can,galad,2,0,0.585,0.5958,0.6136,0.1141,0.8763,0.0819,12/12,14.22
dinov3l,square,none,GoodsAD/drink_can,adino,2,0,0.5494,0.5541,0.6005,0.0905,0.8973,0.0943,,0.0
dinov3l,square,none,GoodsAD/drink_can,galad,2,1,0.5128,0.5202,0.6196,0.0903,0.9054,0.1056,12/12,9.99
dinov3l,square,none,GoodsAD/drink_can,adino,2,1,0.5153,0.5145,0.5577,0.0654,0.9069,0.1049,,0.0
dinov3l,square,none,GoodsAD/drink_can,galad,2,2,0.5353,0.5411,0.6127,0.0975,0.8153,0.0542,12/12,16.32
dinov3l,square,none,GoodsAD/drink_can,adino,2,2,0.5339,0.5302,0.6237,0.1078,0.8018,0.0524,,0.0
dinov3l,square,none,GoodsAD/drink_can,galad,2,3,0.514,0.5439,0.6492,0.1069,0.9052,0.1099,12/12,9.47
dinov3l,square,none,GoodsAD/drink_can,adino,2,3,0.5272,0.5409,0.517,0.0447,0.9111,0.1075,,0.0
dinov3l,square,none,GoodsAD/drink_can,galad,2,4,0.4978,0.5252,0.6997,0.1284,0.9001,0.1011,12/12,12.46
dinov3l,square,none,GoodsAD/drink_can,adino,2,4,0.5279,0.5321,0.5718,0.0622,0.9076,0.104,,0.0
dinov3l,square,none,GoodsAD/drink_can,galad,4,0,0.5789,0.5931,0.6459,0.155,0.8671,0.0778,12/12,23.94
dinov3l,square,none,GoodsAD/drink_can,adino,4,0,0.5499,0.5498,0.6253,0.1371,0.8778,0.079,,0.0
dinov3l,square,none,GoodsAD/drink_can,galad,4,1,0.589,0.5993,0.7064,0.1559,0.895,0.1019,12/12,29.23
dinov3l,square,none,GoodsAD/drink_can,adino,4,1,0.5448,0.5566,0.7018,0.1362,0.9028,0.0993,,0.0
dinov3l,square,none,GoodsAD/drink_can,galad,4,2,0.5679,0.5658,0.7093,0.1589,0.877,0.088,12/12,25.4
dinov3l,square,none,GoodsAD/drink_can,adino,4,2,0.5384,0.5527,0.6717,0.1397,0.8903,0.0953,,0.0
dinov3l,square,none,GoodsAD/drink_can,galad,4,3,0.4964,0.5412,0.6261,0.108,0.9108,0.1148,12/12,29.9
dinov3l,square,none,GoodsAD/drink_can,adino,4,3,0.5208,0.5358,0.5317,0.05,0.913,0.1099,,0.0
dinov3l,square,none,GoodsAD/drink_can,galad,4,4,0.5954,0.5965,0.7185,0.197,0.91,0.1278,12/12,37.02
dinov3l,square,none,GoodsAD/drink_can,adino,4,4,0.5517,0.5616,0.6668,0.1181,0.9064,0.1087,,0.0
dinov3l,square,none,GoodsAD/drink_can,galad,5,0,0.5796,0.5992,0.6738,0.1934,0.8789,0.0884,12/12,24.43
dinov3l,square,none,GoodsAD/drink_can,adino,5,0,0.5573,0.5627,0.6643,0.1544,0.8957,0.0929,,0.0
dinov3l,square,none,GoodsAD/drink_can,galad,5,1,0.5839,0.5963,0.7381,0.1826,0.8922,0.1015,12/12,35.73
dinov3l,square,none,GoodsAD/drink_can,adino,5,1,0.5536,0.5633,0.7153,0.1544,0.8999,0.0987,,0.0
dinov3l,square,none,GoodsAD/drink_can,galad,5,2,0.5732,0.5744,0.7131,0.1789,0.879,0.0916,12/12,39.74
dinov3l,square,none,GoodsAD/drink_can,adino,5,2,0.5376,0.5503,0.6717,0.1203,0.8937,0.0985,,0.0
dinov3l,square,none,GoodsAD/drink_can,galad,5,3,0.4969,0.5382,0.6324,0.1041,0.9137,0.1191,12/12,23.21
dinov3l,square,none,GoodsAD/drink_can,adino,5,3,0.5173,0.5354,0.5184,0.0501,0.9134,0.11,,0.0
dinov3l,square,none,GoodsAD/drink_can,galad,5,4,0.5927,0.5951,0.6978,0.1818,0.9119,0.1284,12/12,25.52
dinov3l,square,none,GoodsAD/drink_can,adino,5,4,0.5508,0.5588,0.6301,0.1103,0.9082,0.1096,,0.0
dinov3l,square,none,mvtec_AD/carpet,galad,1,0,0.9975,0.9924,0.9817,0.89,0.9963,0.8123,12/12,10.89
dinov3l,square,none,mvtec_AD/carpet,adino,1,0,0.9993,0.9976,0.9798,0.8857,0.9964,0.8033,,0.0
dinov3l,square,none,mvtec_AD/carpet,galad,1,1,0.9981,0.994,0.982,0.8919,0.9963,0.8111,12/12,6.3
dinov3l,square,none,mvtec_AD/carpet,adino,1,1,0.9993,0.9976,0.9795,0.8841,0.9963,0.7988,,0.0
dinov3l,square,none,mvtec_AD/carpet,galad,1,2,0.9973,0.9916,0.9815,0.8891,0.9961,0.7981,12/12,11.75
dinov3l,square,none,mvtec_AD/carpet,adino,1,2,0.9991,0.9972,0.9774,0.877,0.9962,0.7973,,0.0
dinov3l,square,none,mvtec_AD/carpet,galad,1,3,0.9981,0.994,0.9815,0.8891,0.9964,0.8152,12/12,10.3
dinov3l,square,none,mvtec_AD/carpet,adino,1,3,0.9993,0.9976,0.9811,0.8927,0.9964,0.8037,,0.0
dinov3l,square,none,mvtec_AD/carpet,galad,1,4,0.9958,0.9876,0.9773,0.8643,0.996,0.795,12/12,5.89
dinov3l,square,none,mvtec_AD/carpet,adino,1,4,0.9987,0.996,0.9788,0.88,0.9962,0.7882,,0.0
dinov3l,square,none,mvtec_AD/carpet,galad,2,0,0.9976,0.9928,0.9811,0.8865,0.9964,0.8221,12/12,13.66
dinov3l,square,none,mvtec_AD/carpet,adino,2,0,0.9996,0.9988,0.9803,0.8885,0.9964,0.8038,,0.0
dinov3l,square,none,mvtec_AD/carpet,galad,2,1,0.9979,0.9936,0.9802,0.8815,0.9963,0.8205,12/12,12.11
dinov3l,square,none,mvtec_AD/carpet,adino,2,1,0.9993,0.9976,0.9794,0.8842,0.9963,0.7965,,0.0
dinov3l,square,none,mvtec_AD/carpet,galad,2,2,0.9971,0.9912,0.9805,0.8828,0.9962,0.8099,12/12,10.14
dinov3l,square,none,mvtec_AD/carpet,adino,2,2,0.9993,0.9976,0.9798,0.8859,0.9963,0.7945,,0.0
dinov3l,square,none,mvtec_AD/carpet,galad,2,3,0.9981,0.994,0.9813,0.8877,0.9961,0.8011,12/12,15.1
dinov3l,square,none,mvtec_AD/carpet,adino,2,3,0.9993,0.9976,0.9807,0.8906,0.9964,0.795,,0.0
dinov3l,square,none,mvtec_AD/carpet,galad,2,4,0.9958,0.9876,0.9742,0.8483,0.9961,0.8227,12/12,11.54
dinov3l,square,none,mvtec_AD/carpet,adino,2,4,0.999,0.9968,0.9787,0.8787,0.9962,0.7867,,0.0
dinov3l,square,none,mvtec_AD/carpet,galad,4,0,0.9986,0.9956,0.9811,0.8866,0.9961,0.7938,12/12,26.78
dinov3l,square,none,mvtec_AD/carpet,adino,4,0,0.9994,0.998,0.9814,0.8927,0.9965,0.7996,,0.0
dinov3l,square,none,mvtec_AD/carpet,galad,4,1,0.9979,0.9936,0.9807,0.8845,0.9963,0.8155,12/12,27.62
dinov3l,square,none,mvtec_AD/carpet,adino,4,1,0.9993,0.9976,0.9797,0.8859,0.9964,0.8003,,0.0
dinov3l,square,none,mvtec_AD/carpet,galad,4,2,0.9977,0.9928,0.9785,0.871,0.9963,0.8218,12/12,57.12
dinov3l,square,none,mvtec_AD/carpet,adino,4,2,0.9993,0.9976,0.98,0.8859,0.9963,0.7959,,0.0
dinov3l,square,none,mvtec_AD/carpet,galad,4,3,0.9985,0.9952,0.9815,0.8893,0.9948,0.711,12/12,27.19
dinov3l,square,none,mvtec_AD/carpet,adino,4,3,0.9993,0.9976,0.9805,0.8894,0.9963,0.7831,,0.0
dinov3l,square,none,mvtec_AD/carpet,galad,4,4,0.9962,0.9884,0.9747,0.8495,0.9959,0.8146,12/12,36.07
dinov3l,square,none,mvtec_AD/carpet,adino,4,4,0.9993,0.9976,0.9787,0.8784,0.9962,0.7841,,0.0
dinov3l,square,none,mvtec_AD/carpet,galad,5,0,0.9987,0.996,0.9814,0.8886,0.9961,0.7996,12/12,47.34
dinov3l,square,none,mvtec_AD/carpet,adino,5,0,0.9994,0.998,0.9811,0.8913,0.9965,0.7992,,0.0
dinov3l,square,none,mvtec_AD/carpet,galad,5,1,0.9978,0.9932,0.9801,0.8808,0.9961,0.8035,12/12,42.09
dinov3l,square,none,mvtec_AD/carpet,adino,5,1,0.9993,0.9976,0.9798,0.8861,0.9964,0.8009,,0.0
dinov3l,square,none,mvtec_AD/carpet,galad,5,2,0.9981,0.994,0.9782,0.8696,0.9958,0.789,12/12,38.9
dinov3l,square,none,mvtec_AD/carpet,adino,5,2,0.9993,0.9976,0.9804,0.888,0.9964,0.7981,,0.0
dinov3l,square,none,mvtec_AD/carpet,galad,5,3,0.9985,0.9952,0.9816,0.8894,0.995,0.7249,12/12,46.66
dinov3l,square,none,mvtec_AD/carpet,adino,5,3,0.9994,0.998,0.9802,0.8875,0.9963,0.7832,,0.0
dinov3l,square,none,mvtec_AD/carpet,galad,5,4,0.9967,0.99,0.9744,0.8495,0.9959,0.8104,12/12,42.12
dinov3l,square,none,mvtec_AD/carpet,adino,5,4,0.9993,0.9976,0.9789,0.879,0.9962,0.7839,,0.0
dinov3l,square,none,VisA/chewinggum,galad,1,0,0.9683,0.9324,0.9546,0.7548,0.9958,0.6883,12/12,11.39
dinov3l,square,none,VisA/chewinggum,adino,1,0,0.9768,0.9426,0.8736,0.5909,0.991,0.8501,,0.0
dinov3l,square,none,VisA/chewinggum,galad,1,1,0.9847,0.9684,0.9555,0.7658,0.9955,0.6692,12/12,7.0
dinov3l,square,none,VisA/chewinggum,adino,1,1,0.985,0.9638,0.9202,0.6854,0.9943,0.8593,,0.0
dinov3l,square,none,VisA/chewinggum,galad,1,2,0.9917,0.984,0.9539,0.7559,0.9956,0.6684,12/12,7.63
dinov3l,square,none,VisA/chewinggum,adino,1,2,0.9908,0.982,0.9226,0.6922,0.9936,0.8551,,0.0
dinov3l,square,none,VisA/chewinggum,galad,1,3,0.9828,0.9648,0.9534,0.7573,0.9955,0.7299,12/12,4.12
dinov3l,square,none,VisA/chewinggum,adino,1,3,0.9823,0.956,0.9128,0.6744,0.9931,0.8558,,0.0
dinov3l,square,none,VisA/chewinggum,galad,1,4,0.9862,0.974,0.9559,0.7629,0.9958,0.6933,12/12,4.89
dinov3l,square,none,VisA/chewinggum,adino,1,4,0.9893,0.9756,0.9272,0.6939,0.9939,0.853,,0.0
dinov3l,square,none,VisA/chewinggum,galad,2,0,0.9834,0.9672,0.9538,0.7561,0.9955,0.6741,12/12,14.2
dinov3l,square,none,VisA/chewinggum,adino,2,0,0.9883,0.9736,0.9256,0.7056,0.9932,0.8565,,0.0
dinov3l,square,none,VisA/chewinggum,galad,2,1,0.9817,0.963,0.9553,0.7645,0.9955,0.6749,12/12,10.19
dinov3l,square,none,VisA/chewinggum,adino,2,1,0.9859,0.9658,0.9312,0.7182,0.9939,0.8586,,0.0
dinov3l,square,none,VisA/chewinggum,galad,2,2,0.9881,0.979,0.9543,0.7556,0.9957,0.6597,12/12,11.64
dinov3l,square,none,VisA/chewinggum,adino,2,2,0.9905,0.9806,0.9268,0.7029,0.9935,0.859,,0.0
dinov3l,square,none,VisA/chewinggum,galad,2,3,0.9886,0.9772,0.9553,0.7662,0.9954,0.6964,12/12,10.55
dinov3l,square,none,VisA/chewinggum,adino,2,3,0.9861,0.9674,0.9235,0.697,0.9933,0.8559,,0.0
dinov3l,square,none,VisA/chewinggum,galad,2,4,0.9857,0.9738,0.9541,0.7592,0.9952,0.6735,12/12,11.04
dinov3l,square,none,VisA/chewinggum,adino,2,4,0.9864,0.968,0.9272,0.7181,0.9939,0.8569,,0.0
dinov3l,square,none,VisA/chewinggum,galad,4,0,0.9858,0.9728,0.9523,0.7499,0.9951,0.6804,12/12,36.3
dinov3l,square,none,VisA/chewinggum,adino,4,0,0.9913,0.9806,0.9311,0.7149,0.9933,0.8565,,0.0
dinov3l,square,none,VisA/chewinggum,galad,4,1,0.9833,0.9678,0.9542,0.7582,0.9954,0.6596,12/12,22.91
dinov3l,square,none,VisA/chewinggum,adino,4,1,0.9901,0.9778,0.938,0.7286,0.9938,0.8599,,0.0
dinov3l,square,none,VisA/chewinggum,galad,4,2,0.9881,0.9788,0.9527,0.7502,0.9955,0.6659,12/12,40.71
dinov3l,square,none,VisA/chewinggum,adino,4,2,0.9897,0.9786,0.9357,0.7248,0.9944,0.8589,,0.0
dinov3l,square,none,VisA/chewinggum,galad,4,3,0.9895,0.9794,0.9557,0.769,0.9953,0.6728,12/12,23.83
dinov3l,square,none,VisA/chewinggum,adino,4,3,0.9893,0.9758,0.9346,0.7247,0.9933,0.8563,,0.0
dinov3l,square,none,VisA/chewinggum,galad,4,4,0.987,0.9762,0.9529,0.7502,0.9953,0.6881,12/12,16.91
dinov3l,square,none,VisA/chewinggum,adino,4,4,0.9889,0.975,0.9334,0.7211,0.9945,0.8561,,0.0
dinov3l,square,none,VisA/chewinggum,galad,5,0,0.9865,0.975,0.952,0.7463,0.9953,0.6799,12/12,23.92
dinov3l,square,none,VisA/chewinggum,adino,5,0,0.992,0.983,0.9313,0.7138,0.9936,0.8575,,0.0
dinov3l,square,none,VisA/chewinggum,galad,5,1,0.9856,0.9724,0.9539,0.7566,0.9951,0.6529,12/12,31.62
dinov3l,square,none,VisA/chewinggum,adino,5,1,0.9901,0.9774,0.9385,0.7267,0.9939,0.8581,,0.0
dinov3l,square,none,VisA/chewinggum,galad,5,2,0.9869,0.9756,0.9524,0.7518,0.9954,0.67,12/12,34.99
dinov3l,square,none,VisA/chewinggum,adino,5,2,0.99,0.9788,0.9374,0.7305,0.9936,0.8589,,0.0
dinov3l,square,none,VisA/chewinggum,galad,5,3,0.9869,0.9732,0.9549,0.7653,0.9952,0.6696,12/12,22.16
dinov3l,square,none,VisA/chewinggum,adino,5,3,0.9901,0.9782,0.9362,0.726,0.9933,0.8559,,0.0
dinov3l,square,none,VisA/chewinggum,galad,5,4,0.9807,0.9598,0.9534,0.7627,0.9948,0.6884,12/12,27.44
dinov3l,square,none,VisA/chewinggum,adino,5,4,0.9882,0.9732,0.9342,0.7214,0.9943,0.8556,,0.0
dinov3l,square,none,mvtec_loco_AD/screw_bag,galad,1,0,0.6297,0.4363,0.5733,0.2948,0.6419,0.1113,12/12,7.85
dinov3l,square,none,mvtec_loco_AD/screw_bag,adino,1,0,0.6957,0.5387,0.3604,0.1462,0.7449,0.1513,,0.0
dinov3l,square,none,mvtec_loco_AD/screw_bag,galad,1,1,0.6919,0.5268,0.6021,0.2995,0.6512,0.1166,12/12,10.51
dinov3l,square,none,mvtec_loco_AD/screw_bag,adino,1,1,0.7411,0.6054,0.4472,0.1647,0.7284,0.1456,,0.0
dinov3l,square,none,mvtec_loco_AD/screw_bag,galad,1,2,0.6745,0.4939,0.5473,0.2826,0.6345,0.1133,12/12,5.29
dinov3l,square,none,mvtec_loco_AD/screw_bag,adino,1,2,0.7295,0.5801,0.4368,0.1654,0.7276,0.1431,,0.0
dinov3l,square,none,mvtec_loco_AD/screw_bag,galad,1,3,0.6187,0.4428,0.5977,0.3114,0.6598,0.1166,12/12,5.3
dinov3l,square,none,mvtec_loco_AD/screw_bag,adino,1,3,0.6982,0.5137,0.414,0.1595,0.7435,0.1505,,0.0
dinov3l,square,none,mvtec_loco_AD/screw_bag,galad,1,4,0.715,0.5441,0.612,0.3297,0.6497,0.1163,12/12,8.92
dinov3l,square,none,mvtec_loco_AD/screw_bag,adino,1,4,0.7807,0.655,0.454,0.1835,0.7398,0.1549,,0.0
dinov3l,square,none,mvtec_loco_AD/screw_bag,galad,2,0,0.669,0.497,0.5175,0.2919,0.6539,0.118,12/12,20.06
dinov3l,square,none,mvtec_loco_AD/screw_bag,adino,2,0,0.7471,0.6091,0.454,0.1674,0.7367,0.1552,,0.0
dinov3l,square,none,mvtec_loco_AD/screw_bag,galad,2,1,0.6727,0.5035,0.5449,0.3026,0.6636,0.1203,12/12,15.75
dinov3l,square,none,mvtec_loco_AD/screw_bag,adino,2,1,0.7331,0.5959,0.4597,0.1796,0.7328,0.1462,,0.0
dinov3l,square,none,mvtec_loco_AD/screw_bag,galad,2,2,0.7133,0.5525,0.542,0.3011,0.6516,0.1174,12/12,14.3
dinov3l,square,none,mvtec_loco_AD/screw_bag,adino,2,2,0.7563,0.617,0.4555,0.1794,0.7347,0.1495,,0.0
dinov3l,square,none,mvtec_loco_AD/screw_bag,galad,2,3,0.6248,0.4409,0.552,0.2895,0.6883,0.1279,12/12,12.69
dinov3l,square,none,mvtec_loco_AD/screw_bag,adino,2,3,0.7304,0.5783,0.4754,0.1846,0.7448,0.1525,,0.0
dinov3l,square,none,mvtec_loco_AD/screw_bag,galad,2,4,0.7125,0.5513,0.5965,0.3284,0.6626,0.1206,12/12,15.22
dinov3l,square,none,mvtec_loco_AD/screw_bag,adino,2,4,0.783,0.6642,0.4757,0.1952,0.7413,0.1554,,0.0
dinov3l,square,none,mvtec_loco_AD/screw_bag,galad,4,0,0.6622,0.5034,0.4734,0.2778,0.641,0.1147,12/12,27.67
dinov3l,square,none,mvtec_loco_AD/screw_bag,adino,4,0,0.7704,0.6455,0.469,0.1909,0.7436,0.1561,,0.0
dinov3l,square,none,mvtec_loco_AD/screw_bag,galad,4,1,0.676,0.5124,0.4748,0.284,0.6654,0.1226,12/12,29.78
dinov3l,square,none,mvtec_loco_AD/screw_bag,adino,4,1,0.744,0.5902,0.4738,0.1889,0.732,0.1453,,0.0
dinov3l,square,none,mvtec_loco_AD/screw_bag,galad,4,2,0.6644,0.5005,0.4803,0.2695,0.6733,0.1249,12/12,24.0
dinov3l,square,none,mvtec_loco_AD/screw_bag,adino,4,2,0.777,0.6448,0.4614,0.1825,0.739,0.1527,,0.0
dinov3l,square,none,mvtec_loco_AD/screw_bag,galad,4,3,0.6085,0.4193,0.4706,0.2653,0.683,0.1273,12/12,27.91
dinov3l,square,none,mvtec_loco_AD/screw_bag,adino,4,3,0.7233,0.5652,0.4825,0.1977,0.7404,0.1487,,0.0
dinov3l,square,none,mvtec_loco_AD/screw_bag,galad,4,4,0.7077,0.5313,0.509,0.2982,0.6738,0.1233,12/12,13.25
dinov3l,square,none,mvtec_loco_AD/screw_bag,adino,4,4,0.7778,0.6475,0.4792,0.1897,0.7393,0.1518,,0.0
dinov3l,square,none,mvtec_loco_AD/screw_bag,galad,5,0,0.6994,0.5368,0.4642,0.2929,0.6225,0.1098,12/12,24.64
dinov3l,square,none,mvtec_loco_AD/screw_bag,adino,5,0,0.7623,0.6299,0.4832,0.1993,0.7437,0.1554,,0.0
dinov3l,square,none,mvtec_loco_AD/screw_bag,galad,5,1,0.6814,0.5113,0.4791,0.2863,0.6713,0.1255,12/12,22.83
dinov3l,square,none,mvtec_loco_AD/screw_bag,adino,5,1,0.7794,0.6314,0.4927,0.1965,0.7317,0.1451,,0.0
dinov3l,square,none,mvtec_loco_AD/screw_bag,galad,5,2,0.6694,0.5001,0.4856,0.2752,0.6721,0.1241,12/12,31.47
dinov3l,square,none,mvtec_loco_AD/screw_bag,adino,5,2,0.7733,0.6451,0.4654,0.1836,0.7378,0.1524,,0.0
dinov3l,square,none,mvtec_loco_AD/screw_bag,galad,5,3,0.6412,0.4638,0.4844,0.2757,0.6563,0.1185,12/12,24.71
dinov3l,square,none,mvtec_loco_AD/screw_bag,adino,5,3,0.7212,0.5674,0.4831,0.2007,0.7423,0.1496,,0.0
dinov3l,square,none,mvtec_loco_AD/screw_bag,galad,5,4,0.7155,0.5506,0.4668,0.2852,0.6525,0.1167,12/12,37.21
dinov3l,square,none,mvtec_loco_AD/screw_bag,adino,5,4,0.772,0.6379,0.4843,0.1914,0.739,0.1511,,0.0
dinov3l,square,none,AutoVI/underbody_pipes,galad,1,0,0.9043,0.9233,0.9479,0.7234,0.988,0.4738,12/12,4.4
dinov3l,square,none,AutoVI/underbody_pipes,adino,1,0,0.7791,0.854,0.9154,0.6292,0.9845,0.444,,0.0
dinov3l,square,none,AutoVI/underbody_pipes,galad,1,1,0.9101,0.9091,0.9068,0.6468,0.9768,0.4391,12/12,4.79
dinov3l,square,none,AutoVI/underbody_pipes,adino,1,1,0.7935,0.8575,0.8416,0.5011,0.9719,0.4305,,0.0
dinov3l,square,none,AutoVI/underbody_pipes,galad,1,2,0.9367,0.9415,0.9361,0.697,0.985,0.4865,12/12,3.66
dinov3l,square,none,AutoVI/underbody_pipes,adino,1,2,0.853,0.9143,0.888,0.6414,0.9818,0.535,,0.0
dinov3l,square,none,AutoVI/underbody_pipes,galad,1,3,0.8879,0.9073,0.9496,0.7391,0.9887,0.47,12/12,4.43
dinov3l,square,none,AutoVI/underbody_pipes,adino,1,3,0.7866,0.8592,0.9127,0.6201,0.9839,0.4515,,0.0
dinov3l,square,none,AutoVI/underbody_pipes,galad,1,4,0.8968,0.9117,0.9467,0.7257,0.9881,0.4643,12/12,4.27
dinov3l,square,none,AutoVI/underbody_pipes,adino,1,4,0.7866,0.8592,0.9127,0.6201,0.9839,0.4515,,0.0
dinov3l,square,none,AutoVI/underbody_pipes,galad,2,0,0.9078,0.9342,0.9563,0.7548,0.9904,0.4937,12/12,9.0
dinov3l,square,none,AutoVI/underbody_pipes,adino,2,0,0.7949,0.8759,0.9353,0.702,0.9883,0.4883,,0.0
dinov3l,square,none,AutoVI/underbody_pipes,galad,2,1,0.9193,0.9321,0.9406,0.7093,0.9876,0.4797,12/12,8.08
dinov3l,square,none,AutoVI/underbody_pipes,adino,2,1,0.8175,0.8914,0.9415,0.749,0.99,0.555,,0.0
dinov3l,square,none,AutoVI/underbody_pipes,galad,2,2,0.9208,0.9261,0.916,0.6492,0.9824,0.4699,12/12,10.82
dinov3l,square,none,AutoVI/underbody_pipes,adino,2,2,0.8369,0.9047,0.8804,0.6259,0.9801,0.5038,,0.0
dinov3l,square,none,AutoVI/underbody_pipes,galad,2,3,0.8917,0.91,0.9495,0.7317,0.9898,0.4972,12/12,11.56
dinov3l,square,none,AutoVI/underbody_pipes,adino,2,3,0.8075,0.8852,0.9372,0.7152,0.9886,0.5037,,0.0
dinov3l,square,none,AutoVI/underbody_pipes,galad,2,4,0.8946,0.9139,0.9547,0.7501,0.9903,0.4881,12/12,9.14
dinov3l,square,none,AutoVI/underbody_pipes,adino,2,4,0.7957,0.8725,0.9274,0.6759,0.9868,0.4692,,0.0
dinov3l,square,none,AutoVI/underbody_pipes,galad,4,0,0.9077,0.9298,0.9516,0.7279,0.9903,0.5113,12/12,29.41
dinov3l,square,none,AutoVI/underbody_pipes,adino,4,0,0.8071,0.8855,0.9495,0.7547,0.9908,0.5248,,0.0
dinov3l,square,none,AutoVI/underbody_pipes,galad,4,1,0.9182,0.9348,0.9486,0.7305,0.9896,0.498,12/12,24.24
dinov3l,square,none,AutoVI/underbody_pipes,adino,4,1,0.8055,0.8832,0.9458,0.745,0.9903,0.5322,,0.0
dinov3l,square,none,AutoVI/underbody_pipes,galad,4,2,0.9627,0.9726,0.9561,0.7696,0.9867,0.4675,12/12,30.11
dinov3l,square,none,AutoVI/underbody_pipes,adino,4,2,0.9801,0.9838,0.9555,0.8069,0.9926,0.6488,,0.0
dinov3l,square,none,AutoVI/underbody_pipes,galad,4,3,0.9263,0.9416,0.9549,0.7487,0.9907,0.5026,12/12,21.62
dinov3l,square,none,AutoVI/underbody_pipes,adino,4,3,0.8105,0.8878,0.9489,0.7499,0.9906,0.5233,,0.0
dinov3l,square,none,AutoVI/underbody_pipes,galad,4,4,0.9284,0.9453,0.9628,0.783,0.9919,0.5113,12/12,31.27
dinov3l,square,none,AutoVI/underbody_pipes,adino,4,4,0.8009,0.8808,0.9488,0.734,0.9904,0.4989,,0.0
dinov3l,square,none,AutoVI/underbody_pipes,galad,5,0,0.93,0.9522,0.9622,0.7789,0.9921,0.535,12/12,30.73
dinov3l,square,none,AutoVI/underbody_pipes,adino,5,0,0.8082,0.8866,0.9525,0.7609,0.9912,0.5268,,0.0
dinov3l,square,none,AutoVI/underbody_pipes,galad,5,1,0.9253,0.9342,0.9364,0.6953,0.988,0.5152,12/12,31.87
dinov3l,square,none,AutoVI/underbody_pipes,adino,5,1,0.8067,0.8847,0.9469,0.7485,0.9905,0.5344,,0.0
dinov3l,square,none,AutoVI/underbody_pipes,galad,5,2,0.9624,0.9724,0.954,0.757,0.9888,0.4816,12/12,49.27
dinov3l,square,none,AutoVI/underbody_pipes,adino,5,2,0.9812,0.9858,0.9648,0.8378,0.9942,0.6715,,0.0
dinov3l,square,none,AutoVI/underbody_pipes,galad,5,3,0.9269,0.9438,0.957,0.7581,0.9913,0.5111,12/12,25.11
dinov3l,square,none,AutoVI/underbody_pipes,adino,5,3,0.8118,0.8904,0.9527,0.7613,0.9912,0.5287,,0.0
dinov3l,square,none,AutoVI/underbody_pipes,galad,5,4,0.9285,0.9467,0.9631,0.7849,0.9922,0.5237,12/12,49.52
dinov3l,square,none,AutoVI/underbody_pipes,adino,5,4,0.8033,0.8842,0.952,0.7446,0.9909,0.5064,,0.0
dinov3l,square,none,GoodsAD/food_bottle,galad,1,0,0.6006,0.5018,0.6103,0.0841,0.8718,0.0488,12/12,8.07
dinov3l,square,none,GoodsAD/food_bottle,adino,1,0,0.6043,0.509,0.6012,0.089,0.8601,0.0443,,0.0
dinov3l,square,none,GoodsAD/food_bottle,galad,1,1,0.6352,0.512,0.5873,0.1433,0.9073,0.0849,12/12,6.23
dinov3l,square,none,GoodsAD/food_bottle,adino,1,1,0.6152,0.5157,0.5651,0.1292,0.9065,0.0861,,0.0
dinov3l,square,none,GoodsAD/food_bottle,galad,1,2,0.6635,0.549,0.5969,0.1254,0.9005,0.0783,12/12,6.64
dinov3l,square,none,GoodsAD/food_bottle,adino,1,2,0.6282,0.5521,0.6104,0.109,0.9038,0.0748,,0.0
dinov3l,square,none,GoodsAD/food_bottle,galad,1,3,0.6269,0.5153,0.6006,0.1409,0.913,0.0927,12/12,5.63
dinov3l,square,none,GoodsAD/food_bottle,adino,1,3,0.6083,0.5127,0.5567,0.0975,0.9074,0.0833,,0.0
dinov3l,square,none,GoodsAD/food_bottle,galad,1,4,0.6195,0.507,0.5745,0.1197,0.9052,0.0793,12/12,4.35
dinov3l,square,none,GoodsAD/food_bottle,adino,1,4,0.6124,0.5145,0.5553,0.1053,0.9093,0.0869,,0.0
dinov3l,square,none,GoodsAD/food_bottle,galad,2,0,0.6208,0.5294,0.6715,0.1619,0.9003,0.0759,12/12,7.5
dinov3l,square,none,GoodsAD/food_bottle,adino,2,0,0.6145,0.5239,0.6408,0.118,0.8804,0.0563,,0.0
dinov3l,square,none,GoodsAD/food_bottle,galad,2,1,0.6551,0.5624,0.6359,0.1459,0.9068,0.0784,12/12,11.55
dinov3l,square,none,GoodsAD/food_bottle,adino,2,1,0.6154,0.5356,0.5959,0.0939,0.8939,0.0648,,0.0
dinov3l,square,none,GoodsAD/food_bottle,galad,2,2,0.6472,0.5419,0.6016,0.1229,0.8938,0.0671,12/12,12.0
dinov3l,square,none,GoodsAD/food_bottle,adino,2,2,0.6146,0.5316,0.5737,0.1026,0.8794,0.0549,,0.0
dinov3l,square,none,GoodsAD/food_bottle,galad,2,3,0.6606,0.5439,0.645,0.1688,0.9199,0.1116,12/12,10.79
dinov3l,square,none,GoodsAD/food_bottle,adino,2,3,0.6356,0.5377,0.6198,0.1209,0.9118,0.0841,,0.0
dinov3l,square,none,GoodsAD/food_bottle,galad,2,4,0.6246,0.5065,0.6103,0.1585,0.9205,0.1094,12/12,12.45
dinov3l,square,none,GoodsAD/food_bottle,adino,2,4,0.6117,0.5123,0.5671,0.1154,0.9101,0.0915,,0.0
dinov3l,square,none,GoodsAD/food_bottle,galad,4,0,0.6243,0.53,0.7179,0.2196,0.9121,0.1002,12/12,16.18
dinov3l,square,none,GoodsAD/food_bottle,adino,4,0,0.6214,0.5279,0.6551,0.122,0.8854,0.0595,,0.0
dinov3l,square,none,GoodsAD/food_bottle,galad,4,1,0.6469,0.5628,0.6673,0.1609,0.9094,0.0801,12/12,26.13
dinov3l,square,none,GoodsAD/food_bottle,adino,4,1,0.6134,0.5314,0.6229,0.1115,0.9002,0.0693,,0.0
dinov3l,square,none,GoodsAD/food_bottle,galad,4,2,0.6453,0.5546,0.6444,0.1538,0.9061,0.0895,12/12,34.46
dinov3l,square,none,GoodsAD/food_bottle,adino,4,2,0.6247,0.5456,0.6058,0.1193,0.8848,0.0588,,0.0
dinov3l,square,none,GoodsAD/food_bottle,galad,4,3,0.6715,0.5631,0.7,0.2177,0.9329,0.1447,12/12,35.19
dinov3l,square,none,GoodsAD/food_bottle,adino,4,3,0.6362,0.5373,0.6388,0.1185,0.9156,0.0868,,0.0
dinov3l,square,none,GoodsAD/food_bottle,galad,4,4,0.6398,0.5144,0.6547,0.1875,0.9297,0.1358,12/12,24.9
dinov3l,square,none,GoodsAD/food_bottle,adino,4,4,0.6024,0.499,0.5897,0.1331,0.9052,0.0812,,0.0
dinov3l,square,none,GoodsAD/food_bottle,galad,5,0,0.6727,0.5911,0.7382,0.2774,0.9246,0.1482,12/12,44.13
dinov3l,square,none,GoodsAD/food_bottle,adino,5,0,0.6256,0.5468,0.6746,0.1391,0.8899,0.0626,,0.0
dinov3l,square,none,GoodsAD/food_bottle,galad,5,1,0.6426,0.5615,0.6754,0.1757,0.9048,0.0779,12/12,35.24
dinov3l,square,none,GoodsAD/food_bottle,adino,5,1,0.6123,0.5298,0.6261,0.1112,0.9016,0.0709,,0.0
dinov3l,square,none,GoodsAD/food_bottle,galad,5,2,0.6481,0.5539,0.7025,0.196,0.9261,0.1291,12/12,37.23
dinov3l,square,none,GoodsAD/food_bottle,adino,5,2,0.626,0.5471,0.6084,0.1314,0.9078,0.0806,,0.0
dinov3l,square,none,GoodsAD/food_bottle,galad,5,3,0.6629,0.5592,0.691,0.2048,0.9269,0.1261,12/12,41.57
dinov3l,square,none,GoodsAD/food_bottle,adino,5,3,0.6221,0.5276,0.6422,0.1231,0.9133,0.0848,,0.0
dinov3l,square,none,GoodsAD/food_bottle,galad,5,4,0.6454,0.5284,0.6928,0.2104,0.9336,0.1461,12/12,33.98
dinov3l,square,none,GoodsAD/food_bottle,adino,5,4,0.6039,0.509,0.6089,0.1263,0.9089,0.0818,,0.0
dinov3l,square,none,mvtec_AD/grid,galad,1,0,0.982,0.9482,0.9552,0.7458,0.9893,0.3502,12/12,3.92
dinov3l,square,none,mvtec_AD/grid,adino,1,0,0.9969,0.9916,0.9449,0.7493,0.9903,0.4807,,0.0
dinov3l,square,none,mvtec_AD/grid,galad,1,1,0.961,0.8881,0.9534,0.7462,0.9885,0.3471,12/12,4.15
dinov3l,square,none,mvtec_AD/grid,adino,1,1,0.9948,0.9866,0.9386,0.7351,0.9891,0.4731,,0.0
dinov3l,square,none,mvtec_AD/grid,galad,1,2,0.9964,0.9891,0.9587,0.754,0.9899,0.3519,12/12,5.3
dinov3l,square,none,mvtec_AD/grid,adino,1,2,0.9988,0.9967,0.9476,0.7445,0.9898,0.4564,,0.0
dinov3l,square,none,mvtec_AD/grid,galad,1,3,0.9765,0.934,0.9597,0.7638,0.9898,0.365,12/12,4.84
dinov3l,square,none,mvtec_AD/grid,adino,1,3,0.9985,0.9958,0.9498,0.7514,0.9906,0.489,,0.0
dinov3l,square,none,mvtec_AD/grid,galad,1,4,0.9832,0.9524,0.9568,0.7546,0.9896,0.3619,12/12,5.12
dinov3l,square,none,mvtec_AD/grid,adino,1,4,0.9964,0.99,0.9475,0.7529,0.9905,0.4919,,0.0
dinov3l,square,none,mvtec_AD/grid,galad,2,0,0.9872,0.9624,0.9559,0.7442,0.9892,0.3505,12/12,17.14
dinov3l,square,none,mvtec_AD/grid,adino,2,0,0.9969,0.9916,0.947,0.7485,0.9904,0.4811,,0.0
dinov3l,square,none,mvtec_AD/grid,galad,2,1,0.9951,0.9858,0.9576,0.7496,0.9895,0.345,12/12,16.04
dinov3l,square,none,mvtec_AD/grid,adino,2,1,0.9988,0.9967,0.9459,0.7411,0.9899,0.4567,,0.0
dinov3l,square,none,mvtec_AD/grid,galad,2,2,0.9936,0.9825,0.9582,0.7502,0.9898,0.3426,12/12,8.94
dinov3l,square,none,mvtec_AD/grid,adino,2,2,0.9985,0.9958,0.9468,0.7353,0.9894,0.4442,,0.0
dinov3l,square,none,mvtec_AD/grid,galad,2,3,0.9832,0.9541,0.9574,0.7473,0.9891,0.3428,12/12,11.34
dinov3l,square,none,mvtec_AD/grid,adino,2,3,0.9988,0.9967,0.9483,0.753,0.9905,0.487,,0.0
dinov3l,square,none,mvtec_AD/grid,galad,2,4,0.9967,0.9908,0.9586,0.7555,0.9893,0.3474,12/12,12.82
dinov3l,square,none,mvtec_AD/grid,adino,2,4,0.9991,0.9975,0.9497,0.7645,0.9911,0.4932,,0.0
dinov3l,square,none,mvtec_AD/grid,galad,4,0,0.9841,0.9541,0.9544,0.7366,0.9888,0.3381,12/12,33.12
dinov3l,square,none,mvtec_AD/grid,adino,4,0,0.9981,0.995,0.9481,0.7503,0.9904,0.4797,,0.0
dinov3l,square,none,mvtec_AD/grid,galad,4,1,0.9985,0.9958,0.9573,0.7465,0.9892,0.3334,12/12,48.97
dinov3l,square,none,mvtec_AD/grid,adino,4,1,0.9997,0.9992,0.9458,0.7448,0.9899,0.4579,,0.0
dinov3l,square,none,mvtec_AD/grid,galad,4,2,0.9991,0.9975,0.9593,0.7563,0.9901,0.3531,12/12,30.18
dinov3l,square,none,mvtec_AD/grid,adino,4,2,0.9997,0.9992,0.9531,0.7586,0.9905,0.4622,,0.0
dinov3l,square,none,mvtec_AD/grid,galad,4,3,0.99,0.9741,0.9563,0.7399,0.9888,0.3362,12/12,60.67
dinov3l,square,none,mvtec_AD/grid,adino,4,3,0.9994,0.9983,0.9516,0.7564,0.9907,0.4776,,0.0
dinov3l,square,none,mvtec_AD/grid,galad,4,4,0.9997,0.9992,0.9586,0.7552,0.9893,0.345,12/12,21.74
dinov3l,square,none,mvtec_AD/grid,adino,4,4,0.9991,0.9975,0.9513,0.7641,0.991,0.4871,,0.0
dinov3l,square,none,mvtec_AD/grid,galad,5,0,0.9961,0.9883,0.9559,0.7408,0.9888,0.3411,12/12,48.8
dinov3l,square,none,mvtec_AD/grid,adino,5,0,0.9991,0.9975,0.9498,0.7517,0.9905,0.4805,,0.0
dinov3l,square,none,mvtec_AD/grid,galad,5,1,0.9978,0.9942,0.9561,0.7392,0.9888,0.3311,12/12,55.48
dinov3l,square,none,mvtec_AD/grid,adino,5,1,0.9997,0.9992,0.9463,0.7459,0.99,0.4602,,0.0
dinov3l,square,none,mvtec_AD/grid,galad,5,2,0.9991,0.9975,0.9582,0.7501,0.9897,0.3461,12/12,25.96
dinov3l,square,none,mvtec_AD/grid,adino,5,2,0.9997,0.9992,0.9545,0.7612,0.9907,0.4641,,0.0
dinov3l,square,none,mvtec_AD/grid,galad,5,3,0.9976,0.9933,0.9552,0.7351,0.9885,0.334,12/12,34.14
dinov3l,square,none,mvtec_AD/grid,adino,5,3,0.9994,0.9983,0.9522,0.7572,0.9907,0.4795,,0.0
dinov3l,square,none,mvtec_AD/grid,galad,5,4,0.9994,0.9983,0.9579,0.7502,0.9891,0.3346,12/12,35.83
dinov3l,square,none,mvtec_AD/grid,adino,5,4,0.9991,0.9975,0.9528,0.7688,0.9913,0.4895,,0.0
dinov3l,square,none,VisA/fryum,galad,1,0,0.9538,0.9008,0.9143,0.6348,0.9603,0.3465,12/12,5.59
dinov3l,square,none,VisA/fryum,adino,1,0,0.8978,0.8076,0.7078,0.2501,0.9321,0.1899,,0.0
dinov3l,square,none,VisA/fryum,galad,1,1,0.958,0.9116,0.8967,0.6125,0.9632,0.3645,12/12,7.37
dinov3l,square,none,VisA/fryum,adino,1,1,0.8283,0.7136,0.633,0.1606,0.9162,0.1339,,0.0
dinov3l,square,none,VisA/fryum,galad,1,2,0.9679,0.931,0.9162,0.6412,0.9617,0.3582,12/12,8.28
dinov3l,square,none,VisA/fryum,adino,1,2,0.916,0.8262,0.6408,0.2302,0.8981,0.1515,,0.0
dinov3l,square,none,VisA/fryum,galad,1,3,0.9653,0.9294,0.9016,0.6065,0.9599,0.345,12/12,5.22
dinov3l,square,none,VisA/fryum,adino,1,3,0.8798,0.7852,0.6652,0.2381,0.927,0.1687,,0.0
dinov3l,square,none,VisA/fryum,galad,1,4,0.9633,0.9268,0.8816,0.5931,0.9549,0.3378,12/12,8.94
dinov3l,square,none,VisA/fryum,adino,1,4,0.8509,0.7448,0.6708,0.2048,0.9273,0.157,,0.0
dinov3l,square,none,VisA/fryum,galad,2,0,0.9585,0.9162,0.9078,0.6056,0.9563,0.334,12/12,25.79
dinov3l,square,none,VisA/fryum,adino,2,0,0.897,0.8126,0.7376,0.2563,0.9356,0.1873,,0.0
dinov3l,square,none,VisA/fryum,galad,2,1,0.9723,0.9436,0.9026,0.6087,0.9575,0.3489,12/12,15.22
dinov3l,square,none,VisA/fryum,adino,2,1,0.9509,0.8916,0.7186,0.3381,0.944,0.2423,,0.0
dinov3l,square,none,VisA/fryum,galad,2,2,0.9661,0.9312,0.9131,0.6317,0.9566,0.3431,12/12,16.66
dinov3l,square,none,VisA/fryum,adino,2,2,0.9236,0.8446,0.7413,0.3378,0.9405,0.2423,,0.0
dinov3l,square,none,VisA/fryum,galad,2,3,0.9611,0.9238,0.8997,0.5909,0.9512,0.3137,12/12,15.31
dinov3l,square,none,VisA/fryum,adino,2,3,0.8796,0.7954,0.6989,0.2578,0.934,0.1786,,0.0
dinov3l,square,none,VisA/fryum,galad,2,4,0.9721,0.9444,0.9082,0.6256,0.9603,0.3545,12/12,11.77
dinov3l,square,none,VisA/fryum,adino,2,4,0.9489,0.8848,0.736,0.3691,0.953,0.2767,,0.0
dinov3l,square,none,VisA/fryum,galad,4,0,0.9515,0.9078,0.8817,0.5817,0.9428,0.3084,12/12,37.46
dinov3l,square,none,VisA/fryum,adino,4,0,0.8907,0.8024,0.7268,0.2541,0.9405,0.1918,,0.0
dinov3l,square,none,VisA/fryum,galad,4,1,0.9683,0.94,0.9025,0.6128,0.9498,0.3265,12/12,25.78
dinov3l,square,none,VisA/fryum,adino,4,1,0.9583,0.909,0.7407,0.3731,0.9508,0.2636,,0.0
dinov3l,square,none,VisA/fryum,galad,4,2,0.9708,0.9416,0.9073,0.6135,0.9479,0.3228,12/12,23.9
dinov3l,square,none,VisA/fryum,adino,4,2,0.9538,0.899,0.7842,0.4123,0.9561,0.3077,,0.0
dinov3l,square,none,VisA/fryum,galad,4,3,0.9608,0.9254,0.8903,0.5886,0.9459,0.3077,12/12,33.5
dinov3l,square,none,VisA/fryum,adino,4,3,0.8867,0.8084,0.7353,0.2986,0.9432,0.2115,,0.0
dinov3l,square,none,VisA/fryum,galad,4,4,0.97,0.9446,0.8948,0.5996,0.9503,0.3301,12/12,21.13
dinov3l,square,none,VisA/fryum,adino,4,4,0.9484,0.8864,0.7598,0.3752,0.9594,0.2891,,0.0
dinov3l,square,none,VisA/fryum,galad,5,0,0.9677,0.9346,0.9121,0.6147,0.9521,0.3318,12/12,35.32
dinov3l,square,none,VisA/fryum,adino,5,0,0.9229,0.8468,0.7511,0.2973,0.9485,0.2237,,0.0
dinov3l,square,none,VisA/fryum,galad,5,1,0.9735,0.9486,0.9083,0.6298,0.955,0.3348,12/12,29.02
dinov3l,square,none,VisA/fryum,adino,5,1,0.9635,0.9216,0.7428,0.3782,0.9518,0.2719,,0.0
dinov3l,square,none,VisA/fryum,galad,5,2,0.9676,0.9396,0.905,0.6097,0.946,0.3152,12/12,25.65
dinov3l,square,none,VisA/fryum,adino,5,2,0.9557,0.9018,0.7916,0.4231,0.9592,0.3158,,0.0
dinov3l,square,none,VisA/fryum,galad,5,3,0.9561,0.9162,0.8786,0.5672,0.9383,0.294,12/12,22.8
dinov3l,square,none,VisA/fryum,adino,5,3,0.8869,0.8106,0.743,0.2986,0.9443,0.2127,,0.0
dinov3l,square,none,VisA/fryum,galad,5,4,0.9712,0.9446,0.9,0.6086,0.9512,0.3264,12/12,29.46
dinov3l,square,none,VisA/fryum,adino,5,4,0.9503,0.893,0.7688,0.3784,0.9594,0.2894,,0.0
dinov3l,square,none,mvtec_loco_AD/splicing_connectors,galad,1,0,0.7499,0.6252,0.7021,0.2881,0.5991,0.1457,12/12,5.16
dinov3l,square,none,mvtec_loco_AD/splicing_connectors,adino,1,0,0.7789,0.66,0.3939,0.1674,0.843,0.46,,0.0
dinov3l,square,none,mvtec_loco_AD/splicing_connectors,galad,1,1,0.7423,0.6311,0.6685,0.2897,0.6109,0.1392,12/12,4.52
dinov3l,square,none,mvtec_loco_AD/splicing_connectors,adino,1,1,0.7871,0.6581,0.3471,0.1343,0.8367,0.466,,0.0
dinov3l,square,none,mvtec_loco_AD/splicing_connectors,galad,1,2,0.7513,0.6411,0.6816,0.2937,0.6143,0.1419,12/12,6.61
dinov3l,square,none,mvtec_loco_AD/splicing_connectors,adino,1,2,0.8184,0.7064,0.3604,0.1573,0.8431,0.4833,,0.0
dinov3l,square,none,mvtec_loco_AD/splicing_connectors,galad,1,3,0.6899,0.5776,0.6946,0.2596,0.6036,0.1457,12/12,4.72
dinov3l,square,none,mvtec_loco_AD/splicing_connectors,adino,1,3,0.7509,0.6395,0.3946,0.1305,0.8236,0.362,,0.0
dinov3l,square,none,mvtec_loco_AD/splicing_connectors,galad,1,4,0.7565,0.6332,0.7068,0.2855,0.6096,0.1472,12/12,6.51
dinov3l,square,none,mvtec_loco_AD/splicing_connectors,adino,1,4,0.7743,0.6605,0.3863,0.14,0.8594,0.4581,,0.0
dinov3l,square,none,mvtec_loco_AD/splicing_connectors,galad,2,0,0.764,0.6401,0.6829,0.2808,0.6083,0.1506,12/12,8.75
dinov3l,square,none,mvtec_loco_AD/splicing_connectors,adino,2,0,0.7943,0.6816,0.4276,0.1855,0.8609,0.4947,,0.0
dinov3l,square,none,mvtec_loco_AD/splicing_connectors,galad,2,1,0.8048,0.7054,0.6797,0.305,0.63,0.1718,12/12,6.13
dinov3l,square,none,mvtec_loco_AD/splicing_connectors,adino,2,1,0.8601,0.7704,0.413,0.1761,0.8725,0.5311,,0.0
dinov3l,square,none,mvtec_loco_AD/splicing_connectors,galad,2,2,0.7621,0.6568,0.652,0.2744,0.6205,0.1425,12/12,18.03
dinov3l,square,none,mvtec_loco_AD/splicing_connectors,adino,2,2,0.8294,0.7099,0.4014,0.1734,0.846,0.4876,,0.0
dinov3l,square,none,mvtec_loco_AD/splicing_connectors,galad,2,3,0.8916,0.8075,0.6947,0.2927,0.6242,0.1808,12/12,12.06
dinov3l,square,none,mvtec_loco_AD/splicing_connectors,adino,2,3,0.8709,0.7777,0.4006,0.1835,0.871,0.5454,,0.0
dinov3l,square,none,mvtec_loco_AD/splicing_connectors,galad,2,4,0.7837,0.6616,0.6805,0.2622,0.6234,0.1474,12/12,10.57
dinov3l,square,none,mvtec_loco_AD/splicing_connectors,adino,2,4,0.8083,0.6875,0.4231,0.1853,0.8723,0.5275,,0.0
dinov3l,square,none,mvtec_loco_AD/splicing_connectors,galad,4,0,0.7944,0.6742,0.6516,0.2544,0.6338,0.1607,12/12,40.99
dinov3l,square,none,mvtec_loco_AD/splicing_connectors,adino,4,0,0.8414,0.741,0.4756,0.2173,0.8808,0.5622,,0.0
dinov3l,square,none,mvtec_loco_AD/splicing_connectors,galad,4,1,0.8653,0.7767,0.6609,0.2934,0.6424,0.1865,12/12,56.64
dinov3l,square,none,mvtec_loco_AD/splicing_connectors,adino,4,1,0.8918,0.8049,0.432,0.1964,0.8754,0.5182,,0.0
dinov3l,square,none,mvtec_loco_AD/splicing_connectors,galad,4,2,0.7937,0.6794,0.645,0.2977,0.6384,0.1691,12/12,29.87
dinov3l,square,none,mvtec_loco_AD/splicing_connectors,adino,4,2,0.834,0.7176,0.451,0.1871,0.8607,0.5257,,0.0
dinov3l,square,none,mvtec_loco_AD/splicing_connectors,galad,4,3,0.8934,0.8031,0.6564,0.2603,0.63,0.1823,12/12,15.41
dinov3l,square,none,mvtec_loco_AD/splicing_connectors,adino,4,3,0.8671,0.7738,0.4351,0.2012,0.8803,0.5683,,0.0
dinov3l,square,none,mvtec_loco_AD/splicing_connectors,galad,4,4,0.8505,0.7484,0.6928,0.2933,0.6351,0.1842,12/12,24.45
dinov3l,square,none,mvtec_loco_AD/splicing_connectors,adino,4,4,0.8381,0.7248,0.4345,0.207,0.8868,0.5737,,0.0
dinov3l,square,none,mvtec_loco_AD/splicing_connectors,galad,5,0,0.7987,0.6869,0.6324,0.2388,0.6386,0.1647,12/12,29.53
dinov3l,square,none,mvtec_loco_AD/splicing_connectors,adino,5,0,0.8374,0.7358,0.4519,0.2116,0.8791,0.5603,,0.0
dinov3l,square,none,mvtec_loco_AD/splicing_connectors,galad,5,1,0.8522,0.7584,0.6734,0.3164,0.6388,0.1791,12/12,24.92
dinov3l,square,none,mvtec_loco_AD/splicing_connectors,adino,5,1,0.8869,0.799,0.4378,0.1982,0.8574,0.467,,0.0
dinov3l,square,none,mvtec_loco_AD/splicing_connectors,galad,5,2,0.8145,0.7174,0.625,0.268,0.6379,0.1681,12/12,30.38
dinov3l,square,none,mvtec_loco_AD/splicing_connectors,adino,5,2,0.846,0.7402,0.4499,0.1926,0.8751,0.56,,0.0
dinov3l,square,none,mvtec_loco_AD/splicing_connectors,galad,5,3,0.8905,0.7979,0.6772,0.274,0.6313,0.1881,12/12,29.79
dinov3l,square,none,mvtec_loco_AD/splicing_connectors,adino,5,3,0.8674,0.7719,0.4552,0.2067,0.8783,0.5469,,0.0
dinov3l,square,none,mvtec_loco_AD/splicing_connectors,galad,5,4,0.8571,0.7586,0.6384,0.2532,0.6386,0.1863,12/12,24.71
dinov3l,square,none,mvtec_loco_AD/splicing_connectors,adino,5,4,0.8514,0.7446,0.4412,0.2147,0.889,0.5832,,0.0
dinov3l,square,none,AutoVI/underbody_screw,galad,1,0,0.3182,0.7533,0.7735,0.348,0.9321,0.002,12/12,6.2
dinov3l,square,none,AutoVI/underbody_screw,adino,1,0,0.4224,0.7518,0.5351,0.0796,0.8092,0.0006,,0.0
dinov3l,square,none,AutoVI/underbody_screw,galad,1,1,0.081,0.7047,0.8601,0.3188,0.958,0.0023,12/12,7.42
dinov3l,square,none,AutoVI/underbody_screw,adino,1,1,0.1254,0.624,0.498,0.0212,0.8489,0.0005,,0.0
dinov3l,square,none,AutoVI/underbody_screw,galad,1,2,0.0655,0.5826,0.7279,0.138,0.9183,0.0013,12/12,4.78
dinov3l,square,none,AutoVI/underbody_screw,adino,1,2,0.1026,0.5083,0.1773,0.0,0.7198,0.0003,,0.0
dinov3l,square,none,AutoVI/underbody_screw,galad,1,3,0.0922,0.6817,0.7845,0.1818,0.9353,0.0019,12/12,6.84
dinov3l,square,none,AutoVI/underbody_screw,adino,1,3,0.1134,0.6211,0.3752,0.003,0.8104,0.0004,,0.0
dinov3l,square,none,AutoVI/underbody_screw,galad,1,4,0.0793,0.6898,0.8579,0.3255,0.9573,0.0033,12/12,4.98
dinov3l,square,none,AutoVI/underbody_screw,adino,1,4,0.1209,0.6508,0.5281,0.0157,0.8575,0.0006,,0.0
dinov3l,square,none,AutoVI/underbody_screw,galad,2,0,0.0687,0.6474,0.8442,0.1707,0.9533,0.0017,12/12,8.81
dinov3l,square,none,AutoVI/underbody_screw,adino,2,0,0.1276,0.6511,0.7868,0.2731,0.9361,0.0016,,0.0
dinov3l,square,none,AutoVI/underbody_screw,galad,2,1,0.0905,0.7454,0.8002,0.1683,0.94,0.0016,12/12,11.39
dinov3l,square,none,AutoVI/underbody_screw,adino,2,1,0.121,0.6494,0.5226,0.0037,0.8567,0.0006,,0.0
dinov3l,square,none,AutoVI/underbody_screw,galad,2,2,0.0648,0.5977,0.8462,0.17,0.9539,0.0018,12/12,6.72
dinov3l,square,none,AutoVI/underbody_screw,adino,2,2,0.0543,0.5062,0.4074,0.0128,0.8127,0.0004,,0.0
dinov3l,square,none,AutoVI/underbody_screw,galad,2,3,0.1136,0.7435,0.8141,0.1816,0.9442,0.0033,12/12,8.48
dinov3l,square,none,AutoVI/underbody_screw,adino,2,3,0.1144,0.6312,0.4289,0.0042,0.8282,0.0005,,0.0
dinov3l,square,none,AutoVI/underbody_screw,galad,2,4,0.0821,0.6854,0.7673,0.1425,0.9301,0.0013,12/12,9.93
dinov3l,square,none,AutoVI/underbody_screw,adino,2,4,0.1218,0.6344,0.5615,0.0226,0.8682,0.0006,,0.0
dinov3l,square,none,AutoVI/underbody_screw,galad,4,0,0.0862,0.7099,0.85,0.1589,0.955,0.0018,12/12,13.03
dinov3l,square,none,AutoVI/underbody_screw,adino,4,0,0.1317,0.6843,0.8194,0.2524,0.9458,0.0017,,0.0
dinov3l,square,none,AutoVI/underbody_screw,galad,4,1,0.4725,0.862,0.9734,0.8403,0.992,0.0121,12/12,10.63
dinov3l,square,none,AutoVI/underbody_screw,adino,4,1,0.2094,0.701,0.8725,0.4675,0.9618,0.0031,,0.0
dinov3l,square,none,AutoVI/underbody_screw,galad,4,2,0.0604,0.5832,0.7889,0.03,0.9367,0.0013,12/12,14.78
dinov3l,square,none,AutoVI/underbody_screw,adino,4,2,0.0573,0.5581,0.7117,0.0439,0.9135,0.001,,0.0
dinov3l,square,none,AutoVI/underbody_screw,galad,4,3,0.218,0.8411,0.9593,0.7561,0.9878,0.0074,12/12,20.77
dinov3l,square,none,AutoVI/underbody_screw,adino,4,3,0.1319,0.7075,0.842,0.2607,0.9526,0.0018,,0.0
dinov3l,square,none,AutoVI/underbody_screw,galad,4,4,0.1454,0.7294,0.8908,0.3945,0.9672,0.0027,12/12,14.96
dinov3l,square,none,AutoVI/underbody_screw,adino,4,4,0.1389,0.7022,0.7632,0.1936,0.929,0.0013,,0.0
dinov3l,square,none,AutoVI/underbody_screw,galad,5,0,0.0677,0.6581,0.7995,0.0466,0.9398,0.0013,12/12,27.66
dinov3l,square,none,AutoVI/underbody_screw,adino,5,0,0.1228,0.6735,0.8229,0.2558,0.9469,0.0017,,0.0
dinov3l,square,none,AutoVI/underbody_screw,galad,5,1,0.5371,0.9131,0.9686,0.8113,0.9906,0.0111,12/12,35.8
dinov3l,square,none,AutoVI/underbody_screw,adino,5,1,0.2109,0.7145,0.9216,0.6405,0.9765,0.0052,,0.0
dinov3l,square,none,AutoVI/underbody_screw,galad,5,2,0.0642,0.6246,0.7476,0.0157,0.9243,0.0011,12/12,16.98
dinov3l,square,none,AutoVI/underbody_screw,adino,5,2,0.0668,0.6199,0.7679,0.0527,0.9304,0.0012,,0.0
dinov3l,square,none,AutoVI/underbody_screw,galad,5,3,0.2136,0.8289,0.959,0.7538,0.9877,0.0071,12/12,20.15
dinov3l,square,none,AutoVI/underbody_screw,adino,5,3,0.1418,0.7146,0.8589,0.2874,0.9577,0.002,,0.0
dinov3l,square,none,AutoVI/underbody_screw,galad,5,4,0.152,0.7515,0.9289,0.5768,0.9786,0.0042,12/12,22.69
dinov3l,square,none,AutoVI/underbody_screw,adino,5,4,0.1283,0.7031,0.767,0.1911,0.9301,0.0013,,0.0
dinov3l,square,none,GoodsAD/food_box,galad,1,0,0.6874,0.5673,0.5562,0.0929,0.8309,0.0295,12/12,8.3
dinov3l,square,none,GoodsAD/food_box,adino,1,0,0.6451,0.5165,0.4796,0.0586,0.8328,0.0292,,0.0
dinov3l,square,none,GoodsAD/food_box,galad,1,1,0.7062,0.5921,0.58,0.0687,0.8504,0.0332,12/12,6.81
dinov3l,square,none,GoodsAD/food_box,adino,1,1,0.6387,0.5082,0.4856,0.0484,0.8411,0.0311,,0.0
dinov3l,square,none,GoodsAD/food_box,galad,1,2,0.6965,0.579,0.5371,0.0465,0.8239,0.0279,12/12,8.25
dinov3l,square,none,GoodsAD/food_box,adino,1,2,0.667,0.5355,0.5016,0.0326,0.8347,0.0296,,0.0
dinov3l,square,none,GoodsAD/food_box,galad,1,3,0.695,0.5823,0.5674,0.072,0.8263,0.0285,12/12,6.62
dinov3l,square,none,GoodsAD/food_box,adino,1,3,0.6458,0.5228,0.531,0.0516,0.839,0.032,,0.0
dinov3l,square,none,GoodsAD/food_box,galad,1,4,0.6988,0.585,0.5296,0.0735,0.8039,0.0254,12/12,7.16
dinov3l,square,none,GoodsAD/food_box,adino,1,4,0.6526,0.5234,0.5042,0.045,0.8281,0.0291,,0.0
dinov3l,square,none,GoodsAD/food_box,galad,2,0,0.6816,0.5635,0.5634,0.0677,0.8506,0.0341,12/12,13.9
dinov3l,square,none,GoodsAD/food_box,adino,2,0,0.6387,0.4973,0.5058,0.0591,0.856,0.0344,,0.0
dinov3l,square,none,GoodsAD/food_box,galad,2,1,0.6986,0.6057,0.6144,0.0724,0.8723,0.0403,12/12,12.54
dinov3l,square,none,GoodsAD/food_box,adino,2,1,0.647,0.5184,0.5194,0.0537,0.857,0.0342,,0.0
dinov3l,square,none,GoodsAD/food_box,galad,2,2,0.6986,0.5744,0.5927,0.0726,0.8476,0.0339,12/12,9.75
dinov3l,square,none,GoodsAD/food_box,adino,2,2,0.6409,0.517,0.5481,0.0645,0.8498,0.0325,,0.0
dinov3l,square,none,GoodsAD/food_box,galad,2,3,0.6934,0.5822,0.5554,0.055,0.8397,0.0305,12/12,10.35
dinov3l,square,none,GoodsAD/food_box,adino,2,3,0.6488,0.5152,0.5447,0.0489,0.857,0.0346,,0.0
dinov3l,square,none,GoodsAD/food_box,galad,2,4,0.7115,0.6033,0.5854,0.0716,0.8394,0.0317,12/12,12.58
dinov3l,square,none,GoodsAD/food_box,adino,2,4,0.6327,0.5046,0.5581,0.0333,0.8602,0.0353,,0.0
dinov3l,square,none,GoodsAD/food_box,galad,4,0,0.6867,0.5673,0.6575,0.1421,0.8826,0.0494,12/12,21.89
dinov3l,square,none,GoodsAD/food_box,adino,4,0,0.643,0.5139,0.5643,0.0891,0.8783,0.042,,0.0
dinov3l,square,none,GoodsAD/food_box,galad,4,1,0.6854,0.5795,0.6336,0.0815,0.8918,0.0492,12/12,15.83
dinov3l,square,none,GoodsAD/food_box,adino,4,1,0.6404,0.5102,0.5346,0.0537,0.8707,0.0383,,0.0
dinov3l,square,none,GoodsAD/food_box,galad,4,2,0.7052,0.5974,0.6318,0.0992,0.8733,0.0453,12/12,45.23
dinov3l,square,none,GoodsAD/food_box,adino,4,2,0.6384,0.5047,0.5741,0.0737,0.8671,0.0369,,0.0
dinov3l,square,none,GoodsAD/food_box,galad,4,3,0.6873,0.5782,0.591,0.0539,0.8583,0.0349,12/12,20.69
dinov3l,square,none,GoodsAD/food_box,adino,4,3,0.6355,0.4987,0.5658,0.0518,0.8614,0.0354,,0.0
dinov3l,square,none,GoodsAD/food_box,galad,4,4,0.7064,0.6032,0.6315,0.0889,0.8756,0.0435,12/12,25.35
dinov3l,square,none,GoodsAD/food_box,adino,4,4,0.6353,0.5085,0.5726,0.0541,0.8735,0.0388,,0.0
dinov3l,square,none,GoodsAD/food_box,galad,5,0,0.6913,0.5807,0.6846,0.1578,0.8935,0.0573,12/12,35.21
dinov3l,square,none,GoodsAD/food_box,adino,5,0,0.6447,0.5183,0.5968,0.092,0.8896,0.0466,,0.0
dinov3l,square,none,GoodsAD/food_box,galad,5,1,0.6942,0.5964,0.6452,0.0952,0.8969,0.0539,12/12,20.14
dinov3l,square,none,GoodsAD/food_box,adino,5,1,0.6446,0.5181,0.5449,0.0494,0.8749,0.0395,,0.0
dinov3l,square,none,GoodsAD/food_box,galad,5,2,0.6982,0.5902,0.6275,0.1126,0.8818,0.0505,12/12,24.27
dinov3l,square,none,GoodsAD/food_box,adino,5,2,0.6321,0.5026,0.5617,0.0767,0.8764,0.0399,,0.0
dinov3l,square,none,GoodsAD/food_box,galad,5,3,0.7019,0.5819,0.639,0.08,0.8777,0.0428,12/12,26.67
dinov3l,square,none,GoodsAD/food_box,adino,5,3,0.644,0.5111,0.5804,0.0656,0.8676,0.0371,,0.0
dinov3l,square,none,GoodsAD/food_box,galad,5,4,0.708,0.6047,0.6773,0.1503,0.8949,0.0587,12/12,22.55
dinov3l,square,none,GoodsAD/food_box,adino,5,4,0.6365,0.5199,0.5857,0.0634,0.8815,0.0418,,0.0
dinov3l,square,none,mvtec_AD/hazelnut,galad,1,0,0.9269,0.8611,0.9548,0.781,0.994,0.7694,12/12,5.16
dinov3l,square,none,mvtec_AD/hazelnut,adino,1,0,0.9906,0.9818,0.8685,0.6235,0.9935,0.8855,,0.0
dinov3l,square,none,mvtec_AD/hazelnut,galad,1,1,0.9563,0.9132,0.9641,0.8104,0.9953,0.8092,12/12,5.07
dinov3l,square,none,mvtec_AD/hazelnut,adino,1,1,0.9957,0.9918,0.8928,0.685,0.9941,0.8948,,0.0
dinov3l,square,none,mvtec_AD/hazelnut,galad,1,2,0.9672,0.9393,0.9582,0.7759,0.9948,0.7774,12/12,4.91
dinov3l,square,none,mvtec_AD/hazelnut,adino,1,2,0.9758,0.9554,0.904,0.6705,0.9935,0.8866,,0.0
dinov3l,square,none,mvtec_AD/hazelnut,galad,1,3,0.9466,0.9011,0.9618,0.7926,0.9941,0.7582,12/12,8.92
dinov3l,square,none,mvtec_AD/hazelnut,adino,1,3,0.9986,0.9975,0.8848,0.6864,0.9949,0.9048,,0.0
dinov3l,square,none,mvtec_AD/hazelnut,galad,1,4,0.9606,0.9289,0.9702,0.8265,0.9952,0.7814,12/12,5.08
dinov3l,square,none,mvtec_AD/hazelnut,adino,1,4,1.0,1.0,0.9227,0.7534,0.9963,0.9139,,0.0
dinov3l,square,none,mvtec_AD/hazelnut,galad,2,0,0.9543,0.9132,0.9641,0.7986,0.9948,0.78,12/12,11.43
dinov3l,square,none,mvtec_AD/hazelnut,adino,2,0,0.9801,0.9632,0.8981,0.6793,0.9953,0.8964,,0.0
dinov3l,square,none,mvtec_AD/hazelnut,galad,2,1,0.9715,0.945,0.971,0.83,0.9958,0.8077,12/12,8.5
dinov3l,square,none,mvtec_AD/hazelnut,adino,2,1,0.9962,0.9929,0.9269,0.7278,0.9957,0.905,,0.0
dinov3l,square,none,mvtec_AD/hazelnut,galad,2,2,0.9773,0.9604,0.9634,0.7896,0.9954,0.7917,12/12,8.83
dinov3l,square,none,mvtec_AD/hazelnut,adino,2,2,0.9919,0.9857,0.9173,0.7161,0.9953,0.9049,,0.0
dinov3l,square,none,mvtec_AD/hazelnut,galad,2,3,0.9765,0.9557,0.972,0.8357,0.9953,0.7891,12/12,11.36
dinov3l,square,none,mvtec_AD/hazelnut,adino,2,3,0.9996,0.9993,0.9324,0.762,0.9962,0.9149,,0.0
dinov3l,square,none,mvtec_AD/hazelnut,galad,2,4,0.9727,0.9504,0.9731,0.841,0.9953,0.7816,12/12,11.3
dinov3l,square,none,mvtec_AD/hazelnut,adino,2,4,0.9998,0.9996,0.9312,0.7644,0.9965,0.9163,,0.0
dinov3l,square,none,mvtec_AD/hazelnut,galad,4,0,0.9768,0.96,0.962,0.7797,0.9953,0.8077,12/12,13.7
dinov3l,square,none,mvtec_AD/hazelnut,adino,4,0,0.978,0.96,0.9151,0.6924,0.9957,0.9015,,0.0
dinov3l,square,none,mvtec_AD/hazelnut,galad,4,1,0.9884,0.9779,0.9716,0.832,0.9952,0.7861,12/12,28.81
dinov3l,square,none,mvtec_AD/hazelnut,adino,4,1,0.9958,0.9921,0.9343,0.7344,0.996,0.9056,,0.0
dinov3l,square,none,mvtec_AD/hazelnut,galad,4,2,0.9795,0.9629,0.9659,0.8038,0.9957,0.8081,12/12,18.21
dinov3l,square,none,mvtec_AD/hazelnut,adino,4,2,0.9884,0.9796,0.9233,0.7257,0.9956,0.9057,,0.0
dinov3l,square,none,mvtec_AD/hazelnut,galad,4,3,0.9823,0.9664,0.9729,0.8391,0.9957,0.7926,12/12,14.63
dinov3l,square,none,mvtec_AD/hazelnut,adino,4,3,0.998,0.9964,0.9366,0.7679,0.9965,0.9125,,0.0
dinov3l,square,none,mvtec_AD/hazelnut,galad,4,4,0.9879,0.9779,0.9738,0.8452,0.9942,0.7356,12/12,14.47
dinov3l,square,none,mvtec_AD/hazelnut,adino,4,4,1.0,1.0,0.9379,0.7748,0.9967,0.9165,,0.0
dinov3l,square,none,mvtec_AD/hazelnut,galad,5,0,0.9795,0.9629,0.963,0.785,0.9944,0.7707,12/12,30.12
dinov3l,square,none,mvtec_AD/hazelnut,adino,5,0,0.9779,0.9596,0.9174,0.6974,0.9958,0.9009,,0.0
dinov3l,square,none,mvtec_AD/hazelnut,galad,5,1,0.9869,0.9754,0.9701,0.8242,0.9952,0.7843,12/12,25.79
dinov3l,square,none,mvtec_AD/hazelnut,adino,5,1,0.9954,0.9914,0.934,0.733,0.996,0.9045,,0.0
dinov3l,square,none,mvtec_AD/hazelnut,galad,5,2,0.9819,0.9679,0.9665,0.8055,0.9956,0.8051,12/12,21.6
dinov3l,square,none,mvtec_AD/hazelnut,adino,5,2,0.9878,0.9786,0.9275,0.727,0.9957,0.9054,,0.0
dinov3l,square,none,mvtec_AD/hazelnut,galad,5,3,0.9851,0.9721,0.9737,0.8446,0.996,0.808,12/12,29.09
dinov3l,square,none,mvtec_AD/hazelnut,adino,5,3,1.0,1.0,0.9422,0.7817,0.9968,0.9158,,0.0
dinov3l,square,none,mvtec_AD/hazelnut,galad,5,4,0.9901,0.9821,0.9739,0.8455,0.9951,0.77,12/12,21.32
dinov3l,square,none,mvtec_AD/hazelnut,adino,5,4,1.0,1.0,0.9406,0.778,0.9968,0.9174,,0.0
dinov3l,square,none,VisA/macaroni1,galad,1,0,0.7895,0.7999,0.9803,0.8987,0.9956,0.1135,12/12,9.12
dinov3l,square,none,VisA/macaroni1,adino,1,0,0.6796,0.6513,0.5773,0.2405,0.8884,0.0049,,0.0
dinov3l,square,none,VisA/macaroni1,galad,1,1,0.7981,0.7925,0.9754,0.8738,0.9925,0.1023,12/12,6.83
dinov3l,square,none,VisA/macaroni1,adino,1,1,0.7039,0.6696,0.4914,0.2015,0.8558,0.0043,,0.0
dinov3l,square,none,VisA/macaroni1,galad,1,2,0.7709,0.7639,0.9818,0.9007,0.9953,0.1157,12/12,10.41
dinov3l,square,none,VisA/macaroni1,adino,1,2,0.6662,0.6388,0.566,0.2441,0.8884,0.0056,,0.0
dinov3l,square,none,VisA/macaroni1,galad,1,3,0.751,0.7369,0.9225,0.6634,0.9773,0.0205,12/12,10.71
dinov3l,square,none,VisA/macaroni1,adino,1,3,0.6829,0.6708,0.4887,0.1931,0.8445,0.0031,,0.0
dinov3l,square,none,VisA/macaroni1,galad,1,4,0.8451,0.8431,0.9767,0.8702,0.9936,0.1021,12/12,9.5
dinov3l,square,none,VisA/macaroni1,adino,1,4,0.7098,0.7054,0.5406,0.2379,0.8847,0.0069,,0.0
dinov3l,square,none,VisA/macaroni1,galad,2,0,0.8047,0.8074,0.9754,0.8821,0.9937,0.1095,12/12,12.69
dinov3l,square,none,VisA/macaroni1,adino,2,0,0.7072,0.6977,0.5799,0.2797,0.8888,0.0054,,0.0
dinov3l,square,none,VisA/macaroni1,galad,2,1,0.7703,0.7673,0.9778,0.8875,0.9942,0.1069,12/12,18.43
dinov3l,square,none,VisA/macaroni1,adino,2,1,0.7243,0.708,0.5809,0.2818,0.8965,0.006,,0.0
dinov3l,square,none,VisA/macaroni1,galad,2,2,0.7878,0.7995,0.9805,0.9007,0.995,0.1114,12/12,13.02
dinov3l,square,none,VisA/macaroni1,adino,2,2,0.7328,0.7287,0.6428,0.3428,0.9095,0.0084,,0.0
dinov3l,square,none,VisA/macaroni1,galad,2,3,0.7983,0.7969,0.9668,0.8474,0.9909,0.0949,12/12,16.77
dinov3l,square,none,VisA/macaroni1,adino,2,3,0.7016,0.6928,0.6251,0.3079,0.9091,0.0066,,0.0
dinov3l,square,none,VisA/macaroni1,galad,2,4,0.8535,0.8704,0.9754,0.8711,0.9941,0.1109,12/12,14.26
dinov3l,square,none,VisA/macaroni1,adino,2,4,0.737,0.7406,0.5723,0.2736,0.8729,0.0057,,0.0
dinov3l,square,none,VisA/macaroni1,galad,4,0,0.8082,0.829,0.9776,0.8953,0.9937,0.1147,12/12,18.07
dinov3l,square,none,VisA/macaroni1,adino,4,0,0.7399,0.7427,0.6657,0.3644,0.922,0.0079,,0.0
dinov3l,square,none,VisA/macaroni1,galad,4,1,0.8296,0.8516,0.9751,0.8796,0.9923,0.1114,12/12,33.84
dinov3l,square,none,VisA/macaroni1,adino,4,1,0.7377,0.7413,0.6403,0.3483,0.9134,0.0079,,0.0
dinov3l,square,none,VisA/macaroni1,galad,4,2,0.8287,0.8437,0.9804,0.9001,0.9945,0.115,12/12,25.18
dinov3l,square,none,VisA/macaroni1,adino,4,2,0.7534,0.7348,0.6701,0.386,0.9249,0.0103,,0.0
dinov3l,square,none,VisA/macaroni1,galad,4,3,0.8342,0.8371,0.9736,0.879,0.9933,0.1103,12/12,22.92
dinov3l,square,none,VisA/macaroni1,adino,4,3,0.7227,0.7454,0.6511,0.3552,0.9148,0.0086,,0.0
dinov3l,square,none,VisA/macaroni1,galad,4,4,0.8853,0.901,0.9835,0.9114,0.9952,0.1166,12/12,27.46
dinov3l,square,none,VisA/macaroni1,adino,4,4,0.7718,0.7744,0.6213,0.333,0.8989,0.0087,,0.0
dinov3l,square,none,VisA/macaroni1,galad,5,0,0.7996,0.8237,0.979,0.9032,0.9944,0.114,12/12,28.74
dinov3l,square,none,VisA/macaroni1,adino,5,0,0.738,0.7504,0.6741,0.3794,0.9253,0.0086,,0.0
dinov3l,square,none,VisA/macaroni1,galad,5,1,0.8362,0.8521,0.9777,0.8841,0.9918,0.1089,12/12,24.07
dinov3l,square,none,VisA/macaroni1,adino,5,1,0.745,0.7542,0.644,0.352,0.9139,0.0074,,0.0
dinov3l,square,none,VisA/macaroni1,galad,5,2,0.8379,0.8536,0.9807,0.9031,0.9947,0.1134,12/12,30.22
dinov3l,square,none,VisA/macaroni1,adino,5,2,0.7394,0.7259,0.6799,0.4099,0.9255,0.0115,,0.0
dinov3l,square,none,VisA/macaroni1,galad,5,3,0.8264,0.8426,0.9807,0.9024,0.9946,0.1152,12/12,29.59
dinov3l,square,none,VisA/macaroni1,adino,5,3,0.7475,0.7784,0.6474,0.3653,0.9165,0.0092,,0.0
dinov3l,square,none,VisA/macaroni1,galad,5,4,0.8841,0.9025,0.9852,0.9169,0.995,0.113,12/12,40.43
dinov3l,square,none,VisA/macaroni1,adino,5,4,0.7769,0.7841,0.6527,0.3592,0.911,0.0092,,0.0
dinov3l,square,none,GoodsAD/food_package,galad,1,0,0.4853,0.5135,0.4693,0.0812,0.8489,0.0168,12/12,7.36
dinov3l,square,none,GoodsAD/food_package,adino,1,0,0.4923,0.5094,0.4778,0.0873,0.8574,0.0207,,0.0
dinov3l,square,none,GoodsAD/food_package,galad,1,1,0.4982,0.5341,0.5321,0.1074,0.876,0.0224,12/12,6.94
dinov3l,square,none,GoodsAD/food_package,adino,1,1,0.4808,0.5091,0.4708,0.0577,0.8531,0.018,,0.0
dinov3l,square,none,GoodsAD/food_package,galad,1,2,0.4767,0.5078,0.5717,0.1011,0.8994,0.0267,12/12,6.13
dinov3l,square,none,GoodsAD/food_package,adino,1,2,0.4822,0.5086,0.5108,0.0753,0.8891,0.0266,,0.0
dinov3l,square,none,GoodsAD/food_package,galad,1,3,0.4719,0.5089,0.5511,0.0731,0.9,0.0276,12/12,7.42
dinov3l,square,none,GoodsAD/food_package,adino,1,3,0.4784,0.4849,0.5295,0.056,0.9081,0.0301,,0.0
dinov3l,square,none,GoodsAD/food_package,galad,1,4,0.5092,0.5348,0.5581,0.1399,0.8723,0.0208,12/12,4.69
dinov3l,square,none,GoodsAD/food_package,adino,1,4,0.4567,0.4818,0.5193,0.0951,0.8911,0.0272,,0.0
dinov3l,square,none,GoodsAD/food_package,galad,2,0,0.4974,0.527,0.5018,0.1019,0.868,0.0198,12/12,19.39
dinov3l,square,none,GoodsAD/food_package,adino,2,0,0.4865,0.5112,0.5154,0.1242,0.8799,0.0267,,0.0
dinov3l,square,none,GoodsAD/food_package,galad,2,1,0.492,0.527,0.5879,0.1184,0.9015,0.0284,12/12,12.28
dinov3l,square,none,GoodsAD/food_package,adino,2,1,0.4784,0.4997,0.4924,0.0618,0.8702,0.02,,0.0
dinov3l,square,none,GoodsAD/food_package,galad,2,2,0.4779,0.5074,0.5812,0.1178,0.9099,0.0299,12/12,11.24
dinov3l,square,none,GoodsAD/food_package,adino,2,2,0.4874,0.5162,0.5099,0.0784,0.8902,0.027,,0.0
dinov3l,square,none,GoodsAD/food_package,galad,2,3,0.4764,0.5114,0.5591,0.0877,0.9066,0.0312,12/12,11.92
dinov3l,square,none,GoodsAD/food_package,adino,2,3,0.4828,0.5033,0.5395,0.0694,0.9066,0.0286,,0.0
dinov3l,square,none,GoodsAD/food_package,galad,2,4,0.5155,0.5422,0.6271,0.1611,0.9066,0.0326,12/12,12.75
dinov3l,square,none,GoodsAD/food_package,adino,2,4,0.4623,0.4838,0.5489,0.0862,0.9083,0.032,,0.0
dinov3l,square,none,GoodsAD/food_package,galad,4,0,0.5081,0.5498,0.5724,0.12,0.917,0.0406,12/12,26.1
dinov3l,square,none,GoodsAD/food_package,adino,4,0,0.4923,0.5202,0.5434,0.1089,0.9077,0.0354,,0.0
dinov3l,square,none,GoodsAD/food_package,galad,4,1,0.4972,0.534,0.6131,0.1258,0.9173,0.0338,12/12,33.18
dinov3l,square,none,GoodsAD/food_package,adino,4,1,0.4785,0.4944,0.5298,0.0678,0.897,0.0252,,0.0
dinov3l,square,none,GoodsAD/food_package,galad,4,2,0.4941,0.5271,0.6095,0.1257,0.9269,0.0405,12/12,18.31
dinov3l,square,none,GoodsAD/food_package,adino,4,2,0.5005,0.5138,0.5317,0.0731,0.8993,0.0298,,0.0
dinov3l,square,none,GoodsAD/food_package,galad,4,3,0.5043,0.5441,0.6113,0.1508,0.9224,0.0408,12/12,19.66
dinov3l,square,none,GoodsAD/food_package,adino,4,3,0.4937,0.5198,0.5509,0.0979,0.9091,0.0308,,0.0
dinov3l,square,none,GoodsAD/food_package,galad,4,4,0.5207,0.543,0.615,0.1516,0.9189,0.0373,12/12,22.77
dinov3l,square,none,GoodsAD/food_package,adino,4,4,0.477,0.4986,0.5537,0.0821,0.9143,0.034,,0.0
dinov3l,square,none,GoodsAD/food_package,galad,5,0,0.5089,0.5521,0.5996,0.1403,0.9182,0.0396,12/12,29.52
dinov3l,square,none,GoodsAD/food_package,adino,5,0,0.4974,0.527,0.5496,0.1023,0.9104,0.0359,,0.0
dinov3l,square,none,GoodsAD/food_package,galad,5,1,0.4911,0.5237,0.5869,0.1178,0.9166,0.036,12/12,43.93
dinov3l,square,none,GoodsAD/food_package,adino,5,1,0.4746,0.4876,0.5366,0.0698,0.8937,0.0245,,0.0
dinov3l,square,none,GoodsAD/food_package,galad,5,2,0.492,0.5193,0.6138,0.1204,0.932,0.0452,12/12,30.18
dinov3l,square,none,GoodsAD/food_package,adino,5,2,0.4943,0.5111,0.5546,0.0801,0.9163,0.0352,,0.0
dinov3l,square,none,GoodsAD/food_package,galad,5,3,0.5204,0.5535,0.6161,0.1694,0.9245,0.0464,12/12,36.29
dinov3l,square,none,GoodsAD/food_package,adino,5,3,0.486,0.5151,0.551,0.1013,0.9085,0.0312,,0.0
dinov3l,square,none,GoodsAD/food_package,galad,5,4,0.5178,0.5401,0.5971,0.1419,0.9184,0.0378,12/12,29.44
dinov3l,square,none,GoodsAD/food_package,adino,5,4,0.477,0.4955,0.5617,0.0977,0.9159,0.0355,,0.0
dinov3l,square,none,mvtec_AD/leather,galad,1,0,1.0,1.0,0.9801,0.8804,0.9914,0.3629,12/12,5.52
dinov3l,square,none,mvtec_AD/leather,adino,1,0,1.0,1.0,0.9841,0.9055,0.9941,0.5577,,0.0
dinov3l,square,none,mvtec_AD/leather,galad,1,1,1.0,1.0,0.9789,0.8733,0.9911,0.3412,12/12,5.58
dinov3l,square,none,mvtec_AD/leather,adino,1,1,1.0,1.0,0.9838,0.9033,0.994,0.5631,,0.0
dinov3l,square,none,mvtec_AD/leather,galad,1,2,1.0,1.0,0.9803,0.882,0.991,0.3435,12/12,5.07
dinov3l,square,none,mvtec_AD/leather,adino,1,2,1.0,1.0,0.9835,0.9019,0.9941,0.5581,,0.0
dinov3l,square,none,mvtec_AD/leather,galad,1,3,1.0,1.0,0.9776,0.8656,0.9911,0.3407,12/12,10.71
dinov3l,square,none,mvtec_AD/leather,adino,1,3,1.0,1.0,0.9835,0.9014,0.9942,0.5641,,0.0
dinov3l,square,none,mvtec_AD/leather,galad,1,4,1.0,1.0,0.9775,0.865,0.9911,0.3373,12/12,10.61
dinov3l,square,none,mvtec_AD/leather,adino,1,4,1.0,1.0,0.9835,0.9014,0.9942,0.5641,,0.0
dinov3l,square,none,mvtec_AD/leather,galad,2,0,1.0,1.0,0.9732,0.839,0.9911,0.3513,12/12,11.13
dinov3l,square,none,mvtec_AD/leather,adino,2,0,1.0,1.0,0.9826,0.8965,0.9943,0.5571,,0.0
dinov3l,square,none,mvtec_AD/leather,galad,2,1,1.0,1.0,0.9814,0.8884,0.9913,0.3625,12/12,15.94
dinov3l,square,none,mvtec_AD/leather,adino,2,1,1.0,1.0,0.9841,0.905,0.9938,0.5626,,0.0
dinov3l,square,none,mvtec_AD/leather,galad,2,2,1.0,1.0,0.9802,0.8812,0.9908,0.3555,12/12,10.43
dinov3l,square,none,mvtec_AD/leather,adino,2,2,1.0,1.0,0.9831,0.8996,0.9938,0.5504,,0.0
dinov3l,square,none,mvtec_AD/leather,galad,2,3,1.0,1.0,0.9797,0.8782,0.9919,0.3897,12/12,10.1
dinov3l,square,none,mvtec_AD/leather,adino,2,3,1.0,1.0,0.9835,0.9014,0.994,0.5616,,0.0
dinov3l,square,none,mvtec_AD/leather,galad,2,4,1.0,1.0,0.9786,0.8715,0.9908,0.3552,12/12,10.31
dinov3l,square,none,mvtec_AD/leather,adino,2,4,1.0,1.0,0.9829,0.8983,0.9938,0.5532,,0.0
dinov3l,square,none,mvtec_AD/leather,galad,4,0,0.9998,0.9993,0.9767,0.8605,0.9915,0.3778,12/12,36.09
dinov3l,square,none,mvtec_AD/leather,adino,4,0,1.0,1.0,0.9828,0.8978,0.9943,0.56,,0.0
dinov3l,square,none,mvtec_AD/leather,galad,4,1,0.9999,0.9997,0.9801,0.8809,0.9916,0.3886,12/12,47.19
dinov3l,square,none,mvtec_AD/leather,adino,4,1,1.0,1.0,0.9841,0.9054,0.9939,0.5574,,0.0
dinov3l,square,none,mvtec_AD/leather,galad,4,2,1.0,1.0,0.9781,0.8686,0.9906,0.3484,12/12,20.74
dinov3l,square,none,mvtec_AD/leather,adino,4,2,1.0,1.0,0.9834,0.901,0.9939,0.547,,0.0
dinov3l,square,none,mvtec_AD/leather,galad,4,3,1.0,1.0,0.9798,0.8786,0.9921,0.4252,12/12,49.02
dinov3l,square,none,mvtec_AD/leather,adino,4,3,1.0,1.0,0.9834,0.9008,0.9939,0.5517,,0.0
dinov3l,square,none,mvtec_AD/leather,galad,4,4,1.0,1.0,0.9766,0.8593,0.9902,0.3362,12/12,43.59
dinov3l,square,none,mvtec_AD/leather,adino,4,4,1.0,1.0,0.983,0.8986,0.9939,0.554,,0.0
dinov3l,square,none,mvtec_AD/leather,galad,5,0,0.9998,0.9993,0.9734,0.8404,0.991,0.3608,12/12,29.64
dinov3l,square,none,mvtec_AD/leather,adino,5,0,1.0,1.0,0.983,0.8985,0.9943,0.5595,,0.0
dinov3l,square,none,mvtec_AD/leather,galad,5,1,0.9999,0.9997,0.9813,0.8877,0.9921,0.4031,12/12,58.08
dinov3l,square,none,mvtec_AD/leather,adino,5,1,1.0,1.0,0.9841,0.9052,0.994,0.5585,,0.0
dinov3l,square,none,mvtec_AD/leather,galad,5,2,1.0,1.0,0.9784,0.8705,0.991,0.3685,12/12,63.75
dinov3l,square,none,mvtec_AD/leather,adino,5,2,1.0,1.0,0.9832,0.8996,0.9939,0.5467,,0.0
dinov3l,square,none,mvtec_AD/leather,galad,5,3,1.0,1.0,0.9766,0.8598,0.9917,0.4055,12/12,54.39
dinov3l,square,none,mvtec_AD/leather,adino,5,3,1.0,1.0,0.9832,0.8996,0.9937,0.552,,0.0
dinov3l,square,none,mvtec_AD/leather,galad,5,4,1.0,1.0,0.9775,0.8651,0.9907,0.3439,12/12,28.97
dinov3l,square,none,mvtec_AD/leather,adino,5,4,1.0,1.0,0.983,0.8985,0.9939,0.5542,,0.0
dinov3l,square,none,VisA/macaroni2,galad,1,0,0.4869,0.5287,0.9482,0.7578,0.9861,0.0438,12/12,5.72
dinov3l,square,none,VisA/macaroni2,adino,1,0,0.476,0.4904,0.0106,0.0,0.4358,0.0002,,0.0
dinov3l,square,none,VisA/macaroni2,galad,1,1,0.5751,0.6144,0.9839,0.9099,0.9931,0.0632,12/12,7.97
dinov3l,square,none,VisA/macaroni2,adino,1,1,0.5024,0.5353,0.0184,0.0,0.4984,0.0003,,0.0
dinov3l,square,none,VisA/macaroni2,galad,1,2,0.5784,0.6214,0.9711,0.8456,0.9857,0.0454,12/12,5.27
dinov3l,square,none,VisA/macaroni2,adino,1,2,0.462,0.4605,0.0053,0.0,0.396,0.0002,,0.0
dinov3l,square,none,VisA/macaroni2,galad,1,3,0.5658,0.6067,0.943,0.7864,0.9734,0.0276,12/12,15.49
dinov3l,square,none,VisA/macaroni2,adino,1,3,0.4387,0.4339,0.0319,0.0007,0.5005,0.0003,,0.0
dinov3l,square,none,VisA/macaroni2,galad,1,4,0.4932,0.5384,0.9654,0.8151,0.9878,0.0365,12/12,5.78
dinov3l,square,none,VisA/macaroni2,adino,1,4,0.439,0.4382,0.0221,0.0,0.5491,0.0003,,0.0
dinov3l,square,none,VisA/macaroni2,galad,2,0,0.6226,0.6471,0.9746,0.8741,0.9871,0.0557,12/12,13.63
dinov3l,square,none,VisA/macaroni2,adino,2,0,0.4738,0.4319,0.0217,0.0,0.4866,0.0003,,0.0
dinov3l,square,none,VisA/macaroni2,galad,2,1,0.5922,0.6112,0.9799,0.8942,0.9891,0.0598,12/12,17.18
dinov3l,square,none,VisA/macaroni2,adino,2,1,0.4623,0.4661,0.0341,0.0005,0.561,0.0003,,0.0
dinov3l,square,none,VisA/macaroni2,galad,2,2,0.6104,0.622,0.952,0.7588,0.9767,0.0208,12/12,12.13
dinov3l,square,none,VisA/macaroni2,adino,2,2,0.4494,0.4452,0.0142,0.0,0.4426,0.0002,,0.0
dinov3l,square,none,VisA/macaroni2,galad,2,3,0.5805,0.6202,0.9742,0.8636,0.9867,0.0488,12/12,20.11
dinov3l,square,none,VisA/macaroni2,adino,2,3,0.4422,0.4141,0.0254,0.0002,0.5118,0.0003,,0.0
dinov3l,square,none,VisA/macaroni2,galad,2,4,0.5276,0.5606,0.9827,0.9011,0.9897,0.0524,12/12,9.91
dinov3l,square,none,VisA/macaroni2,adino,2,4,0.4272,0.404,0.0411,0.0,0.5597,0.0003,,0.0
dinov3l,square,none,VisA/macaroni2,galad,4,0,0.5776,0.6041,0.9791,0.8939,0.9866,0.0626,12/12,19.27
dinov3l,square,none,VisA/macaroni2,adino,4,0,0.4496,0.4356,0.0402,0.0,0.5377,0.0003,,0.0
dinov3l,square,none,VisA/macaroni2,galad,4,1,0.6278,0.6379,0.9845,0.9112,0.991,0.0606,12/12,21.84
dinov3l,square,none,VisA/macaroni2,adino,4,1,0.4578,0.4475,0.0574,0.0016,0.5946,0.0003,,0.0
dinov3l,square,none,VisA/macaroni2,galad,4,2,0.5388,0.5978,0.9798,0.8985,0.9882,0.0676,12/12,19.34
dinov3l,square,none,VisA/macaroni2,adino,4,2,0.4357,0.42,0.0621,0.001,0.5741,0.0003,,0.0
dinov3l,square,none,VisA/macaroni2,galad,4,3,0.5781,0.5982,0.9833,0.9079,0.9894,0.0694,12/12,19.97
dinov3l,square,none,VisA/macaroni2,adino,4,3,0.4409,0.4351,0.034,0.0001,0.5649,0.0003,,0.0
dinov3l,square,none,VisA/macaroni2,galad,4,4,0.521,0.5698,0.9813,0.8943,0.9886,0.0639,12/12,19.57
dinov3l,square,none,VisA/macaroni2,adino,4,4,0.444,0.4566,0.0841,0.0009,0.6223,0.0004,,0.0
dinov3l,square,none,VisA/macaroni2,galad,5,0,0.621,0.6443,0.9788,0.8949,0.984,0.0675,12/12,30.25
dinov3l,square,none,VisA/macaroni2,adino,5,0,0.4357,0.411,0.0484,0.0009,0.5556,0.0003,,0.0
dinov3l,square,none,VisA/macaroni2,galad,5,1,0.6112,0.6223,0.9835,0.9085,0.9904,0.0571,12/12,39.45
dinov3l,square,none,VisA/macaroni2,adino,5,1,0.4517,0.4578,0.052,0.0003,0.5933,0.0003,,0.0
dinov3l,square,none,VisA/macaroni2,galad,5,2,0.5225,0.5769,0.9827,0.9092,0.9877,0.0641,12/12,43.29
dinov3l,square,none,VisA/macaroni2,adino,5,2,0.4375,0.4069,0.0701,0.0026,0.5748,0.0003,,0.0
dinov3l,square,none,VisA/macaroni2,galad,5,3,0.5251,0.5619,0.9819,0.9025,0.988,0.0689,12/12,37.85
dinov3l,square,none,VisA/macaroni2,adino,5,3,0.4477,0.4405,0.044,0.0001,0.5841,0.0003,,0.0
dinov3l,square,none,VisA/macaroni2,galad,5,4,0.522,0.5701,0.9821,0.8979,0.9885,0.0543,12/12,32.32
dinov3l,square,none,VisA/macaroni2,adino,5,4,0.4374,0.448,0.0963,0.0027,0.6341,0.0004,,0.0
dinov3l,square,none,mvtec_AD/metal_nut,galad,1,0,0.9956,0.9814,0.9501,0.74,0.9669,0.706,12/12,5.09
dinov3l,square,none,mvtec_AD/metal_nut,adino,1,0,0.9976,0.9897,0.8812,0.6759,0.9729,0.8373,,0.0
dinov3l,square,none,mvtec_AD/metal_nut,galad,1,1,0.9799,0.9101,0.9559,0.7651,0.9714,0.732,12/12,5.2
dinov3l,square,none,mvtec_AD/metal_nut,adino,1,1,0.995,0.9785,0.867,0.6463,0.9741,0.8521,,0.0
dinov3l,square,none,mvtec_AD/metal_nut,galad,1,2,0.9856,0.9404,0.9514,0.7505,0.9675,0.7114,12/12,4.89
dinov3l,square,none,mvtec_AD/metal_nut,adino,1,2,0.9998,0.999,0.8961,0.6937,0.9762,0.8528,,0.0
dinov3l,square,none,mvtec_AD/metal_nut,galad,1,3,0.9908,0.9619,0.9498,0.7355,0.9658,0.6978,12/12,8.23
dinov3l,square,none,mvtec_AD/metal_nut,adino,1,3,0.9985,0.9932,0.8788,0.6688,0.9758,0.8484,,0.0
dinov3l,square,none,mvtec_AD/metal_nut,galad,1,4,0.9898,0.958,0.9504,0.7366,0.967,0.7032,12/12,7.8
dinov3l,square,none,mvtec_AD/metal_nut,adino,1,4,0.9985,0.9932,0.8788,0.6688,0.9758,0.8484,,0.0
dinov3l,square,none,mvtec_AD/metal_nut,galad,2,0,0.9921,0.9648,0.9531,0.7465,0.9705,0.7322,12/12,7.74
dinov3l,square,none,mvtec_AD/metal_nut,adino,2,0,0.9986,0.9941,0.9124,0.7062,0.9821,0.8742,,0.0
dinov3l,square,none,mvtec_AD/metal_nut,galad,2,1,0.9854,0.9345,0.9535,0.7525,0.9682,0.7148,12/12,5.56
dinov3l,square,none,mvtec_AD/metal_nut,adino,2,1,0.9995,0.998,0.9051,0.6913,0.9772,0.8446,,0.0
dinov3l,square,none,mvtec_AD/metal_nut,galad,2,2,0.9901,0.9594,0.9525,0.7475,0.969,0.7192,12/12,15.15
dinov3l,square,none,mvtec_AD/metal_nut,adino,2,2,1.0,1.0,0.9193,0.7354,0.9826,0.8805,,0.0
dinov3l,square,none,mvtec_AD/metal_nut,galad,2,3,0.9882,0.9492,0.9545,0.7471,0.9715,0.7258,12/12,12.54
dinov3l,square,none,mvtec_AD/metal_nut,adino,2,3,0.9997,0.9985,0.8903,0.6885,0.9788,0.8635,,0.0
dinov3l,square,none,mvtec_AD/metal_nut,galad,2,4,0.9992,0.9966,0.9507,0.7342,0.9684,0.7122,12/12,8.56
dinov3l,square,none,mvtec_AD/metal_nut,adino,2,4,0.9992,0.9966,0.9063,0.7133,0.9821,0.8794,,0.0
dinov3l,square,none,mvtec_AD/metal_nut,galad,4,0,0.9956,0.9809,0.9534,0.7485,0.9698,0.7321,12/12,23.93
dinov3l,square,none,mvtec_AD/metal_nut,adino,4,0,1.0,1.0,0.9358,0.7636,0.9873,0.9038,,0.0
dinov3l,square,none,mvtec_AD/metal_nut,galad,4,1,0.9964,0.9844,0.9514,0.7391,0.9677,0.7129,12/12,24.39
dinov3l,square,none,mvtec_AD/metal_nut,adino,4,1,1.0,1.0,0.9343,0.7537,0.9851,0.8848,,0.0
dinov3l,square,none,mvtec_AD/metal_nut,galad,4,2,0.9903,0.9585,0.9518,0.7464,0.9663,0.7062,12/12,54.32
dinov3l,square,none,mvtec_AD/metal_nut,adino,4,2,1.0,1.0,0.935,0.7619,0.9859,0.8959,,0.0
dinov3l,square,none,mvtec_AD/metal_nut,galad,4,3,0.9921,0.9658,0.9525,0.7361,0.97,0.7146,12/12,23.47
dinov3l,square,none,mvtec_AD/metal_nut,adino,4,3,1.0,1.0,0.9236,0.7537,0.9868,0.9027,,0.0
dinov3l,square,none,mvtec_AD/metal_nut,galad,4,4,0.9978,0.9902,0.9526,0.7384,0.9699,0.7222,12/12,27.58
dinov3l,square,none,mvtec_AD/metal_nut,adino,4,4,1.0,1.0,0.9306,0.7673,0.9858,0.8959,,0.0
dinov3l,square,none,mvtec_AD/metal_nut,galad,5,0,0.9939,0.9736,0.9512,0.733,0.9704,0.729,12/12,31.31
dinov3l,square,none,mvtec_AD/metal_nut,adino,5,0,1.0,1.0,0.9406,0.7744,0.9882,0.9086,,0.0
dinov3l,square,none,mvtec_AD/metal_nut,galad,5,1,0.996,0.9824,0.9517,0.741,0.9694,0.7325,12/12,25.71
dinov3l,square,none,mvtec_AD/metal_nut,adino,5,1,1.0,1.0,0.9365,0.7582,0.9854,0.8869,,0.0
dinov3l,square,none,mvtec_AD/metal_nut,galad,5,2,0.9907,0.9599,0.9501,0.7364,0.9654,0.6968,12/12,39.14
dinov3l,square,none,mvtec_AD/metal_nut,adino,5,2,1.0,1.0,0.9364,0.7633,0.9859,0.894,,0.0
dinov3l,square,none,mvtec_AD/metal_nut,galad,5,3,0.992,0.9653,0.9523,0.7373,0.9697,0.7179,12/12,53.18
dinov3l,square,none,mvtec_AD/metal_nut,adino,5,3,1.0,1.0,0.9285,0.7612,0.9874,0.9051,,0.0
dinov3l,square,none,mvtec_AD/metal_nut,galad,5,4,0.9977,0.9897,0.952,0.7384,0.9684,0.7161,12/12,24.88
dinov3l,square,none,mvtec_AD/metal_nut,adino,5,4,1.0,1.0,0.9352,0.7758,0.9868,0.9003,,0.0
dinov3l,square,none,VisA/pcb1,galad,1,0,0.946,0.9559,0.958,0.8037,0.9962,0.8098,12/12,7.52
dinov3l,square,none,VisA/pcb1,adino,1,0,0.8316,0.8476,0.7384,0.4422,0.9905,0.8265,,0.0
dinov3l,square,none,VisA/pcb1,galad,1,1,0.9361,0.9396,0.959,0.8246,0.9956,0.7893,12/12,8.37
dinov3l,square,none,VisA/pcb1,adino,1,1,0.8501,0.8659,0.7173,0.3984,0.9869,0.8217,,0.0
dinov3l,square,none,VisA/pcb1,galad,1,2,0.9579,0.9628,0.9544,0.797,0.9952,0.7819,12/12,3.62
dinov3l,square,none,VisA/pcb1,adino,1,2,0.8441,0.8728,0.6732,0.308,0.9829,0.793,,0.0
dinov3l,square,none,VisA/pcb1,galad,1,3,0.9315,0.9346,0.9632,0.8354,0.9964,0.7721,12/12,5.06
dinov3l,square,none,VisA/pcb1,adino,1,3,0.7976,0.8033,0.7673,0.4235,0.9885,0.8219,,0.0
dinov3l,square,none,VisA/pcb1,galad,1,4,0.9276,0.9346,0.9533,0.7845,0.995,0.724,12/12,8.31
dinov3l,square,none,VisA/pcb1,adino,1,4,0.7704,0.7662,0.7287,0.4124,0.9903,0.8269,,0.0
dinov3l,square,none,VisA/pcb1,galad,2,0,0.9543,0.9585,0.966,0.8475,0.9966,0.7922,12/12,6.64
dinov3l,square,none,VisA/pcb1,adino,2,0,0.871,0.9013,0.7414,0.4379,0.9907,0.8305,,0.0
dinov3l,square,none,VisA/pcb1,galad,2,1,0.8858,0.8973,0.9667,0.8493,0.9964,0.7794,12/12,6.48
dinov3l,square,none,VisA/pcb1,adino,2,1,0.8413,0.8641,0.8721,0.5618,0.9954,0.8497,,0.0
dinov3l,square,none,VisA/pcb1,galad,2,2,0.9579,0.9587,0.9654,0.862,0.9966,0.801,12/12,7.14
dinov3l,square,none,VisA/pcb1,adino,2,2,0.8682,0.9024,0.7182,0.3952,0.9871,0.818,,0.0
dinov3l,square,none,VisA/pcb1,galad,2,3,0.9259,0.931,0.9654,0.8505,0.9964,0.7857,12/12,6.7
dinov3l,square,none,VisA/pcb1,adino,2,3,0.8542,0.8744,0.8554,0.5853,0.9942,0.849,,0.0
dinov3l,square,none,VisA/pcb1,galad,2,4,0.9255,0.9324,0.9588,0.8321,0.9962,0.7766,12/12,8.08
dinov3l,square,none,VisA/pcb1,adino,2,4,0.7852,0.7967,0.7621,0.44,0.9916,0.8344,,0.0
dinov3l,square,none,VisA/pcb1,galad,4,0,0.9225,0.9405,0.9634,0.8503,0.9966,0.7967,12/12,19.1
dinov3l,square,none,VisA/pcb1,adino,4,0,0.8896,0.9242,0.7736,0.468,0.9925,0.8402,,0.0
dinov3l,square,none,VisA/pcb1,galad,4,1,0.8818,0.897,0.9658,0.8511,0.9964,0.7972,12/12,18.74
dinov3l,square,none,VisA/pcb1,adino,4,1,0.8606,0.8902,0.8845,0.5716,0.9959,0.8531,,0.0
dinov3l,square,none,VisA/pcb1,galad,4,2,0.9635,0.9634,0.9603,0.8525,0.9963,0.828,12/12,22.36
dinov3l,square,none,VisA/pcb1,adino,4,2,0.8944,0.9289,0.7724,0.4724,0.9914,0.8406,,0.0
dinov3l,square,none,VisA/pcb1,galad,4,3,0.9137,0.9248,0.9659,0.8589,0.9966,0.8334,12/12,14.13
dinov3l,square,none,VisA/pcb1,adino,4,3,0.8746,0.9133,0.8602,0.5828,0.9949,0.8506,,0.0
dinov3l,square,none,VisA/pcb1,galad,4,4,0.9078,0.9154,0.9558,0.8378,0.9962,0.8261,12/12,18.03
dinov3l,square,none,VisA/pcb1,adino,4,4,0.8444,0.8631,0.8475,0.5465,0.995,0.8529,,0.0
dinov3l,square,none,VisA/pcb1,galad,5,0,0.893,0.912,0.9599,0.8451,0.9963,0.8051,12/12,19.53
dinov3l,square,none,VisA/pcb1,adino,5,0,0.8899,0.9261,0.7907,0.4978,0.9926,0.8445,,0.0
dinov3l,square,none,VisA/pcb1,galad,5,1,0.8893,0.903,0.9633,0.8397,0.9966,0.7709,12/12,20.26
dinov3l,square,none,VisA/pcb1,adino,5,1,0.8614,0.8915,0.8804,0.5779,0.9959,0.8538,,0.0
dinov3l,square,none,VisA/pcb1,galad,5,2,0.9531,0.9559,0.9624,0.8497,0.9966,0.8188,12/12,16.73
dinov3l,square,none,VisA/pcb1,adino,5,2,0.8932,0.9298,0.7809,0.4751,0.9919,0.8406,,0.0
dinov3l,square,none,VisA/pcb1,galad,5,3,0.9173,0.9336,0.9621,0.8538,0.9964,0.8406,12/12,26.43
dinov3l,square,none,VisA/pcb1,adino,5,3,0.8793,0.9188,0.859,0.5837,0.9951,0.8516,,0.0
dinov3l,square,none,VisA/pcb1,galad,5,4,0.9071,0.9227,0.9573,0.8374,0.9962,0.8175,12/12,25.3
dinov3l,square,none,VisA/pcb1,adino,5,4,0.8504,0.8769,0.8468,0.5456,0.995,0.8517,,0.0
dinov3l,square,none,mvtec_AD/pill,galad,1,0,0.9868,0.9296,0.974,0.8582,0.9722,0.5528,12/12,7.52
dinov3l,square,none,mvtec_AD/pill,adino,1,0,0.9964,0.9795,0.9599,0.8372,0.9439,0.5311,,0.0
dinov3l,square,none,mvtec_AD/pill,galad,1,1,0.9894,0.9435,0.9733,0.8593,0.9696,0.5499,12/12,8.51
dinov3l,square,none,mvtec_AD/pill,adino,1,1,0.992,0.9542,0.9604,0.8351,0.9486,0.5273,,0.0
dinov3l,square,none,mvtec_AD/pill,galad,1,2,0.9907,0.9487,0.9713,0.847,0.9677,0.5256,12/12,7.26
dinov3l,square,none,mvtec_AD/pill,adino,1,2,0.9942,0.9678,0.9582,0.836,0.9427,0.5224,,0.0
dinov3l,square,none,mvtec_AD/pill,galad,1,3,0.9893,0.9403,0.9689,0.8457,0.9655,0.535,12/12,5.38
dinov3l,square,none,mvtec_AD/pill,adino,1,3,0.9871,0.9258,0.9508,0.8041,0.925,0.4685,,0.0
dinov3l,square,none,mvtec_AD/pill,galad,1,4,0.9855,0.9228,0.9724,0.8507,0.9731,0.5605,12/12,5.67
dinov3l,square,none,mvtec_AD/pill,adino,1,4,0.9915,0.9506,0.9631,0.8425,0.9487,0.5269,,0.0
dinov3l,square,none,mvtec_AD/pill,galad,2,0,0.9906,0.9476,0.9753,0.8617,0.9747,0.5614,12/12,13.79
dinov3l,square,none,mvtec_AD/pill,adino,2,0,0.9958,0.9757,0.9639,0.8479,0.9508,0.5459,,0.0
dinov3l,square,none,mvtec_AD/pill,galad,2,1,0.9907,0.9498,0.973,0.8494,0.9734,0.5476,12/12,10.46
dinov3l,square,none,mvtec_AD/pill,adino,2,1,0.9922,0.9555,0.9654,0.8493,0.9577,0.5633,,0.0
dinov3l,square,none,mvtec_AD/pill,galad,2,2,0.9939,0.9675,0.9728,0.8505,0.9716,0.5387,12/12,11.03
dinov3l,square,none,mvtec_AD/pill,adino,2,2,0.996,0.9785,0.9617,0.8474,0.9497,0.5443,,0.0
dinov3l,square,none,mvtec_AD/pill,galad,2,3,0.9918,0.955,0.9702,0.8391,0.971,0.5438,12/12,10.5
dinov3l,square,none,mvtec_AD/pill,adino,2,3,0.9933,0.9618,0.9579,0.8348,0.9415,0.5272,,0.0
dinov3l,square,none,mvtec_AD/pill,galad,2,4,0.9867,0.9277,0.9726,0.8458,0.9771,0.5741,12/12,11.61
dinov3l,square,none,mvtec_AD/pill,adino,2,4,0.9902,0.9419,0.9624,0.8394,0.9545,0.54,,0.0
dinov3l,square,none,mvtec_AD/pill,galad,4,0,0.9922,0.9569,0.9704,0.8305,0.9766,0.5649,12/12,26.13
dinov3l,square,none,mvtec_AD/pill,adino,4,0,0.9958,0.9771,0.9669,0.8544,0.953,0.5554,,0.0
dinov3l,square,none,mvtec_AD/pill,galad,4,1,0.9912,0.9536,0.9707,0.8322,0.9763,0.5543,12/12,27.96
dinov3l,square,none,mvtec_AD/pill,adino,4,1,0.9921,0.9555,0.9669,0.8537,0.9605,0.5678,,0.0
dinov3l,square,none,mvtec_AD/pill,galad,4,2,0.9931,0.9621,0.9731,0.8467,0.9749,0.5474,12/12,38.43
dinov3l,square,none,mvtec_AD/pill,adino,4,2,0.9955,0.976,0.9654,0.8578,0.9523,0.5486,,0.0
dinov3l,square,none,mvtec_AD/pill,galad,4,3,0.993,0.961,0.9707,0.8343,0.9754,0.5591,12/12,20.24
dinov3l,square,none,mvtec_AD/pill,adino,4,3,0.9955,0.9741,0.9649,0.852,0.9507,0.5442,,0.0
dinov3l,square,none,mvtec_AD/pill,galad,4,4,0.9936,0.9643,0.9736,0.8483,0.9782,0.5821,12/12,23.57
dinov3l,square,none,mvtec_AD/pill,adino,4,4,0.993,0.9591,0.9646,0.8479,0.9567,0.5576,,0.0
dinov3l,square,none,mvtec_AD/pill,galad,5,0,0.9918,0.9547,0.968,0.8167,0.9772,0.5663,12/12,47.53
dinov3l,square,none,mvtec_AD/pill,adino,5,0,0.9957,0.9757,0.9667,0.8535,0.9558,0.5626,,0.0
dinov3l,square,none,mvtec_AD/pill,galad,5,1,0.9935,0.9648,0.969,0.8255,0.9738,0.5489,12/12,41.57
dinov3l,square,none,mvtec_AD/pill,adino,5,1,0.9932,0.9607,0.9663,0.8522,0.9576,0.5586,,0.0
dinov3l,square,none,mvtec_AD/pill,galad,5,2,0.9939,0.9667,0.9711,0.835,0.9747,0.5479,12/12,24.39
dinov3l,square,none,mvtec_AD/pill,adino,5,2,0.9946,0.9705,0.9661,0.8577,0.9551,0.5529,,0.0
dinov3l,square,none,mvtec_AD/pill,galad,5,3,0.9929,0.9604,0.9692,0.825,0.9745,0.5506,12/12,49.25
dinov3l,square,none,mvtec_AD/pill,adino,5,3,0.9955,0.9746,0.9666,0.8553,0.9542,0.5523,,0.0
dinov3l,square,none,mvtec_AD/pill,galad,5,4,0.9925,0.958,0.9722,0.8408,0.9765,0.5592,12/12,34.22
dinov3l,square,none,mvtec_AD/pill,adino,5,4,0.9948,0.9705,0.9667,0.8555,0.9573,0.5568,,0.0
dinov3l,square,none,VisA/pcb2,galad,1,0,0.8235,0.8249,0.8846,0.7052,0.9728,0.3,12/12,5.27
dinov3l,square,none,VisA/pcb2,adino,1,0,0.7356,0.7551,0.6925,0.4716,0.9586,0.2513,,0.0
dinov3l,square,none,VisA/pcb2,galad,1,1,0.8498,0.8433,0.8739,0.6419,0.9745,0.1908,12/12,7.65
dinov3l,square,none,VisA/pcb2,adino,1,1,0.7803,0.818,0.6938,0.4246,0.9648,0.2525,,0.0
dinov3l,square,none,VisA/pcb2,galad,1,2,0.8196,0.8111,0.8886,0.7187,0.9744,0.2852,12/12,4.39
dinov3l,square,none,VisA/pcb2,adino,1,2,0.7403,0.745,0.6687,0.4138,0.9492,0.2205,,0.0
dinov3l,square,none,VisA/pcb2,galad,1,3,0.8748,0.8741,0.8863,0.7155,0.9783,0.2836,12/12,4.54
dinov3l,square,none,VisA/pcb2,adino,1,3,0.792,0.8254,0.6897,0.424,0.9662,0.2456,,0.0
dinov3l,square,none,VisA/pcb2,galad,1,4,0.8613,0.8523,0.8819,0.6961,0.9744,0.2521,12/12,4.5
dinov3l,square,none,VisA/pcb2,adino,1,4,0.7831,0.8085,0.714,0.4271,0.9663,0.2065,,0.0
dinov3l,square,none,VisA/pcb2,galad,2,0,0.8584,0.8767,0.8955,0.7293,0.9788,0.2704,12/12,8.38
dinov3l,square,none,VisA/pcb2,adino,2,0,0.7947,0.8359,0.7929,0.5693,0.9803,0.334,,0.0
dinov3l,square,none,VisA/pcb2,galad,2,1,0.8501,0.8772,0.8934,0.7277,0.9793,0.2713,12/12,8.42
dinov3l,square,none,VisA/pcb2,adino,2,1,0.837,0.877,0.7384,0.48,0.9728,0.2996,,0.0
dinov3l,square,none,VisA/pcb2,galad,2,2,0.8138,0.8067,0.888,0.7307,0.9778,0.2824,12/12,8.21
dinov3l,square,none,VisA/pcb2,adino,2,2,0.6935,0.7053,0.6851,0.4523,0.958,0.2511,,0.0
dinov3l,square,none,VisA/pcb2,galad,2,3,0.8225,0.8523,0.8869,0.7142,0.9804,0.254,12/12,5.13
dinov3l,square,none,VisA/pcb2,adino,2,3,0.794,0.8346,0.6933,0.437,0.9663,0.2554,,0.0
dinov3l,square,none,VisA/pcb2,galad,2,4,0.846,0.859,0.8793,0.6945,0.9782,0.2397,12/12,8.22
dinov3l,square,none,VisA/pcb2,adino,2,4,0.8292,0.8623,0.7168,0.4552,0.9725,0.2727,,0.0
dinov3l,square,none,VisA/pcb2,galad,4,0,0.809,0.8487,0.8967,0.7273,0.9818,0.2485,12/12,12.61
dinov3l,square,none,VisA/pcb2,adino,4,0,0.8285,0.8759,0.8183,0.6113,0.9846,0.3603,,0.0
dinov3l,square,none,VisA/pcb2,galad,4,1,0.8153,0.8605,0.8957,0.7235,0.9833,0.2536,12/12,21.86
dinov3l,square,none,VisA/pcb2,adino,4,1,0.8302,0.8737,0.818,0.6257,0.982,0.3511,,0.0
dinov3l,square,none,VisA/pcb2,galad,4,2,0.8423,0.852,0.8829,0.7082,0.9792,0.2363,12/12,10.88
dinov3l,square,none,VisA/pcb2,adino,4,2,0.8247,0.8583,0.7912,0.5876,0.9794,0.3491,,0.0
dinov3l,square,none,VisA/pcb2,galad,4,3,0.821,0.8601,0.8867,0.7137,0.9813,0.2425,12/12,14.07
dinov3l,square,none,VisA/pcb2,adino,4,3,0.8245,0.8704,0.6951,0.4293,0.9678,0.2741,,0.0
dinov3l,square,none,VisA/pcb2,galad,4,4,0.8501,0.8726,0.899,0.7287,0.9806,0.23,12/12,18.58
dinov3l,square,none,VisA/pcb2,adino,4,4,0.8423,0.8894,0.8316,0.613,0.9864,0.3478,,0.0
dinov3l,square,none,VisA/pcb2,galad,5,0,0.8201,0.8634,0.897,0.7302,0.9833,0.2382,12/12,14.97
dinov3l,square,none,VisA/pcb2,adino,5,0,0.8491,0.899,0.8348,0.635,0.9869,0.3668,,0.0
dinov3l,square,none,VisA/pcb2,galad,5,1,0.7908,0.827,0.8924,0.7106,0.9793,0.2356,12/12,24.25
dinov3l,square,none,VisA/pcb2,adino,5,1,0.8201,0.8684,0.8147,0.6257,0.983,0.3526,,0.0
dinov3l,square,none,VisA/pcb2,galad,5,2,0.8672,0.8881,0.883,0.7151,0.9835,0.2659,12/12,22.95
dinov3l,square,none,VisA/pcb2,adino,5,2,0.8309,0.87,0.7984,0.5968,0.9811,0.3527,,0.0
dinov3l,square,none,VisA/pcb2,galad,5,3,0.8147,0.8628,0.8865,0.7101,0.983,0.2317,12/12,24.93
dinov3l,square,none,VisA/pcb2,adino,5,3,0.8284,0.8773,0.7208,0.4925,0.9726,0.3177,,0.0
dinov3l,square,none,VisA/pcb2,galad,5,4,0.8601,0.8863,0.8956,0.7293,0.9818,0.2475,12/12,26.54
dinov3l,square,none,VisA/pcb2,adino,5,4,0.8502,0.902,0.8297,0.6192,0.9865,0.3496,,0.0
dinov3l,square,none,mvtec_AD/screw,galad,1,0,0.9638,0.9022,0.9314,0.7258,0.9894,0.3741,12/12,6.89
dinov3l,square,none,mvtec_AD/screw,adino,1,0,0.8106,0.6544,0.504,0.154,0.8359,0.0441,,0.0
dinov3l,square,none,mvtec_AD/screw,galad,1,1,0.8963,0.7356,0.9311,0.7307,0.9898,0.3774,12/12,10.8
dinov3l,square,none,mvtec_AD/screw,adino,1,1,0.8603,0.6799,0.4987,0.202,0.8292,0.0804,,0.0
dinov3l,square,none,mvtec_AD/screw,galad,1,2,0.8903,0.7497,0.9377,0.73,0.9899,0.3841,12/12,6.52
dinov3l,square,none,mvtec_AD/screw,adino,1,2,0.8417,0.628,0.5152,0.245,0.8331,0.1072,,0.0
dinov3l,square,none,mvtec_AD/screw,galad,1,3,0.8289,0.6557,0.9403,0.7239,0.9897,0.3639,12/12,7.58
dinov3l,square,none,mvtec_AD/screw,adino,1,3,0.8189,0.6001,0.5009,0.2059,0.8278,0.0933,,0.0
dinov3l,square,none,mvtec_AD/screw,galad,1,4,0.8232,0.6559,0.9382,0.7235,0.9902,0.4146,12/12,6.25
dinov3l,square,none,mvtec_AD/screw,adino,1,4,0.8653,0.6633,0.4937,0.2357,0.8322,0.1488,,0.0
dinov3l,square,none,mvtec_AD/screw,galad,2,0,0.9726,0.9358,0.9479,0.7897,0.9926,0.3965,12/12,15.48
dinov3l,square,none,mvtec_AD/screw,adino,2,0,0.876,0.7297,0.6124,0.2795,0.8855,0.1132,,0.0
dinov3l,square,none,mvtec_AD/screw,galad,2,1,0.897,0.742,0.9409,0.7696,0.9919,0.4077,12/12,15.03
dinov3l,square,none,mvtec_AD/screw,adino,2,1,0.8629,0.6866,0.6,0.2686,0.8713,0.1102,,0.0
dinov3l,square,none,mvtec_AD/screw,galad,2,2,0.9577,0.8961,0.9438,0.7724,0.9919,0.3855,12/12,13.97
dinov3l,square,none,mvtec_AD/screw,adino,2,2,0.8696,0.717,0.6063,0.3072,0.8822,0.1378,,0.0
dinov3l,square,none,mvtec_AD/screw,galad,2,3,0.9248,0.8274,0.9479,0.7785,0.9922,0.3656,12/12,18.71
dinov3l,square,none,mvtec_AD/screw,adino,2,3,0.8415,0.6842,0.5796,0.2344,0.8668,0.0981,,0.0
dinov3l,square,none,mvtec_AD/screw,galad,2,4,0.9261,0.8303,0.9458,0.7758,0.992,0.4101,12/12,15.17
dinov3l,square,none,mvtec_AD/screw,adino,2,4,0.8545,0.6684,0.6198,0.2779,0.8905,0.1492,,0.0
dinov3l,square,none,mvtec_AD/screw,galad,4,0,0.9499,0.9074,0.9514,0.8053,0.9935,0.3866,12/12,44.0
dinov3l,square,none,mvtec_AD/screw,adino,4,0,0.9173,0.8028,0.688,0.4148,0.9168,0.2142,,0.0
dinov3l,square,none,mvtec_AD/screw,galad,4,1,0.9323,0.8151,0.9503,0.8009,0.9932,0.3824,12/12,31.21
dinov3l,square,none,mvtec_AD/screw,adino,4,1,0.8925,0.7401,0.7131,0.4191,0.9239,0.2158,,0.0
dinov3l,square,none,mvtec_AD/screw,galad,4,2,0.9496,0.8914,0.9496,0.8032,0.9933,0.3898,12/12,26.26
dinov3l,square,none,mvtec_AD/screw,adino,4,2,0.9089,0.787,0.6932,0.4333,0.9171,0.2591,,0.0
dinov3l,square,none,mvtec_AD/screw,galad,4,3,0.9514,0.8992,0.9485,0.788,0.9925,0.3538,12/12,33.23
dinov3l,square,none,mvtec_AD/screw,adino,4,3,0.8775,0.7309,0.6874,0.3447,0.9156,0.1726,,0.0
dinov3l,square,none,mvtec_AD/screw,galad,4,4,0.9258,0.8543,0.9492,0.7849,0.9926,0.3535,12/12,35.24
dinov3l,square,none,mvtec_AD/screw,adino,4,4,0.8542,0.6606,0.6571,0.3138,0.9061,0.1545,,0.0
dinov3l,square,none,mvtec_AD/screw,galad,5,0,0.942,0.8889,0.9538,0.8161,0.994,0.3922,12/12,38.12
dinov3l,square,none,mvtec_AD/screw,adino,5,0,0.9055,0.7741,0.7161,0.4512,0.9267,0.2328,,0.0
dinov3l,square,none,mvtec_AD/screw,galad,5,1,0.9263,0.8065,0.9472,0.8011,0.9929,0.3789,12/12,25.62
dinov3l,square,none,mvtec_AD/screw,adino,5,1,0.8886,0.7268,0.7213,0.427,0.9273,0.2212,,0.0
dinov3l,square,none,mvtec_AD/screw,galad,5,2,0.9459,0.8867,0.9492,0.8005,0.9932,0.3816,12/12,38.02
dinov3l,square,none,mvtec_AD/screw,adino,5,2,0.9105,0.7952,0.6977,0.4414,0.9223,0.265,,0.0
dinov3l,square,none,mvtec_AD/screw,galad,5,3,0.9485,0.8934,0.948,0.7872,0.9926,0.3578,12/12,21.23
dinov3l,square,none,mvtec_AD/screw,adino,5,3,0.8887,0.7543,0.7092,0.3831,0.9238,0.1914,,0.0
dinov3l,square,none,mvtec_AD/screw,galad,5,4,0.9277,0.8625,0.946,0.7859,0.9921,0.3363,12/12,41.95
dinov3l,square,none,mvtec_AD/screw,adino,5,4,0.8535,0.6604,0.653,0.3175,0.9051,0.156,,0.0
dinov3l,square,none,VisA/pcb3,galad,1,0,0.7794,0.7833,0.862,0.5171,0.9496,0.3379,12/12,5.21
dinov3l,square,none,VisA/pcb3,adino,1,0,0.7542,0.7731,0.6486,0.2247,0.965,0.2878,,0.0
dinov3l,square,none,VisA/pcb3,galad,1,1,0.7385,0.7157,0.8912,0.6188,0.9557,0.3901,12/12,5.43
dinov3l,square,none,VisA/pcb3,adino,1,1,0.8205,0.7921,0.6724,0.3339,0.9701,0.1965,,0.0
dinov3l,square,none,VisA/pcb3,galad,1,2,0.7834,0.764,0.8743,0.5785,0.9485,0.3975,12/12,3.72
dinov3l,square,none,VisA/pcb3,adino,1,2,0.8802,0.8492,0.6553,0.3347,0.9709,0.1785,,0.0
dinov3l,square,none,VisA/pcb3,galad,1,3,0.7423,0.7332,0.8703,0.5567,0.9507,0.3404,12/12,5.53
dinov3l,square,none,VisA/pcb3,adino,1,3,0.7832,0.7601,0.6928,0.3252,0.9682,0.1752,,0.0
dinov3l,square,none,VisA/pcb3,galad,1,4,0.8236,0.8163,0.886,0.5828,0.9594,0.3822,12/12,5.6
dinov3l,square,none,VisA/pcb3,adino,1,4,0.8729,0.8608,0.6965,0.3726,0.975,0.2843,,0.0
dinov3l,square,none,VisA/pcb3,galad,2,0,0.8403,0.8487,0.8924,0.6036,0.9612,0.3861,12/12,14.76
dinov3l,square,none,VisA/pcb3,adino,2,0,0.7846,0.8,0.6654,0.2796,0.9716,0.2172,,0.0
dinov3l,square,none,VisA/pcb3,galad,2,1,0.8134,0.8067,0.9128,0.6724,0.9694,0.3947,12/12,8.08
dinov3l,square,none,VisA/pcb3,adino,2,1,0.8489,0.8316,0.6999,0.3325,0.976,0.2138,,0.0
dinov3l,square,none,VisA/pcb3,galad,2,2,0.8127,0.8016,0.8929,0.6231,0.9546,0.4199,12/12,12.41
dinov3l,square,none,VisA/pcb3,adino,2,2,0.8817,0.8677,0.6992,0.3908,0.977,0.2441,,0.0
dinov3l,square,none,VisA/pcb3,galad,2,3,0.8382,0.8452,0.916,0.7004,0.9622,0.3825,12/12,7.72
dinov3l,square,none,VisA/pcb3,adino,2,3,0.7966,0.77,0.7478,0.3613,0.9757,0.1729,,0.0
dinov3l,square,none,VisA/pcb3,galad,2,4,0.863,0.8586,0.9082,0.6462,0.9659,0.4058,12/12,9.48
dinov3l,square,none,VisA/pcb3,adino,2,4,0.9213,0.9053,0.7024,0.3886,0.9781,0.2199,,0.0
dinov3l,square,none,VisA/pcb3,galad,4,0,0.8578,0.8529,0.927,0.6941,0.9753,0.3559,12/12,23.32
dinov3l,square,none,VisA/pcb3,adino,4,0,0.8974,0.893,0.7444,0.4105,0.981,0.1952,,0.0
dinov3l,square,none,VisA/pcb3,galad,4,1,0.8668,0.8737,0.9309,0.7221,0.9737,0.3575,12/12,50.25
dinov3l,square,none,VisA/pcb3,adino,4,1,0.8904,0.8872,0.7635,0.4238,0.9823,0.2144,,0.0
dinov3l,square,none,VisA/pcb3,galad,4,2,0.8307,0.8384,0.9197,0.6712,0.9736,0.4079,12/12,15.81
dinov3l,square,none,VisA/pcb3,adino,4,2,0.8836,0.8897,0.7345,0.3969,0.9807,0.2474,,0.0
dinov3l,square,none,VisA/pcb3,galad,4,3,0.8521,0.8598,0.9095,0.6798,0.9733,0.4168,12/12,20.13
dinov3l,square,none,VisA/pcb3,adino,4,3,0.8668,0.8536,0.7653,0.3841,0.9791,0.1929,,0.0
dinov3l,square,none,VisA/pcb3,galad,4,4,0.8589,0.8697,0.9231,0.684,0.9785,0.4106,12/12,14.37
dinov3l,square,none,VisA/pcb3,adino,4,4,0.9039,0.8978,0.7312,0.4048,0.9813,0.2329,,0.0
dinov3l,square,none,VisA/pcb3,galad,5,0,0.8372,0.8405,0.9132,0.6623,0.9744,0.416,12/12,30.75
dinov3l,square,none,VisA/pcb3,adino,5,0,0.9017,0.8945,0.7327,0.4032,0.9799,0.1901,,0.0
dinov3l,square,none,VisA/pcb3,galad,5,1,0.8857,0.8931,0.9371,0.7421,0.9786,0.3578,12/12,48.95
dinov3l,square,none,VisA/pcb3,adino,5,1,0.8811,0.878,0.7762,0.4432,0.9826,0.216,,0.0
dinov3l,square,none,VisA/pcb3,galad,5,2,0.8456,0.8592,0.9168,0.6792,0.9761,0.3928,12/12,25.41
dinov3l,square,none,VisA/pcb3,adino,5,2,0.8841,0.8922,0.7475,0.412,0.9818,0.2502,,0.0
dinov3l,square,none,VisA/pcb3,galad,5,3,0.8576,0.8707,0.9136,0.6943,0.9774,0.3834,12/12,28.91
dinov3l,square,none,VisA/pcb3,adino,5,3,0.8828,0.8797,0.7715,0.4044,0.9787,0.1975,,0.0
dinov3l,square,none,VisA/pcb3,galad,5,4,0.8488,0.8604,0.9304,0.7023,0.9817,0.3381,12/12,27.15
dinov3l,square,none,VisA/pcb3,adino,5,4,0.9183,0.9115,0.7424,0.4165,0.9821,0.2287,,0.0
dinov3l,square,none,mvtec_AD/tile,galad,1,0,1.0,1.0,0.9454,0.7024,0.9809,0.7691,12/12,6.34
dinov3l,square,none,mvtec_AD/tile,adino,1,0,1.0,1.0,0.9087,0.6501,0.9727,0.8161,,0.0
dinov3l,square,none,mvtec_AD/tile,galad,1,1,1.0,1.0,0.9389,0.6707,0.978,0.7316,12/12,5.17
dinov3l,square,none,mvtec_AD/tile,adino,1,1,1.0,1.0,0.9105,0.6551,0.9734,0.8169,,0.0
dinov3l,square,none,mvtec_AD/tile,galad,1,2,1.0,1.0,0.9479,0.7177,0.9814,0.7813,12/12,7.03
dinov3l,square,none,mvtec_AD/tile,adino,1,2,1.0,1.0,0.9057,0.6409,0.9725,0.808,,0.0
dinov3l,square,none,mvtec_AD/tile,galad,1,3,1.0,1.0,0.9357,0.6537,0.9766,0.7186,12/12,5.22
dinov3l,square,none,mvtec_AD/tile,adino,1,3,1.0,1.0,0.9087,0.6495,0.9729,0.8118,,0.0
dinov3l,square,none,mvtec_AD/tile,galad,1,4,1.0,1.0,0.9364,0.6569,0.9769,0.7226,12/12,4.47
dinov3l,square,none,mvtec_AD/tile,adino,1,4,1.0,1.0,0.9087,0.6495,0.9729,0.8118,,0.0
dinov3l,square,none,mvtec_AD/tile,galad,2,0,1.0,1.0,0.9435,0.695,0.9809,0.7832,12/12,11.71
dinov3l,square,none,mvtec_AD/tile,adino,2,0,1.0,1.0,0.9078,0.6441,0.9724,0.8104,,0.0
dinov3l,square,none,mvtec_AD/tile,galad,2,1,1.0,1.0,0.9358,0.658,0.9771,0.7303,12/12,16.55
dinov3l,square,none,mvtec_AD/tile,adino,2,1,1.0,1.0,0.9111,0.6548,0.9733,0.8166,,0.0
dinov3l,square,none,mvtec_AD/tile,galad,2,2,1.0,1.0,0.9415,0.6835,0.979,0.745,12/12,13.08
dinov3l,square,none,mvtec_AD/tile,adino,2,2,1.0,1.0,0.9056,0.6389,0.9724,0.8059,,0.0
dinov3l,square,none,mvtec_AD/tile,galad,2,3,1.0,1.0,0.9395,0.6771,0.9779,0.7403,12/12,16.71
dinov3l,square,none,mvtec_AD/tile,adino,2,3,1.0,1.0,0.9082,0.6445,0.9729,0.8109,,0.0
dinov3l,square,none,mvtec_AD/tile,galad,2,4,1.0,1.0,0.933,0.6423,0.9762,0.7207,12/12,9.88
dinov3l,square,none,mvtec_AD/tile,adino,2,4,1.0,1.0,0.9051,0.6444,0.972,0.8072,,0.0
dinov3l,square,none,mvtec_AD/tile,galad,4,0,1.0,1.0,0.9344,0.6468,0.9775,0.73,12/12,25.0
dinov3l,square,none,mvtec_AD/tile,adino,4,0,1.0,1.0,0.9079,0.6447,0.9727,0.8109,,0.0
dinov3l,square,none,mvtec_AD/tile,galad,4,1,1.0,1.0,0.9343,0.6501,0.9771,0.7313,12/12,16.07
dinov3l,square,none,mvtec_AD/tile,adino,4,1,1.0,1.0,0.9102,0.6519,0.9731,0.8145,,0.0
dinov3l,square,none,mvtec_AD/tile,galad,4,2,1.0,1.0,0.9404,0.6758,0.9788,0.7418,12/12,17.2
dinov3l,square,none,mvtec_AD/tile,adino,4,2,1.0,1.0,0.9062,0.6441,0.9723,0.8077,,0.0
dinov3l,square,none,mvtec_AD/tile,galad,4,3,1.0,1.0,0.936,0.6518,0.9771,0.7113,12/12,22.97
dinov3l,square,none,mvtec_AD/tile,adino,4,3,1.0,1.0,0.9071,0.6407,0.9724,0.806,,0.0
dinov3l,square,none,mvtec_AD/tile,galad,4,4,1.0,1.0,0.9326,0.6401,0.9767,0.7258,12/12,28.63
dinov3l,square,none,mvtec_AD/tile,adino,4,4,1.0,1.0,0.9082,0.6487,0.9729,0.8114,,0.0
dinov3l,square,none,mvtec_AD/tile,galad,5,0,1.0,1.0,0.9332,0.6445,0.9771,0.7309,12/12,22.99
dinov3l,square,none,mvtec_AD/tile,adino,5,0,1.0,1.0,0.9067,0.6419,0.9721,0.8084,,0.0
dinov3l,square,none,mvtec_AD/tile,galad,5,1,1.0,1.0,0.9318,0.6379,0.9761,0.7148,12/12,33.3
dinov3l,square,none,mvtec_AD/tile,adino,5,1,1.0,1.0,0.9088,0.646,0.9725,0.8109,,0.0
dinov3l,square,none,mvtec_AD/tile,galad,5,2,1.0,1.0,0.9401,0.6757,0.9789,0.7468,12/12,20.66
dinov3l,square,none,mvtec_AD/tile,adino,5,2,1.0,1.0,0.906,0.6405,0.9721,0.8052,,0.0
dinov3l,square,none,mvtec_AD/tile,galad,5,3,1.0,1.0,0.9362,0.6539,0.9774,0.7208,12/12,16.76
dinov3l,square,none,mvtec_AD/tile,adino,5,3,1.0,1.0,0.907,0.6406,0.9723,0.8069,,0.0
dinov3l,square,none,mvtec_AD/tile,galad,5,4,1.0,1.0,0.9334,0.6483,0.9773,0.7421,12/12,20.75
dinov3l,square,none,mvtec_AD/tile,adino,5,4,1.0,1.0,0.9064,0.6432,0.9726,0.8097,,0.0
dinov3l,square,none,VisA/pcb4,galad,1,0,0.5768,0.4862,0.8816,0.6333,0.9701,0.3401,12/12,4.14
dinov3l,square,none,VisA/pcb4,adino,1,0,0.845,0.8068,0.7784,0.3865,0.9651,0.2974,,0.0
dinov3l,square,none,VisA/pcb4,galad,1,1,0.9741,0.9774,0.9104,0.6378,0.9764,0.3226,12/12,2.42
dinov3l,square,none,VisA/pcb4,adino,1,1,0.9334,0.9375,0.8214,0.4456,0.9712,0.3243,,0.0
dinov3l,square,none,VisA/pcb4,galad,1,2,0.753,0.702,0.8912,0.6497,0.976,0.3782,12/12,4.83
dinov3l,square,none,VisA/pcb4,adino,1,2,0.8794,0.8529,0.762,0.3794,0.9715,0.3379,,0.0
dinov3l,square,none,VisA/pcb4,galad,1,3,0.9821,0.983,0.92,0.7061,0.9765,0.3362,12/12,3.42
dinov3l,square,none,VisA/pcb4,adino,1,3,0.9579,0.9591,0.8708,0.5534,0.9752,0.3371,,0.0
dinov3l,square,none,VisA/pcb4,galad,1,4,0.9781,0.9789,0.9178,0.6835,0.9776,0.3521,12/12,3.52
dinov3l,square,none,VisA/pcb4,adino,1,4,0.9106,0.9195,0.8762,0.5466,0.9771,0.3458,,0.0
dinov3l,square,none,VisA/pcb4,galad,2,0,0.9428,0.9437,0.9215,0.7256,0.9816,0.3844,12/12,5.77
dinov3l,square,none,VisA/pcb4,adino,2,0,0.9385,0.9362,0.8794,0.5825,0.9791,0.3922,,0.0
dinov3l,square,none,VisA/pcb4,galad,2,1,0.9828,0.9847,0.9152,0.647,0.9809,0.3478,12/12,7.67
dinov3l,square,none,VisA/pcb4,adino,2,1,0.9636,0.9662,0.8554,0.502,0.9792,0.3456,,0.0
dinov3l,square,none,VisA/pcb4,galad,2,2,0.6982,0.6575,0.895,0.6458,0.9798,0.3834,12/12,4.61
dinov3l,square,none,VisA/pcb4,adino,2,2,0.8988,0.8807,0.8146,0.4703,0.9792,0.3813,,0.0
dinov3l,square,none,VisA/pcb4,galad,2,3,0.9905,0.9906,0.9227,0.6872,0.9808,0.3411,12/12,6.77
dinov3l,square,none,VisA/pcb4,adino,2,3,0.9763,0.9798,0.8893,0.6039,0.9782,0.354,,0.0
dinov3l,square,none,VisA/pcb4,galad,2,4,0.9878,0.9878,0.9179,0.6729,0.9796,0.3407,12/12,6.84
dinov3l,square,none,VisA/pcb4,adino,2,4,0.9599,0.9647,0.8776,0.5725,0.9796,0.3661,,0.0
dinov3l,square,none,VisA/pcb4,galad,4,0,0.9689,0.9764,0.9286,0.7243,0.9851,0.3847,12/12,18.35
dinov3l,square,none,VisA/pcb4,adino,4,0,0.9512,0.9539,0.9041,0.667,0.9864,0.425,,0.0
dinov3l,square,none,VisA/pcb4,galad,4,1,0.9584,0.9706,0.907,0.649,0.9794,0.3035,12/12,21.21
dinov3l,square,none,VisA/pcb4,adino,4,1,0.9674,0.9679,0.8819,0.5509,0.9814,0.3938,,0.0
dinov3l,square,none,VisA/pcb4,galad,4,2,0.9222,0.942,0.9148,0.682,0.9836,0.3662,12/12,32.75
dinov3l,square,none,VisA/pcb4,adino,4,2,0.9542,0.9476,0.8748,0.585,0.9837,0.4173,,0.0
dinov3l,square,none,VisA/pcb4,galad,4,3,0.9789,0.9836,0.9305,0.7195,0.9844,0.3746,12/12,19.71
dinov3l,square,none,VisA/pcb4,adino,4,3,0.9814,0.9842,0.9093,0.6781,0.9849,0.3846,,0.0
dinov3l,square,none,VisA/pcb4,galad,4,4,0.9896,0.9899,0.9232,0.679,0.9827,0.3494,12/12,15.16
dinov3l,square,none,VisA/pcb4,adino,4,4,0.9767,0.9808,0.9033,0.6468,0.9845,0.3896,,0.0
dinov3l,square,none,VisA/pcb4,galad,5,0,0.9545,0.9691,0.9268,0.7132,0.9841,0.3651,12/12,18.72
dinov3l,square,none,VisA/pcb4,adino,5,0,0.9531,0.955,0.9116,0.6827,0.9871,0.4318,,0.0
dinov3l,square,none,VisA/pcb4,galad,5,1,0.9284,0.955,0.9134,0.663,0.9816,0.3118,12/12,11.55
dinov3l,square,none,VisA/pcb4,adino,5,1,0.9585,0.9553,0.8868,0.5699,0.9828,0.4041,,0.0
dinov3l,square,none,VisA/pcb4,galad,5,2,0.9219,0.954,0.919,0.6899,0.9846,0.3656,12/12,11.77
dinov3l,square,none,VisA/pcb4,adino,5,2,0.9568,0.9507,0.8835,0.5965,0.9847,0.4218,,0.0
dinov3l,square,none,VisA/pcb4,galad,5,3,0.9731,0.982,0.9262,0.7084,0.9846,0.3719,12/12,25.01
dinov3l,square,none,VisA/pcb4,adino,5,3,0.9809,0.9839,0.9107,0.6811,0.9859,0.386,,0.0
dinov3l,square,none,VisA/pcb4,galad,5,4,0.9808,0.9833,0.9248,0.6921,0.9833,0.3523,12/12,21.52
dinov3l,square,none,VisA/pcb4,adino,5,4,0.9758,0.9794,0.9072,0.6533,0.9852,0.4004,,0.0
dinov3l,square,none,mvtec_AD/toothbrush,galad,1,0,0.9515,0.8667,0.9516,0.7287,0.9942,0.7008,12/12,5.67
dinov3l,square,none,mvtec_AD/toothbrush,adino,1,0,0.9648,0.9278,0.9238,0.6906,0.9876,0.5302,,0.0
dinov3l,square,none,mvtec_AD/toothbrush,galad,1,1,0.9514,0.8667,0.9458,0.7021,0.9944,0.7151,12/12,6.96
dinov3l,square,none,mvtec_AD/toothbrush,adino,1,1,0.9912,0.9722,0.9272,0.7012,0.9909,0.5942,,0.0
dinov3l,square,none,mvtec_AD/toothbrush,galad,1,2,0.9433,0.8472,0.9395,0.6946,0.9942,0.7147,12/12,5.79
dinov3l,square,none,mvtec_AD/toothbrush,adino,1,2,0.9582,0.9139,0.9267,0.6839,0.9892,0.5643,,0.0
dinov3l,square,none,mvtec_AD/toothbrush,galad,1,3,0.9569,0.8806,0.9453,0.7037,0.9944,0.7259,12/12,4.85
dinov3l,square,none,mvtec_AD/toothbrush,adino,1,3,0.9923,0.975,0.929,0.6908,0.9906,0.5836,,0.0
dinov3l,square,none,mvtec_AD/toothbrush,galad,1,4,0.9576,0.8861,0.9467,0.7086,0.9944,0.7165,12/12,4.32
dinov3l,square,none,mvtec_AD/toothbrush,adino,1,4,0.9923,0.975,0.929,0.6908,0.9906,0.5836,,0.0
dinov3l,square,none,mvtec_AD/toothbrush,galad,2,0,0.9573,0.8917,0.9511,0.7324,0.9946,0.7194,12/12,10.97
dinov3l,square,none,mvtec_AD/toothbrush,adino,2,0,0.959,0.9167,0.9296,0.7096,0.9902,0.563,,0.0
dinov3l,square,none,mvtec_AD/toothbrush,galad,2,1,0.9955,0.9889,0.9473,0.6922,0.9947,0.7075,12/12,9.32
dinov3l,square,none,mvtec_AD/toothbrush,adino,2,1,0.9958,0.9889,0.9418,0.7297,0.993,0.6241,,0.0
dinov3l,square,none,mvtec_AD/toothbrush,galad,2,2,0.945,0.85,0.9406,0.6896,0.9935,0.6726,12/12,8.39
dinov3l,square,none,mvtec_AD/toothbrush,adino,2,2,0.9613,0.9194,0.9279,0.6961,0.9893,0.5536,,0.0
dinov3l,square,none,mvtec_AD/toothbrush,galad,2,3,0.9952,0.9861,0.9441,0.6784,0.9944,0.6965,12/12,9.23
dinov3l,square,none,mvtec_AD/toothbrush,adino,2,3,0.9957,0.9889,0.9451,0.7375,0.993,0.6186,,0.0
dinov3l,square,none,mvtec_AD/toothbrush,galad,2,4,0.9571,0.8778,0.9366,0.6756,0.9937,0.6936,12/12,11.51
dinov3l,square,none,mvtec_AD/toothbrush,adino,2,4,0.9902,0.9694,0.9329,0.6859,0.9915,0.5976,,0.0
dinov3l,square,none,mvtec_AD/toothbrush,galad,4,0,0.9633,0.9028,0.9459,0.7102,0.9941,0.6971,12/12,16.27
dinov3l,square,none,mvtec_AD/toothbrush,adino,4,0,0.959,0.9167,0.9307,0.7027,0.9896,0.552,,0.0
dinov3l,square,none,mvtec_AD/toothbrush,galad,4,1,0.9952,0.9861,0.9524,0.7182,0.9937,0.6474,12/12,23.64
dinov3l,square,none,mvtec_AD/toothbrush,adino,4,1,0.9935,0.9833,0.9475,0.7484,0.9932,0.6151,,0.0
dinov3l,square,none,mvtec_AD/toothbrush,galad,4,2,0.9819,0.95,0.9481,0.7008,0.9935,0.6514,12/12,15.05
dinov3l,square,none,mvtec_AD/toothbrush,adino,4,2,1.0,1.0,0.9485,0.7493,0.9932,0.6143,,0.0
dinov3l,square,none,mvtec_AD/toothbrush,galad,4,3,0.9989,0.9972,0.943,0.6694,0.9939,0.6678,12/12,15.73
dinov3l,square,none,mvtec_AD/toothbrush,adino,4,3,0.9957,0.9889,0.9429,0.7302,0.9923,0.6006,,0.0
dinov3l,square,none,mvtec_AD/toothbrush,galad,4,4,0.9797,0.9444,0.9434,0.6803,0.9932,0.6507,12/12,29.97
dinov3l,square,none,mvtec_AD/toothbrush,adino,4,4,0.9931,0.9806,0.95,0.7359,0.9924,0.5951,,0.0
dinov3l,square,none,mvtec_AD/toothbrush,galad,5,0,0.9667,0.9111,0.9422,0.6935,0.9929,0.6431,12/12,33.24
dinov3l,square,none,mvtec_AD/toothbrush,adino,5,0,0.9608,0.9222,0.9329,0.7108,0.9895,0.549,,0.0
dinov3l,square,none,mvtec_AD/toothbrush,galad,5,1,0.9952,0.9861,0.948,0.6941,0.9934,0.6389,12/12,16.07
dinov3l,square,none,mvtec_AD/toothbrush,adino,5,1,0.9912,0.9778,0.947,0.7411,0.9929,0.6084,,0.0
dinov3l,square,none,mvtec_AD/toothbrush,galad,5,2,0.9933,0.9806,0.9429,0.671,0.993,0.6277,12/12,19.05
dinov3l,square,none,mvtec_AD/toothbrush,adino,5,2,1.0,1.0,0.9502,0.768,0.9938,0.628,,0.0
dinov3l,square,none,mvtec_AD/toothbrush,galad,5,3,0.9979,0.9944,0.9411,0.661,0.9936,0.6551,12/12,44.81
dinov3l,square,none,mvtec_AD/toothbrush,adino,5,3,0.9946,0.9861,0.9444,0.7356,0.9926,0.6069,,0.0
dinov3l,square,none,mvtec_AD/toothbrush,galad,5,4,0.9912,0.975,0.9417,0.6617,0.9937,0.6649,12/12,40.19
dinov3l,square,none,mvtec_AD/toothbrush,adino,5,4,0.9979,0.9944,0.9569,0.7703,0.9935,0.6154,,0.0
dinov3l,square,none,VisA/pipe_fryum,galad,1,0,0.8613,0.7178,0.9739,0.8468,0.9861,0.3919,12/12,8.24
dinov3l,square,none,VisA/pipe_fryum,adino,1,0,0.971,0.9408,0.9503,0.7732,0.9921,0.5471,,0.0
dinov3l,square,none,VisA/pipe_fryum,galad,1,1,0.8894,0.7734,0.9761,0.8611,0.9867,0.4091,12/12,9.61
dinov3l,square,none,VisA/pipe_fryum,adino,1,1,0.9641,0.9298,0.9683,0.8209,0.9899,0.5147,,0.0
dinov3l,square,none,VisA/pipe_fryum,galad,1,2,0.9031,0.7996,0.9712,0.8302,0.9855,0.3967,12/12,8.96
dinov3l,square,none,VisA/pipe_fryum,adino,1,2,0.9701,0.9416,0.9699,0.8301,0.986,0.4409,,0.0
dinov3l,square,none,VisA/pipe_fryum,galad,1,3,0.9014,0.8026,0.9767,0.8622,0.9857,0.396,12/12,6.08
dinov3l,square,none,VisA/pipe_fryum,adino,1,3,0.9721,0.9414,0.97,0.8343,0.9905,0.5362,,0.0
dinov3l,square,none,VisA/pipe_fryum,galad,1,4,0.9001,0.7894,0.9704,0.827,0.9856,0.3914,12/12,5.86
dinov3l,square,none,VisA/pipe_fryum,adino,1,4,0.9867,0.9708,0.9663,0.8175,0.9924,0.5642,,0.0
dinov3l,square,none,VisA/pipe_fryum,galad,2,0,0.8808,0.7562,0.9771,0.8639,0.9864,0.3896,12/12,15.53
dinov3l,square,none,VisA/pipe_fryum,adino,2,0,0.9792,0.9552,0.9593,0.8028,0.992,0.5525,,0.0
dinov3l,square,none,VisA/pipe_fryum,galad,2,1,0.9082,0.8094,0.9769,0.8644,0.9866,0.399,12/12,11.74
dinov3l,square,none,VisA/pipe_fryum,adino,2,1,0.9845,0.968,0.9694,0.8244,0.9927,0.572,,0.0
dinov3l,square,none,VisA/pipe_fryum,galad,2,2,0.8951,0.7918,0.975,0.854,0.9858,0.3801,12/12,12.49
dinov3l,square,none,VisA/pipe_fryum,adino,2,2,0.9615,0.9224,0.9664,0.8211,0.9886,0.4924,,0.0
dinov3l,square,none,VisA/pipe_fryum,galad,2,3,0.9216,0.8572,0.9776,0.8674,0.9854,0.365,12/12,13.57
dinov3l,square,none,VisA/pipe_fryum,adino,2,3,0.9885,0.9766,0.9677,0.8241,0.9924,0.567,,0.0
dinov3l,square,none,VisA/pipe_fryum,galad,2,4,0.8982,0.7984,0.9713,0.8371,0.9869,0.3902,12/12,13.36
dinov3l,square,none,VisA/pipe_fryum,adino,2,4,0.9874,0.9734,0.9607,0.7833,0.993,0.5614,,0.0
dinov3l,square,none,VisA/pipe_fryum,galad,4,0,0.9087,0.8234,0.971,0.8281,0.9867,0.39,12/12,18.3
dinov3l,square,none,VisA/pipe_fryum,adino,4,0,0.9824,0.9616,0.9578,0.7826,0.9934,0.5794,,0.0
dinov3l,square,none,VisA/pipe_fryum,galad,4,1,0.9171,0.8374,0.975,0.8532,0.9872,0.4009,12/12,27.76
dinov3l,square,none,VisA/pipe_fryum,adino,4,1,0.985,0.9684,0.9616,0.7885,0.9938,0.6098,,0.0
dinov3l,square,none,VisA/pipe_fryum,galad,4,2,0.9227,0.8642,0.977,0.8626,0.9862,0.3866,12/12,18.81
dinov3l,square,none,VisA/pipe_fryum,adino,4,2,0.9858,0.97,0.9683,0.825,0.992,0.5686,,0.0
dinov3l,square,none,VisA/pipe_fryum,galad,4,3,0.9352,0.8886,0.9767,0.8618,0.9856,0.3608,12/12,24.49
dinov3l,square,none,VisA/pipe_fryum,adino,4,3,0.9888,0.9762,0.9685,0.8261,0.9923,0.5612,,0.0
dinov3l,square,none,VisA/pipe_fryum,galad,4,4,0.9322,0.8802,0.9693,0.8202,0.9872,0.409,12/12,20.32
dinov3l,square,none,VisA/pipe_fryum,adino,4,4,0.9926,0.9838,0.9632,0.8052,0.9936,0.5929,,0.0
dinov3l,square,none,VisA/pipe_fryum,galad,5,0,0.9111,0.8308,0.9682,0.8127,0.987,0.3946,12/12,25.5
dinov3l,square,none,VisA/pipe_fryum,adino,5,0,0.985,0.9682,0.9523,0.7704,0.9936,0.5832,,0.0
dinov3l,square,none,VisA/pipe_fryum,galad,5,1,0.9197,0.843,0.9768,0.8629,0.9854,0.3742,12/12,26.27
dinov3l,square,none,VisA/pipe_fryum,adino,5,1,0.9821,0.962,0.9632,0.7978,0.9918,0.5604,,0.0
dinov3l,square,none,VisA/pipe_fryum,galad,5,2,0.9267,0.8726,0.9772,0.864,0.9863,0.382,12/12,31.94
dinov3l,square,none,VisA/pipe_fryum,adino,5,2,0.9873,0.974,0.964,0.8088,0.9928,0.5858,,0.0
dinov3l,square,none,VisA/pipe_fryum,galad,5,3,0.935,0.8898,0.9758,0.8565,0.9859,0.3707,12/12,50.99
dinov3l,square,none,VisA/pipe_fryum,adino,5,3,0.9906,0.9802,0.9631,0.7983,0.9935,0.5897,,0.0
dinov3l,square,none,VisA/pipe_fryum,galad,5,4,0.9383,0.8952,0.9703,0.8261,0.9877,0.4136,12/12,19.89
dinov3l,square,none,VisA/pipe_fryum,adino,5,4,0.9929,0.9846,0.9643,0.8091,0.9933,0.5854,,0.0
dinov3l,square,none,mvtec_AD/transistor,galad,1,0,0.8764,0.8996,0.6572,0.4942,0.7897,0.2532,12/12,9.79
dinov3l,square,none,mvtec_AD/transistor,adino,1,0,0.8009,0.8067,0.8051,0.4256,0.8488,0.3797,,0.0
dinov3l,square,none,mvtec_AD/transistor,galad,1,1,0.9242,0.9442,0.6813,0.5056,0.827,0.3052,12/12,4.26
dinov3l,square,none,mvtec_AD/transistor,adino,1,1,0.9069,0.9175,0.8476,0.446,0.9133,0.437,,0.0
dinov3l,square,none,mvtec_AD/transistor,galad,1,2,0.8968,0.9067,0.6467,0.4792,0.7833,0.2346,12/12,6.34
dinov3l,square,none,mvtec_AD/transistor,adino,1,2,0.8312,0.8658,0.7686,0.3999,0.8222,0.3634,,0.0
dinov3l,square,none,mvtec_AD/transistor,galad,1,3,0.9119,0.9158,0.6948,0.5189,0.8352,0.3222,12/12,9.91
dinov3l,square,none,mvtec_AD/transistor,adino,1,3,0.9411,0.9442,0.8769,0.4875,0.9362,0.4875,,0.0
dinov3l,square,none,mvtec_AD/transistor,galad,1,4,0.9165,0.9213,0.6869,0.521,0.8297,0.3157,12/12,5.78
dinov3l,square,none,mvtec_AD/transistor,adino,1,4,0.9411,0.9442,0.8769,0.4875,0.9362,0.4875,,0.0
dinov3l,square,none,mvtec_AD/transistor,galad,2,0,0.8899,0.9129,0.6872,0.5195,0.8063,0.2959,12/12,10.75
dinov3l,square,none,mvtec_AD/transistor,adino,2,0,0.8504,0.8667,0.8243,0.448,0.8547,0.3918,,0.0
dinov3l,square,none,mvtec_AD/transistor,galad,2,1,0.915,0.9367,0.6852,0.4955,0.8288,0.2981,12/12,10.77
dinov3l,square,none,mvtec_AD/transistor,adino,2,1,0.9209,0.9367,0.8539,0.4665,0.899,0.435,,0.0
dinov3l,square,none,mvtec_AD/transistor,galad,2,2,0.8923,0.91,0.686,0.4834,0.8275,0.2874,12/12,12.42
dinov3l,square,none,mvtec_AD/transistor,adino,2,2,0.9378,0.9475,0.8765,0.4986,0.929,0.4645,,0.0
dinov3l,square,none,mvtec_AD/transistor,galad,2,3,0.9212,0.9296,0.7056,0.5082,0.8452,0.3277,12/12,16.19
dinov3l,square,none,mvtec_AD/transistor,adino,2,3,0.9469,0.9513,0.8812,0.4939,0.9343,0.477,,0.0
dinov3l,square,none,mvtec_AD/transistor,galad,2,4,0.8751,0.8833,0.7028,0.5177,0.8344,0.3288,12/12,14.58
dinov3l,square,none,mvtec_AD/transistor,adino,2,4,0.9401,0.9412,0.8816,0.4993,0.9321,0.4762,,0.0
dinov3l,square,none,mvtec_AD/transistor,galad,4,0,0.9284,0.9479,0.7024,0.547,0.8133,0.329,12/12,38.7
dinov3l,square,none,mvtec_AD/transistor,adino,4,0,0.8988,0.9088,0.8417,0.4628,0.8688,0.403,,0.0
dinov3l,square,none,mvtec_AD/transistor,galad,4,1,0.8861,0.9058,0.7096,0.542,0.8395,0.3656,12/12,29.3
dinov3l,square,none,mvtec_AD/transistor,adino,4,1,0.9281,0.9408,0.8816,0.5083,0.9274,0.4794,,0.0
dinov3l,square,none,mvtec_AD/transistor,galad,4,2,0.9024,0.9238,0.7226,0.5456,0.8533,0.3633,12/12,31.35
dinov3l,square,none,mvtec_AD/transistor,adino,4,2,0.9398,0.9529,0.8942,0.5211,0.9487,0.4951,,0.0
dinov3l,square,none,mvtec_AD/transistor,galad,4,3,0.8811,0.9029,0.7037,0.5088,0.8417,0.347,12/12,22.8
dinov3l,square,none,mvtec_AD/transistor,adino,4,3,0.9606,0.9663,0.8894,0.5106,0.9399,0.4802,,0.0
dinov3l,square,none,mvtec_AD/transistor,galad,4,4,0.9136,0.9279,0.7047,0.4932,0.8493,0.3464,12/12,34.87
dinov3l,square,none,mvtec_AD/transistor,adino,4,4,0.9551,0.955,0.8875,0.5058,0.9414,0.4907,,0.0
dinov3l,square,none,mvtec_AD/transistor,galad,5,0,0.9156,0.9379,0.7034,0.5389,0.8199,0.3378,12/12,38.83
dinov3l,square,none,mvtec_AD/transistor,adino,5,0,0.9248,0.9312,0.8484,0.4767,0.8766,0.4102,,0.0
dinov3l,square,none,mvtec_AD/transistor,galad,5,1,0.9252,0.9404,0.7194,0.5476,0.8499,0.368,12/12,34.43
dinov3l,square,none,mvtec_AD/transistor,adino,5,1,0.9327,0.9508,0.883,0.513,0.9276,0.4764,,0.0
dinov3l,square,none,mvtec_AD/transistor,galad,5,2,0.906,0.9313,0.7182,0.5146,0.8585,0.3373,12/12,46.29
dinov3l,square,none,mvtec_AD/transistor,adino,5,2,0.9407,0.9483,0.8923,0.5227,0.9425,0.4856,,0.0
dinov3l,square,none,mvtec_AD/transistor,galad,5,3,0.9114,0.9233,0.7285,0.5454,0.8661,0.3746,12/12,31.51
dinov3l,square,none,mvtec_AD/transistor,adino,5,3,0.9581,0.9633,0.8895,0.5171,0.9411,0.4837,,0.0
dinov3l,square,none,mvtec_AD/transistor,galad,5,4,0.9183,0.9208,0.7253,0.5494,0.8555,0.3955,12/12,37.9
dinov3l,square,none,mvtec_AD/transistor,adino,5,4,0.9539,0.9554,0.889,0.5053,0.9434,0.4956,,0.0
dinov3l,square,none,mvtec_AD/wood,galad,1,0,0.9838,0.9535,0.928,0.6751,0.9662,0.6951,12/12,7.18
dinov3l,square,none,mvtec_AD/wood,adino,1,0,0.9981,0.9939,0.8831,0.6231,0.9289,0.6814,,0.0
dinov3l,square,none,mvtec_AD/wood,galad,1,1,0.9887,0.9658,0.9328,0.7086,0.9637,0.682,12/12,5.45
dinov3l,square,none,mvtec_AD/wood,adino,1,1,0.9974,0.9912,0.8809,0.633,0.9233,0.674,,0.0
dinov3l,square,none,mvtec_AD/wood,galad,1,2,0.9891,0.9632,0.9411,0.7306,0.9676,0.6748,12/12,5.52
dinov3l,square,none,mvtec_AD/wood,adino,1,2,0.9995,0.9982,0.8922,0.663,0.9358,0.6937,,0.0
dinov3l,square,none,mvtec_AD/wood,galad,1,3,0.9908,0.9728,0.94,0.7211,0.9648,0.6529,12/12,6.78
dinov3l,square,none,mvtec_AD/wood,adino,1,3,0.9965,0.9886,0.8885,0.6614,0.9233,0.6781,,0.0
dinov3l,square,none,mvtec_AD/wood,galad,1,4,0.9924,0.9772,0.9406,0.7259,0.9647,0.6531,12/12,4.99
dinov3l,square,none,mvtec_AD/wood,adino,1,4,0.9965,0.9886,0.8885,0.6614,0.9233,0.6781,,0.0
dinov3l,square,none,mvtec_AD/wood,galad,2,0,0.99,0.9711,0.9364,0.6962,0.9696,0.6806,12/12,8.63
dinov3l,square,none,mvtec_AD/wood,adino,2,0,0.9981,0.9939,0.8859,0.6347,0.925,0.6821,,0.0
dinov3l,square,none,mvtec_AD/wood,galad,2,1,0.9935,0.9807,0.9303,0.6817,0.9659,0.6622,12/12,9.0
dinov3l,square,none,mvtec_AD/wood,adino,2,1,0.9984,0.9947,0.8776,0.6115,0.9275,0.6648,,0.0
dinov3l,square,none,mvtec_AD/wood,galad,2,2,0.9918,0.9737,0.9363,0.6977,0.9673,0.6619,12/12,17.75
dinov3l,square,none,mvtec_AD/wood,adino,2,2,0.9973,0.9912,0.8864,0.6554,0.9268,0.6836,,0.0
dinov3l,square,none,mvtec_AD/wood,galad,2,3,0.9937,0.9816,0.9395,0.7216,0.9665,0.6708,12/12,7.86
dinov3l,square,none,mvtec_AD/wood,adino,2,3,0.9976,0.9921,0.8838,0.6445,0.9286,0.6746,,0.0
dinov3l,square,none,mvtec_AD/wood,galad,2,4,0.9883,0.9667,0.9371,0.704,0.967,0.662,12/12,12.95
dinov3l,square,none,mvtec_AD/wood,adino,2,4,0.9981,0.9939,0.8912,0.6544,0.9276,0.6804,,0.0
dinov3l,square,none,mvtec_AD/wood,galad,4,0,0.9919,0.9763,0.936,0.694,0.967,0.6714,12/12,26.13
dinov3l,square,none,mvtec_AD/wood,adino,4,0,0.9979,0.993,0.8869,0.6365,0.9302,0.6813,,0.0
dinov3l,square,none,mvtec_AD/wood,galad,4,1,0.9906,0.9728,0.9259,0.6524,0.967,0.6689,12/12,20.63
dinov3l,square,none,mvtec_AD/wood,adino,4,1,0.9979,0.993,0.8802,0.6119,0.9266,0.6668,,0.0
dinov3l,square,none,mvtec_AD/wood,galad,4,2,0.9941,0.9816,0.9339,0.6847,0.9672,0.668,12/12,23.58
dinov3l,square,none,mvtec_AD/wood,adino,4,2,0.9976,0.9921,0.8887,0.6495,0.9317,0.6858,,0.0
dinov3l,square,none,mvtec_AD/wood,galad,4,3,0.9931,0.9789,0.9354,0.7011,0.9666,0.6806,12/12,15.88
dinov3l,square,none,mvtec_AD/wood,adino,4,3,0.9979,0.993,0.8847,0.6335,0.9296,0.6745,,0.0
dinov3l,square,none,mvtec_AD/wood,galad,4,4,0.9899,0.9711,0.9346,0.7019,0.9638,0.6504,12/12,26.63
dinov3l,square,none,mvtec_AD/wood,adino,4,4,0.9979,0.993,0.8921,0.6529,0.9281,0.6788,,0.0
dinov3l,square,none,mvtec_AD/wood,galad,5,0,0.9945,0.9833,0.9406,0.7124,0.9703,0.6778,12/12,25.23
dinov3l,square,none,mvtec_AD/wood,adino,5,0,0.9976,0.9921,0.8862,0.6297,0.931,0.6788,,0.0
dinov3l,square,none,mvtec_AD/wood,galad,5,1,0.9918,0.9763,0.9295,0.6698,0.9673,0.6736,12/12,29.8
dinov3l,square,none,mvtec_AD/wood,adino,5,1,0.9979,0.993,0.8815,0.614,0.9286,0.6685,,0.0
dinov3l,square,none,mvtec_AD/wood,galad,5,2,0.9945,0.9833,0.9382,0.7143,0.9673,0.6758,12/12,18.63
dinov3l,square,none,mvtec_AD/wood,adino,5,2,0.9971,0.9904,0.8961,0.6664,0.9335,0.6925,,0.0
dinov3l,square,none,mvtec_AD/wood,galad,5,3,0.9926,0.9781,0.9355,0.7011,0.9661,0.6786,12/12,27.33
dinov3l,square,none,mvtec_AD/wood,adino,5,3,0.9979,0.993,0.8831,0.6326,0.9284,0.6742,,0.0
dinov3l,square,none,mvtec_AD/wood,galad,5,4,0.9921,0.9763,0.9332,0.6991,0.9637,0.6471,12/12,25.3
dinov3l,square,none,mvtec_AD/wood,adino,5,4,0.9976,0.9921,0.8916,0.6569,0.9286,0.6813,,0.0
dinov3l,square,none,mvtec_AD/zipper,galad,1,0,0.9974,0.99,0.9706,0.8343,0.9901,0.6781,12/12,5.61
dinov3l,square,none,mvtec_AD/zipper,adino,1,0,0.9934,0.9756,0.939,0.7603,0.9786,0.6309,,0.0
dinov3l,square,none,mvtec_AD/zipper,galad,1,1,0.9975,0.9911,0.969,0.8285,0.9894,0.6726,12/12,6.91
dinov3l,square,none,mvtec_AD/zipper,adino,1,1,0.9942,0.9772,0.9453,0.7815,0.9811,0.6541,,0.0
dinov3l,square,none,mvtec_AD/zipper,galad,1,2,0.9976,0.9913,0.9694,0.8282,0.9895,0.6706,12/12,6.31
dinov3l,square,none,mvtec_AD/zipper,adino,1,2,0.9961,0.985,0.9505,0.7985,0.9833,0.6629,,0.0
dinov3l,square,none,mvtec_AD/zipper,galad,1,3,0.9993,0.9974,0.9724,0.8431,0.9909,0.6944,12/12,5.07
dinov3l,square,none,mvtec_AD/zipper,adino,1,3,0.9909,0.9648,0.9456,0.7838,0.9812,0.6521,,0.0
dinov3l,square,none,mvtec_AD/zipper,galad,1,4,0.9992,0.9968,0.9724,0.8428,0.991,0.6923,12/12,7.55
dinov3l,square,none,mvtec_AD/zipper,adino,1,4,0.9909,0.9648,0.9456,0.7838,0.9812,0.6521,,0.0
dinov3l,square,none,mvtec_AD/zipper,galad,2,0,0.9983,0.9934,0.9721,0.8403,0.9904,0.6838,12/12,10.75
dinov3l,square,none,mvtec_AD/zipper,adino,2,0,0.9981,0.9929,0.9539,0.8051,0.9839,0.6786,,0.0
dinov3l,square,none,mvtec_AD/zipper,galad,2,1,0.997,0.9892,0.9628,0.8037,0.9871,0.6431,12/12,13.42
dinov3l,square,none,mvtec_AD/zipper,adino,2,1,0.9982,0.9932,0.9492,0.7913,0.9819,0.6631,,0.0
dinov3l,square,none,mvtec_AD/zipper,galad,2,2,0.9975,0.9908,0.9709,0.8344,0.9901,0.6772,12/12,20.27
dinov3l,square,none,mvtec_AD/zipper,adino,2,2,0.998,0.9924,0.9521,0.7975,0.9833,0.6597,,0.0
dinov3l,square,none,mvtec_AD/zipper,galad,2,3,0.999,0.9963,0.972,0.8403,0.9908,0.6899,12/12,14.17
dinov3l,square,none,mvtec_AD/zipper,adino,2,3,0.9965,0.9863,0.957,0.8084,0.9852,0.6753,,0.0
dinov3l,square,none,mvtec_AD/zipper,galad,2,4,0.9989,0.9961,0.968,0.821,0.9891,0.6517,12/12,10.61
dinov3l,square,none,mvtec_AD/zipper,adino,2,4,0.9951,0.9816,0.9536,0.8054,0.9838,0.675,,0.0
dinov3l,square,none,mvtec_AD/zipper,galad,4,0,0.9983,0.9937,0.9737,0.8471,0.9913,0.696,12/12,20.99
dinov3l,square,none,mvtec_AD/zipper,adino,4,0,0.9993,0.9974,0.9602,0.8219,0.9865,0.6985,,0.0
dinov3l,square,none,mvtec_AD/zipper,galad,4,1,0.9983,0.9937,0.9719,0.8394,0.9906,0.6852,12/12,18.15
dinov3l,square,none,mvtec_AD/zipper,adino,4,1,0.9983,0.9934,0.9553,0.8086,0.9846,0.6777,,0.0
dinov3l,square,none,mvtec_AD/zipper,galad,4,2,0.9969,0.9887,0.9674,0.8184,0.9888,0.6575,12/12,35.46
dinov3l,square,none,mvtec_AD/zipper,adino,4,2,0.9989,0.9958,0.9541,0.8038,0.9836,0.6683,,0.0
dinov3l,square,none,mvtec_AD/zipper,galad,4,3,0.9996,0.9984,0.9743,0.8506,0.9915,0.7076,12/12,29.91
dinov3l,square,none,mvtec_AD/zipper,adino,4,3,0.999,0.9961,0.9598,0.8164,0.9863,0.6843,,0.0
dinov3l,square,none,mvtec_AD/zipper,galad,4,4,0.9988,0.9955,0.9672,0.8177,0.9887,0.6471,12/12,22.44
dinov3l,square,none,mvtec_AD/zipper,adino,4,4,0.9992,0.9968,0.9596,0.8171,0.9858,0.6859,,0.0
dinov3l,square,none,mvtec_AD/zipper,galad,5,0,0.9991,0.9966,0.9727,0.8445,0.991,0.7022,12/12,25.16
dinov3l,square,none,mvtec_AD/zipper,adino,5,0,0.9994,0.9976,0.9618,0.825,0.9869,0.6984,,0.0
dinov3l,square,none,mvtec_AD/zipper,galad,5,1,0.9984,0.994,0.9734,0.8471,0.9913,0.699,12/12,33.94
dinov3l,square,none,mvtec_AD/zipper,adino,5,1,0.998,0.9926,0.9569,0.8115,0.9853,0.6798,,0.0
dinov3l,square,none,mvtec_AD/zipper,galad,5,2,0.9974,0.9905,0.9697,0.8289,0.9899,0.6675,12/12,34.34
dinov3l,square,none,mvtec_AD/zipper,adino,5,2,0.999,0.9963,0.956,0.8088,0.9843,0.6729,,0.0
dinov3l,square,none,mvtec_AD/zipper,galad,5,3,0.9992,0.9968,0.975,0.8551,0.9919,0.7201,12/12,27.44
dinov3l,square,none,mvtec_AD/zipper,adino,5,3,0.9988,0.9955,0.9609,0.8185,0.9865,0.6869,,0.0
dinov3l,square,none,mvtec_AD/zipper,galad,5,4,0.9982,0.9934,0.9692,0.831,0.9894,0.6862,12/12,26.57
dinov3l,square,none,mvtec_AD/zipper,adino,5,4,0.9996,0.9984,0.9614,0.8201,0.9865,0.689,,0.0
dinov3l,square,none,AutoVI/pipe_staple,galad,1,0,0.4572,0.608,0.0952,0.0027,0.5672,0.0142,12/12,6.64
dinov3l,square,none,AutoVI/pipe_staple,adino,1,0,0.4242,0.5615,0.0641,0.0037,0.5178,0.0133,,0.0
dinov3l,square,none,AutoVI/pipe_staple,galad,1,1,0.4116,0.5263,0.2152,0.0058,0.6604,0.0193,12/12,7.14
dinov3l,square,none,AutoVI/pipe_staple,adino,1,1,0.4297,0.522,0.2036,0.0086,0.6605,0.0194,,0.0
dinov3l,square,none,AutoVI/pipe_staple,galad,1,2,0.3569,0.4611,0.1339,0.0133,0.5753,0.015,12/12,6.03
dinov3l,square,none,AutoVI/pipe_staple,adino,1,2,0.3447,0.357,0.0631,0.0227,0.4946,0.0138,,0.0
dinov3l,square,none,AutoVI/pipe_staple,galad,1,3,0.3994,0.5196,0.1422,0.0033,0.6137,0.0163,12/12,9.55
dinov3l,square,none,AutoVI/pipe_staple,adino,1,3,0.4428,0.5064,0.1286,0.0139,0.5995,0.0162,,0.0
dinov3l,square,none,AutoVI/pipe_staple,galad,1,4,0.3986,0.515,0.1331,0.003,0.6055,0.0159,12/12,5.76
dinov3l,square,none,AutoVI/pipe_staple,adino,1,4,0.4428,0.5064,0.1286,0.0139,0.5995,0.0162,,0.0
dinov3l,square,none,AutoVI/pipe_staple,galad,2,0,0.4207,0.5559,0.1846,0.005,0.6459,0.0181,12/12,12.99
dinov3l,square,none,AutoVI/pipe_staple,adino,2,0,0.4413,0.5719,0.2685,0.0168,0.6655,0.0219,,0.0
dinov3l,square,none,AutoVI/pipe_staple,galad,2,1,0.4002,0.519,0.215,0.0044,0.6795,0.0201,12/12,11.63
dinov3l,square,none,AutoVI/pipe_staple,adino,2,1,0.4365,0.541,0.2293,0.0114,0.6883,0.0214,,0.0
dinov3l,square,none,AutoVI/pipe_staple,galad,2,2,0.4372,0.5334,0.1832,0.0095,0.6447,0.018,12/12,11.97
dinov3l,square,none,AutoVI/pipe_staple,adino,2,2,0.3646,0.3944,0.1367,0.007,0.6002,0.0169,,0.0
dinov3l,square,none,AutoVI/pipe_staple,galad,2,3,0.4161,0.5465,0.2436,0.0067,0.6878,0.0211,12/12,11.21
dinov3l,square,none,AutoVI/pipe_staple,adino,2,3,0.473,0.5857,0.2069,0.0143,0.6693,0.0201,,0.0
dinov3l,square,none,AutoVI/pipe_staple,galad,2,4,0.3975,0.526,0.2114,0.0066,0.6779,0.0199,12/12,10.14
dinov3l,square,none,AutoVI/pipe_staple,adino,2,4,0.4592,0.5457,0.1886,0.0159,0.6571,0.0193,,0.0
dinov3l,square,none,AutoVI/pipe_staple,galad,4,0,0.4276,0.5587,0.2724,0.009,0.7029,0.0226,12/12,21.5
dinov3l,square,none,AutoVI/pipe_staple,adino,4,0,0.454,0.5931,0.2461,0.0179,0.6636,0.0211,,0.0
dinov3l,square,none,AutoVI/pipe_staple,galad,4,1,0.4329,0.5614,0.3367,0.0099,0.7439,0.0266,12/12,18.51
dinov3l,square,none,AutoVI/pipe_staple,adino,4,1,0.4392,0.5578,0.3481,0.013,0.7362,0.0276,,0.0
dinov3l,square,none,AutoVI/pipe_staple,galad,4,2,0.3993,0.5389,0.3037,0.022,0.728,0.025,12/12,31.26
dinov3l,square,none,AutoVI/pipe_staple,adino,4,2,0.3884,0.49,0.236,0.0169,0.6568,0.0206,,0.0
dinov3l,square,none,AutoVI/pipe_staple,galad,4,3,0.4293,0.5743,0.3061,0.0087,0.7265,0.0248,12/12,32.58
dinov3l,square,none,AutoVI/pipe_staple,adino,4,3,0.4151,0.5634,0.2865,0.0087,0.7077,0.0238,,0.0
dinov3l,square,none,AutoVI/pipe_staple,galad,4,4,0.418,0.5567,0.2707,0.0146,0.6936,0.0224,12/12,23.17
dinov3l,square,none,AutoVI/pipe_staple,adino,4,4,0.4167,0.5387,0.3068,0.0309,0.7108,0.0255,,0.0
dinov3l,square,none,AutoVI/pipe_staple,galad,5,0,0.4681,0.6318,0.4112,0.0463,0.7778,0.0336,12/12,43.15
dinov3l,square,none,AutoVI/pipe_staple,adino,5,0,0.4476,0.5967,0.2582,0.0196,0.6719,0.0218,,0.0
dinov3l,square,none,AutoVI/pipe_staple,galad,5,1,0.4462,0.5975,0.4281,0.0177,0.7947,0.0339,12/12,28.77
dinov3l,square,none,AutoVI/pipe_staple,adino,5,1,0.4475,0.5696,0.3382,0.0127,0.7274,0.0269,,0.0
dinov3l,square,none,AutoVI/pipe_staple,galad,5,2,0.3963,0.5322,0.297,0.0195,0.724,0.0245,12/12,27.98
dinov3l,square,none,AutoVI/pipe_staple,adino,5,2,0.3881,0.4881,0.2862,0.0194,0.6897,0.0235,,0.0
dinov3l,square,none,AutoVI/pipe_staple,galad,5,3,0.4316,0.575,0.3352,0.0075,0.7468,0.0267,12/12,41.66
dinov3l,square,none,AutoVI/pipe_staple,adino,5,3,0.4068,0.5426,0.2787,0.0074,0.695,0.023,,0.0
dinov3l,square,none,AutoVI/pipe_staple,galad,5,4,0.4252,0.5675,0.334,0.0256,0.7347,0.0267,12/12,39.16
dinov3l,square,none,AutoVI/pipe_staple,adino,5,4,0.4137,0.5346,0.3202,0.0293,0.7204,0.0265,,0.0
