timestamp;dataset;model;image_size;train_limit;n_train;n_test;seed;epochs;img_auroc;img_aupr;img_f1max;tpr_tnr95;tpr_tnr90;pix_auroc;pix_aupr;spro;auspro;train_time_s;gpu_mem_mb
07/01/2026 20:35;mvtec_AD/bottle;padim;448x448;5;5;83;0;1;0.9317;0.9812;0.9256;0.873;0.8889;0.8485;0.5242;0.8972;0.7559;23.7;2464
07/01/2026 20:36;mvtec_AD/cable;padim;448x448;5;5;150;0;1;0.5982;0.7028;0.7679;0.0761;0.2391;0.8631;0.1257;0.8582;0.5055;18.9;2464
07/01/2026 20:37;mvtec_AD/capsule;padim;448x448;5;5;132;0;1;0.6984;0.8777;0.916;0.0734;0.1468;0.9319;0.1448;0.9522;0.7509;18.9;2464
07/01/2026 20:38;mvtec_AD/carpet;padim;448x448;5;5;117;0;1;0.8929;0.9694;0.9006;0.7416;0.7528;0.9296;0.3733;0.9388;0.792;16.9;2464
07/01/2026 20:38;mvtec_AD/grid;padim;448x448;5;5;78;0;1;0.655;0.8433;0.8507;0.2105;0.2105;0.7739;0.0374;0.6012;0.3798;17.4;2464
07/01/2026 20:39;mvtec_AD/hazelnut;padim;448x448;5;5;110;0;1;0.8575;0.9126;0.8609;0.4429;0.5286;0.7587;0.0428;0.7813;0.3671;17.7;2464
07/01/2026 20:40;mvtec_AD/leather;padim;448x448;5;5;124;0;1;0.8845;0.9655;0.8889;0.7935;0.8261;0.9325;0.3239;0.9491;0.8608;16.4;2464
07/01/2026 20:41;mvtec_AD/metal_nut;padim;448x448;5;5;115;0;1;0.4585;0.83;0.8942;0.1613;0.1935;0.6427;0.1423;0.5583;0.2031;16.4;2464
07/01/2026 20:42;mvtec_AD/pill;padim;448x448;5;5;167;0;1;0.3309;0.7815;0.9156;0.0284;0.0284;0.4455;0.0274;0.5732;0.1934;17.6;2464
07/01/2026 20:43;mvtec_AD/screw;padim;448x448;5;5;160;0;1;0.5423;0.7473;0.8655;0.0588;0.084;0.9401;0.0212;0.997;0.7659;17.2;2464
07/01/2026 20:44;mvtec_AD/tile;padim;448x448;5;5;117;0;1;0.8124;0.9242;0.8537;0.4881;0.5;0.6889;0.183;0.6852;0.4733;17.3;2464
07/01/2026 20:44;mvtec_AD/toothbrush;padim;448x448;5;5;42;0;1;0.4611;0.7801;0.8333;0.3;0.3333;0.8054;0.0356;0.6581;0.2498;16.8;2464
07/01/2026 20:45;mvtec_AD/transistor;padim;448x448;5;5;100;0;1;0.7554;0.7131;0.6591;0.325;0.45;0.8622;0.2243;0.9073;0.5949;17.3;2464
07/01/2026 20:46;mvtec_AD/wood;padim;448x448;5;5;79;0;1;0.9553;0.9864;0.9344;0.8167;0.8333;0.8453;0.3525;0.9332;0.8671;17.3;2464
07/01/2026 20:47;mvtec_AD/zipper;padim;448x448;5;5;151;0;1;0.7177;0.8666;0.8854;0.0168;0.3109;0.9435;0.4427;0.9593;0.7336;17.6;2464
07/01/2026 20:49;AutoVI/underbody_pipes;padim;448x448;5;5;344;0;1;0.5501;0.518;0.7458;0.0055;0.0273;0.919;0.1349;0.9558;0.8225;17.3;2464
07/01/2026 20:50;AutoVI/underbody_screw;padim;448x448;5;5;392;0;1;0.3473;0.0348;0.1053;0;0;0.9516;0.0031;0.9921;0.7716;17.3;2464
07/01/2026 20:52;AutoVI/engine_wiring;padim;448x448;5;5;574;0;1;0.6428;0.629;0.678;0.1176;0.1903;0.7997;0.0569;0.7557;0.4616;16.7;2464
07/01/2026 20:54;AutoVI/pipe_clip;padim;448x448;5;5;337;0;1;0.5429;0.4711;0.5979;0.1056;0.1479;0.6971;0.0108;0.5448;0.2159;17.3;2464
07/01/2026 20:56;AutoVI/tank_screw;padim;448x448;5;5;413;0;1;0.4516;0.205;0.377;0.0211;0.0526;0.8246;0.0025;0.7538;0.3869;17.2;2464
07/01/2026 20:57;mvtec_loco_AD/breakfast_box;padim;448x448;5;5;275;0;1;0.4222;0.6039;0.7723;0.0636;0.1272;0.7934;0.1747;0.7594;0.3963;17.1;2464
07/01/2026 20:59;mvtec_loco_AD/juice_bottle;padim;448x448;5;5;330;0;1;0.4515;0.6949;0.8339;0.0339;0.0763;0.5464;0.057;0.4792;0.1852;16.7;2464
07/01/2026 21:01;mvtec_loco_AD/pushpins;padim;448x448;5;5;310;0;1;0.4438;0.5266;0.7137;0.0291;0.0988;0.5211;0.0288;0.6884;0.3865;17;2464
07/01/2026 21:02;mvtec_loco_AD/screw_bag;padim;448x448;5;5;341;0;1;0.4686;0.6232;0.7821;0.0594;0.0776;0.3389;0.0509;0.5334;0.2161;17.2;2464
07/01/2026 21:04;mvtec_loco_AD/splicing_connectors;padim;448x448;5;5;312;0;1;0.5625;0.6736;0.7665;0.0622;0.1399;0.5858;0.1531;0.5068;0.2945;17.4;2464
07/01/2026 21:05;VisA/candle;padim;448x448;5;5;200;0;1;0.5597;0.5497;0.6735;0.04;0.1;0.6944;0.0027;0.7583;0.3579;17.1;2464
07/01/2026 21:06;VisA/capsules;padim;448x448;5;5;160;0;1;0.541;0.6639;0.7692;0.08;0.14;0.8478;0.015;0.7343;0.3343;16.6;2464
07/01/2026 21:07;VisA/cashew;padim;448x448;5;5;150;0;1;0.5932;0.8034;0.8;0.36;0.37;0.8682;0.18;0.6956;0.5588;17;2464
07/01/2026 21:09;VisA/chewinggum;padim;448x448;5;5;150;0;1;0.5218;0.7074;0.8099;0.06;0.18;0.7432;0.0207;0.3787;0.2194;16.9;2464
07/01/2026 21:10;VisA/fryum;padim;448x448;5;5;150;0;1;0.6368;0.7766;0.8066;0.11;0.17;0.9325;0.1999;0.9671;0.5972;16.3;2464
07/01/2026 21:11;VisA/macaroni1;padim;448x448;5;5;200;0;1;0.7041;0.6978;0.7236;0.17;0.3;0.9454;0.0146;0.8903;0.6162;17.2;2464
07/01/2026 21:12;VisA/macaroni2;padim;448x448;5;5;200;0;1;0.5532;0.6056;0.6689;0.13;0.22;0.9429;0.0142;0.9665;0.6251;17.2;2464
07/01/2026 21:14;VisA/pcb1;padim;448x448;5;5;200;0;1;0.7741;0.701;0.8051;0.11;0.26;0.8982;0.0303;0.9838;0.7601;17.2;2464
07/01/2026 21:15;VisA/pcb2;padim;448x448;5;5;200;0;1;0.5878;0.5695;0.6902;0.09;0.15;0.943;0.0275;0.9873;0.7603;16.9;2464
07/01/2026 21:16;VisA/pcb3;padim;448x448;5;5;201;0;1;0.6675;0.5962;0.7143;0.04;0.11;0.9661;0.0952;0.9994;0.752;16.9;2464
07/01/2026 21:17;VisA/pcb4;padim;448x448;5;5;201;0;1;0.6749;0.6253;0.7188;0.11;0.24;0.8003;0.0176;0.7083;0.3897;17.5;2464
07/01/2026 21:19;VisA/pipe_fryum;padim;448x448;5;5;150;0;1;0.282;0.5497;0.8;0.01;0.06;0.6612;0.0173;0.3014;0.0932;16.7;2464
07/01/2026 21:19;mvtec_AD/bottle;patchcore;448x448;5;5;83;0;1;0.996;0.9987;0.9844;0.9841;1;0.9557;0.726;0.9916;0.8858;15.7;281
07/01/2026 21:20;mvtec_AD/cable;patchcore;448x448;5;5;150;0;1;0.8499;0.9215;0.8197;0.6413;0.6739;0.9551;0.6315;0.9857;0.8443;16.3;281
07/01/2026 21:21;mvtec_AD/capsule;patchcore;448x448;5;5;132;0;1;0.7563;0.9284;0.9185;0.2018;0.3486;0.9588;0.29;0.9661;0.7548;16.5;281
07/01/2026 21:22;mvtec_AD/carpet;patchcore;448x448;5;5;117;0;1;0.99;0.9969;0.9721;0.9101;0.9551;0.9912;0.6385;0.9983;0.8433;16.7;281
07/01/2026 21:23;mvtec_AD/grid;patchcore;448x448;5;5;78;0;1;0.8981;0.9632;0.9076;0.6842;0.7368;0.9327;0.2576;0.8229;0.5693;17.2;281
07/01/2026 21:24;mvtec_AD/hazelnut;patchcore;448x448;5;5;110;0;1;0.9921;0.9957;0.964;0.9571;0.9714;0.9542;0.4769;0.9253;0.8362;17;281
07/01/2026 21:25;mvtec_AD/leather;patchcore;448x448;5;5;124;0;1;0.9898;0.9971;0.9838;0.9783;0.9891;0.9911;0.5108;0.9981;0.9596;16.4;281
07/01/2026 21:25;mvtec_AD/metal_nut;patchcore;448x448;5;5;115;0;1;0.9848;0.9965;0.9688;0.9032;0.9462;0.9055;0.6071;0.966;0.8138;16.9;281
07/01/2026 21:27;mvtec_AD/pill;patchcore;448x448;5;5;167;0;1;0.4269;0.8329;0.9156;0.0355;0.078;0.7881;0.0867;0.9416;0.5732;17.1;281
07/01/2026 21:28;mvtec_AD/screw;patchcore;448x448;5;5;160;0;1;0.5409;0.7428;0.8686;0.0336;0.0588;0.9591;0.0452;0.9849;0.8019;17.2;281
07/01/2026 21:28;mvtec_AD/tile;patchcore;448x448;5;5;117;0;1;0.9978;0.9992;0.9881;0.9881;0.9881;0.9467;0.5036;0.9902;0.9642;15.4;281
07/01/2026 21:29;mvtec_AD/toothbrush;patchcore;448x448;5;5;42;0;1;0.9417;0.9779;0.9508;0.6667;0.9;0.7791;0.2117;0.3139;0.209;15.4;281
07/01/2026 21:30;mvtec_AD/transistor;patchcore;448x448;5;5;100;0;1;0.6321;0.5966;0.6018;0.225;0.25;0.7911;0.283;0.8068;0.6454;15.4;281
07/01/2026 21:31;mvtec_AD/wood;patchcore;448x448;5;5;79;0;1;0.9807;0.994;0.9593;0.8333;0.9333;0.9118;0.4777;0.9755;0.944;15.8;281
07/01/2026 21:32;mvtec_AD/zipper;patchcore;448x448;5;5;151;0;1;0.8999;0.9586;0.9576;0.1933;0.5882;0.981;0.6423;0.9913;0.8332;16.2;281
07/01/2026 21:33;AutoVI/underbody_pipes;patchcore;448x448;5;5;344;0;1;0.9872;0.9891;0.9516;0.929;0.9727;0.9738;0.3654;0.9989;0.9214;16.6;281
07/01/2026 21:35;AutoVI/underbody_screw;patchcore;448x448;5;5;392;0;1;0.7873;0.0971;0.2571;0;0;0.9765;0.0045;1;0.8679;17.2;281
07/01/2026 21:37;AutoVI/engine_wiring;patchcore;448x448;5;5;574;0;1;0.5845;0.5927;0.6706;0.1246;0.173;0.8729;0.2008;0.8214;0.472;17;281
07/01/2026 21:39;AutoVI/pipe_clip;patchcore;448x448;5;5;337;0;1;0.5465;0.4857;0.6123;0.1127;0.1479;0.7997;0.0165;0.8593;0.3748;15.5;281
07/01/2026 21:41;AutoVI/tank_screw;patchcore;448x448;5;5;413;0;1;0.4628;0.1993;0.4069;0.0105;0.0105;0.9206;0.0093;0.8323;0.5567;16;281
07/01/2026 21:42;mvtec_loco_AD/breakfast_box;patchcore;448x448;5;5;275;0;1;0.7542;0.8581;0.7933;0.3757;0.4509;0.8634;0.4806;0.8727;0.6641;15.9;281
07/01/2026 21:44;mvtec_loco_AD/juice_bottle;patchcore;448x448;5;5;330;0;1;0.4683;0.7115;0.8348;0.0508;0.1229;0.4316;0.0449;0.1441;0.043;17.3;281
07/01/2026 21:46;mvtec_loco_AD/pushpins;patchcore;448x448;5;5;310;0;1;0.5863;0.6486;0.714;0.0814;0.157;0.6323;0.0593;0.7235;0.4454;16.8;281
07/01/2026 21:48;mvtec_loco_AD/screw_bag;patchcore;448x448;5;5;341;0;1;0.6109;0.7689;0.7821;0.2009;0.3014;0.6483;0.1088;0.7711;0.5548;16.7;281
07/01/2026 21:49;mvtec_loco_AD/splicing_connectors;patchcore;448x448;5;5;312;0;1;0.629;0.7294;0.7644;0.1088;0.1762;0.5675;0.129;0.5359;0.3629;17.6;281
07/01/2026 21:51;VisA/candle;patchcore;448x448;5;5;200;0;1;0.7857;0.8037;0.7595;0.43;0.46;0.9287;0.1527;0.9574;0.8002;17.1;281
07/01/2026 21:52;VisA/capsules;patchcore;448x448;5;5;160;0;1;0.7052;0.8305;0.7737;0.4;0.46;0.9824;0.5224;0.9698;0.7785;15.3;281
07/01/2026 21:53;VisA/cashew;patchcore;448x448;5;5;150;0;1;0.7848;0.9001;0.8148;0.48;0.59;0.7948;0.2788;0.7358;0.6047;16.6;281
07/01/2026 21:54;VisA/chewinggum;patchcore;448x448;5;5;150;0;1;0.982;0.9928;0.9746;0.96;0.97;0.9933;0.7038;0.9386;0.7742;16.3;281
07/01/2026 21:55;VisA/fryum;patchcore;448x448;5;5;150;0;1;0.9208;0.9588;0.902;0.62;0.72;0.8807;0.2033;0.9616;0.8035;17.1;281
07/01/2026 21:57;VisA/macaroni1;patchcore;448x448;5;5;200;0;1;0.7593;0.7561;0.7253;0.25;0.44;0.9713;0.0809;0.915;0.7265;16.9;281
07/01/2026 21:58;VisA/macaroni2;patchcore;448x448;5;5;200;0;1;0.6902;0.7111;0.698;0.25;0.3;0.9475;0.0372;0.8741;0.6864;18.2;281
07/01/2026 21:59;VisA/pcb1;patchcore;448x448;5;5;200;0;1;0.8987;0.8906;0.8462;0.51;0.67;0.9739;0.2461;0.9916;0.9042;17.2;281
07/01/2026 22:01;VisA/pcb2;patchcore;448x448;5;5;200;0;1;0.8837;0.8759;0.8377;0.7;0.79;0.97;0.1976;0.9703;0.8363;16.6;281
07/01/2026 22:02;VisA/pcb3;patchcore;448x448;5;5;201;0;1;0.8744;0.8906;0.8041;0.57;0.66;0.9863;0.4225;0.9974;0.8691;17.1;281
07/01/2026 22:03;VisA/pcb4;patchcore;448x448;5;5;201;0;1;0.9592;0.9488;0.9124;0.72;0.89;0.9496;0.3257;0.9702;0.8318;17.5;281
07/01/2026 22:04;VisA/pipe_fryum;patchcore;448x448;5;5;150;0;1;0.6736;0.8377;0.8097;0.33;0.36;0.6743;0.0444;0.5644;0.3122;15.5;281
07/01/2026 22:05;mvtec_AD/bottle;padim;448x448;5;5;83;1;1;0.9675;0.9909;0.9531;0.9048;0.9206;0.8376;0.5289;0.8993;0.7795;16.5;2464
07/01/2026 22:06;mvtec_AD/cable;padim;448x448;5;5;150;1;1;0.6805;0.7711;0.7907;0.1739;0.25;0.8926;0.1882;0.9203;0.662;17.1;2464
07/01/2026 22:07;mvtec_AD/capsule;padim;448x448;5;5;132;1;1;0.6302;0.8471;0.9198;0.0183;0.0734;0.9441;0.1422;0.9794;0.7807;17.7;2464
07/01/2026 22:08;mvtec_AD/carpet;padim;448x448;5;5;117;1;1;0.8652;0.9592;0.8995;0.7079;0.7191;0.9379;0.3508;0.9442;0.8279;17.4;2464
07/01/2026 22:09;mvtec_AD/grid;padim;448x448;5;5;78;1;1;0.5948;0.7896;0.855;0.193;0.2632;0.769;0.0322;0.627;0.3692;17.4;2464
07/01/2026 22:10;mvtec_AD/hazelnut;padim;448x448;5;5;110;1;1;0.7646;0.8659;0.8023;0.3714;0.5714;0.79;0.0577;0.8237;0.526;17.5;2464
07/01/2026 22:10;mvtec_AD/leather;padim;448x448;5;5;124;1;1;0.9154;0.9733;0.9101;0.7826;0.837;0.9282;0.2922;0.9574;0.8443;17.8;2464
07/01/2026 22:11;mvtec_AD/metal_nut;padim;448x448;5;5;115;1;1;0.5108;0.8368;0.8942;0.0968;0.1828;0.5738;0.1219;0.4769;0.1756;17;2464
07/01/2026 22:12;mvtec_AD/pill;padim;448x448;5;5;167;1;1;0.3101;0.7512;0.9156;0;0;0.4098;0.0255;0.4816;0.2104;18.6;2464
07/01/2026 22:13;mvtec_AD/screw;padim;448x448;5;5;160;1;1;0.4901;0.7424;0.8561;0.0588;0.0756;0.9513;0.0304;0.9977;0.7854;17.4;2464
07/01/2026 22:14;mvtec_AD/tile;padim;448x448;5;5;117;1;1;0.8651;0.9454;0.884;0.4881;0.6429;0.7557;0.2123;0.7823;0.5715;17.5;2464
07/01/2026 22:15;mvtec_AD/toothbrush;padim;448x448;5;5;42;1;1;0.5056;0.7917;0.8333;0.3;0.3;0.8239;0.0401;0.8289;0.3634;16.1;2464
07/01/2026 22:16;mvtec_AD/transistor;padim;448x448;5;5;100;1;1;0.7742;0.7496;0.6914;0.425;0.55;0.8786;0.3106;0.8971;0.7128;16.4;2464
07/01/2026 22:16;mvtec_AD/wood;padim;448x448;5;5;79;1;1;0.9439;0.9833;0.9365;0.8333;0.8333;0.8697;0.3511;0.9487;0.8282;18;2464
07/01/2026 22:17;mvtec_AD/zipper;padim;448x448;5;5;151;1;1;0.6379;0.8395;0.8848;0.042;0.1597;0.8906;0.1835;0.9173;0.5974;17.9;2464
07/01/2026 22:19;AutoVI/underbody_pipes;padim;448x448;5;5;344;1;1;0.7698;0.7186;0.7868;0.0874;0.2186;0.9306;0.2045;0.9787;0.8834;17.1;2464
07/01/2026 22:21;AutoVI/underbody_screw;padim;448x448;5;5;392;1;1;0.1144;0.0259;0.0878;0;0;0.9503;0.0017;1;0.8135;17;2464
07/01/2026 22:23;AutoVI/engine_wiring;padim;448x448;5;5;574;1;1;0.4742;0.492;0.6698;0.0415;0.0865;0.79;0.0585;0.6178;0.2996;18.3;2464
07/01/2026 22:25;AutoVI/pipe_clip;padim;448x448;5;5;337;1;1;0.5336;0.5117;0.5978;0.169;0.1972;0.7474;0.0133;0.5984;0.2166;17.5;2464
07/01/2026 22:26;AutoVI/tank_screw;padim;448x448;5;5;413;1;1;0.4787;0.2213;0.3829;0.0211;0.1158;0.8868;0.0043;0.9237;0.5542;19.1;2464
07/01/2026 22:28;mvtec_loco_AD/breakfast_box;padim;448x448;5;5;275;1;1;0.4107;0.5682;0.774;0.0173;0.0405;0.7819;0.1618;0.7864;0.4646;19.6;2464
07/01/2026 22:30;mvtec_loco_AD/juice_bottle;padim;448x448;5;5;330;1;1;0.3585;0.6528;0.8339;0.0381;0.0466;0.4979;0.0525;0.4845;0.2233;19.6;2464
07/01/2026 22:32;mvtec_loco_AD/pushpins;padim;448x448;5;5;310;1;1;0.4769;0.5426;0.7137;0.0581;0.0988;0.5023;0.0271;0.6515;0.385;18.4;2464
07/01/2026 22:34;mvtec_loco_AD/screw_bag;padim;448x448;5;5;341;1;1;0.3943;0.617;0.7821;0.0822;0.137;0.3233;0.0497;0.5739;0.2759;18.6;2464
07/01/2026 22:36;mvtec_loco_AD/splicing_connectors;padim;448x448;5;5;312;1;1;0.5726;0.6721;0.7705;0.057;0.1554;0.6577;0.1717;0.5229;0.3156;19.3;2464
07/01/2026 22:37;VisA/candle;padim;448x448;5;5;200;1;1;0.4394;0.4505;0.6712;0.01;0.05;0.7047;0.0024;0.9012;0.5171;20.2;2464
07/01/2026 22:38;VisA/capsules;padim;448x448;5;5;160;1;1;0.4288;0.5617;0.7782;0.02;0.02;0.8905;0.0224;0.9025;0.5275;18.2;2464
07/01/2026 22:39;VisA/cashew;padim;448x448;5;5;150;1;1;0.69;0.8445;0.8;0.26;0.44;0.8523;0.1344;0.7239;0.5781;17.3;2464
07/01/2026 22:41;VisA/chewinggum;padim;448x448;5;5;150;1;1;0.7154;0.8292;0.807;0.12;0.42;0.8777;0.0987;0.5177;0.3383;19.8;2464
07/01/2026 22:42;VisA/fryum;padim;448x448;5;5;150;1;1;0.776;0.8846;0.827;0.41;0.48;0.9211;0.2021;0.9487;0.6579;20.6;2464
07/01/2026 22:44;VisA/macaroni1;padim;448x448;5;5;200;1;1;0.7169;0.7365;0.712;0.24;0.33;0.9591;0.0279;0.9242;0.6586;18.6;2464
07/01/2026 22:45;VisA/macaroni2;padim;448x448;5;5;200;1;1;0.5359;0.5885;0.6737;0.13;0.16;0.9371;0.0153;0.9197;0.582;23.7;2464
07/01/2026 22:47;VisA/pcb1;padim;448x448;5;5;200;1;1;0.6418;0.6146;0.741;0.13;0.16;0.9107;0.0308;0.9854;0.7641;17.6;2464
07/01/2026 22:48;VisA/pcb2;padim;448x448;5;5;200;1;1;0.5611;0.5524;0.6812;0.08;0.17;0.9427;0.038;0.9803;0.7855;17.1;2464
07/01/2026 22:49;VisA/pcb3;padim;448x448;5;5;201;1;1;0.6465;0.6384;0.7127;0.12;0.19;0.9714;0.1104;0.9999;0.8307;20;2464
07/01/2026 22:51;VisA/pcb4;padim;448x448;5;5;201;1;1;0.7302;0.6988;0.7376;0.15;0.37;0.7746;0.0158;0.609;0.3404;16.7;2464
07/01/2026 22:52;VisA/pipe_fryum;padim;448x448;5;5;150;1;1;0.2408;0.5298;0.8;0;0.03;0.5395;0.0131;0.2511;0.1033;18.1;2464
07/01/2026 22:53;mvtec_AD/bottle;patchcore;448x448;5;5;83;1;1;0.9984;0.9995;0.9921;1;1;0.9479;0.7086;0.9874;0.9002;17.9;281
07/01/2026 22:54;mvtec_AD/cable;patchcore;448x448;5;5;150;1;1;0.9046;0.9488;0.883;0.7065;0.7935;0.9572;0.6507;0.9842;0.8608;20.9;281
07/01/2026 22:55;mvtec_AD/capsule;patchcore;448x448;5;5;132;1;1;0.8081;0.9545;0.9198;0.5046;0.5596;0.9636;0.3012;0.9905;0.8364;18.5;281
07/01/2026 22:56;mvtec_AD/carpet;patchcore;448x448;5;5;117;1;1;0.9912;0.9973;0.9727;0.9438;0.9663;0.9918;0.6556;0.9984;0.9636;18.3;281
07/01/2026 22:57;mvtec_AD/grid;patchcore;448x448;5;5;78;1;1;0.9282;0.974;0.9231;0.7018;0.8246;0.9451;0.2591;0.8724;0.7308;19.5;281
07/01/2026 22:58;mvtec_AD/hazelnut;patchcore;448x448;5;5;110;1;1;0.9975;0.9987;0.9857;0.9857;0.9857;0.9607;0.5511;0.9426;0.8627;19.2;281
07/01/2026 22:59;mvtec_AD/leather;patchcore;448x448;5;5;124;1;1;0.9891;0.9967;0.9783;0.9565;0.9783;0.9924;0.5227;0.9996;0.8884;19.9;281
07/01/2026 23:00;mvtec_AD/metal_nut;patchcore;448x448;5;5;115;1;1;0.9829;0.9961;0.9684;0.9462;0.9462;0.9133;0.6457;0.9634;0.8208;19.5;281
07/01/2026 23:01;mvtec_AD/pill;patchcore;448x448;5;5;167;1;1;0.4359;0.8349;0.9156;0.0567;0.0851;0.7671;0.0774;0.9098;0.5339;18.2;281
07/01/2026 23:02;mvtec_AD/screw;patchcore;448x448;5;5;160;1;1;0.5985;0.7641;0.883;0.0252;0.0924;0.9676;0.0708;0.9928;0.7792;17;281
07/01/2026 23:03;mvtec_AD/tile;patchcore;448x448;5;5;117;1;1;0.9888;0.9952;0.982;0.9762;0.9762;0.9445;0.4994;0.991;0.8648;17.7;281
07/01/2026 23:04;mvtec_AD/toothbrush;patchcore;448x448;5;5;42;1;1;0.8889;0.9569;0.9062;0.6333;0.7667;0.7783;0.2154;0.3061;0.199;20.3;281
07/01/2026 23:04;mvtec_AD/transistor;patchcore;448x448;5;5;100;1;1;0.7671;0.7187;0.6744;0.275;0.45;0.8095;0.3539;0.8593;0.7034;20.3;281
07/01/2026 23:05;mvtec_AD/wood;patchcore;448x448;5;5;79;1;1;0.9886;0.9966;0.9661;0.9333;0.95;0.9208;0.485;0.982;0.8958;17;281
07/01/2026 23:06;mvtec_AD/zipper;patchcore;448x448;5;5;151;1;1;0.9764;0.9944;0.9655;0.9412;0.9412;0.9786;0.6504;0.9915;0.8915;15.5;281
07/01/2026 23:08;AutoVI/underbody_pipes;patchcore;448x448;5;5;344;1;1;0.9849;0.9849;0.9534;0.9508;0.9672;0.9696;0.3625;0.9987;0.9907;15.9;281
07/01/2026 23:10;AutoVI/underbody_screw;patchcore;448x448;5;5;392;1;1;0.8605;0.1453;0.3789;0;0;0.9969;0.0359;1;0.8748;18.1;281
07/01/2026 23:13;AutoVI/engine_wiring;patchcore;448x448;5;5;574;1;1;0.5468;0.5506;0.6721;0.0761;0.1073;0.8883;0.2614;0.7314;0.366;17.6;281
07/01/2026 23:14;AutoVI/pipe_clip;patchcore;448x448;5;5;337;1;1;0.5322;0.4401;0.6087;0.0493;0.1127;0.8366;0.0217;0.8898;0.4128;19.1;281
07/01/2026 23:16;AutoVI/tank_screw;patchcore;448x448;5;5;413;1;1;0.4562;0.2046;0.39;0;0.0526;0.9567;0.0108;0.9888;0.759;21.1;281
07/01/2026 23:18;mvtec_loco_AD/breakfast_box;patchcore;448x448;5;5;275;1;1;0.6908;0.8169;0.7818;0.3179;0.3815;0.8624;0.4846;0.8903;0.6987;16.6;281
07/01/2026 23:20;mvtec_loco_AD/juice_bottle;patchcore;448x448;5;5;330;1;1;0.4913;0.7461;0.8339;0.0932;0.1525;0.4297;0.045;0.1451;0.0496;17.9;281
07/01/2026 23:22;mvtec_loco_AD/pushpins;patchcore;448x448;5;5;310;1;1;0.5589;0.6149;0.7137;0.0349;0.186;0.6303;0.0583;0.6973;0.3907;17.8;281
07/01/2026 23:24;mvtec_loco_AD/screw_bag;patchcore;448x448;5;5;341;1;1;0.6613;0.7747;0.791;0.1735;0.2511;0.649;0.1104;0.7754;0.553;15.7;281
07/01/2026 23:26;mvtec_loco_AD/splicing_connectors;patchcore;448x448;5;5;312;1;1;0.7095;0.8165;0.7644;0.2228;0.4301;0.562;0.1362;0.4743;0.3611;16.6;281
07/01/2026 23:28;VisA/candle;patchcore;448x448;5;5;200;1;1;0.7854;0.8014;0.7355;0.41;0.51;0.9244;0.1526;0.9632;0.8559;20;281
07/01/2026 23:29;VisA/capsules;patchcore;448x448;5;5;160;1;1;0.7757;0.8626;0.8;0.41;0.54;0.9814;0.5271;0.9804;0.8131;19.4;281
07/01/2026 23:30;VisA/cashew;patchcore;448x448;5;5;150;1;1;0.8168;0.9198;0.8148;0.6;0.66;0.8068;0.3035;0.7551;0.5944;19.7;281
07/01/2026 23:31;VisA/chewinggum;patchcore;448x448;5;5;150;1;1;0.9816;0.9927;0.97;0.95;0.97;0.9926;0.6917;0.9278;0.7834;18.8;281
07/01/2026 23:33;VisA/fryum;patchcore;448x448;5;5;150;1;1;0.9454;0.9756;0.9271;0.75;0.89;0.8534;0.1434;0.9166;0.7209;20.3;281
07/01/2026 23:34;VisA/macaroni1;patchcore;448x448;5;5;200;1;1;0.8536;0.8554;0.7921;0.52;0.57;0.984;0.1241;0.9339;0.7786;18.6;281
07/01/2026 23:36;VisA/macaroni2;patchcore;448x448;5;5;200;1;1;0.6602;0.6809;0.6982;0.24;0.35;0.9509;0.0423;0.862;0.6594;18.2;281
07/01/2026 23:37;VisA/pcb1;patchcore;448x448;5;5;200;1;1;0.9466;0.914;0.9307;0.76;0.94;0.9951;0.7899;0.9915;0.8875;20;281
07/01/2026 23:39;VisA/pcb2;patchcore;448x448;5;5;200;1;1;0.8365;0.8411;0.7979;0.61;0.67;0.9706;0.1915;0.9648;0.8695;17.4;281
07/01/2026 23:40;VisA/pcb3;patchcore;448x448;5;5;201;1;1;0.8828;0.8931;0.819;0.57;0.73;0.9855;0.4208;0.9939;0.9023;16.2;281
07/01/2026 23:41;VisA/pcb4;patchcore;448x448;5;5;201;1;1;0.9347;0.9233;0.8792;0.62;0.82;0.9394;0.3066;0.9608;0.8443;23.1;281
07/01/2026 23:43;VisA/pipe_fryum;patchcore;448x448;5;5;150;1;1;0.6538;0.8266;0.8033;0.32;0.35;0.6891;0.0433;0.7117;0.411;17.5;281
07/01/2026 23:44;mvtec_AD/bottle;padim;448x448;5;5;83;2;1;0.9333;0.9811;0.9173;0.8413;0.8571;0.7552;0.3156;0.7972;0.6074;20.5;2464
07/01/2026 23:45;mvtec_AD/cable;padim;448x448;5;5;150;2;1;0.7479;0.8056;0.7925;0.3043;0.3696;0.9184;0.3285;0.9432;0.6943;20.4;2464
07/01/2026 23:46;mvtec_AD/capsule;padim;448x448;5;5;132;2;1;0.56;0.8432;0.9046;0;0.1927;0.9196;0.0999;0.9694;0.6751;20.4;2464
07/01/2026 23:47;mvtec_AD/carpet;padim;448x448;5;5;117;2;1;0.7648;0.9164;0.8725;0.382;0.3933;0.8354;0.188;0.8075;0.6122;23.1;2464
07/01/2026 23:48;mvtec_AD/grid;padim;448x448;5;5;78;2;1;0.6124;0.8261;0.8507;0.193;0.2632;0.7852;0.0256;0.6741;0.417;23;2464
07/01/2026 23:50;mvtec_AD/hazelnut;padim;448x448;5;5;110;2;1;0.7946;0.8838;0.8214;0.4571;0.5286;0.5465;0.0215;0.4181;0.138;26.1;2464
07/01/2026 23:51;mvtec_AD/leather;padim;448x448;5;5;124;2;1;0.9025;0.9666;0.8966;0.6848;0.7717;0.9259;0.2829;0.9446;0.7853;24.6;2464
07/01/2026 23:52;mvtec_AD/metal_nut;padim;448x448;5;5;115;2;1;0.478;0.829;0.8942;0.0968;0.1828;0.3916;0.0888;0.0449;0.0076;18.1;2464
07/01/2026 23:53;mvtec_AD/pill;padim;448x448;5;5;167;2;1;0.2911;0.7498;0.9156;0.0142;0.0142;0.309;0.0227;0.1228;0.0211;17.3;2464
07/01/2026 23:55;mvtec_AD/screw;padim;448x448;5;5;160;2;1;0.5163;0.7565;0.853;0.0336;0.0504;0.9447;0.0252;0.9955;0.7627;22.6;2464
07/01/2026 23:56;mvtec_AD/tile;padim;448x448;5;5;117;2;1;0.864;0.951;0.8675;0.6548;0.7262;0.7608;0.2246;0.7915;0.5851;19.9;2464
07/01/2026 23:57;mvtec_AD/toothbrush;padim;448x448;5;5;42;2;1;0.4833;0.7843;0.8333;0.3;0.3;0.4583;0.0127;0.0715;0.0086;21.6;2464
07/01/2026 23:58;mvtec_AD/transistor;padim;448x448;5;5;100;2;1;0.7896;0.7608;0.7123;0.5;0.6;0.8569;0.2426;0.8687;0.6423;21;2464
07/01/2026 23:59;mvtec_AD/wood;padim;448x448;5;5;79;2;1;0.9675;0.9892;0.9672;0.7167;0.8333;0.8445;0.3095;0.9384;0.7897;22.5;2464
08/01/2026 0:00;mvtec_AD/zipper;padim;448x448;5;5;151;2;1;0.5664;0.8537;0.8815;0.1681;0.2773;0.801;0.1217;0.8313;0.4955;21.8;2464
08/01/2026 0:03;AutoVI/underbody_pipes;padim;448x448;5;5;344;2;1;0.592;0.5478;0.7344;0.0109;0.0765;0.9033;0.0896;0.9593;0.7639;20.7;2464
08/01/2026 0:05;AutoVI/underbody_screw;padim;448x448;5;5;392;2;1;0.0786;0.0253;0.0878;0;0;0.8883;0.0008;0.9647;0.592;21;2464
08/01/2026 0:09;AutoVI/engine_wiring;padim;448x448;5;5;574;2;1;0.5786;0.5773;0.6698;0.0865;0.1626;0.7515;0.0281;0.6026;0.26;19.9;2464
08/01/2026 0:11;AutoVI/pipe_clip;padim;448x448;5;5;337;2;1;0.5319;0.5106;0.5929;0.1056;0.169;0.743;0.0132;0.5463;0.1972;20.3;2464
08/01/2026 0:13;AutoVI/tank_screw;padim;448x448;5;5;413;2;1;0.4847;0.2304;0.377;0.0737;0.1053;0.887;0.004;0.9087;0.5258;21.3;2464
08/01/2026 0:15;mvtec_loco_AD/breakfast_box;padim;448x448;5;5;275;2;1;0.3964;0.567;0.7723;0.0289;0.052;0.7507;0.1293;0.6852;0.2968;20.5;2464
08/01/2026 0:18;mvtec_loco_AD/juice_bottle;padim;448x448;5;5;330;2;1;0.3938;0.6559;0.8339;0.0297;0.0508;0.2913;0.0363;0.1426;0.0269;20;2464
08/01/2026 0:20;mvtec_loco_AD/pushpins;padim;448x448;5;5;310;2;1;0.4687;0.5384;0.7137;0.0233;0.1105;0.5423;0.0297;0.5863;0.2832;19;2464
08/01/2026 0:23;mvtec_loco_AD/screw_bag;padim;448x448;5;5;341;2;1;0.4169;0.6371;0.7821;0.1096;0.1461;0.292;0.0479;0.3203;0.0696;20.2;2464
08/01/2026 0:25;mvtec_loco_AD/splicing_connectors;padim;448x448;5;5;312;2;1;0.551;0.6599;0.768;0.0466;0.1192;0.651;0.1742;0.6591;0.4366;19.3;2464
08/01/2026 0:27;VisA/candle;padim;448x448;5;5;200;2;1;0.4487;0.4502;0.6713;0;0.04;0.6269;0.0017;0.6485;0.2185;20.5;2464
08/01/2026 0:28;VisA/capsules;padim;448x448;5;5;160;2;1;0.5103;0.6542;0.7692;0.07;0.19;0.8662;0.0188;0.797;0.4588;19.3;2464
08/01/2026 0:29;VisA/cashew;padim;448x448;5;5;150;2;1;0.4572;0.6541;0.8;0.06;0.15;0.8997;0.1499;0.7351;0.5147;20.7;2464
08/01/2026 0:31;VisA/chewinggum;padim;448x448;5;5;150;2;1;0.5166;0.7034;0.8;0.06;0.12;0.8443;0.0287;0.567;0.3137;19.8;2464
08/01/2026 0:33;VisA/fryum;padim;448x448;5;5;150;2;1;0.706;0.8174;0.8356;0.21;0.26;0.9452;0.2202;0.9896;0.6945;19.9;2464
08/01/2026 0:35;VisA/macaroni1;padim;448x448;5;5;200;2;1;0.5368;0.5777;0.6734;0.12;0.21;0.9545;0.0128;0.9599;0.6312;20.1;2464
08/01/2026 0:37;VisA/macaroni2;padim;448x448;5;5;200;2;1;0.6179;0.6069;0.6855;0.11;0.15;0.9414;0.0035;1;0.685;21;2464
08/01/2026 0:38;VisA/pcb1;padim;448x448;5;5;200;2;1;0.7599;0.6862;0.8103;0.15;0.21;0.9032;0.0239;0.9873;0.7599;20.2;2464
08/01/2026 0:40;VisA/pcb2;padim;448x448;5;5;200;2;1;0.5872;0.5818;0.6694;0.11;0.13;0.9356;0.0267;0.9548;0.7132;19.9;2464
08/01/2026 0:42;VisA/pcb3;padim;448x448;5;5;201;2;1;0.7249;0.7156;0.7194;0.2;0.25;0.9755;0.1433;1;0.854;20.6;2464
08/01/2026 0:44;VisA/pcb4;padim;448x448;5;5;201;2;1;0.7451;0.699;0.7388;0.17;0.31;0.7078;0.0104;0.5595;0.195;18.5;2464
08/01/2026 0:45;VisA/pipe_fryum;padim;448x448;5;5;150;2;1;0.2032;0.5091;0.8032;0;0.03;0.2194;0.0073;0.077;0.0136;19.5;2464
08/01/2026 0:47;mvtec_AD/bottle;patchcore;448x448;5;5;83;2;1;0.9968;0.999;0.9844;0.9683;1;0.9521;0.7103;0.9887;0.8789;18.8;281
08/01/2026 0:48;mvtec_AD/cable;patchcore;448x448;5;5;150;2;1;0.9305;0.958;0.9032;0.6196;0.8261;0.9575;0.6478;0.9843;0.8426;18.6;281
08/01/2026 0:49;mvtec_AD/capsule;patchcore;448x448;5;5;132;2;1;0.781;0.9338;0.9264;0.2294;0.3303;0.9625;0.2884;0.9829;0.8392;18.6;281
08/01/2026 0:50;mvtec_AD/carpet;patchcore;448x448;5;5;117;2;1;0.992;0.9975;0.9724;0.9438;0.9551;0.9912;0.6421;0.9984;0.9866;20;281
08/01/2026 0:51;mvtec_AD/grid;patchcore;448x448;5;5;78;2;1;0.9607;0.986;0.9483;0.8421;0.8421;0.9496;0.2859;0.9327;0.7391;21.1;281
08/01/2026 0:52;mvtec_AD/hazelnut;patchcore;448x448;5;5;110;2;1;0.9861;0.992;0.964;0.9571;0.9571;0.9563;0.5105;0.922;0.7898;18.9;281
08/01/2026 0:54;mvtec_AD/leather;patchcore;448x448;5;5;124;2;1;0.9898;0.997;0.989;0.9783;0.9783;0.9926;0.5187;0.9996;0.8903;20.9;281
08/01/2026 0:55;mvtec_AD/metal_nut;patchcore;448x448;5;5;115;2;1;0.9741;0.9941;0.9674;0.914;0.957;0.9084;0.5946;0.9605;0.788;20.4;281
08/01/2026 0:57;mvtec_AD/pill;patchcore;448x448;5;5;167;2;1;0.4253;0.8315;0.9156;0.0709;0.0851;0.7628;0.073;0.9179;0.5047;17.1;281
08/01/2026 0:58;mvtec_AD/screw;patchcore;448x448;5;5;160;2;1;0.5817;0.7557;0.8635;0.0168;0.0252;0.9604;0.0414;0.9942;0.7322;18;281
08/01/2026 0:59;mvtec_AD/tile;patchcore;448x448;5;5;117;2;1;0.9802;0.9923;0.9586;0.9167;0.9405;0.9437;0.4956;0.991;0.9369;20.1;281
08/01/2026 1:00;mvtec_AD/toothbrush;patchcore;448x448;5;5;42;2;1;0.9111;0.9657;0.9206;0.6667;0.6667;0.7923;0.2433;0.3347;0.2209;19.1;281
08/01/2026 1:01;mvtec_AD/transistor;patchcore;448x448;5;5;100;2;1;0.7921;0.7733;0.6977;0.425;0.55;0.8169;0.3555;0.8628;0.7133;19.9;281
08/01/2026 1:02;mvtec_AD/wood;patchcore;448x448;5;5;79;2;1;0.9781;0.9934;0.9748;0.8333;0.9667;0.918;0.4959;0.9748;0.8807;18.9;281
08/01/2026 1:03;mvtec_AD/zipper;patchcore;448x448;5;5;151;2;1;0.9317;0.9767;0.9569;0.4034;0.9328;0.9802;0.64;0.9923;0.854;18.1;281
08/01/2026 1:06;AutoVI/underbody_pipes;patchcore;448x448;5;5;344;2;1;0.9888;0.9903;0.9574;0.9399;0.9891;0.9704;0.3995;0.9986;0.9498;18.6;281
08/01/2026 1:08;AutoVI/underbody_screw;patchcore;448x448;5;5;392;2;1;0.7788;0.0939;0.2432;0;0;0.9759;0.0048;0.9994;0.8166;17.4;281
08/01/2026 1:11;AutoVI/engine_wiring;patchcore;448x448;5;5;574;2;1;0.5176;0.5449;0.6705;0.1003;0.1522;0.8824;0.2544;0.8006;0.4015;17.4;281
08/01/2026 1:14;AutoVI/pipe_clip;patchcore;448x448;5;5;337;2;1;0.5291;0.4364;0.5979;0.0282;0.1197;0.8482;0.0241;0.9205;0.5294;20;281
08/01/2026 1:17;AutoVI/tank_screw;patchcore;448x448;5;5;413;2;1;0.4884;0.2096;0.3926;0.0211;0.0526;0.9287;0.0121;0.8634;0.624;19.4;281
08/01/2026 1:19;mvtec_loco_AD/breakfast_box;patchcore;448x448;5;5;275;2;1;0.7361;0.8428;0.7828;0.3526;0.3988;0.8642;0.482;0.8954;0.6877;19.4;281
08/01/2026 1:21;mvtec_loco_AD/juice_bottle;patchcore;448x448;5;5;330;2;1;0.4713;0.72;0.8339;0.0636;0.0932;0.4348;0.0454;0.1577;0.0518;17.9;281
08/01/2026 1:24;mvtec_loco_AD/pushpins;patchcore;448x448;5;5;310;2;1;0.529;0.6023;0.7137;0.0581;0.1512;0.6309;0.0617;0.72;0.4179;20;281
08/01/2026 1:26;mvtec_loco_AD/screw_bag;patchcore;448x448;5;5;341;2;1;0.6463;0.7221;0.7977;0.0411;0.1279;0.6405;0.1072;0.761;0.5574;18.9;281
08/01/2026 1:28;mvtec_loco_AD/splicing_connectors;patchcore;448x448;5;5;312;2;1;0.6784;0.7923;0.7644;0.2332;0.285;0.5748;0.1338;0.4784;0.3127;22;281
08/01/2026 1:30;VisA/candle;patchcore;448x448;5;5;200;2;1;0.7675;0.7804;0.7273;0.4;0.46;0.9231;0.1173;0.9629;0.8282;22.1;281
08/01/2026 1:32;VisA/capsules;patchcore;448x448;5;5;160;2;1;0.805;0.8873;0.8159;0.49;0.63;0.9846;0.5475;0.9819;0.8749;19.7;281
08/01/2026 1:33;VisA/cashew;patchcore;448x448;5;5;150;2;1;0.7234;0.8752;0.8;0.49;0.52;0.809;0.2945;0.7689;0.5622;19.8;281
08/01/2026 1:35;VisA/chewinggum;patchcore;448x448;5;5;150;2;1;0.9802;0.9919;0.9604;0.94;0.97;0.9923;0.6803;0.936;0.8259;17.7;281
08/01/2026 1:36;VisA/fryum;patchcore;448x448;5;5;150;2;1;0.9474;0.9768;0.9192;0.84;0.87;0.8798;0.1853;0.9707;0.7617;20.7;281
08/01/2026 1:38;VisA/macaroni1;patchcore;448x448;5;5;200;2;1;0.7237;0.7441;0.7148;0.29;0.42;0.9734;0.0976;0.9007;0.6798;21.2;281
08/01/2026 1:40;VisA/macaroni2;patchcore;448x448;5;5;200;2;1;0.6597;0.6271;0.704;0.1;0.16;0.9446;0.019;0.8485;0.594;18.3;281
08/01/2026 1:42;VisA/pcb1;patchcore;448x448;5;5;200;2;1;0.9086;0.8888;0.8498;0.44;0.73;0.9743;0.2667;0.9937;0.8627;20.3;281
08/01/2026 1:44;VisA/pcb2;patchcore;448x448;5;5;200;2;1;0.8704;0.8642;0.8213;0.49;0.74;0.9705;0.1941;0.9765;0.8811;19.4;281
08/01/2026 1:45;VisA/pcb3;patchcore;448x448;5;5;201;2;1;0.8622;0.8679;0.8113;0.44;0.48;0.9853;0.4141;0.9855;0.8218;19;281
08/01/2026 1:47;VisA/pcb4;patchcore;448x448;5;5;201;2;1;0.9563;0.9549;0.8976;0.8;0.88;0.9415;0.3197;0.9472;0.8274;19.5;281
08/01/2026 1:49;VisA/pipe_fryum;patchcore;448x448;5;5;150;2;1;0.6676;0.8332;0.8066;0.31;0.35;0.705;0.0466;0.6483;0.3526;18.6;281
08/01/2026 1:50;mvtec_AD/bottle;padim;448x448;5;5;83;3;1;0.9778;0.9936;0.96;0.9365;0.9524;0.835;0.5953;0.8953;0.7872;20.1;2464
08/01/2026 1:51;mvtec_AD/cable;padim;448x448;5;5;150;3;1;0.4854;0.6255;0.7603;0.087;0.1413;0.8925;0.1455;0.943;0.5882;21.8;2464
08/01/2026 1:52;mvtec_AD/capsule;padim;448x448;5;5;132;3;1;0.6274;0.8696;0.9083;0.0734;0.1009;0.9439;0.1704;0.9787;0.778;19.1;2464
08/01/2026 1:53;mvtec_AD/carpet;padim;448x448;5;5;117;3;1;0.8736;0.9596;0.8984;0.6404;0.6966;0.908;0.3697;0.9227;0.7617;19.9;2464
08/01/2026 1:54;mvtec_AD/grid;padim;448x448;5;5;78;3;1;0.5764;0.8086;0.8507;0.1404;0.2807;0.8892;0.1358;0.8072;0.5629;21.9;2464
08/01/2026 1:55;mvtec_AD/hazelnut;padim;448x448;5;5;110;3;1;0.7786;0.8662;0.8242;0.3857;0.5;0.7782;0.0551;0.8507;0.5036;20.1;2464
08/01/2026 1:57;mvtec_AD/leather;padim;448x448;5;5;124;3;1;0.9178;0.9724;0.9175;0.75;0.7826;0.9119;0.3373;0.9421;0.8538;19;2464
08/01/2026 1:58;mvtec_AD/metal_nut;padim;448x448;5;5;115;3;1;0.5015;0.8333;0.8942;0.1183;0.1505;0.6289;0.1366;0.4813;0.1478;18.4;2464
08/01/2026 1:59;mvtec_AD/pill;padim;448x448;5;5;167;3;1;0.3232;0.7609;0.9156;0.0071;0.0142;0.483;0.0294;0.5309;0.1827;20.4;2464
08/01/2026 2:01;mvtec_AD/screw;padim;448x448;5;5;160;3;1;0.5405;0.7712;0.8718;0.0588;0.1681;0.9483;0.0233;0.9971;0.747;24;2464
08/01/2026 2:02;mvtec_AD/tile;padim;448x448;5;5;117;3;1;0.8687;0.9506;0.8686;0.5952;0.7381;0.7586;0.2404;0.7769;0.5864;22.1;2464
08/01/2026 2:02;mvtec_AD/toothbrush;padim;448x448;5;5;42;3;1;0.5056;0.7867;0.8333;0.2;0.3333;0.8092;0.036;0.7186;0.2204;19.3;2464
08/01/2026 2:03;mvtec_AD/transistor;padim;448x448;5;5;100;3;1;0.7658;0.7499;0.6829;0.375;0.425;0.877;0.2625;0.9288;0.7026;21.4;2464
08/01/2026 2:04;mvtec_AD/wood;padim;448x448;5;5;79;3;1;0.9754;0.9918;0.9672;0.7333;0.9;0.8668;0.3693;0.9592;0.818;20.8;2464
08/01/2026 2:06;mvtec_AD/zipper;padim;448x448;5;5;151;3;1;0.7799;0.9257;0.9076;0.2437;0.4958;0.9349;0.4174;0.9491;0.7572;22.5;2464
08/01/2026 2:08;AutoVI/underbody_pipes;padim;448x448;5;5;344;3;1;0.7917;0.7924;0.7635;0.2568;0.4863;0.945;0.2229;0.9703;0.7967;18.6;2464
08/01/2026 2:10;AutoVI/underbody_screw;padim;448x448;5;5;392;3;1;0.4776;0.046;0.1309;0.0556;0.0556;0.9494;0.0019;0.9995;0.7518;21;2464
08/01/2026 2:14;AutoVI/engine_wiring;padim;448x448;5;5;574;3;1;0.5602;0.5381;0.6769;0.0311;0.128;0.7656;0.0386;0.781;0.4424;19.9;2464
08/01/2026 2:16;AutoVI/pipe_clip;padim;448x448;5;5;337;3;1;0.5458;0.4457;0.6026;0.0352;0.0986;0.7721;0.0151;0.7069;0.3136;24.2;2464
08/01/2026 2:18;AutoVI/tank_screw;padim;448x448;5;5;413;3;1;0.484;0.2293;0.3852;0.0421;0.1474;0.9257;0.007;0.9517;0.6084;17.3;2464
08/01/2026 2:20;mvtec_loco_AD/breakfast_box;padim;448x448;5;5;275;3;1;0.4089;0.5866;0.773;0.052;0.0809;0.7733;0.1618;0.7834;0.4835;18.6;2464
08/01/2026 2:22;mvtec_loco_AD/juice_bottle;padim;448x448;5;5;330;3;1;0.424;0.6705;0.8339;0.0254;0.0339;0.5179;0.0536;0.4195;0.1493;19.9;2464
08/01/2026 2:25;mvtec_loco_AD/pushpins;padim;448x448;5;5;310;3;1;0.6187;0.6708;0.7137;0.1163;0.2035;0.4807;0.0274;0.6705;0.3997;22.5;2464
08/01/2026 2:27;mvtec_loco_AD/screw_bag;padim;448x448;5;5;341;3;1;0.4325;0.6033;0.7821;0.0365;0.0868;0.3187;0.0494;0.4732;0.1615;22.4;2464
08/01/2026 2:30;mvtec_loco_AD/splicing_connectors;padim;448x448;5;5;312;3;1;0.5838;0.6898;0.7644;0.0881;0.1554;0.5901;0.143;0.5454;0.3252;22.6;2464
08/01/2026 2:32;VisA/candle;padim;448x448;5;5;200;3;1;0.3835;0.42;0.6667;0;0.02;0.6998;0.0023;0.7557;0.3324;22.4;2464
08/01/2026 2:33;VisA/capsules;padim;448x448;5;5;160;3;1;0.5187;0.6581;0.7722;0.07;0.11;0.8818;0.0283;0.7742;0.399;20.3;2464
08/01/2026 2:34;VisA/cashew;padim;448x448;5;5;150;3;1;0.5834;0.7981;0.8;0.29;0.35;0.8698;0.2068;0.66;0.488;19.8;2464
08/01/2026 2:36;VisA/chewinggum;padim;448x448;5;5;150;3;1;0.6302;0.7969;0.8032;0.22;0.3;0.8406;0.0617;0.3761;0.2315;19.4;2464
08/01/2026 2:37;VisA/fryum;padim;448x448;5;5;150;3;1;0.6696;0.8141;0.8049;0.21;0.25;0.9166;0.2577;0.8932;0.62;21.6;2464
08/01/2026 2:39;VisA/macaroni1;padim;448x448;5;5;200;3;1;0.6894;0.6714;0.7173;0.12;0.25;0.9525;0.0101;0.851;0.6186;19.4;2464
08/01/2026 2:41;VisA/macaroni2;padim;448x448;5;5;200;3;1;0.5609;0.5426;0.6741;0.05;0.07;0.9307;0.0027;0.9895;0.6522;21.6;2464
08/01/2026 2:43;VisA/pcb1;padim;448x448;5;5;200;3;1;0.7733;0.7557;0.7317;0.22;0.45;0.9554;0.0712;0.9838;0.7941;22.6;2464
08/01/2026 2:45;VisA/pcb2;padim;448x448;5;5;200;3;1;0.6775;0.6781;0.7007;0.2;0.34;0.9565;0.0465;0.9868;0.746;20.9;2464
08/01/2026 2:46;VisA/pcb3;padim;448x448;5;5;201;3;1;0.7528;0.7309;0.7519;0.21;0.32;0.9764;0.2213;0.9998;0.8337;19.7;2464
08/01/2026 2:48;VisA/pcb4;padim;448x448;5;5;201;3;1;0.7387;0.7015;0.733;0.17;0.25;0.8374;0.0281;0.804;0.4582;21.1;2464
08/01/2026 2:50;VisA/pipe_fryum;padim;448x448;5;5;150;3;1;0.2862;0.5635;0.8;0.03;0.08;0.6379;0.0162;0.2491;0.0476;19.6;2464
08/01/2026 2:51;mvtec_AD/bottle;patchcore;448x448;5;5;83;3;1;0.9992;0.9998;0.9921;1;1;0.9531;0.7206;0.9885;0.8941;20.2;281
08/01/2026 2:52;mvtec_AD/cable;patchcore;448x448;5;5;150;3;1;0.8722;0.932;0.8588;0.6304;0.663;0.9475;0.6368;0.9661;0.824;18.5;281
08/01/2026 2:53;mvtec_AD/capsule;patchcore;448x448;5;5;132;3;1;0.7722;0.9397;0.9231;0.4037;0.5046;0.9627;0.2802;0.9902;0.7699;20.5;281
08/01/2026 2:54;mvtec_AD/carpet;patchcore;448x448;5;5;117;3;1;0.9892;0.9967;0.9727;0.9213;0.9438;0.9903;0.6158;0.9972;0.8809;23.1;281
08/01/2026 2:55;mvtec_AD/grid;patchcore;448x448;5;5;78;3;1;0.8805;0.9472;0.9153;0.4561;0.6316;0.9198;0.147;0.8397;0.5772;17.3;281
08/01/2026 2:56;mvtec_AD/hazelnut;patchcore;448x448;5;5;110;3;1;0.9875;0.9923;0.9714;0.9714;0.9714;0.9666;0.5048;0.9305;0.8127;17.4;281
08/01/2026 2:58;mvtec_AD/leather;patchcore;448x448;5;5;124;3;1;0.9935;0.998;0.9834;0.9674;0.9891;0.9928;0.5256;0.9997;0.9345;19.2;281
08/01/2026 2:59;mvtec_AD/metal_nut;patchcore;448x448;5;5;115;3;1;0.9892;0.9975;0.9787;0.9355;0.9785;0.9174;0.6542;0.9527;0.8119;18.8;281
08/01/2026 3:00;mvtec_AD/pill;patchcore;448x448;5;5;167;3;1;0.4484;0.8429;0.9156;0.0638;0.156;0.7685;0.0762;0.9282;0.5439;17.3;281
08/01/2026 3:02;mvtec_AD/screw;patchcore;448x448;5;5;160;3;1;0.5932;0.7888;0.8722;0.1092;0.1345;0.9632;0.0463;0.982;0.7447;21.3;281
08/01/2026 3:03;mvtec_AD/tile;patchcore;448x448;5;5;117;3;1;0.9885;0.995;0.9825;0.9167;1;0.9463;0.5052;0.991;0.8673;19.5;281
08/01/2026 3:04;mvtec_AD/toothbrush;patchcore;448x448;5;5;42;3;1;0.8917;0.9598;0.9032;0.7;0.7;0.8152;0.2325;0.3465;0.2214;17.6;281
08/01/2026 3:04;mvtec_AD/transistor;patchcore;448x448;5;5;100;3;1;0.8567;0.8469;0.7632;0.575;0.7;0.817;0.3781;0.8474;0.6735;19.4;281
08/01/2026 3:06;mvtec_AD/wood;patchcore;448x448;5;5;79;3;1;0.9877;0.9965;0.9752;0.9333;0.9667;0.9216;0.4772;0.9783;0.8223;24.3;281
08/01/2026 3:07;mvtec_AD/zipper;patchcore;448x448;5;5;151;3;1;0.9509;0.985;0.9614;0.6134;0.9412;0.9812;0.678;0.9907;0.9072;20.2;281
08/01/2026 3:09;AutoVI/underbody_pipes;patchcore;448x448;5;5;344;3;1;0.9833;0.985;0.9519;0.8798;0.9781;0.9737;0.3956;0.9988;0.8726;22.3;281
08/01/2026 3:12;AutoVI/underbody_screw;patchcore;448x448;5;5;392;3;1;0.8316;0.1215;0.2857;0;0;0.9931;0.0202;1;0.9268;19.3;281
08/01/2026 3:15;AutoVI/engine_wiring;patchcore;448x448;5;5;574;3;1;0.597;0.6016;0.6814;0.1003;0.173;0.8656;0.1968;0.7594;0.3853;24.3;281
08/01/2026 3:17;AutoVI/pipe_clip;patchcore;448x448;5;5;337;3;1;0.5334;0.477;0.6117;0.1056;0.1197;0.7764;0.015;0.7437;0.2831;21.8;281
08/01/2026 3:20;AutoVI/tank_screw;patchcore;448x448;5;5;413;3;1;0.4347;0.1936;0.3975;0.0105;0.0211;0.9256;0.0105;0.802;0.596;20;281
08/01/2026 3:22;mvtec_loco_AD/breakfast_box;patchcore;448x448;5;5;275;3;1;0.7269;0.8532;0.7758;0.4162;0.474;0.861;0.4791;0.862;0.6618;20.9;281
08/01/2026 3:24;mvtec_loco_AD/juice_bottle;patchcore;448x448;5;5;330;3;1;0.5313;0.7621;0.8339;0.1102;0.1737;0.4428;0.0463;0.1908;0.0645;18.1;281
08/01/2026 3:26;mvtec_loco_AD/pushpins;patchcore;448x448;5;5;310;3;1;0.5223;0.5987;0.7137;0.0698;0.1337;0.6361;0.0623;0.6993;0.402;20.9;281
08/01/2026 3:28;mvtec_loco_AD/screw_bag;patchcore;448x448;5;5;341;3;1;0.6329;0.7691;0.7828;0.1781;0.2785;0.6435;0.108;0.7863;0.6023;19.6;281
08/01/2026 3:31;mvtec_loco_AD/splicing_connectors;patchcore;448x448;5;5;312;3;1;0.6957;0.8158;0.7644;0.2591;0.4663;0.5602;0.1368;0.5194;0.3145;23.3;281
08/01/2026 3:32;VisA/candle;patchcore;448x448;5;5;200;3;1;0.7682;0.7878;0.7359;0.38;0.45;0.9273;0.1209;0.9748;0.8524;15.5;281
08/01/2026 3:33;VisA/capsules;patchcore;448x448;5;5;160;3;1;0.7482;0.8533;0.7884;0.43;0.52;0.9824;0.555;0.976;0.829;15.8;281
08/01/2026 3:34;VisA/cashew;patchcore;448x448;5;5;150;3;1;0.8062;0.91;0.821;0.56;0.62;0.7997;0.2883;0.7386;0.6234;15.7;281
08/01/2026 3:36;VisA/chewinggum;patchcore;448x448;5;5;150;3;1;0.9742;0.9898;0.9691;0.94;0.95;0.992;0.6904;0.9398;0.8692;16;281
08/01/2026 3:37;VisA/fryum;patchcore;448x448;5;5;150;3;1;0.9372;0.9703;0.9231;0.79;0.9;0.8535;0.1406;0.9705;0.7899;16.6;281
08/01/2026 3:39;VisA/macaroni1;patchcore;448x448;5;5;200;3;1;0.7666;0.7639;0.7257;0.35;0.42;0.9758;0.0977;0.9131;0.6922;26.4;281
08/01/2026 3:41;VisA/macaroni2;patchcore;448x448;5;5;200;3;1;0.6041;0.6285;0.6786;0.17;0.27;0.9449;0.0331;0.8667;0.6421;16.5;281
08/01/2026 3:42;VisA/pcb1;patchcore;448x448;5;5;200;3;1;0.9428;0.9129;0.9091;0.61;0.9;0.9946;0.7651;0.991;0.8612;16.1;281
08/01/2026 3:44;VisA/pcb2;patchcore;448x448;5;5;200;3;1;0.8915;0.8727;0.8251;0.49;0.72;0.9751;0.2;0.9784;0.851;16.7;281
08/01/2026 3:45;VisA/pcb3;patchcore;448x448;5;5;201;3;1;0.9028;0.9132;0.8263;0.63;0.7;0.9844;0.4246;0.9854;0.8909;16.8;281
08/01/2026 3:46;VisA/pcb4;patchcore;448x448;5;5;201;3;1;0.9729;0.9676;0.9429;0.81;0.96;0.9509;0.2051;0.9816;0.8556;17.1;281
08/01/2026 3:48;VisA/pipe_fryum;patchcore;448x448;5;5;150;3;1;0.6862;0.8511;0.8065;0.4;0.43;0.6974;0.053;0.6296;0.3619;16.2;281
08/01/2026 3:48;mvtec_AD/bottle;padim;448x448;5;5;83;4;1;0.9556;0.9878;0.9516;0.9048;0.9365;0.7761;0.4532;0.8532;0.749;16.9;2464
08/01/2026 3:50;mvtec_AD/cable;padim;448x448;5;5;150;4;1;0.6376;0.7176;0.7664;0.0543;0.2609;0.9071;0.2505;0.948;0.6195;19.2;2464
08/01/2026 3:51;mvtec_AD/capsule;padim;448x448;5;5;132;4;1;0.6574;0.8706;0.9046;0.0459;0.1101;0.9109;0.1085;0.9259;0.6218;17.6;2464
08/01/2026 3:51;mvtec_AD/carpet;padim;448x448;5;5;117;4;1;0.7961;0.9258;0.899;0.4045;0.4607;0.8399;0.2014;0.8117;0.59;19.6;2464
08/01/2026 3:52;mvtec_AD/grid;padim;448x448;5;5;78;4;1;0.6099;0.7979;0.855;0.1579;0.2105;0.677;0.0139;0.4359;0.2191;18.8;2464
08/01/2026 3:53;mvtec_AD/hazelnut;padim;448x448;5;5;110;4;1;0.7754;0.8833;0.7882;0.4857;0.5714;0.5905;0.024;0.5478;0.1176;17;2464
08/01/2026 3:54;mvtec_AD/leather;padim;448x448;5;5;124;4;1;0.8407;0.9465;0.88;0.5652;0.6087;0.8611;0.2334;0.8726;0.6973;18;2464
08/01/2026 3:55;mvtec_AD/metal_nut;padim;448x448;5;5;115;4;1;0.4961;0.8317;0.8942;0.0968;0.1398;0.5139;0.1086;0.1589;0.0215;18.2;2464
08/01/2026 3:56;mvtec_AD/pill;padim;448x448;5;5;167;4;1;0.3011;0.7494;0.9156;0.0071;0.0142;0.3335;0.0232;0.2359;0.0359;17.3;2464
08/01/2026 3:57;mvtec_AD/screw;padim;448x448;5;5;160;4;1;0.5097;0.7634;0.8561;0.0756;0.1261;0.9345;0.0182;0.9982;0.7682;16.6;2464
08/01/2026 3:58;mvtec_AD/tile;padim;448x448;5;5;117;4;1;0.8193;0.9318;0.8513;0.5357;0.619;0.8018;0.2847;0.8475;0.6699;19;2464
08/01/2026 3:59;mvtec_AD/toothbrush;padim;448x448;5;5;42;4;1;0.4778;0.7846;0.8333;0.3;0.3333;0.5867;0.017;0.2637;0.0351;15.8;2464
08/01/2026 4:00;mvtec_AD/transistor;padim;448x448;5;5;100;4;1;0.8021;0.7838;0.7037;0.5;0.5;0.8801;0.3407;0.8996;0.6526;16.7;2464
08/01/2026 4:01;mvtec_AD/wood;padim;448x448;5;5;79;4;1;0.9667;0.9897;0.95;0.8333;0.85;0.8619;0.3699;0.9472;0.8838;16.5;2464
08/01/2026 4:02;mvtec_AD/zipper;padim;448x448;5;5;151;4;1;0.7518;0.9007;0.907;0.1933;0.2185;0.9136;0.3154;0.8911;0.7204;15.6;2464
08/01/2026 4:03;AutoVI/underbody_pipes;padim;448x448;5;5;344;4;1;0.5799;0.549;0.7526;0.0328;0.0601;0.9399;0.1155;0.9772;0.7146;15.6;2464
08/01/2026 4:05;AutoVI/underbody_screw;padim;448x448;5;5;392;4;1;0.0712;0.0253;0.0878;0;0;0.9076;0.0009;0.9998;0.5904;19.2;2464
08/01/2026 4:08;AutoVI/engine_wiring;padim;448x448;5;5;574;4;1;0.5168;0.5163;0.6698;0.045;0.0969;0.7738;0.0342;0.701;0.3698;18.4;2464
08/01/2026 4:09;AutoVI/pipe_clip;padim;448x448;5;5;337;4;1;0.5337;0.5175;0.5941;0.1338;0.169;0.7634;0.0143;0.6777;0.3002;17.5;2464
08/01/2026 4:11;AutoVI/tank_screw;padim;448x448;5;5;413;4;1;0.4893;0.233;0.3758;0.0316;0.0947;0.9293;0.0066;0.9835;0.7473;17.2;2464
08/01/2026 4:13;mvtec_loco_AD/breakfast_box;padim;448x448;5;5;275;4;1;0.4064;0.5656;0.7742;0.0173;0.0809;0.763;0.1482;0.709;0.3344;17.2;2464
08/01/2026 4:15;mvtec_loco_AD/juice_bottle;padim;448x448;5;5;330;4;1;0.4385;0.6777;0.8339;0.0381;0.0508;0.2894;0.0362;0.1236;0.0176;16.4;2464
08/01/2026 4:17;mvtec_loco_AD/pushpins;padim;448x448;5;5;310;4;1;0.4699;0.5381;0.7137;0.0233;0.1105;0.4827;0.0267;0.6124;0.2987;16.9;2464
08/01/2026 4:19;mvtec_loco_AD/screw_bag;padim;448x448;5;5;341;4;1;0.5661;0.7705;0.7835;0.2831;0.3836;0.2977;0.0483;0.2649;0.0418;18.4;2464
08/01/2026 4:21;mvtec_loco_AD/splicing_connectors;padim;448x448;5;5;312;4;1;0.5374;0.6369;0.7645;0.0415;0.0984;0.5988;0.1404;0.4972;0.3058;17.8;2464
08/01/2026 4:22;VisA/candle;padim;448x448;5;5;200;4;1;0.4783;0.4602;0.6734;0;0.01;0.5973;0.0016;0.7336;0.2383;15.4;2464
08/01/2026 4:23;VisA/capsules;padim;448x448;5;5;160;4;1;0.5563;0.6641;0.7692;0.13;0.14;0.829;0.012;0.6791;0.3639;16.3;2464
08/01/2026 4:24;VisA/cashew;padim;448x448;5;5;150;4;1;0.5408;0.7741;0.8;0.24;0.33;0.8516;0.1824;0.6701;0.5182;17.6;2464
08/01/2026 4:26;VisA/chewinggum;padim;448x448;5;5;150;4;1;0.534;0.7066;0.8;0.06;0.12;0.7198;0.0173;0.3491;0.2007;17.8;2464
08/01/2026 4:27;VisA/fryum;padim;448x448;5;5;150;4;1;0.7482;0.8476;0.8356;0.22;0.38;0.9291;0.1937;0.9981;0.7432;17.4;2464
08/01/2026 4:29;VisA/macaroni1;padim;448x448;5;5;200;4;1;0.6317;0.6387;0.6712;0.12;0.19;0.9293;0.0101;0.8797;0.5716;16.3;2464
08/01/2026 4:30;VisA/macaroni2;padim;448x448;5;5;200;4;1;0.6204;0.6171;0.7076;0.11;0.16;0.9204;0.008;0.9844;0.6121;15.7;2464
08/01/2026 4:32;VisA/pcb1;padim;448x448;5;5;200;4;1;0.7154;0.6515;0.7854;0.1;0.16;0.9112;0.0271;0.9848;0.772;17.3;2464
08/01/2026 4:33;VisA/pcb2;padim;448x448;5;5;200;4;1;0.6538;0.6816;0.6943;0.21;0.3;0.9551;0.0564;0.9938;0.7947;15.6;2464
08/01/2026 4:34;VisA/pcb3;padim;448x448;5;5;201;4;1;0.7349;0.7246;0.7197;0.24;0.36;0.9744;0.1295;0.9992;0.8453;17.6;2464
08/01/2026 4:36;VisA/pcb4;padim;448x448;5;5;201;4;1;0.7384;0.6586;0.7421;0.09;0.16;0.7039;0.0103;0.4828;0.173;16.2;2464
08/01/2026 4:37;VisA/pipe_fryum;padim;448x448;5;5;150;4;1;0.2138;0.5183;0.8;0;0.02;0.3039;0.008;0.0688;0.0119;17.6;2464
08/01/2026 4:38;mvtec_AD/bottle;patchcore;448x448;5;5;83;4;1;0.9841;0.9958;0.9841;0.9841;0.9841;0.9559;0.7264;0.992;0.9295;15.8;281
08/01/2026 4:39;mvtec_AD/cable;patchcore;448x448;5;5;150;4;1;0.8589;0.9147;0.8557;0.5217;0.5652;0.9491;0.6334;0.9818;0.8795;16.1;281
08/01/2026 4:40;mvtec_AD/capsule;patchcore;448x448;5;5;132;4;1;0.8161;0.9519;0.9277;0.5321;0.6055;0.9634;0.3064;0.9903;0.7867;15.2;281
08/01/2026 4:41;mvtec_AD/carpet;patchcore;448x448;5;5;117;4;1;0.9904;0.9971;0.9674;0.9438;0.9551;0.9915;0.6501;0.9982;0.9089;15.8;281
08/01/2026 4:42;mvtec_AD/grid;patchcore;448x448;5;5;78;4;1;0.9073;0.9672;0.9048;0.6842;0.7719;0.9341;0.3047;0.8156;0.6246;16.7;281
08/01/2026 4:43;mvtec_AD/hazelnut;patchcore;448x448;5;5;110;4;1;0.9879;0.9935;0.965;0.9;0.9857;0.9655;0.5388;0.9467;0.8832;16.4;281
08/01/2026 4:44;mvtec_AD/leather;patchcore;448x448;5;5;124;4;1;0.9956;0.9986;0.989;0.9783;0.9891;0.9926;0.5239;0.9998;0.9553;15.9;281
08/01/2026 4:45;mvtec_AD/metal_nut;patchcore;448x448;5;5;115;4;1;0.9707;0.9932;0.957;0.871;0.914;0.891;0.5564;0.948;0.7889;16.5;281
08/01/2026 4:46;mvtec_AD/pill;patchcore;448x448;5;5;167;4;1;0.4318;0.8324;0.9156;0.0496;0.1348;0.7744;0.0794;0.934;0.5663;15.6;281
08/01/2026 4:47;mvtec_AD/screw;patchcore;448x448;5;5;160;4;1;0.5022;0.7553;0.8645;0.0756;0.084;0.9596;0.0378;0.9936;0.7742;16.2;281
08/01/2026 4:48;mvtec_AD/tile;patchcore;448x448;5;5;117;4;1;0.9773;0.9914;0.9643;0.9286;0.9643;0.9431;0.4971;0.9908;0.9198;15.3;281
08/01/2026 4:48;mvtec_AD/toothbrush;patchcore;448x448;5;5;42;4;1;0.9056;0.966;0.9032;0.7;0.8;0.7929;0.2175;0.3409;0.2262;14.3;281
08/01/2026 4:49;mvtec_AD/transistor;patchcore;448x448;5;5;100;4;1;0.765;0.7358;0.6526;0.3;0.525;0.8228;0.362;0.8582;0.6703;14;281
08/01/2026 4:50;mvtec_AD/wood;patchcore;448x448;5;5;79;4;1;0.9807;0.9944;0.9661;0.9167;0.95;0.9136;0.4777;0.9759;0.918;14;281
08/01/2026 4:50;mvtec_AD/zipper;patchcore;448x448;5;5;151;4;1;0.9732;0.9932;0.9658;0.8319;0.9496;0.9814;0.6626;0.992;0.8915;13.8;281
08/01/2026 4:52;AutoVI/underbody_pipes;patchcore;448x448;5;5;344;4;1;0.9842;0.9859;0.9516;0.9344;0.9781;0.9699;0.3725;0.9985;0.8569;13.7;281
08/01/2026 4:53;AutoVI/underbody_screw;patchcore;448x448;5;5;392;4;1;0.814;0.1106;0.2556;0;0;0.9898;0.0149;1;0.9563;13.6;281
08/01/2026 4:55;AutoVI/engine_wiring;patchcore;448x448;5;5;574;4;1;0.5984;0.6051;0.6729;0.1142;0.173;0.8512;0.1662;0.7922;0.3779;13.8;281
08/01/2026 4:57;AutoVI/pipe_clip;patchcore;448x448;5;5;337;4;1;0.5778;0.4997;0.611;0.1056;0.1479;0.8388;0.0211;0.9142;0.45;13.5;281
08/01/2026 4:58;AutoVI/tank_screw;patchcore;448x448;5;5;413;4;1;0.4082;0.183;0.3821;0;0.0105;0.9455;0.0102;0.9312;0.6262;13.7;281
08/01/2026 5:00;mvtec_loco_AD/breakfast_box;patchcore;448x448;5;5;275;4;1;0.692;0.8309;0.7808;0.4046;0.4624;0.8608;0.4679;0.8812;0.6944;14.1;281
08/01/2026 5:01;mvtec_loco_AD/juice_bottle;patchcore;448x448;5;5;330;4;1;0.4639;0.7272;0.8339;0.0847;0.161;0.4351;0.0457;0.1554;0.0507;13.7;281
08/01/2026 5:02;mvtec_loco_AD/pushpins;patchcore;448x448;5;5;310;4;1;0.529;0.5957;0.7173;0.0581;0.1047;0.6223;0.0636;0.7214;0.4478;13.9;281
08/01/2026 5:04;mvtec_loco_AD/screw_bag;patchcore;448x448;5;5;341;4;1;0.6454;0.7255;0.7891;0.0594;0.0868;0.6635;0.1138;0.7942;0.5794;13.7;281
08/01/2026 5:05;mvtec_loco_AD/splicing_connectors;patchcore;448x448;5;5;312;4;1;0.6763;0.7626;0.7644;0.1295;0.2383;0.5613;0.1282;0.5028;0.3084;13.8;281
08/01/2026 5:07;VisA/candle;patchcore;448x448;5;5;200;4;1;0.7661;0.7807;0.7282;0.33;0.44;0.923;0.1271;0.9574;0.8002;13.8;281
08/01/2026 5:08;VisA/capsules;patchcore;448x448;5;5;160;4;1;0.7708;0.8689;0.7811;0.55;0.57;0.9835;0.551;0.9842;0.8729;13.8;281
08/01/2026 5:08;VisA/cashew;patchcore;448x448;5;5;150;4;1;0.8476;0.9289;0.8444;0.58;0.65;0.8315;0.304;0.7669;0.6611;14.1;281
08/01/2026 5:09;VisA/chewinggum;patchcore;448x448;5;5;150;4;1;0.9806;0.992;0.9652;0.93;0.97;0.9929;0.694;0.9451;0.8699;13.8;281
08/01/2026 5:10;VisA/fryum;patchcore;448x448;5;5;150;4;1;0.916;0.9576;0.8889;0.6;0.79;0.8669;0.1684;0.9514;0.7235;13.6;281
08/01/2026 5:12;VisA/macaroni1;patchcore;448x448;5;5;200;4;1;0.7564;0.7806;0.7317;0.35;0.49;0.9763;0.1081;0.9231;0.8017;13.7;281
08/01/2026 5:13;VisA/macaroni2;patchcore;448x448;5;5;200;4;1;0.6335;0.6176;0.6926;0.14;0.24;0.9511;0.0229;0.8981;0.73;13.7;281
08/01/2026 5:14;VisA/pcb1;patchcore;448x448;5;5;200;4;1;0.8941;0.8855;0.8426;0.51;0.61;0.9757;0.2753;0.9925;0.9007;13.7;281
08/01/2026 5:15;VisA/pcb2;patchcore;448x448;5;5;200;4;1;0.8945;0.8677;0.8308;0.41;0.73;0.9742;0.1969;0.977;0.8955;13.7;281
08/01/2026 5:16;VisA/pcb3;patchcore;448x448;5;5;201;4;1;0.8302;0.8378;0.7962;0.38;0.49;0.9857;0.4179;0.9833;0.8296;13.7;281
08/01/2026 5:17;VisA/pcb4;patchcore;448x448;5;5;201;4;1;0.9782;0.9725;0.9519;0.86;0.99;0.95;0.2208;0.9866;0.9144;13.6;281
08/01/2026 5:18;VisA/pipe_fryum;patchcore;448x448;5;5;150;4;1;0.6491;0.824;0.8032;0.31;0.36;0.6675;0.0447;0.5579;0.3033;13.5;281
08/01/2026 5:19;mvtec_AD/bottle;padim;448x448;10;10;83;0;1;0.9397;0.9837;0.9412;0.8889;0.8889;0.8415;0.4876;0.9015;0.7822;15;2488
08/01/2026 5:20;mvtec_AD/cable;padim;448x448;10;10;150;0;1;0.6248;0.7118;0.7699;0.0543;0.2174;0.8859;0.1488;0.9351;0.6429;15.1;2488
08/01/2026 5:21;mvtec_AD/capsule;padim;448x448;10;10;132;0;1;0.7016;0.8729;0.9258;0.0367;0.1193;0.9324;0.1601;0.9373;0.7534;15.1;2488
08/01/2026 5:21;mvtec_AD/carpet;padim;448x448;10;10;117;0;1;0.9101;0.9737;0.908;0.7191;0.764;0.9412;0.4018;0.9417;0.7644;15.1;2488
08/01/2026 5:22;mvtec_AD/grid;padim;448x448;10;10;78;0;1;0.5556;0.7814;0.8444;0.0702;0.2105;0.8167;0.0627;0.6219;0.3736;14.6;2488
08/01/2026 5:23;mvtec_AD/hazelnut;padim;448x448;10;10;110;0;1;0.8807;0.9301;0.8732;0.5286;0.6143;0.7475;0.0404;0.736;0.3327;14.8;2488
08/01/2026 5:23;mvtec_AD/leather;padim;448x448;10;10;124;0;1;0.9008;0.9694;0.8941;0.8152;0.8261;0.9338;0.3195;0.9553;0.8732;14.7;2488
08/01/2026 5:24;mvtec_AD/metal_nut;padim;448x448;10;10;115;0;1;0.4604;0.8319;0.8942;0.1505;0.2151;0.6404;0.1409;0.5801;0.1861;14.6;2488
08/01/2026 5:25;mvtec_AD/pill;padim;448x448;10;10;167;0;1;0.3314;0.7807;0.9156;0.0284;0.0284;0.442;0.0272;0.5501;0.1638;15.6;2488
08/01/2026 5:26;mvtec_AD/screw;padim;448x448;10;10;160;0;1;0.5897;0.7894;0.8686;0.0504;0.084;0.9501;0.0249;0.9984;0.8181;14.7;2488
08/01/2026 5:27;mvtec_AD/tile;padim;448x448;10;10;117;0;1;0.7915;0.917;0.8475;0.4048;0.5714;0.7128;0.2069;0.7167;0.5224;14.9;2488
08/01/2026 5:27;mvtec_AD/toothbrush;padim;448x448;10;10;42;0;1;0.4306;0.7729;0.8333;0.3333;0.3333;0.784;0.0319;0.6184;0.2178;15.1;2488
08/01/2026 5:28;mvtec_AD/transistor;padim;448x448;10;10;100;0;1;0.8158;0.7941;0.7222;0.475;0.65;0.9015;0.3688;0.9525;0.7648;15.2;2488
08/01/2026 5:29;mvtec_AD/wood;padim;448x448;10;10;79;0;1;0.9518;0.9857;0.9355;0.85;0.85;0.8534;0.3581;0.9387;0.8759;15.1;2488
08/01/2026 5:29;mvtec_AD/zipper;padim;448x448;10;10;151;0;1;0.7623;0.8837;0.8854;0.0252;0.3277;0.9439;0.453;0.9634;0.774;14.8;2488
08/01/2026 5:31;AutoVI/underbody_pipes;padim;448x448;10;10;344;0;1;0.5656;0.5237;0.7617;0.0055;0.0273;0.9471;0.1925;0.9802;0.8677;14.4;2488
08/01/2026 5:32;AutoVI/underbody_screw;padim;448x448;10;10;392;0;1;0.1805;0.0277;0.0887;0;0;0.932;0.0013;0.9957;0.7501;15;2488
08/01/2026 5:34;AutoVI/engine_wiring;padim;448x448;10;10;574;0;1;0.6916;0.6717;0.7071;0.1384;0.2526;0.8234;0.0749;0.7764;0.4724;14.7;2488
08/01/2026 5:35;AutoVI/pipe_clip;padim;448x448;10;10;337;0;1;0.5404;0.4686;0.6;0.1127;0.1408;0.7459;0.0132;0.5782;0.2107;14.5;2488
08/01/2026 5:37;AutoVI/tank_screw;padim;448x448;10;10;413;0;1;0.4543;0.2058;0.377;0.0211;0.0526;0.8567;0.0032;0.7839;0.3908;14.6;2488
08/01/2026 5:38;mvtec_loco_AD/breakfast_box;padim;448x448;10;10;275;0;1;0.4291;0.6073;0.7723;0.0636;0.1156;0.7971;0.1835;0.7767;0.4468;14.9;2488
08/01/2026 5:40;mvtec_loco_AD/juice_bottle;padim;448x448;10;10;330;0;1;0.4505;0.6974;0.8339;0.0339;0.0847;0.5122;0.0528;0.4734;0.1766;14.8;2488
08/01/2026 5:41;mvtec_loco_AD/pushpins;padim;448x448;10;10;310;0;1;0.449;0.5298;0.7137;0.0291;0.1047;0.5171;0.0289;0.6912;0.4059;15.1;2488
08/01/2026 5:43;mvtec_loco_AD/screw_bag;padim;448x448;10;10;341;0;1;0.4418;0.6112;0.7821;0.0502;0.0685;0.3326;0.0504;0.4972;0.1856;14.9;2488
08/01/2026 5:45;mvtec_loco_AD/splicing_connectors;padim;448x448;10;10;312;0;1;0.5916;0.6834;0.7659;0.0622;0.0881;0.6115;0.1886;0.5905;0.3614;15;2488
08/01/2026 5:46;VisA/candle;padim;448x448;10;10;200;0;1;0.5542;0.5483;0.6689;0.06;0.09;0.7037;0.0026;0.7921;0.3587;17.1;2488
08/01/2026 5:47;VisA/capsules;padim;448x448;10;10;160;0;1;0.5127;0.6383;0.7692;0.08;0.13;0.865;0.0173;0.7828;0.3911;16.6;2488
08/01/2026 5:48;VisA/cashew;padim;448x448;10;10;150;0;1;0.5872;0.8058;0.8;0.37;0.39;0.8638;0.1937;0.6982;0.6055;15.8;2488
08/01/2026 5:49;VisA/chewinggum;padim;448x448;10;10;150;0;1;0.5138;0.7018;0.8099;0.06;0.16;0.7799;0.0248;0.3711;0.1917;15;2488
08/01/2026 5:50;VisA/fryum;padim;448x448;10;10;150;0;1;0.7134;0.8014;0.8439;0.11;0.32;0.9434;0.2586;0.9524;0.6055;14.8;2488
08/01/2026 5:51;VisA/macaroni1;padim;448x448;10;10;200;0;1;0.7868;0.7733;0.7574;0.39;0.46;0.9524;0.0192;0.9023;0.6526;14.9;2488
08/01/2026 5:52;VisA/macaroni2;padim;448x448;10;10;200;0;1;0.5679;0.6183;0.6758;0.14;0.28;0.9482;0.0163;0.9714;0.6484;14.8;2488
08/01/2026 5:53;VisA/pcb1;padim;448x448;10;10;200;0;1;0.7632;0.6744;0.817;0.1;0.17;0.9042;0.032;0.9885;0.7733;14.4;2488
08/01/2026 5:54;VisA/pcb2;padim;448x448;10;10;200;0;1;0.6182;0.588;0.6899;0.12;0.15;0.9495;0.0348;0.9806;0.7437;14.8;2488
08/01/2026 5:56;VisA/pcb3;padim;448x448;10;10;201;0;1;0.7122;0.687;0.7209;0.13;0.34;0.9733;0.1293;0.9996;0.7828;14.9;2488
08/01/2026 5:57;VisA/pcb4;padim;448x448;10;10;201;0;1;0.688;0.6409;0.7273;0.11;0.26;0.802;0.0176;0.6955;0.3566;14.8;2488
08/01/2026 5:58;VisA/pipe_fryum;padim;448x448;10;10;150;0;1;0.2442;0.5268;0.8;0.01;0.02;0.654;0.017;0.2815;0.0867;14.5;2488
08/01/2026 5:58;mvtec_AD/bottle;patchcore;448x448;10;10;83;0;1;1;1;1;1;1;0.9519;0.7173;0.991;0.9244;14;465
08/01/2026 5:59;mvtec_AD/cable;patchcore;448x448;10;10;150;0;1;0.8898;0.9432;0.8655;0.7065;0.8043;0.958;0.6516;0.9833;0.8068;14.6;465
08/01/2026 6:00;mvtec_AD/capsule;patchcore;448x448;10;10;132;0;1;0.7702;0.9335;0.9277;0.2936;0.3486;0.96;0.2867;0.9898;0.7642;14.1;465
08/01/2026 6:01;mvtec_AD/carpet;patchcore;448x448;10;10;117;0;1;0.9932;0.9979;0.9778;0.9438;0.9775;0.9915;0.6399;0.9984;0.8906;14.1;465
08/01/2026 6:02;mvtec_AD/grid;patchcore;448x448;10;10;78;0;1;0.9457;0.9815;0.9322;0.8596;0.8947;0.9662;0.3648;0.9323;0.798;14.3;465
08/01/2026 6:02;mvtec_AD/hazelnut;patchcore;448x448;10;10;110;0;1;0.9943;0.9968;0.9718;0.9571;0.9857;0.9618;0.5047;0.9279;0.8589;14.3;465
08/01/2026 6:03;mvtec_AD/leather;patchcore;448x448;10;10;124;0;1;0.9912;0.9976;0.9945;0.9891;0.9891;0.9916;0.513;0.9983;0.8911;14.3;465
08/01/2026 6:04;mvtec_AD/metal_nut;patchcore;448x448;10;10;115;0;1;0.9883;0.9973;0.9787;0.9355;0.9355;0.9176;0.641;0.9764;0.8617;14.3;465
08/01/2026 6:05;mvtec_AD/pill;patchcore;448x448;10;10;167;0;1;0.3415;0.8032;0.9156;0.0355;0.0567;0.7856;0.0867;0.9349;0.5738;14.2;465
08/01/2026 6:06;mvtec_AD/screw;patchcore;448x448;10;10;160;0;1;0.7887;0.9077;0.8931;0.3277;0.3866;0.975;0.2073;0.9892;0.7955;14.3;465
08/01/2026 6:06;mvtec_AD/tile;patchcore;448x448;10;10;117;0;1;0.9939;0.9978;0.988;0.9762;0.9762;0.9469;0.5047;0.9896;0.9076;14.2;465
08/01/2026 6:07;mvtec_AD/toothbrush;patchcore;448x448;10;10;42;0;1;0.8917;0.9597;0.8923;0.6667;0.7333;0.7489;0.1746;0.2789;0.1777;14.6;465
08/01/2026 6:08;mvtec_AD/transistor;patchcore;448x448;10;10;100;0;1;0.7325;0.6793;0.65;0.275;0.325;0.8188;0.3391;0.8648;0.6863;14.2;465
08/01/2026 6:08;mvtec_AD/wood;patchcore;448x448;10;10;79;0;1;0.9816;0.9942;0.9593;0.8333;0.9333;0.9173;0.4906;0.9767;0.8649;14.4;465
08/01/2026 6:09;mvtec_AD/zipper;patchcore;448x448;10;10;151;0;1;0.9435;0.9815;0.9532;0.5378;0.9328;0.9816;0.6634;0.991;0.8461;14.2;465
08/01/2026 6:10;AutoVI/underbody_pipes;patchcore;448x448;10;10;344;0;1;0.9868;0.9885;0.9503;0.9399;0.9781;0.9791;0.3726;0.9993;0.983;14.2;465
08/01/2026 6:12;AutoVI/underbody_screw;patchcore;448x448;10;10;392;0;1;0.8402;0.127;0.2909;0;0;0.9942;0.0248;1;0.9747;14.1;465
08/01/2026 6:14;AutoVI/engine_wiring;patchcore;448x448;10;10;574;0;1;0.6065;0.6158;0.6771;0.1246;0.2042;0.8791;0.2238;0.8499;0.5374;14.2;465
08/01/2026 6:15;AutoVI/pipe_clip;patchcore;448x448;10;10;337;0;1;0.5659;0.4845;0.6273;0.0915;0.1268;0.8544;0.023;0.9375;0.4862;14.1;465
08/01/2026 6:17;AutoVI/tank_screw;patchcore;448x448;10;10;413;0;1;0.4519;0.194;0.4191;0;0.0316;0.9526;0.0165;0.9647;0.6976;14.1;465
08/01/2026 6:18;mvtec_loco_AD/breakfast_box;patchcore;448x448;10;10;275;0;1;0.7483;0.8643;0.7882;0.4046;0.5549;0.8627;0.4929;0.8803;0.6775;14.4;465
08/01/2026 6:20;mvtec_loco_AD/juice_bottle;patchcore;448x448;10;10;330;0;1;0.4823;0.7367;0.8339;0.089;0.1271;0.4284;0.0454;0.1667;0.0596;14.3;465
08/01/2026 6:21;mvtec_loco_AD/pushpins;patchcore;448x448;10;10;310;0;1;0.5488;0.6152;0.7155;0.0698;0.1453;0.6285;0.0647;0.714;0.423;14.6;465
08/01/2026 6:23;mvtec_loco_AD/screw_bag;patchcore;448x448;10;10;341;0;1;0.6487;0.79;0.7835;0.2374;0.2968;0.6349;0.1058;0.7795;0.5936;14.3;465
08/01/2026 6:24;mvtec_loco_AD/splicing_connectors;patchcore;448x448;10;10;312;0;1;0.7091;0.8065;0.7768;0.2383;0.3212;0.5686;0.1367;0.4626;0.282;14.2;465
08/01/2026 6:25;VisA/candle;patchcore;448x448;10;10;200;0;1;0.7406;0.7747;0.7089;0.4;0.45;0.9254;0.1413;0.962;0.8089;14.2;465
08/01/2026 6:26;VisA/capsules;patchcore;448x448;10;10;160;0;1;0.7953;0.8854;0.798;0.54;0.58;0.988;0.5842;0.9835;0.9111;14.5;465
08/01/2026 6:27;VisA/cashew;patchcore;448x448;10;10;150;0;1;0.7878;0.9036;0.8133;0.54;0.56;0.8018;0.2904;0.7396;0.6017;14.3;465
08/01/2026 6:28;VisA/chewinggum;patchcore;448x448;10;10;150;0;1;0.988;0.9948;0.9746;0.96;0.97;0.9931;0.6893;0.9274;0.7646;14.1;465
08/01/2026 6:29;VisA/fryum;patchcore;448x448;10;10;150;0;1;0.9538;0.9775;0.9254;0.82;0.86;0.8752;0.1899;0.9589;0.7458;14.1;465
08/01/2026 6:30;VisA/macaroni1;patchcore;448x448;10;10;200;0;1;0.7531;0.7605;0.7306;0.32;0.4;0.974;0.0946;0.9097;0.7291;14.1;465
08/01/2026 6:32;VisA/macaroni2;patchcore;448x448;10;10;200;0;1;0.7003;0.7109;0.7063;0.24;0.39;0.9586;0.0512;0.8984;0.7149;14.1;465
08/01/2026 6:33;VisA/pcb1;patchcore;448x448;10;10;200;0;1;0.9161;0.9052;0.8571;0.61;0.7;0.9738;0.2631;0.9923;0.8811;14.1;465
08/01/2026 6:34;VisA/pcb2;patchcore;448x448;10;10;200;0;1;0.895;0.8797;0.8442;0.67;0.74;0.9737;0.193;0.9747;0.8285;14.2;465
08/01/2026 6:35;VisA/pcb3;patchcore;448x448;10;10;201;0;1;0.9058;0.9153;0.8311;0.65;0.71;0.9857;0.4214;0.9873;0.868;14.1;465
08/01/2026 6:36;VisA/pcb4;patchcore;448x448;10;10;201;0;1;0.9571;0.9472;0.9194;0.79;0.93;0.9511;0.3355;0.9636;0.8078;14.2;465
08/01/2026 6:37;VisA/pipe_fryum;patchcore;448x448;10;10;150;0;1;0.6714;0.8402;0.8032;0.36;0.4;0.667;0.044;0.5803;0.341;14.1;465
08/01/2026 6:38;mvtec_AD/bottle;padim;448x448;10;10;83;1;1;0.9556;0.9881;0.9516;0.9206;0.9365;0.8333;0.506;0.8965;0.794;14.5;2488
08/01/2026 6:38;mvtec_AD/cable;padim;448x448;10;10;150;1;1;0.7522;0.825;0.7892;0.1957;0.2935;0.9041;0.221;0.9468;0.7151;14.7;2488
08/01/2026 6:39;mvtec_AD/capsule;padim;448x448;10;10;132;1;1;0.6286;0.8445;0.9316;0.0092;0.0734;0.9465;0.159;0.971;0.7455;15;2488
08/01/2026 6:40;mvtec_AD/carpet;padim;448x448;10;10;117;1;1;0.8748;0.9629;0.8844;0.7416;0.7416;0.9398;0.351;0.9533;0.7898;14.7;2488
08/01/2026 6:41;mvtec_AD/grid;padim;448x448;10;10;78;1;1;0.5831;0.783;0.855;0.1228;0.1754;0.8296;0.0616;0.7107;0.4432;14.6;2488
08/01/2026 6:41;mvtec_AD/hazelnut;padim;448x448;10;10;110;1;1;0.7721;0.8721;0.8047;0.4857;0.5857;0.769;0.0516;0.8193;0.5361;15;2488
08/01/2026 6:42;mvtec_AD/leather;padim;448x448;10;10;124;1;1;0.9198;0.9752;0.9162;0.8261;0.8587;0.938;0.303;0.9619;0.8289;14.8;2488
08/01/2026 6:43;mvtec_AD/metal_nut;padim;448x448;10;10;115;1;1;0.5054;0.8382;0.8942;0.1183;0.172;0.5921;0.1265;0.5322;0.2;14.4;2488
08/01/2026 6:44;mvtec_AD/pill;padim;448x448;10;10;167;1;1;0.3112;0.751;0.9156;0;0;0.3881;0.0246;0.4121;0.1706;14.7;2488
08/01/2026 6:45;mvtec_AD/screw;padim;448x448;10;10;160;1;1;0.5247;0.7731;0.8592;0.1008;0.1429;0.9561;0.0367;0.9984;0.8403;15;2488
08/01/2026 6:45;mvtec_AD/tile;padim;448x448;10;10;117;1;1;0.8795;0.9519;0.8989;0.6429;0.6667;0.7792;0.2287;0.8173;0.6311;14.7;2488
08/01/2026 6:46;mvtec_AD/toothbrush;padim;448x448;10;10;42;1;1;0.5083;0.7894;0.8333;0.2667;0.3;0.7981;0.0353;0.728;0.2825;14.6;2488
08/01/2026 6:47;mvtec_AD/transistor;padim;448x448;10;10;100;1;1;0.7621;0.771;0.6866;0.525;0.6;0.8868;0.3319;0.9223;0.7297;14.6;2488
08/01/2026 6:47;mvtec_AD/wood;padim;448x448;10;10;79;1;1;0.9605;0.9882;0.9508;0.85;0.85;0.8774;0.3607;0.9536;0.8262;14.6;2488
08/01/2026 6:48;mvtec_AD/zipper;padim;448x448;10;10;151;1;1;0.6476;0.84;0.8815;0.0168;0.1429;0.8893;0.2069;0.9148;0.6425;14.8;2488
08/01/2026 6:50;AutoVI/underbody_pipes;padim;448x448;10;10;344;1;1;0.8328;0.7838;0.8304;0.2077;0.3224;0.955;0.248;0.9892;0.8904;14.7;2488
08/01/2026 6:51;AutoVI/underbody_screw;padim;448x448;10;10;392;1;1;0.1102;0.0258;0.0878;0;0;0.9446;0.0015;1;0.8025;14.7;2488
08/01/2026 6:53;AutoVI/engine_wiring;padim;448x448;10;10;574;1;1;0.4799;0.5014;0.6705;0.0692;0.0934;0.8237;0.0748;0.7671;0.4386;14.5;2488
08/01/2026 6:54;AutoVI/pipe_clip;padim;448x448;10;10;337;1;1;0.5293;0.5169;0.5962;0.1761;0.2113;0.774;0.0153;0.6824;0.2785;14.5;2488
08/01/2026 6:56;AutoVI/tank_screw;padim;448x448;10;10;413;1;1;0.4636;0.2143;0.3843;0.0211;0.0947;0.9125;0.0056;0.9488;0.5837;14.7;2488
08/01/2026 6:57;mvtec_loco_AD/breakfast_box;padim;448x448;10;10;275;1;1;0.4078;0.5651;0.774;0.0173;0.0405;0.7856;0.1695;0.7928;0.4824;15.1;2488
08/01/2026 6:59;mvtec_loco_AD/juice_bottle;padim;448x448;10;10;330;1;1;0.3586;0.6523;0.8339;0.0381;0.0508;0.4805;0.0505;0.4611;0.1999;15.3;2488
08/01/2026 7:00;mvtec_loco_AD/pushpins;padim;448x448;10;10;310;1;1;0.4759;0.5417;0.714;0.0523;0.0988;0.5264;0.028;0.6504;0.3715;14.9;2488
08/01/2026 7:02;mvtec_loco_AD/screw_bag;padim;448x448;10;10;341;1;1;0.3946;0.6127;0.7821;0.0822;0.1142;0.3146;0.0491;0.5769;0.2731;15.2;2488
08/01/2026 7:03;mvtec_loco_AD/splicing_connectors;padim;448x448;10;10;312;1;1;0.5958;0.6926;0.7764;0.0725;0.1295;0.6382;0.1848;0.6081;0.375;15.1;2488
08/01/2026 7:04;VisA/candle;padim;448x448;10;10;200;1;1;0.442;0.4528;0.6712;0.01;0.05;0.7108;0.0024;0.8935;0.4382;14.4;2488
08/01/2026 7:05;VisA/capsules;padim;448x448;10;10;160;1;1;0.4368;0.5724;0.7692;0.03;0.03;0.8972;0.0254;0.9182;0.5366;14.5;2488
08/01/2026 7:06;VisA/cashew;padim;448x448;10;10;150;1;1;0.7014;0.8611;0.8;0.34;0.51;0.8696;0.1392;0.7355;0.539;14.8;2488
08/01/2026 7:07;VisA/chewinggum;padim;448x448;10;10;150;1;1;0.6892;0.8292;0.8033;0.25;0.4;0.8993;0.1316;0.5062;0.3322;14.8;2488
08/01/2026 7:08;VisA/fryum;padim;448x448;10;10;150;1;1;0.7584;0.8784;0.823;0.44;0.52;0.9346;0.272;0.9206;0.6307;15;2488
08/01/2026 7:09;VisA/macaroni1;padim;448x448;10;10;200;1;1;0.7223;0.7399;0.7099;0.33;0.37;0.9615;0.0322;0.9354;0.7344;14.6;2488
08/01/2026 7:10;VisA/macaroni2;padim;448x448;10;10;200;1;1;0.6059;0.6459;0.6859;0.2;0.26;0.9399;0.0174;0.9125;0.5653;14.7;2488
08/01/2026 7:11;VisA/pcb1;padim;448x448;10;10;200;1;1;0.7124;0.6667;0.7718;0.13;0.13;0.9198;0.0351;0.9878;0.8153;14.7;2488
08/01/2026 7:12;VisA/pcb2;padim;448x448;10;10;200;1;1;0.6508;0.6201;0.7045;0.11;0.22;0.9562;0.0538;0.9827;0.7823;14.9;2488
08/01/2026 7:14;VisA/pcb3;padim;448x448;10;10;201;1;1;0.6636;0.6509;0.6978;0.16;0.17;0.9772;0.1708;0.9999;0.8327;15.6;2488
08/01/2026 7:15;VisA/pcb4;padim;448x448;10;10;201;1;1;0.7329;0.7002;0.7407;0.14;0.37;0.7767;0.0155;0.6728;0.3665;16.4;2488
08/01/2026 7:18;VisA/pipe_fryum;padim;448x448;10;10;150;1;1;0.2484;0.5332;0.8;0;0.03;0.5294;0.0128;0.2095;0.0857;17.7;2488
08/01/2026 7:19;mvtec_AD/bottle;patchcore;448x448;10;10;83;1;1;0.9905;0.9975;0.992;0.9841;0.9841;0.9508;0.7155;0.9897;0.9;16.1;465
08/01/2026 7:21;mvtec_AD/cable;patchcore;448x448;10;10;150;1;1;0.9159;0.9558;0.8865;0.7609;0.8261;0.9621;0.6633;0.994;0.9041;16.3;465
08/01/2026 7:22;mvtec_AD/capsule;patchcore;448x448;10;10;132;1;1;0.8217;0.9575;0.927;0.4954;0.5046;0.9641;0.3031;0.9909;0.798;16.1;465
08/01/2026 7:23;mvtec_AD/carpet;patchcore;448x448;10;10;117;1;1;0.9916;0.9974;0.9727;0.9438;0.9663;0.9919;0.6475;0.9988;0.9232;16.2;465
08/01/2026 7:24;mvtec_AD/grid;patchcore;448x448;10;10;78;1;1;0.9148;0.9677;0.9106;0.7018;0.7544;0.9459;0.2151;0.8842;0.7183;15.8;465
08/01/2026 7:25;mvtec_AD/hazelnut;patchcore;448x448;10;10;110;1;1;0.9961;0.9978;0.9784;0.9714;0.9857;0.9647;0.5447;0.9523;0.8537;15.3;465
08/01/2026 7:26;mvtec_AD/leather;patchcore;448x448;10;10;124;1;1;0.9939;0.9982;0.9945;0.9891;0.9891;0.9926;0.5219;0.9996;0.9131;16.1;465
08/01/2026 7:28;mvtec_AD/metal_nut;patchcore;448x448;10;10;115;1;1;0.9834;0.9961;0.9735;0.914;0.957;0.9194;0.6461;0.9716;0.8;16.2;465
08/01/2026 7:31;mvtec_AD/pill;patchcore;448x448;10;10;167;1;1;0.3989;0.8239;0.9156;0.0355;0.0993;0.7663;0.0759;0.9074;0.5312;24.6;465
08/01/2026 7:33;mvtec_AD/screw;patchcore;448x448;10;10;160;1;1;0.7481;0.8819;0.8984;0.2437;0.2689;0.9752;0.1322;0.9952;0.8596;26.9;465
08/01/2026 8:57;mvtec_AD/tile;patchcore;448x448;10;10;117;1;1;0.9888;0.9952;0.9762;0.9643;0.9762;0.9458;0.5022;0.9908;0.9553;16.6;465
08/01/2026 8:57;mvtec_AD/toothbrush;patchcore;448x448;10;10;42;1;1;0.8917;0.9591;0.9062;0.6333;0.7;0.7518;0.1979;0.267;0.1751;15.1;465
08/01/2026 8:58;mvtec_AD/transistor;patchcore;448x448;10;10;100;1;1;0.7537;0.6943;0.6667;0.225;0.425;0.806;0.3511;0.8362;0.638;15.2;465
08/01/2026 8:58;mvtec_AD/wood;patchcore;448x448;10;10;79;1;1;0.9851;0.9956;0.9661;0.9333;0.95;0.9187;0.4842;0.9791;0.8249;15.5;465
08/01/2026 8:59;mvtec_AD/zipper;patchcore;448x448;10;10;151;1;1;0.9743;0.9939;0.9664;0.9412;0.9412;0.9811;0.6582;0.9927;0.9117;15.4;465
08/01/2026 9:01;AutoVI/underbody_pipes;patchcore;448x448;10;10;344;1;1;0.9885;0.9892;0.9593;0.9563;0.9891;0.9761;0.3759;0.9991;0.8994;15.1;465
08/01/2026 9:02;AutoVI/underbody_screw;patchcore;448x448;10;10;392;1;1;0.8654;0.151;0.4091;0;0;0.9981;0.0451;1;0.8691;15;465
08/01/2026 9:05;AutoVI/engine_wiring;patchcore;448x448;10;10;574;1;1;0.5948;0.6096;0.6714;0.1003;0.1799;0.8945;0.2673;0.778;0.409;15.8;465
08/01/2026 9:06;AutoVI/pipe_clip;patchcore;448x448;10;10;337;1;1;0.5936;0.4818;0.6279;0.0775;0.1197;0.876;0.0292;0.9523;0.5999;16.1;465
08/01/2026 9:08;AutoVI/tank_screw;patchcore;448x448;10;10;413;1;1;0.5247;0.2267;0.4;0.0211;0.0737;0.9707;0.0191;0.9929;0.6922;15.8;465
08/01/2026 9:09;mvtec_loco_AD/breakfast_box;patchcore;448x448;10;10;275;1;1;0.717;0.8371;0.7828;0.3468;0.4277;0.8605;0.4931;0.887;0.6951;16.3;465
08/01/2026 9:11;mvtec_loco_AD/juice_bottle;patchcore;448x448;10;10;330;1;1;0.492;0.7418;0.8339;0.1144;0.1398;0.4324;0.0454;0.1689;0.0588;15.8;465
08/01/2026 9:12;mvtec_loco_AD/pushpins;patchcore;448x448;10;10;310;1;1;0.555;0.6022;0.7137;0.0465;0.1163;0.6375;0.0637;0.7245;0.4457;15.8;465
08/01/2026 9:14;mvtec_loco_AD/screw_bag;patchcore;448x448;10;10;341;1;1;0.6693;0.8118;0.7821;0.274;0.3151;0.629;0.1043;0.7437;0.5141;15.8;465
08/01/2026 9:16;mvtec_loco_AD/splicing_connectors;patchcore;448x448;10;10;312;1;1;0.7048;0.8161;0.7644;0.2694;0.3679;0.5572;0.1376;0.4135;0.3103;15.6;465
08/01/2026 9:17;VisA/candle;patchcore;448x448;10;10;200;1;1;0.7714;0.8012;0.7132;0.37;0.51;0.9174;0.1304;0.9549;0.7667;15.7;465
08/01/2026 9:18;VisA/capsules;patchcore;448x448;10;10;160;1;1;0.8092;0.8811;0.8214;0.51;0.58;0.9854;0.5538;0.9866;0.8121;15.8;465
08/01/2026 9:19;VisA/cashew;patchcore;448x448;10;10;150;1;1;0.8238;0.9216;0.823;0.61;0.62;0.8154;0.3081;0.7546;0.6007;15.9;465
08/01/2026 9:20;VisA/chewinggum;patchcore;448x448;10;10;150;1;1;0.9816;0.9927;0.97;0.96;0.97;0.9929;0.6943;0.9413;0.8411;16.2;465
08/01/2026 9:21;VisA/fryum;patchcore;448x448;10;10;150;1;1;0.968;0.9839;0.9429;0.81;0.87;0.8595;0.1679;0.9195;0.7137;15.9;465
08/01/2026 9:23;VisA/macaroni1;patchcore;448x448;10;10;200;1;1;0.8321;0.8346;0.768;0.39;0.57;0.9811;0.1163;0.9074;0.6998;14.9;465
08/01/2026 9:24;VisA/macaroni2;patchcore;448x448;10;10;200;1;1;0.6663;0.6887;0.6899;0.22;0.29;0.9592;0.0552;0.8918;0.6854;14.9;465
08/01/2026 9:25;VisA/pcb1;patchcore;448x448;10;10;200;1;1;0.951;0.9216;0.9268;0.7;0.95;0.9953;0.7812;0.9962;0.95;15;465
08/01/2026 9:26;VisA/pcb2;patchcore;448x448;10;10;200;1;1;0.8663;0.8554;0.8374;0.49;0.71;0.9719;0.195;0.9735;0.8279;16.8;465
08/01/2026 9:27;VisA/pcb3;patchcore;448x448;10;10;201;1;1;0.8788;0.8971;0.8333;0.59;0.77;0.9857;0.4096;0.9908;0.8806;15;465
08/01/2026 9:28;VisA/pcb4;patchcore;448x448;10;10;201;1;1;0.9513;0.9378;0.901;0.75;0.89;0.9473;0.3204;0.9737;0.8049;15.3;465
08/01/2026 9:30;VisA/pipe_fryum;patchcore;448x448;10;10;150;1;1;0.6298;0.8124;0.8016;0.3;0.31;0.6694;0.0395;0.6091;0.3336;16.3;465
08/01/2026 9:30;mvtec_AD/bottle;padim;448x448;10;10;83;2;1;0.9052;0.974;0.9043;0.8254;0.8413;0.7372;0.2438;0.7483;0.5161;17.6;2488
08/01/2026 9:31;mvtec_AD/cable;padim;448x448;10;10;150;2;1;0.7635;0.8105;0.8103;0.163;0.4565;0.9314;0.3739;0.9559;0.756;17.6;2488
08/01/2026 9:32;mvtec_AD/capsule;padim;448x448;10;10;132;2;1;0.5688;0.8677;0.9046;0.2569;0.3578;0.9168;0.0895;0.9666;0.6121;21.2;2488
08/01/2026 9:34;mvtec_AD/carpet;padim;448x448;10;10;117;2;1;0.7929;0.9294;0.8737;0.4607;0.4944;0.8411;0.2081;0.8118;0.5819;20;2488
08/01/2026 9:34;mvtec_AD/grid;padim;448x448;10;10;78;2;1;0.6074;0.828;0.8444;0.3509;0.3509;0.8222;0.0404;0.7259;0.4786;17.7;2488
08/01/2026 9:35;mvtec_AD/hazelnut;padim;448x448;10;10;110;2;1;0.795;0.8836;0.8214;0.4571;0.5286;0.5291;0.0204;0.3561;0.1041;17.7;2488
08/01/2026 9:36;mvtec_AD/leather;padim;448x448;10;10;124;2;1;0.9039;0.9675;0.899;0.75;0.75;0.937;0.3004;0.9589;0.8295;18.1;2488
08/01/2026 9:37;mvtec_AD/metal_nut;padim;448x448;10;10;115;2;1;0.4927;0.8355;0.8942;0.0753;0.2473;0.4076;0.0914;0.0388;0.0069;17.8;2488
08/01/2026 9:38;mvtec_AD/pill;padim;448x448;10;10;167;2;1;0.2995;0.7527;0.9156;0.0071;0.0142;0.3113;0.0228;0.0945;0.0181;18.1;2488
08/01/2026 9:39;mvtec_AD/screw;padim;448x448;10;10;160;2;1;0.4698;0.725;0.853;0.0252;0.042;0.9518;0.0287;0.9897;0.781;17.8;2488
08/01/2026 9:40;mvtec_AD/tile;padim;448x448;10;10;117;2;1;0.8856;0.9586;0.8765;0.7024;0.7381;0.779;0.2405;0.8056;0.6157;17.3;2488
08/01/2026 9:41;mvtec_AD/toothbrush;padim;448x448;10;10;42;2;1;0.4861;0.7849;0.8333;0.3;0.3;0.4273;0.0121;0.0489;0.0083;18.2;2488
08/01/2026 9:41;mvtec_AD/transistor;padim;448x448;10;10;100;2;1;0.8071;0.8262;0.7467;0.6;0.675;0.8814;0.3454;0.9149;0.6592;17.8;2488
08/01/2026 9:42;mvtec_AD/wood;padim;448x448;10;10;79;2;1;0.9719;0.9906;0.9672;0.7;0.9167;0.8506;0.3263;0.9469;0.8086;18.6;2488
08/01/2026 9:43;mvtec_AD/zipper;padim;448x448;10;10;151;2;1;0.5134;0.8355;0.8815;0.1597;0.2941;0.7868;0.1064;0.81;0.4244;17.2;2488
08/01/2026 9:45;AutoVI/underbody_pipes;padim;448x448;10;10;344;2;1;0.6186;0.5685;0.7592;0.0437;0.0492;0.9357;0.1197;0.9778;0.7821;16.2;2488
08/01/2026 9:46;AutoVI/underbody_screw;padim;448x448;10;10;392;2;1;0.0778;0.0253;0.0878;0;0;0.8651;0.0006;0.953;0.4548;17.8;2488
08/01/2026 9:49;AutoVI/engine_wiring;padim;448x448;10;10;574;2;1;0.581;0.5782;0.6698;0.0934;0.1626;0.7739;0.0303;0.6655;0.2953;17.1;2488
08/01/2026 9:51;AutoVI/pipe_clip;padim;448x448;10;10;337;2;1;0.5319;0.5144;0.5929;0.1338;0.1549;0.7412;0.0132;0.6308;0.2628;17.3;2488
08/01/2026 9:53;AutoVI/tank_screw;padim;448x448;10;10;413;2;1;0.4733;0.2183;0.3777;0.0211;0.0947;0.9028;0.0045;0.9083;0.4942;17;2488
08/01/2026 9:54;mvtec_loco_AD/breakfast_box;padim;448x448;10;10;275;2;1;0.3918;0.5669;0.7723;0.0289;0.052;0.7509;0.1321;0.7265;0.3454;19.4;2488
08/01/2026 9:56;mvtec_loco_AD/juice_bottle;padim;448x448;10;10;330;2;1;0.3952;0.6571;0.8339;0.0297;0.0508;0.2705;0.0357;0.0725;0.0127;18;2488
08/01/2026 9:58;mvtec_loco_AD/pushpins;padim;448x448;10;10;310;2;1;0.4672;0.5369;0.7137;0.0233;0.1105;0.5546;0.0312;0.5611;0.2762;18.8;2488
08/01/2026 10:00;mvtec_loco_AD/screw_bag;padim;448x448;10;10;341;2;1;0.4167;0.6371;0.7821;0.1096;0.1416;0.2935;0.048;0.2883;0.0567;18.1;2488
08/01/2026 10:02;mvtec_loco_AD/splicing_connectors;padim;448x448;10;10;312;2;1;0.5848;0.6966;0.7659;0.0984;0.1658;0.6347;0.1826;0.8001;0.5205;17.9;2488
08/01/2026 10:03;VisA/candle;padim;448x448;10;10;200;2;1;0.4477;0.4496;0.6713;0;0.04;0.6316;0.0017;0.6231;0.1916;17.6;2488
08/01/2026 10:04;VisA/capsules;padim;448x448;10;10;160;2;1;0.4942;0.6637;0.7692;0.14;0.2;0.8841;0.0225;0.8875;0.5118;16.4;2488
08/01/2026 10:05;VisA/cashew;padim;448x448;10;10;150;2;1;0.394;0.6296;0.8;0.04;0.13;0.8998;0.2211;0.7415;0.5277;17.3;2488
08/01/2026 10:06;VisA/chewinggum;padim;448x448;10;10;150;2;1;0.5148;0.7022;0.8;0.06;0.13;0.8615;0.0317;0.5478;0.2846;18.7;2488
08/01/2026 10:07;VisA/fryum;padim;448x448;10;10;150;2;1;0.7616;0.8441;0.8403;0.17;0.26;0.9504;0.2798;0.9863;0.7081;18;2488
08/01/2026 10:09;VisA/macaroni1;padim;448x448;10;10;200;2;1;0.5391;0.6018;0.6689;0.16;0.2;0.9625;0.0173;0.9851;0.6708;18.6;2488
08/01/2026 10:10;VisA/macaroni2;padim;448x448;10;10;200;2;1;0.6546;0.675;0.6984;0.22;0.22;0.9376;0.0032;0.9694;0.6505;16.7;2488
08/01/2026 10:12;VisA/pcb1;padim;448x448;10;10;200;2;1;0.7527;0.6723;0.8051;0.13;0.17;0.9023;0.023;0.9879;0.7701;17.3;2488
08/01/2026 10:13;VisA/pcb2;padim;448x448;10;10;200;2;1;0.6495;0.7146;0.6689;0.31;0.38;0.9632;0.0716;0.9714;0.8152;17.1;2488
08/01/2026 10:14;VisA/pcb3;padim;448x448;10;10;201;2;1;0.7441;0.7131;0.7451;0.2;0.22;0.9802;0.2129;1;0.7955;16.8;2488
08/01/2026 10:16;VisA/pcb4;padim;448x448;10;10;201;2;1;0.745;0.6993;0.7388;0.17;0.31;0.7166;0.0108;0.6216;0.1771;17.3;2488
08/01/2026 10:17;VisA/pipe_fryum;padim;448x448;10;10;150;2;1;0.2008;0.5059;0.8032;0;0.03;0.205;0.0072;0.0778;0.0185;17;2488
08/01/2026 10:18;mvtec_AD/bottle;patchcore;448x448;10;10;83;2;1;0.9849;0.9963;0.992;0.9841;0.9841;0.9507;0.7098;0.9898;0.8676;17.1;465
08/01/2026 10:19;mvtec_AD/cable;patchcore;448x448;10;10;150;2;1;0.9365;0.9618;0.905;0.7065;0.8152;0.9601;0.6635;0.9929;0.9091;17.5;465
08/01/2026 10:19;mvtec_AD/capsule;patchcore;448x448;10;10;132;2;1;0.8057;0.9507;0.9264;0.4771;0.5505;0.9656;0.3173;0.9828;0.8406;17.6;465
08/01/2026 10:20;mvtec_AD/carpet;patchcore;448x448;10;10;117;2;1;0.9904;0.9971;0.9727;0.9438;0.9438;0.9918;0.6442;0.9983;0.9326;17.3;465
08/01/2026 10:21;mvtec_AD/grid;patchcore;448x448;10;10;78;2;1;0.9716;0.9895;0.9492;0.8246;0.8947;0.9661;0.3697;0.9378;0.7576;16.5;465
08/01/2026 10:22;mvtec_AD/hazelnut;patchcore;448x448;10;10;110;2;1;0.9982;0.999;0.9857;0.9857;1;0.9628;0.5363;0.9263;0.8087;18.1;465
08/01/2026 10:23;mvtec_AD/leather;patchcore;448x448;10;10;124;2;1;0.9874;0.9964;0.9834;0.9674;0.9674;0.9926;0.5184;0.9998;0.9679;15.8;465
08/01/2026 10:24;mvtec_AD/metal_nut;patchcore;448x448;10;10;115;2;1;0.9844;0.9963;0.9677;0.9355;0.957;0.908;0.5859;0.9763;0.8197;16.8;465
08/01/2026 10:25;mvtec_AD/pill;patchcore;448x448;10;10;167;2;1;0.3887;0.8237;0.9156;0.0496;0.0709;0.7664;0.0774;0.9217;0.55;18.5;465
08/01/2026 10:26;mvtec_AD/screw;patchcore;448x448;10;10;160;2;1;0.7256;0.8299;0.8755;0.084;0.0924;0.9722;0.0611;0.9864;0.7573;16.9;465
08/01/2026 10:27;mvtec_AD/tile;patchcore;448x448;10;10;117;2;1;0.982;0.9928;0.9639;0.9405;0.9524;0.9418;0.493;0.9866;0.9264;16.7;465
08/01/2026 10:28;mvtec_AD/toothbrush;patchcore;448x448;10;10;42;2;1;0.9056;0.9621;0.9206;0.6667;0.7;0.7761;0.2115;0.2928;0.1907;16.9;465
08/01/2026 10:29;mvtec_AD/transistor;patchcore;448x448;10;10;100;2;1;0.7788;0.7465;0.6835;0.325;0.475;0.8261;0.3595;0.8757;0.6923;17.6;465
08/01/2026 10:29;mvtec_AD/wood;patchcore;448x448;10;10;79;2;1;0.9754;0.9924;0.9593;0.8;0.9333;0.9196;0.5025;0.975;0.8761;16.4;465
08/01/2026 10:30;mvtec_AD/zipper;patchcore;448x448;10;10;151;2;1;0.9349;0.9779;0.9576;0.4286;0.9412;0.9791;0.6388;0.9923;0.8967;17.1;465
08/01/2026 10:32;AutoVI/underbody_pipes;patchcore;448x448;10;10;344;2;1;0.9909;0.9921;0.9642;0.9563;0.9891;0.9792;0.3992;0.9992;0.9566;18.6;465
08/01/2026 10:34;AutoVI/underbody_screw;patchcore;448x448;10;10;392;2;1;0.8577;0.1423;0.3711;0;0;0.9969;0.0394;1;0.894;17.1;465
08/01/2026 10:37;AutoVI/engine_wiring;patchcore;448x448;10;10;574;2;1;0.5181;0.5418;0.6698;0.0969;0.1419;0.876;0.2079;0.827;0.483;16.3;465
08/01/2026 10:39;AutoVI/pipe_clip;patchcore;448x448;10;10;337;2;1;0.5499;0.439;0.6223;0.0423;0.0845;0.8975;0.0375;0.9674;0.6388;17.7;465
08/01/2026 10:41;AutoVI/tank_screw;patchcore;448x448;10;10;413;2;1;0.5132;0.2221;0.4072;0.0105;0.0737;0.946;0.0192;0.891;0.6104;17.2;465
08/01/2026 10:42;mvtec_loco_AD/breakfast_box;patchcore;448x448;10;10;275;2;1;0.7287;0.8438;0.7864;0.3699;0.4046;0.8642;0.4927;0.8987;0.7324;17.3;465
08/01/2026 10:44;mvtec_loco_AD/juice_bottle;patchcore;448x448;10;10;330;2;1;0.5073;0.7417;0.8339;0.0847;0.1314;0.436;0.0459;0.2003;0.0679;17.7;465
08/01/2026 10:46;mvtec_loco_AD/pushpins;patchcore;448x448;10;10;310;2;1;0.5213;0.587;0.7137;0.0698;0.093;0.629;0.0604;0.7156;0.4043;17.9;465
08/01/2026 10:48;mvtec_loco_AD/screw_bag;patchcore;448x448;10;10;341;2;1;0.669;0.7752;0.7833;0.1781;0.2055;0.6301;0.1047;0.7472;0.5665;16.4;465
08/01/2026 10:50;mvtec_loco_AD/splicing_connectors;patchcore;448x448;10;10;312;2;1;0.7128;0.8345;0.7644;0.3316;0.4715;0.5715;0.1367;0.4265;0.3131;16.7;465
08/01/2026 10:51;VisA/candle;patchcore;448x448;10;10;200;2;1;0.7619;0.7741;0.7297;0.33;0.41;0.9192;0.1011;0.9494;0.7394;16.3;465
08/01/2026 10:52;VisA/capsules;patchcore;448x448;10;10;160;2;1;0.8332;0.9034;0.8259;0.57;0.63;0.9873;0.5771;0.9886;0.8236;16.2;465
08/01/2026 10:53;VisA/cashew;patchcore;448x448;10;10;150;2;1;0.749;0.888;0.8;0.55;0.57;0.8027;0.2956;0.7385;0.56;16.3;465
08/01/2026 10:54;VisA/chewinggum;patchcore;448x448;10;10;150;2;1;0.9812;0.9924;0.9697;0.96;0.96;0.9929;0.6862;0.9328;0.7746;16.7;465
08/01/2026 10:56;VisA/fryum;patchcore;448x448;10;10;150;2;1;0.9646;0.9829;0.94;0.88;0.91;0.8664;0.1723;0.9527;0.7114;17.7;465
08/01/2026 10:57;VisA/macaroni1;patchcore;448x448;10;10;200;2;1;0.8107;0.8148;0.7541;0.45;0.56;0.9762;0.1153;0.9096;0.7728;17.8;465
08/01/2026 10:59;VisA/macaroni2;patchcore;448x448;10;10;200;2;1;0.6616;0.6297;0.7;0.08;0.3;0.954;0.0183;0.8644;0.6351;16.5;465
08/01/2026 11:00;VisA/pcb1;patchcore;448x448;10;10;200;2;1;0.8851;0.8744;0.8498;0.51;0.58;0.9751;0.2767;0.9938;0.8373;16.5;465
08/01/2026 11:01;VisA/pcb2;patchcore;448x448;10;10;200;2;1;0.8832;0.8649;0.8182;0.42;0.74;0.9748;0.1929;0.9755;0.8758;17.3;465
08/01/2026 11:03;VisA/pcb3;patchcore;448x448;10;10;201;2;1;0.8707;0.8841;0.8279;0.5;0.58;0.9864;0.4192;0.9894;0.8507;16.3;465
08/01/2026 11:04;VisA/pcb4;patchcore;448x448;10;10;201;2;1;0.9649;0.9589;0.92;0.88;0.92;0.9458;0.3392;0.9565;0.7625;17.4;465
08/01/2026 11:06;VisA/pipe_fryum;patchcore;448x448;10;10;150;2;1;0.6666;0.8331;0.8099;0.32;0.35;0.6602;0.0425;0.6425;0.3719;16.8;465
08/01/2026 11:06;mvtec_AD/bottle;padim;448x448;10;10;83;3;1;0.952;0.9875;0.9672;0.9365;0.9365;0.8371;0.5907;0.8992;0.8392;18.8;2488
08/01/2026 11:08;mvtec_AD/cable;padim;448x448;10;10;150;3;1;0.5037;0.6221;0.7647;0.0435;0.1304;0.911;0.1903;0.958;0.6547;18.1;2488
08/01/2026 11:09;mvtec_AD/capsule;padim;448x448;10;10;132;3;1;0.6562;0.877;0.9083;0.1101;0.1284;0.9444;0.1713;0.9813;0.8217;17.7;2488
08/01/2026 11:09;mvtec_AD/carpet;padim;448x448;10;10;117;3;1;0.8591;0.9558;0.8796;0.5955;0.6966;0.9181;0.3953;0.9339;0.7684;18.3;2488
08/01/2026 11:10;mvtec_AD/grid;padim;448x448;10;10;78;3;1;0.6433;0.8448;0.8548;0.2281;0.2632;0.9068;0.1749;0.8213;0.6109;17.5;2488
08/01/2026 11:11;mvtec_AD/hazelnut;padim;448x448;10;10;110;3;1;0.7804;0.867;0.8242;0.3857;0.5;0.762;0.046;0.8214;0.4279;17.6;2488
08/01/2026 11:12;mvtec_AD/leather;padim;448x448;10;10;124;3;1;0.8988;0.9665;0.8962;0.6957;0.75;0.9134;0.3316;0.9382;0.8386;19.1;2488
08/01/2026 11:13;mvtec_AD/metal_nut;padim;448x448;10;10;115;3;1;0.4995;0.8331;0.8942;0.1183;0.1613;0.6452;0.1423;0.5989;0.1726;19.3;2488
08/01/2026 11:14;mvtec_AD/pill;padim;448x448;10;10;167;3;1;0.3221;0.7607;0.9156;0.0071;0.0142;0.4664;0.0285;0.4674;0.1297;18.9;2488
08/01/2026 11:15;mvtec_AD/screw;padim;448x448;10;10;160;3;1;0.5019;0.7484;0.8582;0.084;0.1597;0.9509;0.0248;0.99;0.7982;17.5;2488
08/01/2026 11:16;mvtec_AD/tile;padim;448x448;10;10;117;3;1;0.9019;0.9616;0.8953;0.6548;0.7143;0.7815;0.2618;0.8145;0.6555;17.1;2488
08/01/2026 11:17;mvtec_AD/toothbrush;padim;448x448;10;10;42;3;1;0.5056;0.7867;0.8333;0.2;0.3333;0.7844;0.0318;0.6821;0.1918;18;2488
08/01/2026 11:18;mvtec_AD/transistor;padim;448x448;10;10;100;3;1;0.75;0.7118;0.6429;0.375;0.4;0.897;0.3146;0.9591;0.7757;16.8;2488
08/01/2026 11:19;mvtec_AD/wood;padim;448x448;10;10;79;3;1;0.9781;0.993;0.9748;0.7667;0.9667;0.8757;0.3797;0.9672;0.8412;18.7;2488
08/01/2026 11:20;mvtec_AD/zipper;padim;448x448;10;10;151;3;1;0.8356;0.9391;0.9256;0.2353;0.3277;0.9431;0.4738;0.9626;0.8605;18.9;2488
08/01/2026 11:21;AutoVI/underbody_pipes;padim;448x448;10;10;344;3;1;0.8101;0.8225;0.7761;0.3607;0.4372;0.9606;0.2501;0.9887;0.9169;18.9;2488
08/01/2026 11:23;AutoVI/underbody_screw;padim;448x448;10;10;392;3;1;0.4733;0.0491;0.1328;0.0556;0.0556;0.9582;0.0021;1;0.8223;18.6;2488
08/01/2026 11:26;AutoVI/engine_wiring;padim;448x448;10;10;574;3;1;0.5767;0.5534;0.6781;0.0623;0.1557;0.7997;0.05;0.8264;0.4501;19.9;2488
08/01/2026 11:28;AutoVI/pipe_clip;padim;448x448;10;10;337;3;1;0.5388;0.4556;0.5953;0.0563;0.1338;0.7889;0.0164;0.7727;0.3701;18.2;2488
08/01/2026 11:30;AutoVI/tank_screw;padim;448x448;10;10;413;3;1;0.4745;0.217;0.3892;0.0421;0.0421;0.9321;0.0085;0.9667;0.6841;20.8;2488
08/01/2026 11:32;mvtec_loco_AD/breakfast_box;padim;448x448;10;10;275;3;1;0.3943;0.5761;0.7723;0.0462;0.0867;0.7724;0.1638;0.7832;0.4862;18.3;2488
08/01/2026 11:34;mvtec_loco_AD/juice_bottle;padim;448x448;10;10;330;3;1;0.4249;0.6708;0.8339;0.0254;0.0339;0.4882;0.0509;0.3576;0.0879;18.9;2488
08/01/2026 11:36;mvtec_loco_AD/pushpins;padim;448x448;10;10;310;3;1;0.591;0.6676;0.7137;0.1221;0.2151;0.4945;0.0278;0.6823;0.4284;16.9;2488
08/01/2026 11:38;mvtec_loco_AD/screw_bag;padim;448x448;10;10;341;3;1;0.4433;0.6122;0.7821;0.0457;0.0913;0.3169;0.0493;0.4592;0.1691;19.2;2488
08/01/2026 11:39;mvtec_loco_AD/splicing_connectors;padim;448x448;10;10;312;3;1;0.5947;0.7004;0.7667;0.0674;0.2021;0.6027;0.1457;0.5744;0.3442;17.7;2488
08/01/2026 11:41;VisA/candle;padim;448x448;10;10;200;3;1;0.3842;0.4206;0.6667;0;0.03;0.7052;0.0023;0.7468;0.3088;17.3;2488
08/01/2026 11:42;VisA/capsules;padim;448x448;10;10;160;3;1;0.5263;0.66;0.7722;0.05;0.09;0.8993;0.0324;0.8365;0.5022;17.5;2488
08/01/2026 11:43;VisA/cashew;padim;448x448;10;10;150;3;1;0.5698;0.791;0.8;0.29;0.31;0.8833;0.2262;0.6785;0.554;17.5;2488
08/01/2026 11:44;VisA/chewinggum;padim;448x448;10;10;150;3;1;0.6348;0.7938;0.8067;0.2;0.25;0.8632;0.0877;0.4075;0.2457;17.4;2488
08/01/2026 11:45;VisA/fryum;padim;448x448;10;10;150;3;1;0.7092;0.8205;0.8225;0.12;0.36;0.9318;0.3237;0.9017;0.6629;18.9;2488
08/01/2026 11:47;VisA/macaroni1;padim;448x448;10;10;200;3;1;0.8036;0.7624;0.7778;0.24;0.36;0.9644;0.0144;0.9147;0.6611;16.8;2488
08/01/2026 11:48;VisA/macaroni2;padim;448x448;10;10;200;3;1;0.5441;0.5104;0.6882;0.01;0.1;0.941;0.003;0.9817;0.6541;19;2488
08/01/2026 11:49;VisA/pcb1;padim;448x448;10;10;200;3;1;0.6106;0.6457;0.6906;0.2;0.26;0.9696;0.1353;0.9824;0.8067;18.5;2488
08/01/2026 11:50;VisA/pcb2;padim;448x448;10;10;200;3;1;0.7335;0.7723;0.6894;0.33;0.45;0.9653;0.0749;0.9818;0.7789;17.2;2488
08/01/2026 11:52;VisA/pcb3;padim;448x448;10;10;201;3;1;0.7517;0.7488;0.728;0.24;0.37;0.9825;0.2629;0.9965;0.8443;18.1;2488
08/01/2026 11:53;VisA/pcb4;padim;448x448;10;10;201;3;1;0.7708;0.7225;0.757;0.15;0.32;0.8388;0.0246;0.882;0.5555;17.8;2488
08/01/2026 11:54;VisA/pipe_fryum;padim;448x448;10;10;150;3;1;0.2842;0.5627;0.8;0.03;0.08;0.6033;0.0148;0.1986;0.0377;17.8;2488
08/01/2026 11:55;mvtec_AD/bottle;patchcore;448x448;10;10;83;3;1;0.996;0.9988;0.9841;0.9841;0.9841;0.9529;0.7228;0.9899;0.9157;17.1;465
08/01/2026 11:56;mvtec_AD/cable;patchcore;448x448;10;10;150;3;1;0.8686;0.9297;0.8353;0.6739;0.7065;0.9572;0.656;0.9818;0.8894;16.9;465
08/01/2026 11:57;mvtec_AD/capsule;patchcore;448x448;10;10;132;3;1;0.7647;0.9362;0.9264;0.3853;0.4404;0.9633;0.283;0.991;0.832;16.7;465
08/01/2026 11:58;mvtec_AD/carpet;patchcore;448x448;10;10;117;3;1;0.988;0.9964;0.9663;0.9213;0.9551;0.9907;0.6185;0.9986;0.9716;16.6;465
08/01/2026 11:59;mvtec_AD/grid;patchcore;448x448;10;10;78;3;1;0.9591;0.9859;0.9565;0.8596;0.9123;0.9548;0.3248;0.9144;0.8004;18.1;465
08/01/2026 12:00;mvtec_AD/hazelnut;patchcore;448x448;10;10;110;3;1;0.9968;0.9982;0.979;0.9714;1;0.9703;0.5446;0.945;0.847;16.7;465
08/01/2026 12:01;mvtec_AD/leather;patchcore;448x448;10;10;124;3;1;0.9874;0.9961;0.973;0.9565;0.9783;0.9923;0.5164;0.9994;0.9685;18.1;465
08/01/2026 12:01;mvtec_AD/metal_nut;patchcore;448x448;10;10;115;3;1;0.9819;0.996;0.9681;0.9247;0.9462;0.9138;0.6277;0.9692;0.8298;17.1;465
08/01/2026 12:03;mvtec_AD/pill;patchcore;448x448;10;10;167;3;1;0.4163;0.8245;0.9156;0.0355;0.0922;0.7668;0.0751;0.9262;0.5313;17.7;465
08/01/2026 12:04;mvtec_AD/screw;patchcore;448x448;10;10;160;3;1;0.6495;0.7997;0.8839;0.0336;0.1261;0.9708;0.0725;0.9912;0.8654;17.4;465
08/01/2026 12:05;mvtec_AD/tile;patchcore;448x448;10;10;117;3;1;0.9888;0.9958;0.9765;0.8929;0.9881;0.9463;0.5049;0.9914;0.9328;18;465
08/01/2026 12:05;mvtec_AD/toothbrush;patchcore;448x448;10;10;42;3;1;0.9278;0.9739;0.8955;0.8;0.8333;0.7754;0.2046;0.3292;0.2068;17.1;465
08/01/2026 12:06;mvtec_AD/transistor;patchcore;448x448;10;10;100;3;1;0.7954;0.7336;0.7097;0.275;0.45;0.8113;0.3577;0.8586;0.6917;17.6;465
08/01/2026 12:07;mvtec_AD/wood;patchcore;448x448;10;10;79;3;1;0.9877;0.9965;0.9748;0.95;0.9667;0.9206;0.4802;0.9807;0.8607;19;465
08/01/2026 12:08;mvtec_AD/zipper;patchcore;448x448;10;10;151;3;1;0.9638;0.99;0.9576;0.7395;0.9412;0.9814;0.6709;0.9919;0.9057;16.6;465
08/01/2026 12:10;AutoVI/underbody_pipes;patchcore;448x448;10;10;344;3;1;0.9874;0.9891;0.9547;0.9016;0.9836;0.9749;0.3897;0.9988;0.9351;16.3;465
08/01/2026 12:12;AutoVI/underbody_screw;patchcore;448x448;10;10;392;3;1;0.8663;0.1511;0.4091;0;0;0.998;0.0505;1;0.8835;17.1;465
08/01/2026 12:14;AutoVI/engine_wiring;patchcore;448x448;10;10;574;3;1;0.5997;0.6053;0.6779;0.1038;0.2007;0.8815;0.243;0.8516;0.5056;17.2;465
08/01/2026 12:16;AutoVI/pipe_clip;patchcore;448x448;10;10;337;3;1;0.5478;0.4759;0.6216;0.1127;0.1127;0.8338;0.0202;0.9177;0.4803;16.5;465
08/01/2026 12:18;AutoVI/tank_screw;patchcore;448x448;10;10;413;3;1;0.499;0.2168;0.4185;0.0105;0.0632;0.9469;0.0177;0.9286;0.7055;16.2;465
08/01/2026 12:20;mvtec_loco_AD/breakfast_box;patchcore;448x448;10;10;275;3;1;0.7149;0.8455;0.7882;0.4624;0.5029;0.8624;0.4927;0.8805;0.7194;18;465
08/01/2026 12:22;mvtec_loco_AD/juice_bottle;patchcore;448x448;10;10;330;3;1;0.5007;0.7447;0.8354;0.1017;0.1271;0.4309;0.0456;0.1955;0.0694;19.3;465
08/01/2026 12:24;mvtec_loco_AD/pushpins;patchcore;448x448;10;10;310;3;1;0.4835;0.5723;0.7137;0.0756;0.0988;0.6371;0.0629;0.7147;0.4245;17.8;465
08/01/2026 12:25;mvtec_loco_AD/screw_bag;patchcore;448x448;10;10;341;3;1;0.656;0.7861;0.7856;0.2146;0.3333;0.6291;0.1023;0.7555;0.5321;17.2;465
08/01/2026 12:28;mvtec_loco_AD/splicing_connectors;patchcore;448x448;10;10;312;3;1;0.7184;0.8283;0.7644;0.3472;0.3782;0.5658;0.1383;0.4572;0.3115;19.9;465
08/01/2026 12:29;VisA/candle;patchcore;448x448;10;10;200;3;1;0.7907;0.807;0.7398;0.4;0.55;0.9305;0.1299;0.977;0.8614;17.3;465
08/01/2026 12:31;VisA/capsules;patchcore;448x448;10;10;160;3;1;0.7983;0.8857;0.7934;0.56;0.61;0.9872;0.5811;0.9787;0.8366;18.6;465
08/01/2026 12:32;VisA/cashew;patchcore;448x448;10;10;150;3;1;0.8016;0.9087;0.8148;0.51;0.58;0.7923;0.2904;0.7534;0.6586;17.7;465
08/01/2026 12:33;VisA/chewinggum;patchcore;448x448;10;10;150;3;1;0.9862;0.994;0.9645;0.95;0.96;0.9923;0.6914;0.9318;0.8809;19;465
08/01/2026 12:34;VisA/fryum;patchcore;448x448;10;10;150;3;1;0.9524;0.9773;0.9353;0.8;0.9;0.8561;0.1419;0.961;0.7815;18.7;465
08/01/2026 12:36;VisA/macaroni1;patchcore;448x448;10;10;200;3;1;0.822;0.8302;0.7638;0.45;0.58;0.9776;0.1165;0.9303;0.8022;16.9;465
08/01/2026 12:37;VisA/macaroni2;patchcore;448x448;10;10;200;3;1;0.6558;0.6546;0.6886;0.16;0.29;0.9522;0.0358;0.8826;0.6694;18;465
08/01/2026 12:39;VisA/pcb1;patchcore;448x448;10;10;200;3;1;0.9417;0.9094;0.9231;0.54;0.93;0.9953;0.8118;0.992;0.9236;17.5;465
08/01/2026 12:40;VisA/pcb2;patchcore;448x448;10;10;200;3;1;0.8874;0.8727;0.8351;0.45;0.76;0.9753;0.1982;0.974;0.7966;16.4;465
08/01/2026 12:41;VisA/pcb3;patchcore;448x448;10;10;201;3;1;0.9161;0.9286;0.8485;0.73;0.78;0.9867;0.4287;0.9871;0.8715;16.7;465
08/01/2026 12:43;VisA/pcb4;patchcore;448x448;10;10;201;3;1;0.9776;0.971;0.9434;0.87;0.98;0.9534;0.2181;0.9866;0.8618;18.1;465
08/01/2026 12:44;VisA/pipe_fryum;patchcore;448x448;10;10;150;3;1;0.6638;0.8337;0.8032;0.33;0.39;0.7023;0.056;0.5646;0.3273;16.3;465
08/01/2026 12:45;mvtec_AD/bottle;padim;448x448;10;10;83;4;1;0.869;0.9649;0.8947;0.8095;0.8095;0.7549;0.3439;0.8257;0.6778;17.3;2488
08/01/2026 12:46;mvtec_AD/cable;padim;448x448;10;10;150;4;1;0.6767;0.7431;0.7742;0.0543;0.3152;0.9239;0.3594;0.9584;0.6976;17.9;2488
08/01/2026 12:47;mvtec_AD/capsule;padim;448x448;10;10;132;4;1;0.6091;0.8564;0.9046;0.0459;0.0642;0.9038;0.0896;0.9458;0.7153;19;2488
08/01/2026 12:48;mvtec_AD/carpet;padim;448x448;10;10;117;4;1;0.7881;0.931;0.8788;0.5169;0.573;0.8558;0.225;0.8623;0.7008;17.9;2488
08/01/2026 12:48;mvtec_AD/grid;padim;448x448;10;10;78;4;1;0.7118;0.8394;0.8507;0.0526;0.2281;0.7193;0.0194;0.4808;0.2677;18;2488
08/01/2026 12:49;mvtec_AD/hazelnut;padim;448x448;10;10;110;4;1;0.7993;0.899;0.7945;0.5714;0.6286;0.5676;0.0225;0.4226;0.0866;17.3;2488
08/01/2026 12:50;mvtec_AD/leather;padim;448x448;10;10;124;4;1;0.8587;0.9522;0.875;0.5326;0.6957;0.8757;0.2378;0.8986;0.8001;17.3;2488
08/01/2026 12:51;mvtec_AD/metal_nut;padim;448x448;10;10;115;4;1;0.5401;0.8324;0.8942;0.086;0.1398;0.4943;0.1051;0.082;0.0111;18.7;2488
08/01/2026 12:52;mvtec_AD/pill;padim;448x448;10;10;167;4;1;0.3134;0.7572;0.9156;0.0071;0.0142;0.3294;0.0232;0.1372;0.0157;18;2488
08/01/2026 12:53;mvtec_AD/screw;padim;448x448;10;10;160;4;1;0.5317;0.7791;0.8561;0.0756;0.1597;0.9427;0.0214;0.9973;0.7363;19.1;2488
08/01/2026 12:54;mvtec_AD/tile;padim;448x448;10;10;117;4;1;0.8608;0.948;0.8691;0.631;0.6429;0.8161;0.3095;0.8644;0.713;19.9;2488
08/01/2026 12:55;mvtec_AD/toothbrush;padim;448x448;10;10;42;4;1;0.4778;0.7846;0.8333;0.3;0.3333;0.5253;0.0146;0.1852;0.0242;17.7;2488
08/01/2026 12:56;mvtec_AD/transistor;padim;448x448;10;10;100;4;1;0.8029;0.8135;0.7164;0.6;0.625;0.8824;0.3604;0.9241;0.7009;19.3;2488
08/01/2026 12:57;mvtec_AD/wood;padim;448x448;10;10;79;4;1;0.9807;0.9942;0.958;0.9;0.9167;0.8652;0.3796;0.9488;0.8866;17.8;2488
08/01/2026 12:58;mvtec_AD/zipper;padim;448x448;10;10;151;4;1;0.7426;0.8945;0.8949;0.084;0.2437;0.9172;0.3426;0.8958;0.695;19.7;2488
08/01/2026 13:00;AutoVI/underbody_pipes;padim;448x448;10;10;344;4;1;0.6031;0.5591;0.7716;0.0328;0.0656;0.9505;0.1373;0.9823;0.7358;20.4;2488
08/01/2026 13:02;AutoVI/underbody_screw;padim;448x448;10;10;392;4;1;0.0709;0.0253;0.0878;0;0;0.8799;0.0007;0.9901;0.513;18.1;2488
08/01/2026 13:05;AutoVI/engine_wiring;padim;448x448;10;10;574;4;1;0.5121;0.5124;0.6713;0.0415;0.1003;0.8007;0.04;0.7513;0.4255;19.4;2488
08/01/2026 13:06;AutoVI/pipe_clip;padim;448x448;10;10;337;4;1;0.5333;0.5154;0.5954;0.1268;0.1761;0.8235;0.0198;0.7851;0.3373;17.7;2488
08/01/2026 13:09;AutoVI/tank_screw;padim;448x448;10;10;413;4;1;0.4627;0.22;0.3762;0.0316;0.0421;0.9265;0.0054;0.9931;0.6824;19.3;2488
08/01/2026 13:10;mvtec_loco_AD/breakfast_box;padim;448x448;10;10;275;4;1;0.4052;0.5649;0.774;0.0173;0.0809;0.7674;0.1533;0.7377;0.3446;17.9;2488
08/01/2026 13:12;mvtec_loco_AD/juice_bottle;padim;448x448;10;10;330;4;1;0.4725;0.7002;0.8339;0.0381;0.0636;0.2778;0.0359;0.0709;0.0097;19;2488
08/01/2026 13:14;mvtec_loco_AD/pushpins;padim;448x448;10;10;310;4;1;0.4713;0.541;0.7137;0.0233;0.1105;0.4955;0.028;0.6371;0.3756;19.3;2488
08/01/2026 13:16;mvtec_loco_AD/screw_bag;padim;448x448;10;10;341;4;1;0.5815;0.7776;0.7835;0.2831;0.3333;0.2923;0.048;0.2665;0.0392;19.8;2488
08/01/2026 13:18;mvtec_loco_AD/splicing_connectors;padim;448x448;10;10;312;4;1;0.5454;0.6497;0.7659;0.0311;0.1295;0.5866;0.1604;0.4437;0.2765;16.8;2488
08/01/2026 13:19;VisA/candle;padim;448x448;10;10;200;4;1;0.4721;0.4566;0.6757;0;0.01;0.5914;0.0015;0.7204;0.2239;15.6;2488
08/01/2026 13:20;VisA/capsules;padim;448x448;10;10;160;4;1;0.5998;0.7082;0.7722;0.2;0.27;0.853;0.014;0.7996;0.4547;15.4;2488
08/01/2026 13:21;VisA/cashew;padim;448x448;10;10;150;4;1;0.4982;0.7519;0.8;0.24;0.34;0.8365;0.1913;0.6556;0.5346;15.6;2488
08/01/2026 13:22;VisA/chewinggum;padim;448x448;10;10;150;4;1;0.5264;0.7048;0.8;0.08;0.12;0.7493;0.0193;0.3377;0.1714;15.9;2488
08/01/2026 13:23;VisA/fryum;padim;448x448;10;10;150;4;1;0.793;0.8889;0.8286;0.36;0.5;0.9392;0.2552;0.9922;0.7322;16.5;2488
08/01/2026 13:25;VisA/macaroni1;padim;448x448;10;10;200;4;1;0.6178;0.6345;0.6689;0.1;0.16;0.9439;0.0112;0.8848;0.5927;15.9;2488
08/01/2026 13:26;VisA/macaroni2;padim;448x448;10;10;200;4;1;0.6641;0.6282;0.7111;0.08;0.21;0.9233;0.008;0.9817;0.6112;15.4;2488
08/01/2026 13:27;VisA/pcb1;padim;448x448;10;10;200;4;1;0.7805;0.7279;0.824;0.21;0.33;0.9141;0.0304;0.9863;0.7927;15.1;2488
08/01/2026 13:28;VisA/pcb2;padim;448x448;10;10;200;4;1;0.7211;0.7418;0.7099;0.3;0.36;0.9648;0.0781;0.994;0.8064;15.4;2488
08/01/2026 13:29;VisA/pcb3;padim;448x448;10;10;201;4;1;0.7548;0.7575;0.7529;0.28;0.36;0.9814;0.2154;0.9997;0.8709;15.4;2488
08/01/2026 13:30;VisA/pcb4;padim;448x448;10;10;201;4;1;0.7428;0.6678;0.7386;0.09;0.2;0.7289;0.0114;0.6413;0.1942;16.6;2488
08/01/2026 13:31;VisA/pipe_fryum;padim;448x448;10;10;150;4;1;0.2244;0.5227;0.8;0.01;0.01;0.2684;0.0077;0.0667;0.0141;15.4;2488
08/01/2026 13:32;mvtec_AD/bottle;patchcore;448x448;10;10;83;4;1;0.9944;0.9983;0.9841;0.9841;0.9841;0.9531;0.7194;0.9881;0.8499;15.3;465
08/01/2026 13:33;mvtec_AD/cable;patchcore;448x448;10;10;150;4;1;0.8913;0.9414;0.8876;0.6304;0.7935;0.9578;0.6577;0.9833;0.854;15.5;465
08/01/2026 13:34;mvtec_AD/capsule;patchcore;448x448;10;10;132;4;1;0.7946;0.9437;0.9277;0.422;0.5596;0.9632;0.3061;0.9828;0.7914;17.7;465
08/01/2026 13:34;mvtec_AD/carpet;patchcore;448x448;10;10;117;4;1;0.988;0.9963;0.967;0.9213;0.9551;0.9916;0.6479;0.9986;0.9679;15.2;465
08/01/2026 13:35;mvtec_AD/grid;patchcore;448x448;10;10;78;4;1;0.9056;0.9647;0.9256;0.6667;0.7368;0.9327;0.2791;0.83;0.5981;16.3;465
08/01/2026 13:36;mvtec_AD/hazelnut;patchcore;448x448;10;10;110;4;1;0.9893;0.9945;0.964;0.9571;0.9571;0.9688;0.5422;0.9472;0.84;15;465
08/01/2026 13:37;mvtec_AD/leather;patchcore;448x448;10;10;124;4;1;0.9935;0.998;0.9834;0.9674;0.9891;0.9923;0.5188;0.9996;0.9698;15;465
08/01/2026 13:38;mvtec_AD/metal_nut;patchcore;448x448;10;10;115;4;1;0.9927;0.9983;0.9787;0.957;0.9677;0.9073;0.6149;0.951;0.8088;14.9;465
08/01/2026 13:39;mvtec_AD/pill;patchcore;448x448;10;10;167;4;1;0.3775;0.8173;0.9156;0.0496;0.0851;0.7668;0.0785;0.9243;0.5365;17.9;465
08/01/2026 13:40;mvtec_AD/screw;patchcore;448x448;10;10;160;4;1;0.687;0.8305;0.8741;0.084;0.3445;0.9736;0.0834;0.9939;0.7475;16.1;465
08/01/2026 13:40;mvtec_AD/tile;patchcore;448x448;10;10;117;4;1;0.9845;0.9938;0.9704;0.9286;0.9762;0.9432;0.4934;0.99;0.906;15.1;465
08/01/2026 13:41;mvtec_AD/toothbrush;patchcore;448x448;10;10;42;4;1;0.8972;0.9604;0.8955;0.6667;0.7333;0.7886;0.2079;0.3239;0.2054;18.3;465
08/01/2026 13:42;mvtec_AD/transistor;patchcore;448x448;10;10;100;4;1;0.7421;0.7068;0.64;0.3;0.45;0.8254;0.3517;0.8659;0.6782;17.3;465
08/01/2026 13:43;mvtec_AD/wood;patchcore;448x448;10;10;79;4;1;0.9833;0.9951;0.9748;0.9;0.9667;0.9211;0.4814;0.9807;0.9327;16.6;465
08/01/2026 13:44;mvtec_AD/zipper;patchcore;448x448;10;10;151;4;1;0.9677;0.9921;0.962;0.8739;0.9412;0.9815;0.669;0.9918;0.9127;17.4;465
08/01/2026 13:45;AutoVI/underbody_pipes;patchcore;448x448;10;10;344;4;1;0.9883;0.9897;0.9547;0.929;0.9836;0.974;0.3908;0.9988;0.8759;16.3;465
08/01/2026 13:47;AutoVI/underbody_screw;patchcore;448x448;10;10;392;4;1;0.865;0.1498;0.3956;0;0;0.9965;0.0352;1;0.9332;17.7;465
08/01/2026 13:50;AutoVI/engine_wiring;patchcore;448x448;10;10;574;4;1;0.5877;0.6015;0.6728;0.1003;0.1834;0.8704;0.2278;0.8549;0.4754;17.2;465
08/01/2026 13:52;AutoVI/pipe_clip;patchcore;448x448;10;10;337;4;1;0.5769;0.4774;0.6196;0.0704;0.1127;0.8989;0.0446;0.9665;0.5984;17.4;465
08/01/2026 13:54;AutoVI/tank_screw;patchcore;448x448;10;10;413;4;1;0.4748;0.2031;0.3922;0;0.0105;0.9569;0.0156;0.9443;0.6825;16.9;465
08/01/2026 13:55;mvtec_loco_AD/breakfast_box;patchcore;448x448;10;10;275;4;1;0.727;0.842;0.7871;0.3699;0.4104;0.8674;0.5017;0.8968;0.703;18.6;465
08/01/2026 13:57;mvtec_loco_AD/juice_bottle;patchcore;448x448;10;10;330;4;1;0.4564;0.7146;0.8339;0.0805;0.1102;0.4312;0.0451;0.1557;0.0466;18.4;465
08/01/2026 13:59;mvtec_loco_AD/pushpins;patchcore;448x448;10;10;310;4;1;0.5068;0.5866;0.7137;0.0523;0.1163;0.6381;0.0648;0.7364;0.4604;18.4;465
08/01/2026 14:01;mvtec_loco_AD/screw_bag;patchcore;448x448;10;10;341;4;1;0.6468;0.7289;0.7821;0.0411;0.1005;0.6331;0.1024;0.7444;0.531;17.6;465
08/01/2026 14:03;mvtec_loco_AD/splicing_connectors;patchcore;448x448;10;10;312;4;1;0.7192;0.8151;0.778;0.1969;0.2953;0.5626;0.1343;0.4343;0.278;19.2;465
08/01/2026 14:04;VisA/candle;patchcore;448x448;10;10;200;4;1;0.7655;0.7797;0.7222;0.39;0.45;0.9234;0.1245;0.9554;0.8018;19.7;465
08/01/2026 14:05;VisA/capsules;patchcore;448x448;10;10;160;4;1;0.805;0.8935;0.81;0.59;0.62;0.9884;0.5813;0.9853;0.7821;16.1;465
08/01/2026 14:06;VisA/cashew;patchcore;448x448;10;10;150;4;1;0.8376;0.9251;0.8333;0.56;0.67;0.7948;0.2842;0.7478;0.619;17.3;465
08/01/2026 14:08;VisA/chewinggum;patchcore;448x448;10;10;150;4;1;0.9742;0.99;0.9697;0.96;0.96;0.9924;0.693;0.9318;0.7692;19.4;465
08/01/2026 14:09;VisA/fryum;patchcore;448x448;10;10;150;4;1;0.9532;0.9754;0.9412;0.83;0.87;0.847;0.1425;0.9594;0.756;19.2;465
08/01/2026 14:11;VisA/macaroni1;patchcore;448x448;10;10;200;4;1;0.7564;0.7719;0.7348;0.38;0.43;0.9803;0.1154;0.9251;0.7874;17.4;465
08/01/2026 14:12;VisA/macaroni2;patchcore;448x448;10;10;200;4;1;0.6637;0.6538;0.6984;0.22;0.26;0.9582;0.0352;0.9004;0.7447;16.7;465
08/01/2026 14:14;VisA/pcb1;patchcore;448x448;10;10;200;4;1;0.887;0.8746;0.8426;0.48;0.59;0.9756;0.2839;0.9932;0.8827;19.6;465
08/01/2026 14:15;VisA/pcb2;patchcore;448x448;10;10;200;4;1;0.8855;0.8645;0.8219;0.58;0.74;0.9739;0.2016;0.9719;0.7802;18.3;465
08/01/2026 14:16;VisA/pcb3;patchcore;448x448;10;10;201;4;1;0.8684;0.8846;0.796;0.51;0.61;0.9861;0.425;0.9922;0.8275;20.6;465
08/01/2026 14:18;VisA/pcb4;patchcore;448x448;10;10;201;4;1;0.9791;0.9739;0.9469;0.88;0.98;0.946;0.2087;0.9759;0.8799;20;465
08/01/2026 14:19;VisA/pipe_fryum;patchcore;448x448;10;10;150;4;1;0.6376;0.816;0.8;0.28;0.36;0.6564;0.0414;0.5493;0.2926;20.2;465
08/01/2026 11:09;mvtec_AD/bottle;padim;448x448;20;20;83;0;1;0.8841;0.9673;0.8943;0.7619;0.7619;0.827;0.3644;0.8976;0.7199;30.1;2536
08/01/2026 11:10;mvtec_AD/cable;padim;448x448;20;20;150;0;1;0.6484;0.7296;0.7778;0.0435;0.2283;0.903;0.1937;0.9597;0.7109;31.1;2536
08/01/2026 11:12;mvtec_AD/capsule;padim;448x448;20;20;132;0;1;0.6841;0.873;0.9083;0.0092;0.1376;0.9264;0.1579;0.9211;0.7303;31.9;2536
08/01/2026 11:14;mvtec_AD/carpet;padim;448x448;20;20;117;0;1;0.9254;0.979;0.9318;0.7978;0.809;0.9423;0.3888;0.9527;0.8546;31.9;2536
08/01/2026 11:15;mvtec_AD/grid;padim;448x448;20;20;78;0;1;0.5898;0.8125;0.8444;0.1228;0.1754;0.8373;0.0854;0.6437;0.4087;28.5;2536
08/01/2026 11:16;mvtec_AD/hazelnut;padim;448x448;20;20;110;0;1;0.7821;0.8756;0.8121;0.4;0.4286;0.7387;0.0392;0.7797;0.3635;29.1;2536
08/01/2026 11:18;mvtec_AD/leather;padim;448x448;20;20;124;0;1;0.9076;0.9712;0.9101;0.7826;0.8152;0.938;0.3102;0.9575;0.8334;29.2;2536
08/01/2026 11:19;mvtec_AD/metal_nut;padim;448x448;20;20;115;0;1;0.4643;0.8326;0.8942;0.1613;0.2473;0.6312;0.1379;0.5797;0.1693;28.3;2536
08/01/2026 11:21;mvtec_AD/pill;padim;448x448;20;20;167;0;1;0.3418;0.7813;0.9156;0.0213;0.0284;0.4317;0.0267;0.4924;0.1103;28.2;2536
08/01/2026 11:23;mvtec_AD/screw;padim;448x448;20;20;160;0;1;0.52;0.7495;0.8592;0.042;0.0672;0.9551;0.0285;0.9983;0.8399;28.5;2536
08/01/2026 11:24;mvtec_AD/tile;padim;448x448;20;20;117;0;1;0.8319;0.9304;0.8736;0.4405;0.5952;0.724;0.2238;0.7294;0.5373;28.8;2536
08/01/2026 11:25;mvtec_AD/toothbrush;padim;448x448;20;20;42;0;1;0.4278;0.7717;0.8333;0.3333;0.3333;0.7633;0.0287;0.5413;0.1547;29.3;2536
08/01/2026 11:27;mvtec_AD/transistor;padim;448x448;20;20;100;0;1;0.8221;0.7968;0.7294;0.525;0.65;0.9027;0.3546;0.9522;0.6981;29.5;2536
08/01/2026 11:28;mvtec_AD/wood;padim;448x448;20;20;79;0;1;0.9623;0.9889;0.9421;0.8667;0.8667;0.8539;0.353;0.9381;0.8138;29.6;2536
08/01/2026 11:30;mvtec_AD/zipper;padim;448x448;20;20;151;0;1;0.6075;0.8456;0.8815;0.0252;0.2185;0.9332;0.3417;0.9515;0.6715;28.6;2536
08/01/2026 11:32;AutoVI/underbody_pipes;padim;448x448;20;20;344;0;1;0.5673;0.5243;0.7702;0.0055;0.0273;0.9632;0.2298;0.9826;0.7105;28.2;2536
08/01/2026 11:35;AutoVI/underbody_screw;padim;448x448;20;20;392;0;1;0.1482;0.0266;0.0878;0;0;0.9189;0.001;0.993;0.5547;28.3;2536
08/01/2026 11:39;AutoVI/engine_wiring;padim;448x448;20;20;574;0;1;0.7174;0.7014;0.711;0.1488;0.2907;0.8382;0.0767;0.795;0.4825;27.8;2536
08/01/2026 11:41;AutoVI/pipe_clip;padim;448x448;20;20;337;0;1;0.5377;0.4685;0.5941;0.1127;0.1408;0.766;0.0144;0.6501;0.2362;27.9;2536
08/01/2026 11:44;AutoVI/tank_screw;padim;448x448;20;20;413;0;1;0.4579;0.2083;0.3778;0.0211;0.0737;0.8884;0.0038;0.8748;0.4226;28.1;2536
08/01/2026 11:47;mvtec_loco_AD/breakfast_box;padim;448x448;20;20;275;0;1;0.4443;0.62;0.7723;0.0694;0.1272;0.7997;0.1932;0.7788;0.4804;31.9;2536
08/01/2026 11:50;mvtec_loco_AD/juice_bottle;padim;448x448;20;20;330;0;1;0.4361;0.6961;0.8339;0.0424;0.1271;0.4653;0.0481;0.3849;0.1105;29.7;2536
08/01/2026 11:53;mvtec_loco_AD/pushpins;padim;448x448;20;20;310;0;1;0.4546;0.533;0.7137;0.0291;0.1105;0.5412;0.0313;0.6908;0.4149;30.4;2536
08/01/2026 11:57;mvtec_loco_AD/screw_bag;padim;448x448;20;20;341;0;1;0.4441;0.6112;0.7821;0.0457;0.0685;0.3381;0.0507;0.5676;0.2241;30.4;2536
08/01/2026 12:00;mvtec_loco_AD/splicing_connectors;padim;448x448;20;20;312;0;1;0.6255;0.73;0.7665;0.1399;0.2539;0.6239;0.2062;0.6088;0.3639;30.3;2536
08/01/2026 12:02;VisA/candle;padim;448x448;20;20;200;0;1;0.5218;0.5244;0.6711;0.04;0.08;0.6981;0.0024;0.8007;0.3242;29.4;2536
08/01/2026 12:04;VisA/capsules;padim;448x448;20;20;160;0;1;0.4907;0.6227;0.7717;0.05;0.13;0.8842;0.021;0.8354;0.4135;29.4;2536
08/01/2026 12:05;VisA/cashew;padim;448x448;20;20;150;0;1;0.564;0.7989;0.8;0.37;0.41;0.8631;0.213;0.6681;0.4839;28.6;2536
08/01/2026 12:08;VisA/chewinggum;padim;448x448;20;20;150;0;1;0.4988;0.6897;0.8067;0.06;0.14;0.7988;0.0281;0.3802;0.2423;29;2536
08/01/2026 12:10;VisA/fryum;padim;448x448;20;20;150;0;1;0.7598;0.8238;0.8571;0.07;0.41;0.9488;0.2904;0.9787;0.7153;28.2;2536
08/01/2026 12:12;VisA/macaroni1;padim;448x448;20;20;200;0;1;0.7275;0.7237;0.7137;0.22;0.35;0.9655;0.0244;0.9503;0.6382;28.2;2536
08/01/2026 12:14;VisA/macaroni2;padim;448x448;20;20;200;0;1;0.6196;0.6571;0.6835;0.2;0.28;0.9528;0.0208;0.9616;0.7111;28.4;2536
08/01/2026 12:17;VisA/pcb1;padim;448x448;20;20;200;0;1;0.8078;0.7608;0.7854;0.31;0.37;0.9467;0.0709;0.9896;0.8192;28.3;2536
08/01/2026 12:19;VisA/pcb2;padim;448x448;20;20;200;0;1;0.6772;0.6763;0.6824;0.16;0.21;0.9623;0.0495;0.9864;0.8279;28.3;2536
08/01/2026 12:21;VisA/pcb3;padim;448x448;20;20;201;0;1;0.7209;0.7051;0.7218;0.14;0.34;0.9778;0.1551;0.9998;0.7768;28.2;2536
08/01/2026 12:23;VisA/pcb4;padim;448x448;20;20;201;0;1;0.7196;0.6793;0.7422;0.11;0.25;0.7636;0.0145;0.6389;0.3298;29.5;2536
08/01/2026 12:25;VisA/pipe_fryum;padim;448x448;20;20;150;0;1;0.2416;0.5224;0.8;0;0;0.6268;0.016;0.3177;0.0982;28.5;2536
08/01/2026 12:26;mvtec_AD/bottle;patchcore;448x448;20;20;83;0;1;0.9992;0.9998;0.9921;1;1;0.9517;0.715;0.9915;0.9103;28;833
08/01/2026 12:28;mvtec_AD/cable;patchcore;448x448;20;20;150;0;1;0.8973;0.945;0.8571;0.6848;0.7391;0.9619;0.6696;0.9862;0.8186;30;833
08/01/2026 12:30;mvtec_AD/capsule;patchcore;448x448;20;20;132;0;1;0.8014;0.9432;0.9298;0.422;0.5596;0.9638;0.3132;0.9902;0.8843;28.5;833
08/01/2026 12:31;mvtec_AD/carpet;patchcore;448x448;20;20;117;0;1;0.9932;0.9979;0.978;0.9438;0.9663;0.9917;0.6433;0.9978;0.877;28.4;833
08/01/2026 12:32;mvtec_AD/grid;patchcore;448x448;20;20;78;0;1;0.9766;0.993;0.9735;0.9649;0.9649;0.9768;0.4329;0.9184;0.8425;27.7;833
08/01/2026 12:34;mvtec_AD/hazelnut;patchcore;448x448;20;20;110;0;1;0.9918;0.9959;0.9718;0.9714;0.9857;0.9638;0.5161;0.9396;0.8428;28.1;833
08/01/2026 12:35;mvtec_AD/leather;patchcore;448x448;20;20;124;0;1;0.9932;0.998;0.9891;0.9891;0.9891;0.9921;0.5154;0.999;0.9492;28.1;833
08/01/2026 12:37;mvtec_AD/metal_nut;patchcore;448x448;20;20;115;0;1;0.9814;0.9959;0.967;0.9462;0.9462;0.9102;0.597;0.9771;0.8249;27.4;833
08/01/2026 12:39;mvtec_AD/pill;patchcore;448x448;20;20;167;0;1;0.3658;0.81;0.9156;0.0496;0.0638;0.7802;0.0812;0.9198;0.5143;27.4;833
08/01/2026 12:40;mvtec_AD/screw;patchcore;448x448;20;20;160;0;1;0.8108;0.9125;0.9105;0.3782;0.395;0.9803;0.2414;0.9919;0.8721;27.9;833
08/01/2026 12:42;mvtec_AD/tile;patchcore;448x448;20;20;117;0;1;0.9957;0.9984;0.988;0.9762;0.9762;0.9455;0.5035;0.9902;0.9383;27.7;833
08/01/2026 12:43;mvtec_AD/toothbrush;patchcore;448x448;20;20;42;0;1;0.8694;0.9494;0.9062;0.6667;0.6667;0.7642;0.1919;0.2879;0.1844;28.2;833
08/01/2026 12:44;mvtec_AD/transistor;patchcore;448x448;20;20;100;0;1;0.7275;0.6817;0.6555;0.25;0.375;0.8233;0.3467;0.882;0.6955;28.4;833
08/01/2026 12:45;mvtec_AD/wood;patchcore;448x448;20;20;79;0;1;0.9877;0.9964;0.9744;0.95;0.95;0.9207;0.4846;0.9818;0.9457;28.5;833
08/01/2026 12:47;mvtec_AD/zipper;patchcore;448x448;20;20;151;0;1;0.9711;0.9923;0.9661;0.8235;0.958;0.9823;0.6705;0.992;0.8786;27.4;833
08/01/2026 12:49;AutoVI/underbody_pipes;patchcore;448x448;20;20;344;0;1;0.9926;0.9937;0.9615;0.9617;0.9891;0.9797;0.3954;0.9993;0.9604;27.6;833
08/01/2026 12:52;AutoVI/underbody_screw;patchcore;448x448;20;20;392;0;1;0.9333;0.2578;0.4533;0.3889;0.7778;0.9992;0.1439;1;0.9192;27.8;833
08/01/2026 12:56;AutoVI/engine_wiring;patchcore;448x448;20;20;574;0;1;0.5947;0.6174;0.6713;0.1349;0.1696;0.8927;0.2594;0.8669;0.5463;27.1;833
08/01/2026 12:59;AutoVI/pipe_clip;patchcore;448x448;20;20;337;0;1;0.5878;0.4748;0.634;0.0775;0.1268;0.9111;0.0446;0.9815;0.6377;27.3;833
08/01/2026 13:01;AutoVI/tank_screw;patchcore;448x448;20;20;413;0;1;0.5569;0.2346;0.4268;0.0211;0.0632;0.9746;0.0341;0.9791;0.7043;27.7;833
08/01/2026 13:04;mvtec_loco_AD/breakfast_box;patchcore;448x448;20;20;275;0;1;0.7058;0.8375;0.7864;0.4277;0.4335;0.8643;0.4971;0.8886;0.6717;32.7;833
08/01/2026 13:07;mvtec_loco_AD/juice_bottle;patchcore;448x448;20;20;330;0;1;0.4634;0.7238;0.8339;0.0763;0.1017;0.4189;0.0442;0.1563;0.0518;28.7;833
08/01/2026 13:10;mvtec_loco_AD/pushpins;patchcore;448x448;20;20;310;0;1;0.5448;0.6065;0.7174;0.064;0.1337;0.6366;0.0661;0.7157;0.395;30.3;833
08/01/2026 13:13;mvtec_loco_AD/screw_bag;patchcore;448x448;20;20;341;0;1;0.6845;0.8149;0.7821;0.2557;0.347;0.6221;0.1036;0.7709;0.5829;29.7;833
08/01/2026 13:16;mvtec_loco_AD/splicing_connectors;patchcore;448x448;20;20;312;0;1;0.7314;0.8368;0.7657;0.2746;0.4352;0.5688;0.1393;0.4069;0.2733;29.4;833
08/01/2026 13:19;VisA/candle;patchcore;448x448;20;20;200;0;1;0.7621;0.7871;0.724;0.37;0.43;0.9239;0.1302;0.948;0.7608;27.7;833
08/01/2026 13:20;VisA/capsules;patchcore;448x448;20;20;160;0;1;0.8445;0.9133;0.8333;0.64;0.72;0.9898;0.6049;0.9903;0.8343;28;833
08/01/2026 13:22;VisA/cashew;patchcore;448x448;20;20;150;0;1;0.7754;0.8968;0.8035;0.49;0.56;0.7855;0.2842;0.7205;0.574;27.9;833
08/01/2026 13:24;VisA/chewinggum;patchcore;448x448;20;20;150;0;1;0.9816;0.992;0.9592;0.94;0.94;0.9934;0.6925;0.9284;0.7999;27.6;833
08/01/2026 13:26;VisA/fryum;patchcore;448x448;20;20;150;0;1;0.9652;0.983;0.9394;0.85;0.93;0.8658;0.1793;0.9578;0.8061;27.5;833
08/01/2026 13:29;VisA/macaroni1;patchcore;448x448;20;20;200;0;1;0.8305;0.8285;0.776;0.4;0.56;0.9841;0.1237;0.9452;0.8383;29.4;833
08/01/2026 13:31;VisA/macaroni2;patchcore;448x448;20;20;200;0;1;0.6907;0.7118;0.7082;0.33;0.39;0.9622;0.0557;0.9023;0.7352;27.6;833
08/01/2026 13:33;VisA/pcb1;patchcore;448x448;20;20;200;0;1;0.9552;0.9229;0.9378;0.73;0.96;0.9945;0.7719;0.9891;0.8775;27;833
08/01/2026 13:35;VisA/pcb2;patchcore;448x448;20;20;200;0;1;0.8983;0.8785;0.8497;0.59;0.8;0.9756;0.1942;0.9793;0.8778;27.7;833
08/01/2026 13:37;VisA/pcb3;patchcore;448x448;20;20;201;0;1;0.9166;0.9329;0.8431;0.74;0.79;0.9871;0.4332;0.9836;0.8573;27.9;833
08/01/2026 13:39;VisA/pcb4;patchcore;448x448;20;20;201;0;1;0.9708;0.9636;0.951;0.87;0.97;0.952;0.3381;0.9704;0.8242;27.6;833
08/01/2026 13:42;VisA/pipe_fryum;patchcore;448x448;20;20;150;0;1;0.669;0.8363;0.8065;0.33;0.39;0.657;0.0454;0.5439;0.3179;27.7;833
08/01/2026 13:43;mvtec_AD/bottle;padim;448x448;20;20;83;1;1;0.9381;0.9832;0.9412;0.8889;0.8889;0.8174;0.4298;0.8711;0.7199;28.3;2536
08/01/2026 13:44;mvtec_AD/cable;padim;448x448;20;20;150;1;1;0.7461;0.8199;0.786;0.2283;0.2826;0.912;0.2479;0.9467;0.7538;29.2;2536
08/01/2026 13:46;mvtec_AD/capsule;padim;448x448;20;20;132;1;1;0.6645;0.8553;0.9264;0;0.055;0.9454;0.1704;0.9539;0.6904;29.1;2536
08/01/2026 13:47;mvtec_AD/carpet;padim;448x448;20;20;117;1;1;0.8909;0.967;0.8923;0.6517;0.7416;0.9396;0.3432;0.9428;0.7838;29.4;2536
08/01/2026 13:49;mvtec_AD/grid;padim;448x448;20;20;78;1;1;0.5764;0.775;0.8507;0.0702;0.1754;0.8681;0.0872;0.8017;0.5599;28.1;2536
08/01/2026 13:50;mvtec_AD/hazelnut;padim;448x448;20;20;110;1;1;0.7714;0.873;0.8;0.4571;0.5857;0.7558;0.0488;0.7962;0.4707;29.2;2536
08/01/2026 13:52;mvtec_AD/leather;padim;448x448;20;20;124;1;1;0.9195;0.9748;0.9239;0.7935;0.8587;0.9348;0.2878;0.9595;0.806;28.8;2536
08/01/2026 13:53;mvtec_AD/metal_nut;padim;448x448;20;20;115;1;1;0.5029;0.8378;0.8942;0.1183;0.1505;0.5757;0.1217;0.4798;0.1719;28;2536
08/01/2026 13:55;mvtec_AD/pill;padim;448x448;20;20;167;1;1;0.3123;0.7517;0.9156;0;0;0.38;0.0244;0.414;0.1847;28.4;2536
08/01/2026 13:56;mvtec_AD/screw;padim;448x448;20;20;160;1;1;0.4753;0.747;0.853;0.1008;0.1765;0.9622;0.0448;0.9983;0.8346;28.2;2536
08/01/2026 13:58;mvtec_AD/tile;padim;448x448;20;20;117;1;1;0.8763;0.9508;0.8941;0.6071;0.7024;0.7937;0.238;0.8374;0.6844;28.6;2536
08/01/2026 13:59;mvtec_AD/toothbrush;padim;448x448;20;20;42;1;1;0.4861;0.7821;0.8333;0.2667;0.3;0.7754;0.0322;0.6455;0.2609;28.9;2536
08/01/2026 14:00;mvtec_AD/transistor;padim;448x448;20;20;100;1;1;0.8096;0.8109;0.7532;0.55;0.65;0.8977;0.4003;0.9232;0.7121;29.4;2536
08/01/2026 14:01;mvtec_AD/wood;padim;448x448;20;20;79;1;1;0.9632;0.9887;0.9449;0.85;0.8667;0.8929;0.3788;0.9676;0.9079;29.9;2536
08/01/2026 14:03;mvtec_AD/zipper;padim;448x448;20;20;151;1;1;0.6226;0.8302;0.8815;0.0084;0.0924;0.8563;0.1787;0.8602;0.5073;29.6;2536
08/01/2026 14:06;AutoVI/underbody_pipes;padim;448x448;20;20;344;1;1;0.9018;0.8971;0.8533;0.5082;0.7596;0.9633;0.2833;0.9929;0.8221;28.3;2536
08/01/2026 14:08;AutoVI/underbody_screw;padim;448x448;20;20;392;1;1;0.0949;0.0255;0.0878;0;0;0.9415;0.0014;1;0.7628;28.3;2536
08/01/2026 14:12;AutoVI/engine_wiring;padim;448x448;20;20;574;1;1;0.4821;0.5033;0.6706;0.0415;0.0865;0.8396;0.0857;0.7852;0.4684;27.5;2536
08/01/2026 14:15;AutoVI/pipe_clip;padim;448x448;20;20;337;1;1;0.5337;0.524;0.5954;0.1831;0.2324;0.805;0.0182;0.75;0.3232;27.7;2536
08/01/2026 14:17;AutoVI/tank_screw;padim;448x448;20;20;413;1;1;0.4891;0.2258;0.3848;0.0316;0.1053;0.9205;0.0061;0.9838;0.6986;28.4;2536
08/01/2026 14:20;mvtec_loco_AD/breakfast_box;padim;448x448;20;20;275;1;1;0.4048;0.5656;0.7723;0.0116;0.0578;0.7942;0.1776;0.7828;0.4196;31.9;2536
08/01/2026 14:23;mvtec_loco_AD/juice_bottle;padim;448x448;20;20;330;1;1;0.3555;0.6496;0.8339;0.0297;0.0508;0.4495;0.0469;0.3715;0.1306;29.8;2536
08/01/2026 14:26;mvtec_loco_AD/pushpins;padim;448x448;20;20;310;1;1;0.4755;0.5415;0.7137;0.0523;0.0988;0.5545;0.03;0.6916;0.4038;30.3;2536
08/01/2026 14:29;mvtec_loco_AD/screw_bag;padim;448x448;20;20;341;1;1;0.3871;0.5987;0.7835;0.0594;0.0776;0.3168;0.0492;0.5483;0.2327;32.1;2536
08/01/2026 14:32;mvtec_loco_AD/splicing_connectors;padim;448x448;20;20;312;1;1;0.6009;0.7108;0.7735;0.1088;0.1917;0.6492;0.2029;0.676;0.4149;30.1;2536
08/01/2026 14:35;VisA/candle;padim;448x448;20;20;200;1;1;0.4391;0.448;0.6712;0;0.03;0.708;0.0023;0.8759;0.4;28.4;2536
08/01/2026 14:36;VisA/capsules;padim;448x448;20;20;160;1;1;0.4737;0.5974;0.7722;0.04;0.05;0.9133;0.0336;0.961;0.6623;28.3;2536
08/01/2026 14:38;VisA/cashew;padim;448x448;20;20;150;1;1;0.6878;0.8679;0.8;0.51;0.56;0.8763;0.1845;0.7454;0.6407;28.4;2536
08/01/2026 14:40;VisA/chewinggum;padim;448x448;20;20;150;1;1;0.7062;0.8447;0.8017;0.23;0.44;0.9079;0.1463;0.5111;0.3333;28.4;2536
08/01/2026 14:42;VisA/fryum;padim;448x448;20;20;150;1;1;0.81;0.8964;0.8472;0.35;0.49;0.9373;0.3065;0.9105;0.6493;28.3;2536
08/01/2026 14:44;VisA/macaroni1;padim;448x448;20;20;200;1;1;0.7254;0.743;0.7082;0.31;0.33;0.9702;0.0428;0.9444;0.7507;28.3;2536
08/01/2026 14:47;VisA/macaroni2;padim;448x448;20;20;200;1;1;0.6733;0.691;0.692;0.18;0.29;0.9434;0.0199;0.9113;0.6269;28.2;2536
08/01/2026 14:49;VisA/pcb1;padim;448x448;20;20;200;1;1;0.7398;0.6949;0.7791;0.2;0.27;0.9511;0.0696;0.9891;0.847;28.3;2536
08/01/2026 14:51;VisA/pcb2;padim;448x448;20;20;200;1;1;0.671;0.6523;0.6857;0.19;0.27;0.9635;0.0706;0.9842;0.8381;28.5;2536
08/01/2026 14:53;VisA/pcb3;padim;448x448;20;20;201;1;1;0.6783;0.6656;0.7033;0.13;0.2;0.9807;0.1971;0.9999;0.8572;28.5;2536
08/01/2026 14:55;VisA/pcb4;padim;448x448;20;20;201;1;1;0.7349;0.6953;0.7491;0.15;0.35;0.7677;0.0145;0.609;0.3015;28.1;2536
08/01/2026 14:57;VisA/pipe_fryum;padim;448x448;20;20;150;1;1;0.246;0.531;0.8;0;0.03;0.4937;0.0118;0.2209;0.097;28.5;2536
08/01/2026 14:58;mvtec_AD/bottle;patchcore;448x448;20;20;83;1;1;0.9976;0.9993;0.992;0.9841;0.9841;0.9498;0.7097;0.9907;0.931;27.9;833
08/01/2026 15:00;mvtec_AD/cable;patchcore;448x448;20;20;150;1;1;0.91;0.9532;0.8977;0.663;0.8587;0.9631;0.6709;0.9857;0.8307;28.4;833
08/01/2026 15:02;mvtec_AD/capsule;patchcore;448x448;20;20;132;1;1;0.8644;0.9674;0.9345;0.5229;0.633;0.9653;0.3184;0.9902;0.7849;28.5;833
08/01/2026 15:03;mvtec_AD/carpet;patchcore;448x448;20;20;117;1;1;0.992;0.9975;0.9778;0.9326;0.9551;0.9921;0.654;0.9988;0.9167;29.6;833
08/01/2026 15:04;mvtec_AD/grid;patchcore;448x448;20;20;78;1;1;0.9749;0.9916;0.955;0.9298;0.9298;0.9724;0.4138;0.9564;0.8609;28.1;833
08/01/2026 15:06;mvtec_AD/hazelnut;patchcore;448x448;20;20;110;1;1;0.9989;0.9994;0.9929;1;1;0.9667;0.5566;0.9512;0.8644;28.5;833
08/01/2026 15:07;mvtec_AD/leather;patchcore;448x448;20;20;124;1;1;0.9935;0.998;0.989;0.9783;0.9891;0.9927;0.5189;0.9996;0.8756;28.2;833
08/01/2026 15:09;mvtec_AD/metal_nut;patchcore;448x448;20;20;115;1;1;0.9892;0.9976;0.9787;0.9677;0.9677;0.9212;0.6475;0.9779;0.8185;27.7;833
08/01/2026 15:11;mvtec_AD/pill;patchcore;448x448;20;20;167;1;1;0.3849;0.8207;0.9156;0.0355;0.0922;0.7737;0.08;0.9174;0.5359;27.6;833
08/01/2026 15:12;mvtec_AD/screw;patchcore;448x448;20;20;160;1;1;0.8631;0.943;0.92;0.437;0.4454;0.982;0.3006;0.9931;0.8988;27.8;833
08/01/2026 15:14;mvtec_AD/tile;patchcore;448x448;20;20;117;1;1;0.9953;0.9983;0.988;0.9762;0.9881;0.9435;0.5035;0.9863;0.9056;27.6;833
08/01/2026 15:15;mvtec_AD/toothbrush;patchcore;448x448;20;20;42;1;1;0.8889;0.9588;0.8923;0.7;0.7667;0.7542;0.1982;0.2798;0.1868;28.1;833
08/01/2026 15:16;mvtec_AD/transistor;patchcore;448x448;20;20;100;1;1;0.7283;0.6594;0.6526;0.225;0.275;0.8196;0.3498;0.858;0.6568;28.5;833
08/01/2026 15:17;mvtec_AD/wood;patchcore;448x448;20;20;79;1;1;0.9868;0.996;0.9661;0.9167;0.95;0.92;0.4852;0.9796;0.8454;28.6;833
08/01/2026 15:19;mvtec_AD/zipper;patchcore;448x448;20;20;151;1;1;0.9727;0.9933;0.9583;0.9244;0.9328;0.9812;0.6574;0.9933;0.858;27.7;833
08/01/2026 15:22;AutoVI/underbody_pipes;patchcore;448x448;20;20;344;1;1;0.9941;0.9949;0.9728;0.9781;0.9945;0.9775;0.3902;0.9991;0.9376;27.6;833
08/01/2026 15:24;AutoVI/underbody_screw;patchcore;448x448;20;20;392;1;1;0.9537;0.3247;0.5862;0.6111;1;0.9994;0.1846;1;0.9195;27.9;833
08/01/2026 15:28;AutoVI/engine_wiring;patchcore;448x448;20;20;574;1;1;0.5986;0.6174;0.6705;0.1176;0.2076;0.8935;0.2683;0.8591;0.5412;27.3;833
08/01/2026 15:31;AutoVI/pipe_clip;patchcore;448x448;20;20;337;1;1;0.5898;0.4775;0.6241;0.0563;0.1408;0.9092;0.0492;0.9691;0.6969;27.6;833
08/01/2026 15:34;AutoVI/tank_screw;patchcore;448x448;20;20;413;1;1;0.5958;0.2625;0.4277;0.0526;0.0737;0.9544;0.0246;0.8871;0.6028;27.6;833
08/01/2026 15:36;mvtec_loco_AD/breakfast_box;patchcore;448x448;20;20;275;1;1;0.7294;0.851;0.7849;0.4393;0.5087;0.8637;0.5022;0.8827;0.7015;31;833
08/01/2026 15:39;mvtec_loco_AD/juice_bottle;patchcore;448x448;20;20;330;1;1;0.5114;0.755;0.8339;0.089;0.1822;0.4255;0.0448;0.1559;0.055;28.8;833
08/01/2026 15:42;mvtec_loco_AD/pushpins;patchcore;448x448;20;20;310;1;1;0.5536;0.6265;0.7137;0.0988;0.1105;0.636;0.0658;0.7152;0.4127;29.7;833
08/01/2026 15:45;mvtec_loco_AD/screw_bag;patchcore;448x448;20;20;341;1;1;0.6508;0.7988;0.7821;0.2192;0.3196;0.6126;0.1007;0.7308;0.5165;29.7;833
08/01/2026 15:49;mvtec_loco_AD/splicing_connectors;patchcore;448x448;20;20;312;1;1;0.7233;0.8337;0.7659;0.3472;0.4093;0.5644;0.1419;0.3791;0.2717;29.4;833
08/01/2026 15:51;VisA/candle;patchcore;448x448;20;20;200;1;1;0.7804;0.8143;0.721;0.34;0.54;0.9206;0.1375;0.9611;0.8255;27.6;833
08/01/2026 15:52;VisA/capsules;patchcore;448x448;20;20;160;1;1;0.8538;0.913;0.8493;0.59;0.69;0.9897;0.5925;0.9803;0.7856;28;833
08/01/2026 15:54;VisA/cashew;patchcore;448x448;20;20;150;1;1;0.8148;0.917;0.8182;0.57;0.65;0.812;0.3122;0.7198;0.6468;27.6;833
08/01/2026 15:56;VisA/chewinggum;patchcore;448x448;20;20;150;1;1;0.9778;0.9911;0.9645;0.95;0.96;0.9928;0.6858;0.9469;0.8335;28.2;833
08/01/2026 15:58;VisA/fryum;patchcore;448x448;20;20;150;1;1;0.9702;0.9861;0.949;0.86;0.93;0.8579;0.1638;0.9412;0.7501;27.8;833
08/01/2026 16:01;VisA/macaroni1;patchcore;448x448;20;20;200;1;1;0.8872;0.8841;0.823;0.51;0.63;0.986;0.1304;0.9381;0.7742;27.6;833
08/01/2026 16:03;VisA/macaroni2;patchcore;448x448;20;20;200;1;1;0.6856;0.7165;0.7063;0.26;0.31;0.9595;0.0527;0.9023;0.6857;28.3;833
08/01/2026 16:05;VisA/pcb1;patchcore;448x448;20;20;200;1;1;0.9499;0.9144;0.9327;0.7;0.96;0.9957;0.7926;0.9954;0.9291;27.8;833
08/01/2026 16:07;VisA/pcb2;patchcore;448x448;20;20;200;1;1;0.8756;0.8518;0.8223;0.38;0.72;0.974;0.1951;0.9716;0.8161;29.4;833
08/01/2026 16:09;VisA/pcb3;patchcore;448x448;20;20;201;1;1;0.9034;0.9171;0.8432;0.76;0.78;0.9875;0.4206;0.9961;0.9063;27.7;833
08/01/2026 16:11;VisA/pcb4;patchcore;448x448;20;20;201;1;1;0.9679;0.967;0.9268;0.83;0.95;0.9239;0.3191;0.8861;0.7324;27.3;833
08/01/2026 16:14;VisA/pipe_fryum;patchcore;448x448;20;20;150;1;1;0.6402;0.8185;0.8;0.28;0.33;0.6364;0.0366;0.5615;0.3119;28.1;833
08/01/2026 16:15;mvtec_AD/bottle;padim;448x448;20;20;83;2;1;0.7472;0.9253;0.863;0.6032;0.619;0.6922;0.1376;0.6459;0.3643;28;2536
08/01/2026 16:17;mvtec_AD/cable;padim;448x448;20;20;150;2;1;0.7779;0.7939;0.8263;0.0543;0.4348;0.9374;0.4288;0.9625;0.7437;29.6;2536
08/01/2026 16:18;mvtec_AD/capsule;padim;448x448;20;20;132;2;1;0.515;0.8447;0.9083;0.211;0.2294;0.9143;0.0742;0.9593;0.6839;29.1;2536
08/01/2026 16:20;mvtec_AD/carpet;padim;448x448;20;20;117;2;1;0.8154;0.9422;0.8683;0.618;0.6292;0.8405;0.2323;0.8145;0.6165;29.5;2536
08/01/2026 16:21;mvtec_AD/grid;padim;448x448;20;20;78;2;1;0.6917;0.8865;0.8444;0.4737;0.5088;0.8726;0.0958;0.7998;0.5684;28.4;2536
08/01/2026 16:22;mvtec_AD/hazelnut;padim;448x448;20;20;110;2;1;0.7696;0.8728;0.8;0.4429;0.5143;0.4925;0.0188;0.2569;0.0775;29.2;2536
08/01/2026 16:24;mvtec_AD/leather;padim;448x448;20;20;124;2;1;0.8916;0.964;0.8851;0.6739;0.7717;0.9406;0.2936;0.9702;0.8559;29.2;2536
08/01/2026 16:25;mvtec_AD/metal_nut;padim;448x448;20;20;115;2;1;0.4956;0.8364;0.8942;0.0968;0.1935;0.4037;0.0912;0.0266;0.0047;28;2536
08/01/2026 16:27;mvtec_AD/pill;padim;448x448;20;20;167;2;1;0.2916;0.7484;0.9156;0.0071;0.0142;0.3137;0.023;0.0395;0.007;28.5;2536
08/01/2026 16:29;mvtec_AD/screw;padim;448x448;20;20;160;2;1;0.4064;0.6872;0.853;0.0084;0.0084;0.961;0.0381;0.9926;0.7733;28.9;2536
08/01/2026 16:30;mvtec_AD/tile;padim;448x448;20;20;117;2;1;0.8835;0.9595;0.8701;0.7262;0.7976;0.7977;0.2606;0.8413;0.6922;28.9;2536
08/01/2026 16:31;mvtec_AD/toothbrush;padim;448x448;20;20;42;2;1;0.4889;0.7855;0.8333;0.3;0.3;0.3879;0.0116;0.0217;0.0029;28.3;2536
08/01/2026 16:32;mvtec_AD/transistor;padim;448x448;20;20;100;2;1;0.7838;0.8302;0.7887;0.7;0.7;0.8781;0.3176;0.9379;0.689;29.4;2536
08/01/2026 16:34;mvtec_AD/wood;padim;448x448;20;20;79;2;1;0.9746;0.9916;0.9587;0.7333;0.9167;0.8577;0.3439;0.9487;0.8167;29.3;2536
08/01/2026 16:35;mvtec_AD/zipper;padim;448x448;20;20;151;2;1;0.4764;0.8164;0.8815;0.1429;0.2269;0.7524;0.0819;0.7921;0.3917;28.2;2536
08/01/2026 16:38;AutoVI/underbody_pipes;padim;448x448;20;20;344;2;1;0.6274;0.5753;0.7679;0.0437;0.0546;0.9498;0.1272;0.9874;0.7765;28.4;2536
08/01/2026 16:40;AutoVI/underbody_screw;padim;448x448;20;20;392;2;1;0.0671;0.0251;0.0878;0;0;0.8464;0.0005;0.915;0.3257;28.1;2536
08/01/2026 16:44;AutoVI/engine_wiring;padim;448x448;20;20;574;2;1;0.6006;0.5977;0.6698;0.0865;0.1938;0.7793;0.0294;0.6549;0.2714;27.5;2536
08/01/2026 16:47;AutoVI/pipe_clip;padim;448x448;20;20;337;2;1;0.5319;0.5074;0.5941;0.1056;0.162;0.726;0.0126;0.5569;0.2235;27.5;2536
08/01/2026 16:49;AutoVI/tank_screw;padim;448x448;20;20;413;2;1;0.4693;0.2163;0.3755;0.0211;0.0737;0.905;0.0046;0.916;0.5838;28.2;2536
08/01/2026 16:52;mvtec_loco_AD/breakfast_box;padim;448x448;20;20;275;2;1;0.4005;0.5682;0.7723;0.0289;0.052;0.7568;0.1356;0.7178;0.3314;31.5;2536
08/01/2026 16:55;mvtec_loco_AD/juice_bottle;padim;448x448;20;20;330;2;1;0.3952;0.6566;0.8339;0.0254;0.0508;0.2639;0.0357;0.0285;0.0044;31.2;2536
08/01/2026 16:58;mvtec_loco_AD/pushpins;padim;448x448;20;20;310;2;1;0.4668;0.5365;0.7137;0.0233;0.1105;0.5705;0.0336;0.5111;0.2435;30.5;2536
08/01/2026 17:02;mvtec_loco_AD/screw_bag;padim;448x448;20;20;341;2;1;0.4159;0.6362;0.7821;0.1096;0.1416;0.298;0.0483;0.252;0.0441;30.8;2536
08/01/2026 17:05;mvtec_loco_AD/splicing_connectors;padim;448x448;20;20;312;2;1;0.5848;0.7114;0.7702;0.1399;0.2176;0.6213;0.1836;0.8311;0.5509;32.9;2536
08/01/2026 17:07;VisA/candle;padim;448x448;20;20;200;2;1;0.4439;0.4483;0.676;0;0.04;0.6328;0.0017;0.5999;0.1671;28.2;2536
08/01/2026 17:09;VisA/capsules;padim;448x448;20;20;160;2;1;0.5442;0.7035;0.7711;0.17;0.17;0.9049;0.027;0.9543;0.6044;28.1;2536
08/01/2026 17:10;VisA/cashew;padim;448x448;20;20;150;2;1;0.3744;0.6152;0.8;0.01;0.12;0.8989;0.2365;0.7412;0.5076;29.1;2536
08/01/2026 17:12;VisA/chewinggum;padim;448x448;20;20;150;2;1;0.5162;0.7005;0.8;0.06;0.12;0.8677;0.032;0.5661;0.3223;28.9;2536
08/01/2026 17:14;VisA/fryum;padim;448x448;20;20;150;2;1;0.7752;0.8483;0.8455;0.13;0.42;0.9539;0.3365;0.9752;0.6393;27.1;2536
08/01/2026 17:30;VisA/macaroni1;padim;448x448;20;20;200;2;1;0.5221;0.5952;0.6712;0.15;0.27;0.9633;0.0212;0.9783;0.749;8.2;2536
08/01/2026 17:33;VisA/macaroni2;padim;448x448;20;20;200;2;1;0.6408;0.652;0.678;0.11;0.3;0.9419;0.0034;0.9616;0.6231;10;2536
08/01/2026 17:35;VisA/pcb1;padim;448x448;20;20;200;2;1;0.6966;0.645;0.7471;0.11;0.15;0.976;0.165;0.9894;0.8277;9.7;2536
08/01/2026 17:37;VisA/pcb2;padim;448x448;20;20;200;2;1;0.6235;0.6969;0.6667;0.29;0.37;0.964;0.069;0.9678;0.826;9.5;2536
08/01/2026 17:39;VisA/pcb3;padim;448x448;20;20;201;2;1;0.7239;0.7017;0.7355;0.24;0.25;0.9823;0.2286;1;0.801;10.1;2536
08/01/2026 17:41;VisA/pcb4;padim;448x448;20;20;201;2;1;0.7452;0.6995;0.7416;0.19;0.3;0.7044;0.0104;0.5048;0.1202;9.6;2536
08/01/2026 17:43;VisA/pipe_fryum;padim;448x448;20;20;150;2;1;0.256;0.539;0.8;0.01;0.03;0.1924;0.0071;0.0618;0.0112;10;2536
08/01/2026 17:44;mvtec_AD/bottle;patchcore;448x448;20;20;83;2;1;1;1;1;1;1;0.9496;0.708;0.9896;0.8767;11;833
08/01/2026 17:46;mvtec_AD/cable;patchcore;448x448;20;20;150;2;1;0.9205;0.9538;0.8889;0.7174;0.7826;0.9617;0.6645;0.9913;0.9176;12.3;833
08/01/2026 17:47;mvtec_AD/capsule;patchcore;448x448;20;20;132;2;1;0.8432;0.9649;0.9345;0.5963;0.6422;0.9674;0.3251;0.9909;0.8981;12.9;833
08/01/2026 17:49;mvtec_AD/carpet;patchcore;448x448;20;20;117;2;1;0.9952;0.9985;0.9832;0.9438;0.9888;0.9916;0.6394;0.9981;0.9638;13.2;833
08/01/2026 17:50;mvtec_AD/grid;patchcore;448x448;20;20;78;2;1;0.9749;0.9922;0.9643;0.9474;0.9474;0.9752;0.3912;0.9305;0.8604;10.6;833
08/01/2026 17:51;mvtec_AD/hazelnut;patchcore;448x448;20;20;110;2;1;0.9961;0.9981;0.9928;0.9857;0.9857;0.9658;0.5556;0.9281;0.8792;13.1;833
08/01/2026 17:52;mvtec_AD/leather;patchcore;448x448;20;20;124;2;1;0.9939;0.9981;0.989;0.9783;0.9783;0.9925;0.5129;0.9996;0.9563;12.2;833
08/01/2026 17:54;mvtec_AD/metal_nut;patchcore;448x448;20;20;115;2;1;0.9697;0.9931;0.9626;0.871;0.9032;0.9109;0.5936;0.9789;0.8152;10;833
08/01/2026 17:55;mvtec_AD/pill;patchcore;448x448;20;20;167;2;1;0.3961;0.8202;0.9156;0.0426;0.0993;0.7603;0.0744;0.9138;0.5022;12.1;833
08/01/2026 17:57;mvtec_AD/screw;patchcore;448x448;20;20;160;2;1;0.8895;0.9531;0.9106;0.5126;0.6807;0.9841;0.3243;0.9857;0.8244;10.6;833
08/01/2026 17:58;mvtec_AD/tile;patchcore;448x448;20;20;117;2;1;0.9939;0.9976;0.982;0.9762;0.9762;0.9444;0.5016;0.9879;0.856;10.8;833
08/01/2026 17:59;mvtec_AD/toothbrush;patchcore;448x448;20;20;42;2;1;0.9111;0.9654;0.9091;0.7;0.7333;0.7516;0.202;0.2814;0.1919;12.7;833
08/01/2026 18:00;mvtec_AD/transistor;patchcore;448x448;20;20;100;2;1;0.765;0.7297;0.6598;0.35;0.475;0.8262;0.3652;0.8769;0.6956;12.5;833
08/01/2026 18:01;mvtec_AD/wood;patchcore;448x448;20;20;79;2;1;0.9895;0.9968;0.9677;0.9333;0.95;0.9198;0.4952;0.9771;0.9025;12.4;833
08/01/2026 18:03;mvtec_AD/zipper;patchcore;448x448;20;20;151;2;1;0.9617;0.9898;0.962;0.7899;0.9412;0.9796;0.6431;0.9939;0.8989;10.9;833
08/01/2026 18:06;AutoVI/underbody_pipes;patchcore;448x448;20;20;344;2;1;0.9904;0.9913;0.9651;0.9508;0.9891;0.9813;0.4032;0.9994;0.8585;10.4;833
08/01/2026 18:08;AutoVI/underbody_screw;patchcore;448x448;20;20;392;2;1;0.959;0.3912;0.5667;0.6667;1;0.9988;0.1771;1;0.9839;11.6;833
08/01/2026 18:13;AutoVI/engine_wiring;patchcore;448x448;20;20;574;2;1;0.601;0.6047;0.6739;0.0865;0.1384;0.8955;0.2846;0.8111;0.4554;8.8;833
08/01/2026 18:15;AutoVI/pipe_clip;patchcore;448x448;20;20;337;2;1;0.5472;0.4614;0.615;0.0423;0.1197;0.9058;0.0435;0.9743;0.6501;9.4;833
08/01/2026 18:19;AutoVI/tank_screw;patchcore;448x448;20;20;413;2;1;0.5591;0.2344;0.4342;0.0316;0.0421;0.9671;0.0268;0.9713;0.7815;11.4;833
08/01/2026 18:22;mvtec_loco_AD/breakfast_box;patchcore;448x448;20;20;275;2;1;0.7314;0.8508;0.78;0.3931;0.4682;0.8642;0.5066;0.8804;0.6794;15.8;833
08/01/2026 18:25;mvtec_loco_AD/juice_bottle;patchcore;448x448;20;20;330;2;1;0.4966;0.7485;0.8339;0.1144;0.1483;0.4257;0.045;0.1692;0.0607;13.2;833
08/01/2026 18:29;mvtec_loco_AD/pushpins;patchcore;448x448;20;20;310;2;1;0.5543;0.6411;0.7137;0.1221;0.1686;0.6375;0.0676;0.714;0.407;14.1;833
08/01/2026 18:33;mvtec_loco_AD/screw_bag;patchcore;448x448;20;20;341;2;1;0.664;0.7872;0.7842;0.1963;0.3014;0.6191;0.103;0.7292;0.5235;14.5;833
08/01/2026 18:36;mvtec_loco_AD/splicing_connectors;patchcore;448x448;20;20;312;2;1;0.7182;0.8424;0.7644;0.4404;0.456;0.5676;0.1366;0.3965;0.2742;13.8;833
08/01/2026 18:39;VisA/candle;patchcore;448x448;20;20;200;2;1;0.7907;0.8064;0.7368;0.36;0.49;0.9212;0.115;0.9492;0.7692;10.4;833
08/01/2026 18:40;VisA/capsules;patchcore;448x448;20;20;160;2;1;0.8252;0.9029;0.8161;0.6;0.6;0.9908;0.5806;0.9837;0.8276;10.7;833
08/01/2026 18:42;VisA/cashew;patchcore;448x448;20;20;150;2;1;0.7802;0.8999;0.8174;0.52;0.58;0.796;0.2965;0.7211;0.5437;10.1;833
08/01/2026 18:44;VisA/chewinggum;patchcore;448x448;20;20;150;2;1;0.9872;0.9946;0.97;0.95;0.97;0.9937;0.7013;0.9452;0.8396;9.8;833
08/01/2026 18:46;VisA/fryum;patchcore;448x448;20;20;150;2;1;0.9604;0.9798;0.9378;0.84;0.89;0.8706;0.179;0.9607;0.755;10.5;833
08/01/2026 18:49;VisA/macaroni1;patchcore;448x448;20;20;200;2;1;0.8473;0.8409;0.7819;0.51;0.56;0.9811;0.1236;0.928;0.7647;10.1;833
08/01/2026 18:51;VisA/macaroni2;patchcore;448x448;20;20;200;2;1;0.6778;0.6597;0.7;0.17;0.26;0.9626;0.0278;0.884;0.6794;10.9;833
08/01/2026 18:53;VisA/pcb1;patchcore;448x448;20;20;200;2;1;0.9532;0.9227;0.9372;0.75;0.97;0.9952;0.8109;0.9858;0.8709;10.4;833
08/01/2026 18:55;VisA/pcb2;patchcore;448x448;20;20;200;2;1;0.8988;0.8761;0.8543;0.51;0.79;0.973;0.1959;0.9742;0.8153;9.3;833
08/01/2026 18:57;VisA/pcb3;patchcore;448x448;20;20;201;2;1;0.8825;0.893;0.8276;0.47;0.67;0.9878;0.413;0.9833;0.7724;13.3;833
08/01/2026 18:59;VisA/pcb4;patchcore;448x448;20;20;201;2;1;0.9812;0.9804;0.9515;0.91;0.98;0.948;0.3504;0.9609;0.8736;12;833
08/01/2026 19:02;VisA/pipe_fryum;patchcore;448x448;20;20;150;2;1;0.6536;0.8238;0.805;0.3;0.3;0.6567;0.0411;0.5734;0.3232;9;833
08/01/2026 19:03;mvtec_AD/bottle;padim;448x448;20;20;83;3;1;0.8865;0.9694;0.9138;0.8413;0.8413;0.8198;0.4984;0.8849;0.7741;10.4;2536
08/01/2026 19:04;mvtec_AD/cable;padim;448x448;20;20;150;3;1;0.5384;0.6374;0.7667;0.0978;0.1413;0.925;0.2362;0.9739;0.6936;11.3;2536
08/01/2026 19:06;mvtec_AD/capsule;padim;448x448;20;20;132;3;1;0.6454;0.8732;0.9083;0.055;0.0734;0.943;0.205;0.9679;0.7038;10.9;2536
08/01/2026 19:07;mvtec_AD/carpet;padim;448x448;20;20;117;3;1;0.8796;0.9618;0.8958;0.6067;0.6742;0.9239;0.4203;0.9315;0.7935;10.2;2536
08/01/2026 19:07;mvtec_AD/grid;padim;448x448;20;20;78;3;1;0.6483;0.8567;0.8444;0.3158;0.3509;0.9186;0.1841;0.8407;0.6252;8.2;2536
08/01/2026 19:09;mvtec_AD/hazelnut;padim;448x448;20;20;110;3;1;0.7818;0.8681;0.8242;0.3857;0.5;0.7363;0.0394;0.7996;0.3298;11.1;2536
08/01/2026 19:10;mvtec_AD/leather;padim;448x448;20;20;124;3;1;0.9056;0.9706;0.8902;0.7717;0.8261;0.9059;0.3234;0.9328;0.829;10.8;2536
08/01/2026 19:11;mvtec_AD/metal_nut;padim;448x448;20;20;115;3;1;0.4951;0.832;0.8942;0.129;0.172;0.6411;0.1413;0.5957;0.1441;9.7;2536
08/01/2026 19:13;mvtec_AD/pill;padim;448x448;20;20;167;3;1;0.3246;0.7614;0.9156;0.0071;0.0142;0.4393;0.027;0.4276;0.0956;9.9;2536
08/01/2026 19:14;mvtec_AD/screw;padim;448x448;20;20;160;3;1;0.547;0.7759;0.8561;0.1008;0.1261;0.9568;0.0295;0.9887;0.8111;7.5;2536
08/01/2026 19:15;mvtec_AD/tile;padim;448x448;20;20;117;3;1;0.8885;0.9591;0.8795;0.7024;0.7738;0.8007;0.279;0.8217;0.6227;9.5;2536
08/01/2026 19:16;mvtec_AD/toothbrush;padim;448x448;20;20;42;3;1;0.5111;0.7878;0.8333;0.2;0.3333;0.7376;0.0265;0.5286;0.1297;11.5;2536
08/01/2026 19:17;mvtec_AD/transistor;padim;448x448;20;20;100;3;1;0.7629;0.7142;0.6783;0.35;0.425;0.8942;0.3196;0.9434;0.6892;11.9;2536
08/01/2026 19:18;mvtec_AD/wood;padim;448x448;20;20;79;3;1;0.9939;0.9981;0.9833;0.9167;0.9833;0.8814;0.386;0.9696;0.8804;11.8;2536
08/01/2026 19:19;mvtec_AD/zipper;padim;448x448;20;20;151;3;1;0.7663;0.9122;0.8837;0.1597;0.2353;0.9242;0.3899;0.9529;0.7281;9.5;2536
08/01/2026 19:22;AutoVI/underbody_pipes;padim;448x448;20;20;344;3;1;0.8107;0.8151;0.7837;0.306;0.4317;0.9663;0.2376;0.9899;0.825;7.4;2536
08/01/2026 19:25;AutoVI/underbody_screw;padim;448x448;20;20;392;3;1;0.447;0.0438;0.1246;0.0556;0.0556;0.9407;0.0014;1;0.6715;10;2536
08/01/2026 19:29;AutoVI/engine_wiring;padim;448x448;20;20;574;3;1;0.5998;0.5718;0.6819;0.0657;0.1522;0.8186;0.0589;0.8068;0.4806;8.7;2536
08/01/2026 19:31;AutoVI/pipe_clip;padim;448x448;20;20;337;3;1;0.5388;0.4561;0.5954;0.0634;0.0986;0.8242;0.0204;0.8644;0.4664;8.7;2536
08/01/2026 19:34;AutoVI/tank_screw;padim;448x448;20;20;413;3;1;0.4642;0.2137;0.387;0.0421;0.0526;0.9455;0.01;0.9871;0.7693;9.6;2536
08/01/2026 19:38;mvtec_loco_AD/breakfast_box;padim;448x448;20;20;275;3;1;0.4035;0.5699;0.7723;0.0231;0.0462;0.7789;0.1729;0.7508;0.4081;14.7;2536
08/01/2026 19:41;mvtec_loco_AD/juice_bottle;padim;448x448;20;20;330;3;1;0.422;0.6695;0.8339;0.0254;0.0339;0.4376;0.0459;0.2412;0.0424;11.1;2536
08/01/2026 19:45;mvtec_loco_AD/pushpins;padim;448x448;20;20;310;3;1;0.58;0.6344;0.7155;0.0988;0.1977;0.5183;0.0295;0.6671;0.3972;12.7;2536
08/01/2026 19:48;mvtec_loco_AD/screw_bag;padim;448x448;20;20;341;3;1;0.4503;0.6173;0.7821;0.0411;0.0868;0.3188;0.0495;0.4105;0.1326;12.7;2536
08/01/2026 19:52;mvtec_loco_AD/splicing_connectors;padim;448x448;20;20;312;3;1;0.6076;0.6943;0.775;0.0933;0.1917;0.6205;0.1756;0.5929;0.3517;12.1;2536
08/01/2026 19:54;VisA/candle;padim;448x448;20;20;200;3;1;0.3823;0.4208;0.6667;0;0.03;0.7029;0.0022;0.7756;0.3438;10.1;2536
08/01/2026 19:55;VisA/capsules;padim;448x448;20;20;160;3;1;0.5413;0.6606;0.7722;0.1;0.13;0.9191;0.0438;0.9038;0.5785;7.4;2536
08/01/2026 19:57;VisA/cashew;padim;448x448;20;20;150;3;1;0.5522;0.793;0.8;0.32;0.36;0.8832;0.2562;0.6891;0.5454;9.3;2536
08/01/2026 19:59;VisA/chewinggum;padim;448x448;20;20;150;3;1;0.6358;0.7893;0.8033;0.2;0.25;0.8836;0.1122;0.426;0.2951;9.2;2536
08/01/2026 20:01;VisA/fryum;padim;448x448;20;20;150;3;1;0.8014;0.8726;0.8465;0.13;0.55;0.9435;0.3695;0.9223;0.6982;9.2;2536
08/01/2026 20:03;VisA/macaroni1;padim;448x448;20;20;200;3;1;0.8185;0.7604;0.8128;0.19;0.36;0.971;0.0161;0.941;0.7084;10;2536
08/01/2026 20:06;VisA/macaroni2;padim;448x448;20;20;200;3;1;0.5594;0.5424;0.6947;0.08;0.14;0.9508;0.0041;0.9812;0.6237;9.8;2536
08/01/2026 20:08;VisA/pcb1;padim;448x448;20;20;200;3;1;0.7151;0.7451;0.69;0.3;0.42;0.9783;0.2251;0.9841;0.8614;9.6;2536
08/01/2026 20:10;VisA/pcb2;padim;448x448;20;20;200;3;1;0.7721;0.7991;0.7327;0.4;0.48;0.9711;0.0862;0.9838;0.804;10;2536
08/01/2026 20:12;VisA/pcb3;padim;448x448;20;20;201;3;1;0.7563;0.748;0.7321;0.2;0.35;0.9835;0.2693;0.9943;0.8441;9.3;2536
08/01/2026 20:14;VisA/pcb4;padim;448x448;20;20;201;3;1;0.7742;0.7234;0.7547;0.15;0.31;0.8203;0.0196;0.8466;0.4551;10.2;2536
08/01/2026 20:16;VisA/pipe_fryum;padim;448x448;20;20;150;3;1;0.2862;0.5668;0.8;0.03;0.08;0.5688;0.0136;0.1651;0.0325;9.5;2536
08/01/2026 20:17;mvtec_AD/bottle;patchcore;448x448;20;20;83;3;1;0.9714;0.9926;0.976;0.9683;0.9683;0.9506;0.7126;0.9904;0.9114;11;833
08/01/2026 20:19;mvtec_AD/cable;patchcore;448x448;20;20;150;3;1;0.8962;0.9456;0.8523;0.7065;0.7826;0.962;0.6672;0.9818;0.8282;14.8;833
08/01/2026 20:20;mvtec_AD/capsule;patchcore;448x448;20;20;132;3;1;0.8393;0.9601;0.9264;0.6147;0.6239;0.9675;0.3287;0.9907;0.892;13.3;833
08/01/2026 20:22;mvtec_AD/carpet;patchcore;448x448;20;20;117;3;1;0.992;0.9975;0.9727;0.9438;0.9663;0.9913;0.6349;0.9983;0.9481;12.9;833
08/01/2026 20:23;mvtec_AD/grid;patchcore;448x448;20;20;78;3;1;0.9674;0.9883;0.9565;0.8246;0.9298;0.966;0.3194;0.9477;0.834;11.4;833
08/01/2026 20:24;mvtec_AD/hazelnut;patchcore;448x448;20;20;110;3;1;0.985;0.9935;0.9784;0.9714;0.9714;0.9641;0.5284;0.9495;0.8364;12;833
08/01/2026 20:25;mvtec_AD/leather;patchcore;448x448;20;20;124;3;1;0.9942;0.9982;0.9838;0.9674;0.9891;0.9924;0.5148;0.9996;0.9252;12;833
08/01/2026 20:27;mvtec_AD/metal_nut;patchcore;448x448;20;20;115;3;1;0.9673;0.9926;0.9519;0.8925;0.914;0.9058;0.5704;0.9744;0.7797;10.8;833
08/01/2026 20:28;mvtec_AD/pill;patchcore;448x448;20;20;167;3;1;0.3996;0.8169;0.9156;0.0213;0.0709;0.7664;0.0756;0.9185;0.5072;11.7;833
08/01/2026 20:30;mvtec_AD/screw;patchcore;448x448;20;20;160;3;1;0.8188;0.9288;0.8931;0.521;0.563;0.9789;0.262;0.9913;0.7748;10.3;833
08/01/2026 20:31;mvtec_AD/tile;patchcore;448x448;20;20;117;3;1;0.9946;0.9981;0.988;0.9762;0.9762;0.9455;0.5051;0.9898;0.9138;11.6;833
08/01/2026 20:32;mvtec_AD/toothbrush;patchcore;448x448;20;20;42;3;1;0.8583;0.9485;0.875;0.6667;0.6667;0.7455;0.1808;0.2587;0.1602;13.1;833
08/01/2026 20:33;mvtec_AD/transistor;patchcore;448x448;20;20;100;3;1;0.7796;0.7249;0.6742;0.275;0.475;0.8094;0.3451;0.8604;0.7004;12.5;833
08/01/2026 20:34;mvtec_AD/wood;patchcore;448x448;20;20;79;3;1;0.9842;0.9955;0.9667;0.9333;0.95;0.9226;0.4797;0.9811;0.9172;12.2;833
08/01/2026 20:36;mvtec_AD/zipper;patchcore;448x448;20;20;151;3;1;0.9582;0.9881;0.9664;0.7059;0.9496;0.9814;0.6607;0.9928;0.8671;10.7;833
08/01/2026 20:38;AutoVI/underbody_pipes;patchcore;448x448;20;20;344;3;1;0.9872;0.9888;0.9511;0.9399;0.9781;0.9787;0.3896;0.9991;0.832;10.4;833
08/01/2026 20:41;AutoVI/underbody_screw;patchcore;448x448;20;20;392;3;1;0.866;0.1504;0.4091;0;0.0556;0.9985;0.0524;1;0.8737;10.5;833
08/01/2026 20:46;AutoVI/engine_wiring;patchcore;448x448;20;20;574;3;1;0.5973;0.607;0.6744;0.1073;0.1834;0.8927;0.2742;0.8576;0.4982;9.4;833
08/01/2026 20:48;AutoVI/pipe_clip;patchcore;448x448;20;20;337;3;1;0.5554;0.4585;0.6192;0.0634;0.1127;0.8905;0.0333;0.9678;0.605;9.4;833
08/01/2026 20:51;AutoVI/tank_screw;patchcore;448x448;20;20;413;3;1;0.5229;0.2183;0.4235;0;0.0316;0.9632;0.0236;0.9548;0.77;10.9;833
08/01/2026 20:55;mvtec_loco_AD/breakfast_box;patchcore;448x448;20;20;275;3;1;0.7838;0.8833;0.7981;0.4798;0.5723;0.864;0.5061;0.8881;0.699;16;833
08/01/2026 20:58;mvtec_loco_AD/juice_bottle;patchcore;448x448;20;20;330;3;1;0.4987;0.7472;0.8354;0.1017;0.1525;0.429;0.0453;0.1891;0.0626;11.7;833
08/01/2026 21:01;mvtec_loco_AD/pushpins;patchcore;448x448;20;20;310;3;1;0.549;0.6323;0.7152;0.0988;0.1628;0.6415;0.0693;0.7312;0.4621;14.1;833
08/01/2026 21:05;mvtec_loco_AD/screw_bag;patchcore;448x448;20;20;341;3;1;0.6921;0.8089;0.7821;0.2694;0.3653;0.6256;0.1064;0.751;0.515;14.3;833
08/01/2026 21:09;mvtec_loco_AD/splicing_connectors;patchcore;448x448;20;20;312;3;1;0.7143;0.8344;0.7644;0.3472;0.4301;0.5662;0.1398;0.4343;0.3146;13;833
08/01/2026 21:11;VisA/candle;patchcore;448x448;20;20;200;3;1;0.7809;0.8074;0.7345;0.35;0.49;0.9316;0.1277;0.9779;0.8495;11;833
08/01/2026 21:13;VisA/capsules;patchcore;448x448;20;20;160;3;1;0.8183;0.9056;0.8;0.6;0.61;0.9905;0.6476;0.993;0.9367;10.4;833
08/01/2026 21:14;VisA/cashew;patchcore;448x448;20;20;150;3;1;0.8334;0.9247;0.8267;0.53;0.67;0.7919;0.2888;0.7305;0.6146;10.6;833
08/01/2026 21:16;VisA/chewinggum;patchcore;448x448;20;20;150;3;1;0.9762;0.9904;0.9637;0.93;0.95;0.9928;0.6891;0.9284;0.7785;10;833
08/01/2026 21:18;VisA/fryum;patchcore;448x448;20;20;150;3;1;0.9562;0.9783;0.9372;0.82;0.86;0.8572;0.1566;0.9597;0.7848;10.3;833
08/01/2026 21:21;VisA/macaroni1;patchcore;448x448;20;20;200;3;1;0.8306;0.8345;0.7863;0.39;0.56;0.9828;0.1129;0.9305;0.7464;10.2;833
08/01/2026 21:24;VisA/macaroni2;patchcore;448x448;20;20;200;3;1;0.6858;0.6808;0.7004;0.15;0.29;0.9598;0.0424;0.8672;0.6616;10.8;833
08/01/2026 21:26;VisA/pcb1;patchcore;448x448;20;20;200;3;1;0.9426;0.9091;0.9202;0.58;0.92;0.9953;0.8197;0.9881;0.9006;9.9;833
08/01/2026 21:28;VisA/pcb2;patchcore;448x448;20;20;200;3;1;0.8915;0.8795;0.84;0.44;0.77;0.9729;0.1991;0.9755;0.8352;10.3;833
08/01/2026 21:30;VisA/pcb3;patchcore;448x448;20;20;201;3;1;0.9321;0.9379;0.8542;0.77;0.82;0.9881;0.425;0.9866;0.8151;11.3;833
08/01/2026 21:32;VisA/pcb4;patchcore;448x448;20;20;201;3;1;0.9753;0.9683;0.9447;0.94;0.96;0.9593;0.328;0.9869;0.8393;11.1;833
08/01/2026 21:34;VisA/pipe_fryum;patchcore;448x448;20;20;150;3;1;0.668;0.8362;0.8065;0.35;0.4;0.6761;0.0497;0.541;0.3042;10;833
08/01/2026 21:35;mvtec_AD/bottle;padim;448x448;20;20;83;4;1;0.8341;0.9529;0.8636;0.7143;0.746;0.7043;0.1918;0.7896;0.5203;10.5;2536
08/01/2026 21:37;mvtec_AD/cable;padim;448x448;20;20;150;4;1;0.7371;0.7705;0.8018;0.0435;0.3913;0.9321;0.4183;0.9625;0.7158;11.6;2536
08/01/2026 21:38;mvtec_AD/capsule;padim;448x448;20;20;132;4;1;0.5213;0.8291;0.9083;0.0367;0.0917;0.9031;0.0677;0.9339;0.6429;11;2536
08/01/2026 21:40;mvtec_AD/carpet;padim;448x448;20;20;117;4;1;0.7974;0.9352;0.8768;0.5843;0.6517;0.8592;0.2266;0.8342;0.6147;11.7;2536
08/01/2026 21:41;mvtec_AD/grid;padim;448x448;20;20;78;4;1;0.7218;0.8568;0.873;0.1754;0.193;0.7791;0.033;0.6039;0.3707;10.2;2536
08/01/2026 21:42;mvtec_AD/hazelnut;padim;448x448;20;20;110;4;1;0.7771;0.8744;0.8101;0.4571;0.4857;0.5195;0.0199;0.2586;0.0609;11.5;2536
08/01/2026 21:43;mvtec_AD/leather;padim;448x448;20;20;124;4;1;0.8679;0.9554;0.8854;0.5435;0.7283;0.8907;0.2473;0.9154;0.778;10.4;2536
08/01/2026 21:44;mvtec_AD/metal_nut;padim;448x448;20;20;115;4;1;0.5122;0.8478;0.8942;0.129;0.2043;0.5044;0.1083;0.0817;0.0115;8.9;2536
08/01/2026 21:46;mvtec_AD/pill;padim;448x448;20;20;167;4;1;0.323;0.7598;0.9156;0.0071;0.0142;0.3298;0.0234;0.0518;0.004;9.9;2536
08/01/2026 21:48;mvtec_AD/screw;padim;448x448;20;20;160;4;1;0.5022;0.7697;0.8592;0.0924;0.1429;0.9473;0.0237;0.9971;0.7394;9.4;2536
08/01/2026 21:49;mvtec_AD/tile;padim;448x448;20;20;117;4;1;0.8781;0.9543;0.884;0.6429;0.7738;0.8269;0.3251;0.8613;0.6631;10.4;2536
08/01/2026 21:49;mvtec_AD/toothbrush;padim;448x448;20;20;42;4;1;0.4861;0.7868;0.8333;0.3;0.3333;0.4597;0.0128;0.0881;0.0077;11.4;2536
08/01/2026 21:51;mvtec_AD/transistor;padim;448x448;20;20;100;4;1;0.8217;0.8384;0.7606;0.65;0.675;0.8847;0.3373;0.9312;0.6494;11.1;2536
08/01/2026 21:51;mvtec_AD/wood;padim;448x448;20;20;79;4;1;0.9693;0.9909;0.9449;0.8833;0.9;0.8572;0.3709;0.9445;0.8699;11.4;2536
08/01/2026 21:53;mvtec_AD/zipper;padim;448x448;20;20;151;4;1;0.6289;0.8625;0.8815;0.0588;0.3613;0.9002;0.2568;0.9163;0.6981;8;2536
08/01/2026 21:56;AutoVI/underbody_pipes;padim;448x448;20;20;344;4;1;0.6027;0.5605;0.7621;0.0328;0.071;0.9553;0.1343;0.9843;0.7389;9.4;2536
08/01/2026 21:58;AutoVI/underbody_screw;padim;448x448;20;20;392;4;1;0.068;0.0252;0.0878;0;0;0.8584;0.0006;0.9634;0.457;9.9;2536
08/01/2026 22:03;AutoVI/engine_wiring;padim;448x448;20;20;574;4;1;0.5231;0.5191;0.6705;0.0381;0.09;0.8092;0.0391;0.6871;0.3167;7.9;2536
08/01/2026 22:05;AutoVI/pipe_clip;padim;448x448;20;20;337;4;1;0.5339;0.5163;0.5954;0.1408;0.169;0.8312;0.021;0.8125;0.3717;8.9;2536
08/01/2026 22:08;AutoVI/tank_screw;padim;448x448;20;20;413;4;1;0.4592;0.2176;0.3785;0.0316;0.0421;0.9281;0.0057;0.9886;0.6417;9.6;2536
08/01/2026 22:11;mvtec_loco_AD/breakfast_box;padim;448x448;20;20;275;4;1;0.4056;0.5641;0.774;0.0116;0.0809;0.7654;0.1541;0.744;0.4121;14;2536
08/01/2026 22:15;mvtec_loco_AD/juice_bottle;padim;448x448;20;20;330;4;1;0.4897;0.7128;0.8339;0.0424;0.0763;0.2664;0.0358;0.0237;0.0023;11.5;2536
08/01/2026 22:18;mvtec_loco_AD/pushpins;padim;448x448;20;20;310;4;1;0.4741;0.5413;0.7137;0.0233;0.1221;0.516;0.0303;0.607;0.3378;12.6;2536
08/01/2026 22:22;mvtec_loco_AD/screw_bag;padim;448x448;20;20;341;4;1;0.591;0.7811;0.7828;0.2785;0.347;0.3003;0.0485;0.2636;0.0343;12.8;2536
08/01/2026 22:25;mvtec_loco_AD/splicing_connectors;padim;448x448;20;20;312;4;1;0.5407;0.6522;0.7661;0.057;0.0933;0.5874;0.1707;0.4805;0.3185;12.5;2536
08/01/2026 22:27;VisA/candle;padim;448x448;20;20;200;4;1;0.4481;0.4434;0.6712;0;0.01;0.5835;0.0015;0.6474;0.1746;7.1;2536
08/01/2026 22:29;VisA/capsules;padim;448x448;20;20;160;4;1;0.6365;0.7216;0.7704;0.17;0.24;0.8827;0.0183;0.838;0.4328;9.5;2536
08/01/2026 22:30;VisA/cashew;padim;448x448;20;20;150;4;1;0.4846;0.7495;0.8;0.24;0.31;0.8281;0.1962;0.6218;0.4555;9.9;2536
08/01/2026 22:32;VisA/chewinggum;padim;448x448;20;20;150;4;1;0.5208;0.7085;0.8;0.09;0.15;0.7718;0.0209;0.3529;0.1858;7;2536
08/01/2026 22:34;VisA/fryum;padim;448x448;20;20;150;4;1;0.7874;0.878;0.8416;0.26;0.44;0.946;0.3052;0.9803;0.7529;9.8;2536
08/01/2026 22:37;VisA/macaroni1;padim;448x448;20;20;200;4;1;0.5696;0.6424;0.6689;0.25;0.28;0.9463;0.02;0.8323;0.5831;9.3;2536
08/01/2026 22:39;VisA/macaroni2;padim;448x448;20;20;200;4;1;0.6446;0.623;0.6972;0.13;0.16;0.9239;0.0092;0.9633;0.5889;7.2;2536
08/01/2026 22:41;VisA/pcb1;padim;448x448;20;20;200;4;1;0.7714;0.7145;0.7837;0.15;0.25;0.9439;0.0536;0.9866;0.8186;9.6;2536
08/01/2026 22:43;VisA/pcb2;padim;448x448;20;20;200;4;1;0.7209;0.7393;0.7264;0.28;0.32;0.9698;0.0833;0.994;0.7885;7.4;2536
08/01/2026 22:44;VisA/pcb3;padim;448x448;20;20;201;4;1;0.7613;0.7708;0.7304;0.31;0.37;0.9819;0.2465;0.9988;0.8663;9.4;2536
08/01/2026 22:47;VisA/pcb4;padim;448x448;20;20;201;4;1;0.7459;0.671;0.7414;0.09;0.22;0.7178;0.0111;0.6504;0.1666;9.3;2536
08/01/2026 22:49;VisA/pipe_fryum;padim;448x448;20;20;150;4;1;0.2598;0.5399;0.8;0.01;0.04;0.2334;0.0074;0.0594;0.0123;9.5;2536
08/01/2026 22:50;mvtec_AD/bottle;patchcore;448x448;20;20;83;4;1;0.9929;0.998;0.992;0.9841;0.9841;0.9511;0.7122;0.9913;0.9288;11.7;833
08/01/2026 22:52;mvtec_AD/cable;patchcore;448x448;20;20;150;4;1;0.8986;0.9453;0.8686;0.6957;0.8043;0.9606;0.6703;0.9872;0.8634;12.5;833
08/01/2026 22:53;mvtec_AD/capsule;patchcore;448x448;20;20;132;4;1;0.8217;0.9495;0.9304;0.4312;0.6422;0.9645;0.327;0.9905;0.8635;12;833
08/01/2026 22:54;mvtec_AD/carpet;patchcore;448x448;20;20;117;4;1;0.9896;0.9968;0.9727;0.9213;0.9551;0.9918;0.6496;0.9979;0.8329;12.7;833
08/01/2026 22:55;mvtec_AD/grid;patchcore;448x448;20;20;78;4;1;0.9616;0.986;0.9391;0.807;0.9123;0.9752;0.4285;0.933;0.8405;10.5;833
08/01/2026 22:57;mvtec_AD/hazelnut;patchcore;448x448;20;20;110;4;1;0.995;0.9972;0.9718;0.9714;0.9857;0.9648;0.5223;0.9275;0.8197;12.9;833
08/01/2026 22:58;mvtec_AD/leather;patchcore;448x448;20;20;124;4;1;0.9935;0.9981;0.9891;0.9891;0.9891;0.9926;0.5178;0.9997;0.9445;11.8;833
08/01/2026 22:59;mvtec_AD/metal_nut;patchcore;448x448;20;20;115;4;1;0.9712;0.9933;0.9634;0.8817;0.8817;0.9056;0.5712;0.9748;0.7749;10.1;833
08/01/2026 23:01;mvtec_AD/pill;patchcore;448x448;20;20;167;4;1;0.3554;0.807;0.9156;0.0355;0.0638;0.7677;0.0765;0.921;0.5157;10.8;833
08/01/2026 23:03;mvtec_AD/screw;patchcore;448x448;20;20;160;4;1;0.777;0.9022;0.8906;0.3445;0.5546;0.9792;0.1823;0.986;0.7585;10.8;833
08/01/2026 23:04;mvtec_AD/tile;patchcore;448x448;20;20;117;4;1;0.9971;0.9989;0.9822;0.9762;0.9881;0.9419;0.4948;0.9866;0.8571;12.1;833
08/01/2026 23:05;mvtec_AD/toothbrush;patchcore;448x448;20;20;42;4;1;0.8889;0.9557;0.9231;0.6333;0.7;0.7666;0.1895;0.2763;0.1768;14.4;833
08/01/2026 23:06;mvtec_AD/transistor;patchcore;448x448;20;20;100;4;1;0.7621;0.7294;0.6517;0.375;0.425;0.8263;0.3645;0.8749;0.6762;12.1;833
08/01/2026 23:07;mvtec_AD/wood;patchcore;448x448;20;20;79;4;1;0.9825;0.9947;0.9748;0.85;0.9667;0.9228;0.4848;0.9802;0.8789;12.5;833
08/01/2026 23:08;mvtec_AD/zipper;patchcore;448x448;20;20;151;4;1;0.9722;0.993;0.9661;0.8571;0.958;0.9819;0.6681;0.9927;0.8873;9.5;833
08/01/2026 23:11;AutoVI/underbody_pipes;patchcore;448x448;20;20;344;4;1;0.9908;0.992;0.9602;0.9563;0.9891;0.9788;0.3881;0.9993;0.9243;13.6;833
08/01/2026 23:14;AutoVI/underbody_screw;patchcore;448x448;20;20;392;4;1;0.8657;0.1505;0.4045;0;0;0.9969;0.0364;1;0.8672;12.7;833
08/01/2026 23:19;AutoVI/engine_wiring;patchcore;448x448;20;20;574;4;1;0.6086;0.6186;0.6698;0.0934;0.1799;0.8879;0.2652;0.8792;0.5411;11.4;833
08/01/2026 23:21;AutoVI/pipe_clip;patchcore;448x448;20;20;337;4;1;0.5883;0.4684;0.6304;0.0634;0.1127;0.9239;0.0531;0.9894;0.7954;9.7;833
08/01/2026 23:24;AutoVI/tank_screw;patchcore;448x448;20;20;413;4;1;0.5638;0.2337;0.4332;0.0105;0.0211;0.9757;0.0235;0.9921;0.7678;10.7;833
08/01/2026 23:27;mvtec_loco_AD/breakfast_box;patchcore;448x448;20;20;275;4;1;0.7219;0.8461;0.7882;0.4162;0.4913;0.8645;0.4951;0.8926;0.7092;14.9;833
08/01/2026 23:31;mvtec_loco_AD/juice_bottle;patchcore;448x448;20;20;330;4;1;0.4949;0.7444;0.8339;0.0932;0.1568;0.4351;0.0458;0.1977;0.067;12.1;833
08/01/2026 23:34;mvtec_loco_AD/pushpins;patchcore;448x448;20;20;310;4;1;0.4831;0.5743;0.7137;0.0465;0.0988;0.6365;0.0603;0.7314;0.4397;13.8;833
08/01/2026 23:38;mvtec_loco_AD/screw_bag;patchcore;448x448;20;20;341;4;1;0.6308;0.7246;0.7821;0.0502;0.105;0.6174;0.0999;0.7203;0.4944;14.3;833
08/01/2026 23:42;mvtec_loco_AD/splicing_connectors;patchcore;448x448;20;20;312;4;1;0.7282;0.8431;0.7644;0.3731;0.4611;0.5699;0.1387;0.4144;0.3138;12.7;833
08/01/2026 23:44;VisA/candle;patchcore;448x448;20;20;200;4;1;0.7613;0.775;0.7373;0.35;0.44;0.9245;0.1276;0.9582;0.7822;10.5;833
08/01/2026 23:45;VisA/capsules;patchcore;448x448;20;20;160;4;1;0.8285;0.9053;0.82;0.63;0.66;0.9915;0.6102;0.9978;0.8803;9.9;833
08/01/2026 23:47;VisA/cashew;patchcore;448x448;20;20;150;4;1;0.826;0.9201;0.8354;0.56;0.67;0.7993;0.2943;0.7251;0.6378;10.9;833
08/01/2026 23:49;VisA/chewinggum;patchcore;448x448;20;20;150;4;1;0.9758;0.9901;0.9645;0.95;0.95;0.9919;0.6976;0.9316;0.7942;9.9;833
08/01/2026 23:51;VisA/fryum;patchcore;448x448;20;20;150;4;1;0.9648;0.9824;0.9458;0.89;0.92;0.8468;0.1533;0.9405;0.7225;10.6;833
08/01/2026 23:53;VisA/macaroni1;patchcore;448x448;20;20;200;4;1;0.837;0.8351;0.7826;0.42;0.48;0.9803;0.1279;0.9241;0.8135;10.2;833
08/01/2026 23:56;VisA/macaroni2;patchcore;448x448;20;20;200;4;1;0.6535;0.6539;0.6882;0.19;0.26;0.9598;0.0455;0.8905;0.6841;10.4;833
08/01/2026 23:58;VisA/pcb1;patchcore;448x448;20;20;200;4;1;0.9521;0.9247;0.9314;0.87;0.95;0.9948;0.7844;0.9911;0.8954;10.3;833
09/01/2026 0:00;VisA/pcb2;patchcore;448x448;20;20;200;4;1;0.8917;0.8723;0.8367;0.56;0.76;0.9746;0.198;0.9765;0.9064;11.6;833
09/01/2026 0:02;VisA/pcb3;patchcore;448x448;20;20;201;4;1;0.881;0.891;0.8269;0.51;0.56;0.9874;0.425;0.9907;0.7731;10.4;833
09/01/2026 0:04;VisA/pcb4;patchcore;448x448;20;20;201;4;1;0.9706;0.9625;0.951;0.86;0.98;0.9312;0.3193;0.9047;0.6468;11.3;833
09/01/2026 0:07;VisA/pipe_fryum;patchcore;448x448;20;20;150;4;1;0.6214;0.8073;0.8;0.27;0.31;0.6325;0.0363;0.5605;0.2966;10.2;833
08/01/2026 17:28;mvtec_AD/bottle;padim;448x448;50;50;83;0;1;0.4651;0.807;0.863;0.254;0.2857;0.7337;0.1267;0.7857;0.4638;13.8;2680
08/01/2026 17:30;mvtec_AD/cable;padim;448x448;50;50;150;0;1;0.7545;0.7947;0.8106;0.0761;0.3478;0.9192;0.2651;0.9576;0.7242;18.2;2680
08/01/2026 17:32;mvtec_AD/capsule;padim;448x448;50;50;132;0;1;0.6789;0.8779;0.9083;0.1009;0.1284;0.897;0.1367;0.8597;0.5635;18;2680
08/01/2026 17:33;mvtec_AD/carpet;padim;448x448;50;50;117;0;1;0.8929;0.97;0.897;0.7753;0.8315;0.9303;0.3361;0.9283;0.754;18.5;2680
08/01/2026 17:34;mvtec_AD/grid;padim;448x448;50;50;78;0;1;0.6667;0.8645;0.8462;0.3158;0.3509;0.853;0.1187;0.6925;0.5035;14.2;2680
08/01/2026 17:36;mvtec_AD/hazelnut;padim;448x448;50;50;110;0;1;0.7771;0.8714;0.8158;0.3857;0.4286;0.6711;0.0308;0.6582;0.2657;17.5;2680
08/01/2026 17:37;mvtec_AD/leather;padim;448x448;50;50;124;0;1;0.8957;0.9658;0.8927;0.7065;0.7174;0.9382;0.2952;0.9527;0.8734;18.3;2680
08/01/2026 17:38;mvtec_AD/metal_nut;padim;448x448;50;50;115;0;1;0.457;0.8262;0.8942;0.2151;0.2151;0.5639;0.1195;0.4834;0.1192;12.9;2680
08/01/2026 17:40;mvtec_AD/pill;padim;448x448;50;50;167;0;1;0.3339;0.771;0.9156;0.0071;0.0213;0.3791;0.0243;0.3241;0.0564;15.3;2680
08/01/2026 17:42;mvtec_AD/screw;padim;448x448;50;50;160;0;1;0.5468;0.7721;0.8686;0.0924;0.0924;0.9661;0.0432;0.9969;0.8201;13.8;2680
08/01/2026 17:43;mvtec_AD/tile;padim;448x448;50;50;117;0;1;0.8514;0.9464;0.8625;0.5952;0.6786;0.7352;0.2466;0.7545;0.591;16.4;2680
08/01/2026 17:44;mvtec_AD/toothbrush;padim;448x448;50;50;42;0;1;0.425;0.7702;0.8333;0.3333;0.3333;0.6602;0.0205;0.2765;0.0555;17.1;2680
08/01/2026 17:45;mvtec_AD/transistor;padim;448x448;50;50;100;0;1;0.7612;0.7684;0.7077;0.575;0.575;0.9049;0.359;0.9539;0.7186;17.8;2680
08/01/2026 17:46;mvtec_AD/wood;padim;448x448;50;50;79;0;1;0.9737;0.9919;0.95;0.8667;0.8667;0.8585;0.3555;0.9407;0.8289;18.6;2680
08/01/2026 17:48;mvtec_AD/zipper;padim;448x448;50;50;151;0;1;0.3808;0.7675;0.8815;0.0756;0.1092;0.8511;0.077;0.935;0.5221;13.2;2680
08/01/2026 17:51;AutoVI/underbody_pipes;padim;448x448;50;50;344;0;1;0.5722;0.5251;0.7732;0.0055;0.0273;0.9686;0.2226;0.9852;0.6299;13;2680
08/01/2026 17:53;AutoVI/underbody_screw;padim;448x448;50;50;392;0;1;0.108;0.0258;0.0878;0;0;0.8922;0.0008;0.9887;0.5411;13.6;2680
08/01/2026 17:58;AutoVI/engine_wiring;padim;448x448;50;50;574;0;1;0.7241;0.7116;0.7114;0.1834;0.3114;0.8382;0.0583;0.7366;0.4142;10.8;2680
08/01/2026 18:01;AutoVI/pipe_clip;padim;448x448;50;50;337;0;1;0.5352;0.4702;0.5929;0.0986;0.1408;0.7669;0.0147;0.6125;0.2116;11.5;2680
08/01/2026 18:04;AutoVI/tank_screw;padim;448x448;50;50;413;0;1;0.4703;0.2164;0.3768;0.0211;0.0947;0.8705;0.0033;0.9193;0.5155;12.8;2680
08/01/2026 18:07;mvtec_loco_AD/breakfast_box;padim;448x448;50;50;275;0;1;0.4436;0.6199;0.7723;0.0694;0.1272;0.7686;0.1569;0.6714;0.2854;24.2;2680
08/01/2026 18:11;mvtec_loco_AD/juice_bottle;padim;448x448;50;50;330;0;1;0.4212;0.6686;0.8339;0.0297;0.0551;0.3616;0.0396;0.1795;0.0357;18.2;2680
08/01/2026 18:14;mvtec_loco_AD/pushpins;padim;448x448;50;50;310;0;1;0.4599;0.5346;0.7137;0.0291;0.093;0.5676;0.0346;0.6301;0.3405;21.3;2680
08/01/2026 18:18;mvtec_loco_AD/screw_bag;padim;448x448;50;50;341;0;1;0.4797;0.6326;0.7821;0.0502;0.0685;0.3587;0.0524;0.5717;0.1749;21.8;2680
08/01/2026 18:22;mvtec_loco_AD/splicing_connectors;padim;448x448;50;50;312;0;1;0.6699;0.7666;0.7817;0.1813;0.2539;0.6321;0.2128;0.7354;0.4492;20.3;2680
08/01/2026 18:24;VisA/candle;padim;448x448;50;50;200;0;1;0.4098;0.4372;0.669;0.01;0.04;0.6712;0.002;0.7153;0.2588;12.2;2680
08/01/2026 18:26;VisA/capsules;padim;448x448;50;50;160;0;1;0.4922;0.6362;0.7692;0.05;0.14;0.9092;0.03;0.8656;0.506;13.5;2680
08/01/2026 18:27;VisA/cashew;padim;448x448;50;50;150;0;1;0.5156;0.7741;0.8;0.29;0.36;0.8626;0.2478;0.6472;0.5729;12.9;2680
08/01/2026 18:30;VisA/chewinggum;padim;448x448;50;50;150;0;1;0.5242;0.7075;0.8032;0.06;0.14;0.8505;0.0383;0.3977;0.1992;12.4;2680
08/01/2026 18:32;VisA/fryum;padim;448x448;50;50;150;0;1;0.7956;0.8724;0.8584;0.25;0.39;0.9402;0.3055;0.9221;0.6484;12.5;2680
08/01/2026 18:34;VisA/macaroni1;padim;448x448;50;50;200;0;1;0.737;0.7396;0.7063;0.23;0.44;0.9654;0.0271;0.9177;0.6767;12.3;2680
08/01/2026 18:37;VisA/macaroni2;padim;448x448;50;50;200;0;1;0.6945;0.7202;0.6926;0.28;0.41;0.9536;0.0295;0.9634;0.6426;12.5;2680
08/01/2026 18:39;VisA/pcb1;padim;448x448;50;50;200;0;1;0.7786;0.7422;0.7807;0.27;0.34;0.9681;0.1225;0.9881;0.8269;12.9;2680
08/01/2026 18:41;VisA/pcb2;padim;448x448;50;50;200;0;1;0.6741;0.7015;0.6738;0.26;0.41;0.9672;0.0696;0.9495;0.7031;12.9;2680
08/01/2026 18:43;VisA/pcb3;padim;448x448;50;50;201;0;1;0.7165;0.7333;0.7007;0.31;0.39;0.9802;0.1939;0.9977;0.7834;12.9;2680
08/01/2026 18:46;VisA/pcb4;padim;448x448;50;50;201;0;1;0.7691;0.716;0.7792;0.15;0.24;0.7355;0.012;0.5604;0.2004;14.1;2680
08/01/2026 18:48;VisA/pipe_fryum;padim;448x448;50;50;150;0;1;0.2558;0.5219;0.8;0;0.01;0.5429;0.0132;0.214;0.0732;12.8;2680
08/01/2026 18:49;mvtec_AD/bottle;patchcore;448x448;50;50;83;0;1;0.981;0.9949;0.9839;0.9683;0.9683;0.9497;0.7059;0.9911;0.893;37;1935
08/01/2026 18:52;mvtec_AD/cable;patchcore;448x448;50;50;150;0;1;0.9123;0.9533;0.8778;0.7283;0.7717;0.9638;0.6823;0.9893;0.9162;41.8;1935
08/01/2026 18:53;mvtec_AD/capsule;patchcore;448x448;50;50;132;0;1;0.874;0.9707;0.9432;0.578;0.6697;0.9651;0.3258;0.9905;0.8436;40.6;1935
08/01/2026 18:55;mvtec_AD/carpet;patchcore;448x448;50;50;117;0;1;0.9908;0.9971;0.9775;0.9101;0.9775;0.9921;0.6704;0.9983;0.8352;41.4;1935
08/01/2026 18:57;mvtec_AD/grid;patchcore;448x448;50;50;78;0;1;0.9825;0.9937;0.9649;0.9474;0.9649;0.9827;0.451;0.9527;0.8539;38;1935
08/01/2026 18:58;mvtec_AD/hazelnut;patchcore;448x448;50;50;110;0;1;0.9896;0.9952;0.9855;0.9714;0.9714;0.9652;0.5219;0.9292;0.8772;42.1;1935
08/01/2026 19:00;mvtec_AD/leather;patchcore;448x448;50;50;124;0;1;0.9959;0.9987;0.9945;0.9891;0.9891;0.9925;0.5131;0.9996;0.8811;39.5;1935
08/01/2026 19:02;mvtec_AD/metal_nut;patchcore;448x448;50;50;115;0;1;0.9814;0.9959;0.9733;0.9247;0.957;0.9144;0.6068;0.9826;0.8352;35.6;1935
08/01/2026 19:04;mvtec_AD/pill;patchcore;448x448;50;50;167;0;1;0.3778;0.8071;0.9156;0.0142;0.078;0.7686;0.075;0.9187;0.5193;37.5;1935
08/01/2026 19:06;mvtec_AD/screw;patchcore;448x448;50;50;160;0;1;0.9266;0.9702;0.9474;0.6723;0.7227;0.9863;0.4305;0.9911;0.8839;37.4;1935
08/01/2026 19:08;mvtec_AD/tile;patchcore;448x448;50;50;117;0;1;0.9953;0.9982;0.982;0.9762;0.9881;0.9445;0.4997;0.9886;0.9376;36.7;1935
08/01/2026 19:09;mvtec_AD/toothbrush;patchcore;448x448;50;50;42;0;1;0.9111;0.9632;0.9231;0.6333;0.6333;0.7316;0.159;0.2483;0.1559;40.1;1935
08/01/2026 19:10;mvtec_AD/transistor;patchcore;448x448;50;50;100;0;1;0.7546;0.6962;0.6739;0.225;0.475;0.8294;0.3678;0.8783;0.6916;41.7;1935
08/01/2026 19:12;mvtec_AD/wood;patchcore;448x448;50;50;79;0;1;0.9868;0.9961;0.9744;0.95;0.95;0.9207;0.4849;0.9807;0.9262;43.1;1935
08/01/2026 19:14;mvtec_AD/zipper;patchcore;448x448;50;50;151;0;1;0.9779;0.9946;0.9617;0.9076;0.9496;0.9808;0.6593;0.9929;0.9271;34.2;1935
08/01/2026 19:17;AutoVI/underbody_pipes;patchcore;448x448;50;50;344;0;1;0.9956;0.9962;0.97;0.9727;0.9945;0.9798;0.4034;0.9992;0.9658;38.3;1935
08/01/2026 19:20;AutoVI/underbody_screw;patchcore;448x448;50;50;392;0;1;0.9924;0.7219;0.9;1;1;0.9998;0.4351;1;0.9337;36.2;1935
08/01/2026 19:25;AutoVI/engine_wiring;patchcore;448x448;50;50;574;0;1;0.5983;0.6115;0.6708;0.1211;0.173;0.9001;0.3283;0.8487;0.5086;32.2;1935
08/01/2026 19:28;AutoVI/pipe_clip;patchcore;448x448;50;50;337;0;1;0.6034;0.4777;0.6412;0.0423;0.1197;0.9397;0.0736;0.993;0.7628;33.4;1935
08/01/2026 19:31;AutoVI/tank_screw;patchcore;448x448;50;50;413;0;1;0.6616;0.2839;0.4882;0.0211;0.0526;0.9807;0.0695;0.9864;0.8606;35.7;1935
08/01/2026 19:35;mvtec_loco_AD/breakfast_box;patchcore;448x448;50;50;275;0;1;0.7552;0.8664;0.7915;0.4798;0.4913;0.8623;0.5074;0.8966;0.7441;50.6;1935
08/01/2026 19:39;mvtec_loco_AD/juice_bottle;patchcore;448x448;50;50;330;0;1;0.479;0.7333;0.8339;0.0763;0.1356;0.4139;0.0438;0.1465;0.0498;42.1;1935
08/01/2026 19:43;mvtec_loco_AD/pushpins;patchcore;448x448;50;50;310;0;1;0.5329;0.6178;0.7152;0.0988;0.1512;0.652;0.0731;0.7211;0.4148;45.7;1935
08/01/2026 19:48;mvtec_loco_AD/screw_bag;patchcore;448x448;50;50;341;0;1;0.646;0.7939;0.7821;0.2329;0.2831;0.6139;0.1007;0.7297;0.5353;45.8;1935
08/01/2026 19:52;mvtec_loco_AD/splicing_connectors;patchcore;448x448;50;50;312;0;1;0.7425;0.8488;0.7734;0.342;0.4456;0.5643;0.1396;0.389;0.292;45.4;1935
08/01/2026 19:55;VisA/candle;patchcore;448x448;50;50;200;0;1;0.7711;0.8028;0.7149;0.4;0.53;0.9208;0.1271;0.9424;0.7579;36.3;1935
08/01/2026 19:57;VisA/capsules;patchcore;448x448;50;50;160;0;1;0.8715;0.926;0.8466;0.66;0.74;0.9925;0.6177;0.9943;0.8141;34.6;1935
08/01/2026 19:59;VisA/cashew;patchcore;448x448;50;50;150;0;1;0.77;0.894;0.8163;0.5;0.56;0.7941;0.2979;0.7049;0.5565;37;1935
08/01/2026 20:01;VisA/chewinggum;patchcore;448x448;50;50;150;0;1;0.9808;0.9919;0.9596;0.94;0.95;0.9935;0.6903;0.942;0.7814;38.5;1935
08/01/2026 20:04;VisA/fryum;patchcore;448x448;50;50;150;0;1;0.9672;0.9828;0.9515;0.73;0.89;0.8581;0.1783;0.9559;0.785;35.2;1935
08/01/2026 20:07;VisA/macaroni1;patchcore;448x448;50;50;200;0;1;0.8624;0.8541;0.8087;0.38;0.65;0.9866;0.1352;0.9494;0.8032;35.4;1935
08/01/2026 20:10;VisA/macaroni2;patchcore;448x448;50;50;200;0;1;0.6765;0.6988;0.6996;0.28;0.35;0.9609;0.058;0.9086;0.6999;35.9;1935
08/01/2026 20:12;VisA/pcb1;patchcore;448x448;50;50;200;0;1;0.9477;0.9159;0.932;0.7;0.96;0.9954;0.8074;0.987;0.8834;37.6;1935
08/01/2026 20:14;VisA/pcb2;patchcore;448x448;50;50;200;0;1;0.9068;0.8848;0.8557;0.65;0.8;0.9754;0.1975;0.9784;0.7895;35.4;1935
08/01/2026 20:17;VisA/pcb3;patchcore;448x448;50;50;201;0;1;0.9209;0.9349;0.866;0.78;0.84;0.9875;0.433;0.9891;0.8142;37.6;1935
08/01/2026 20:20;VisA/pcb4;patchcore;448x448;50;50;201;0;1;0.9768;0.9738;0.951;0.9;0.98;0.949;0.3468;0.9598;0.7985;34.5;1935
08/01/2026 20:22;VisA/pipe_fryum;patchcore;448x448;50;50;150;0;1;0.6518;0.8246;0.8032;0.3;0.31;0.6527;0.0436;0.5747;0.3218;36;1935
08/01/2026 20:23;mvtec_AD/bottle;padim;448x448;50;50;83;1;1;0.7032;0.9121;0.863;0.5873;0.6032;0.7226;0.1496;0.738;0.4478;14;2680
08/01/2026 20:25;mvtec_AD/cable;padim;448x448;50;50;150;1;1;0.7618;0.8363;0.7965;0.2717;0.3478;0.9274;0.3292;0.9432;0.6926;18.3;2680
08/01/2026 20:27;mvtec_AD/capsule;padim;448x448;50;50;132;1;1;0.775;0.8955;0.9163;0.0459;0.0642;0.9414;0.178;0.9495;0.625;17.8;2680
08/01/2026 20:28;mvtec_AD/carpet;padim;448x448;50;50;117;1;1;0.8748;0.9618;0.8889;0.6854;0.6966;0.9359;0.3376;0.9399;0.7666;17.2;2680
08/01/2026 20:29;mvtec_AD/grid;padim;448x448;50;50;78;1;1;0.5363;0.759;0.8571;0.0877;0.1754;0.8952;0.1056;0.7667;0.5193;13.2;2680
08/01/2026 20:30;mvtec_AD/hazelnut;padim;448x448;50;50;110;1;1;0.7704;0.8729;0.8024;0.4571;0.5286;0.6587;0.0346;0.6267;0.3734;15.4;2680
08/01/2026 20:32;mvtec_AD/leather;padim;448x448;50;50;124;1;1;0.9107;0.9711;0.9171;0.7391;0.7935;0.9264;0.2611;0.9621;0.8499;16.6;2680
08/01/2026 20:33;mvtec_AD/metal_nut;padim;448x448;50;50;115;1;1;0.4814;0.8259;0.8942;0.086;0.2151;0.5093;0.1063;0.3791;0.139;13.6;2680
08/01/2026 20:35;mvtec_AD/pill;padim;448x448;50;50;167;1;1;0.3183;0.7558;0.9156;0;0;0.3363;0.0232;0.2386;0.085;13.6;2680
08/01/2026 20:36;mvtec_AD/screw;padim;448x448;50;50;160;1;1;0.5505;0.7673;0.8592;0.0588;0.1008;0.9717;0.0674;0.9983;0.8855;13.5;2680
08/01/2026 20:38;mvtec_AD/tile;padim;448x448;50;50;117;1;1;0.8709;0.9517;0.8778;0.6548;0.7024;0.7987;0.235;0.8264;0.6079;15.6;2680
08/01/2026 20:38;mvtec_AD/toothbrush;padim;448x448;50;50;42;1;1;0.4833;0.7847;0.8333;0.3;0.3;0.6204;0.0192;0.3165;0.1034;17.5;2680
08/01/2026 20:39;mvtec_AD/transistor;padim;448x448;50;50;100;1;1;0.8217;0.829;0.7595;0.575;0.65;0.8969;0.433;0.9308;0.7149;17.5;2680
08/01/2026 20:41;mvtec_AD/wood;padim;448x448;50;50;79;1;1;0.9702;0.9913;0.95;0.8833;0.9;0.8858;0.3607;0.9595;0.8999;18;2680
08/01/2026 20:42;mvtec_AD/zipper;padim;448x448;50;50;151;1;1;0.4787;0.786;0.8815;0.0168;0.1261;0.6975;0.0677;0.6273;0.2981;14;2680
08/01/2026 20:45;AutoVI/underbody_pipes;padim;448x448;50;50;344;1;1;0.9322;0.9243;0.88;0.6831;0.847;0.969;0.2917;0.9936;0.7695;10.4;2680
08/01/2026 20:48;AutoVI/underbody_screw;padim;448x448;50;50;392;1;1;0.0866;0.0256;0.0878;0;0;0.9206;0.001;0.9997;0.6402;14.4;2680
08/01/2026 20:52;AutoVI/engine_wiring;padim;448x448;50;50;574;1;1;0.4549;0.4864;0.6698;0.0381;0.083;0.853;0.0893;0.7316;0.4139;11;2680
08/01/2026 20:55;AutoVI/pipe_clip;padim;448x448;50;50;337;1;1;0.5259;0.5137;0.5929;0.1761;0.2183;0.7951;0.0177;0.7813;0.4048;10.6;2680
08/01/2026 20:58;AutoVI/tank_screw;padim;448x448;50;50;413;1;1;0.4797;0.2226;0.3773;0.0526;0.0632;0.9111;0.0056;0.9795;0.7062;13.1;2680
08/01/2026 21:01;mvtec_loco_AD/breakfast_box;padim;448x448;50;50;275;1;1;0.4037;0.564;0.7723;0.0116;0.0578;0.7663;0.1503;0.7504;0.3941;24.6;2680
08/01/2026 21:04;mvtec_loco_AD/juice_bottle;padim;448x448;50;50;330;1;1;0.3616;0.6508;0.8339;0.0297;0.0466;0.3686;0.04;0.1924;0.0504;18.6;2680
08/01/2026 21:08;mvtec_loco_AD/pushpins;padim;448x448;50;50;310;1;1;0.4715;0.5387;0.7152;0.0349;0.093;0.6151;0.0363;0.6776;0.3556;19.9;2680
08/01/2026 21:12;mvtec_loco_AD/screw_bag;padim;448x448;50;50;341;1;1;0.458;0.6237;0.7821;0.0457;0.0959;0.3296;0.0502;0.4319;0.1529;21.6;2680
08/01/2026 21:15;mvtec_loco_AD/splicing_connectors;padim;448x448;50;50;312;1;1;0.6353;0.7468;0.7717;0.1865;0.2332;0.6503;0.2211;0.8195;0.4929;17.8;2680
08/01/2026 21:18;VisA/candle;padim;448x448;50;50;200;1;1;0.4421;0.4553;0.6689;0.01;0.06;0.6987;0.0022;0.8526;0.4014;12.8;2680
08/01/2026 21:19;VisA/capsules;padim;448x448;50;50;160;1;1;0.4967;0.6188;0.7692;0.03;0.07;0.9267;0.049;0.9475;0.6254;11.8;2680
08/01/2026 21:21;VisA/cashew;padim;448x448;50;50;150;1;1;0.6122;0.8369;0.8;0.48;0.51;0.8878;0.209;0.7229;0.6096;13.5;2680
08/01/2026 21:23;VisA/chewinggum;padim;448x448;50;50;150;1;1;0.7302;0.8628;0.8085;0.35;0.49;0.9262;0.1698;0.5784;0.3496;13.2;2680
08/01/2026 21:25;VisA/fryum;padim;448x448;50;50;150;1;1;0.8546;0.9216;0.8727;0.39;0.61;0.8963;0.2627;0.7918;0.5649;13.4;2680
08/01/2026 21:28;VisA/macaroni1;padim;448x448;50;50;200;1;1;0.6848;0.7352;0.681;0.3;0.4;0.95;0.0501;0.8191;0.5569;13.1;2680
08/01/2026 21:31;VisA/macaroni2;padim;448x448;50;50;200;1;1;0.6883;0.6871;0.7068;0.18;0.21;0.9433;0.022;0.8914;0.6368;12.4;2680
08/01/2026 21:33;VisA/pcb1;padim;448x448;50;50;200;1;1;0.8042;0.752;0.7949;0.22;0.38;0.9764;0.2055;0.9918;0.9294;12.8;2680
08/01/2026 21:35;VisA/pcb2;padim;448x448;50;50;200;1;1;0.5879;0.6266;0.6667;0.18;0.33;0.9593;0.0675;0.9519;0.7479;13.8;2680
08/01/2026 21:37;VisA/pcb3;padim;448x448;50;50;201;1;1;0.657;0.6531;0.6739;0.13;0.32;0.9805;0.2029;0.9851;0.7013;13.6;2680
08/01/2026 21:39;VisA/pcb4;padim;448x448;50;50;201;1;1;0.7344;0.6962;0.7416;0.21;0.35;0.7235;0.0115;0.5514;0.2292;12.6;2680
08/01/2026 21:42;VisA/pipe_fryum;padim;448x448;50;50;150;1;1;0.2424;0.5299;0.8;0;0.03;0.4408;0.0106;0.1916;0.0866;13.2;2680
08/01/2026 21:43;mvtec_AD/bottle;patchcore;448x448;50;50;83;1;1;0.9984;0.9995;0.992;0.9841;1;0.948;0.7056;0.9896;0.901;37.6;1935
08/01/2026 21:45;mvtec_AD/cable;patchcore;448x448;50;50;150;1;1;0.929;0.9612;0.8966;0.8043;0.8478;0.9653;0.6827;0.9889;0.8465;43;1935
08/01/2026 21:47;mvtec_AD/capsule;patchcore;448x448;50;50;132;1;1;0.8452;0.9638;0.931;0.5046;0.633;0.9672;0.3286;0.9904;0.8128;41;1935
08/01/2026 21:49;mvtec_AD/carpet;patchcore;448x448;50;50;117;1;1;0.992;0.9975;0.9778;0.9438;0.9438;0.9918;0.6557;0.9987;0.8883;42.9;1935
08/01/2026 21:51;mvtec_AD/grid;patchcore;448x448;50;50;78;1;1;0.9858;0.9956;0.9821;0.9649;0.9649;0.9861;0.4669;0.9658;0.8806;37.2;1935
08/01/2026 21:52;mvtec_AD/hazelnut;patchcore;448x448;50;50;110;1;1;0.9943;0.9971;0.9855;0.9714;0.9714;0.9591;0.5234;0.9282;0.8382;39.8;1935
08/01/2026 21:54;mvtec_AD/leather;patchcore;448x448;50;50;124;1;1;0.9915;0.9975;0.9838;0.9783;0.9891;0.9929;0.5195;0.9997;0.9956;38.7;1935
08/01/2026 21:56;mvtec_AD/metal_nut;patchcore;448x448;50;50;115;1;1;0.958;0.9903;0.9442;0.8495;0.8602;0.9055;0.5653;0.9842;0.8202;35.9;1935
08/01/2026 21:58;mvtec_AD/pill;patchcore;448x448;50;50;167;1;1;0.3535;0.7963;0.9156;0.0071;0.0426;0.7662;0.0736;0.9202;0.48;39.2;1935
08/01/2026 22:00;mvtec_AD/screw;patchcore;448x448;50;50;160;1;1;0.9715;0.9906;0.958;0.9076;0.9496;0.9891;0.471;0.9942;0.9523;39.2;1935
08/01/2026 22:02;mvtec_AD/tile;patchcore;448x448;50;50;117;1;1;0.9942;0.998;0.988;0.9762;0.9881;0.9436;0.5018;0.9863;0.8692;38.7;1935
08/01/2026 22:03;mvtec_AD/toothbrush;patchcore;448x448;50;50;42;1;1;0.8694;0.9489;0.9062;0.6333;0.6667;0.7351;0.1668;0.2504;0.1579;41.2;1935
08/01/2026 22:04;mvtec_AD/transistor;patchcore;448x448;50;50;100;1;1;0.7683;0.7152;0.6737;0.25;0.4;0.8288;0.3707;0.8882;0.7244;40.4;1935
08/01/2026 22:06;mvtec_AD/wood;patchcore;448x448;50;50;79;1;1;0.9868;0.9961;0.9661;0.9333;0.95;0.9217;0.4981;0.9812;0.9427;42.3;1935
08/01/2026 22:08;mvtec_AD/zipper;patchcore;448x448;50;50;151;1;1;0.9748;0.9938;0.9623;0.9328;0.9412;0.9807;0.6543;0.9939;0.9533;35.2;1935
08/01/2026 22:11;AutoVI/underbody_pipes;patchcore;448x448;50;50;344;1;1;0.9948;0.9954;0.9755;0.9781;0.9945;0.9787;0.3941;0.999;0.8722;37.2;1935
08/01/2026 22:15;AutoVI/underbody_screw;patchcore;448x448;50;50;392;1;1;0.9602;0.3571;0.6038;0.8333;1;0.9996;0.2424;1;0.8459;37.6;1935
08/01/2026 22:20;AutoVI/engine_wiring;patchcore;448x448;50;50;574;1;1;0.5978;0.6091;0.6763;0.1038;0.218;0.9031;0.3333;0.8579;0.5595;33.9;1935
08/01/2026 22:22;AutoVI/pipe_clip;patchcore;448x448;50;50;337;1;1;0.6542;0.5381;0.6348;0.0704;0.2183;0.9385;0.0752;0.9874;0.7193;33.5;1935
08/01/2026 22:26;AutoVI/tank_screw;patchcore;448x448;50;50;413;1;1;0.6452;0.2858;0.4453;0.0211;0.0421;0.9799;0.062;0.9907;0.8604;36.8;1935
08/01/2026 22:30;mvtec_loco_AD/breakfast_box;patchcore;448x448;50;50;275;1;1;0.711;0.8414;0.7846;0.4451;0.4509;0.8608;0.5008;0.8831;0.6994;48.9;1935
08/01/2026 22:34;mvtec_loco_AD/juice_bottle;patchcore;448x448;50;50;330;1;1;0.4719;0.7398;0.8339;0.0975;0.1398;0.4129;0.044;0.1522;0.0527;41.4;1935
08/01/2026 22:37;mvtec_loco_AD/pushpins;patchcore;448x448;50;50;310;1;1;0.534;0.5983;0.7137;0.064;0.1105;0.6498;0.07;0.7308;0.451;44.2;1935
08/01/2026 22:42;mvtec_loco_AD/screw_bag;patchcore;448x448;50;50;341;1;1;0.6288;0.784;0.7821;0.2009;0.2922;0.5893;0.0935;0.7015;0.5107;46;1935
08/01/2026 22:45;mvtec_loco_AD/splicing_connectors;patchcore;448x448;50;50;312;1;1;0.7351;0.8448;0.7644;0.3679;0.4404;0.5684;0.1432;0.3713;0.2846;43.7;1935
08/01/2026 22:48;VisA/candle;patchcore;448x448;50;50;200;1;1;0.7755;0.8024;0.7453;0.38;0.52;0.9209;0.1276;0.9547;0.8274;37.4;1935
08/01/2026 22:50;VisA/capsules;patchcore;448x448;50;50;160;1;1;0.8715;0.9242;0.8431;0.65;0.73;0.9922;0.6105;0.9874;0.8937;35.7;1935
08/01/2026 22:52;VisA/cashew;patchcore;448x448;50;50;150;1;1;0.7762;0.8985;0.8205;0.53;0.61;0.8007;0.3027;0.6999;0.6011;38;1935
08/01/2026 22:55;VisA/chewinggum;patchcore;448x448;50;50;150;1;1;0.9816;0.9923;0.9648;0.93;0.96;0.9934;0.6931;0.9461;0.8703;36.7;1935
08/01/2026 22:57;VisA/fryum;patchcore;448x448;50;50;150;1;1;0.9744;0.9876;0.9561;0.86;0.95;0.8536;0.1583;0.9474;0.7082;35.6;1935
08/01/2026 23:00;VisA/macaroni1;patchcore;448x448;50;50;200;1;1;0.8751;0.8767;0.8077;0.46;0.58;0.986;0.1356;0.9468;0.8627;35.5;1935
08/01/2026 23:03;VisA/macaroni2;patchcore;448x448;50;50;200;1;1;0.705;0.7283;0.708;0.27;0.37;0.9619;0.0549;0.9011;0.6729;35.2;1935
08/01/2026 23:06;VisA/pcb1;patchcore;448x448;50;50;200;1;1;0.9564;0.9291;0.9286;0.91;0.93;0.9959;0.8221;0.9939;0.8904;35.6;1935
08/01/2026 23:08;VisA/pcb2;patchcore;448x448;50;50;200;1;1;0.8985;0.8772;0.8384;0.67;0.74;0.9748;0.1997;0.9727;0.8248;36.5;1935
08/01/2026 23:11;VisA/pcb3;patchcore;448x448;50;50;201;1;1;0.9188;0.9297;0.8585;0.69;0.79;0.9883;0.4222;0.9875;0.8224;38;1935
08/01/2026 23:14;VisA/pcb4;patchcore;448x448;50;50;201;1;1;0.9713;0.9701;0.934;0.92;0.94;0.9327;0.3257;0.9215;0.7373;35.5;1935
08/01/2026 23:16;VisA/pipe_fryum;patchcore;448x448;50;50;150;1;1;0.6146;0.8001;0.8049;0.28;0.29;0.626;0.0362;0.507;0.2807;34.6;1935
08/01/2026 23:17;mvtec_AD/bottle;padim;448x448;50;50;83;2;1;0.4536;0.7944;0.863;0.2222;0.2222;0.6059;0.0714;0.3332;0.1451;14.3;2680
08/01/2026 23:19;mvtec_AD/cable;padim;448x448;50;50;150;2;1;0.7657;0.7719;0.8469;0.0435;0.2717;0.9448;0.4804;0.9696;0.7455;17.8;2680
08/01/2026 23:21;mvtec_AD/capsule;padim;448x448;50;50;132;2;1;0.4958;0.8263;0.9046;0.0826;0.1101;0.896;0.0483;0.9395;0.5157;17.3;2680
08/01/2026 23:22;mvtec_AD/carpet;padim;448x448;50;50;117;2;1;0.8744;0.9621;0.8889;0.6854;0.7191;0.8557;0.2886;0.8398;0.7192;17.8;2680
08/01/2026 23:23;mvtec_AD/grid;padim;448x448;50;50;78;2;1;0.5915;0.837;0.8571;0.3333;0.386;0.8841;0.1364;0.8025;0.5803;14.1;2680
08/01/2026 23:24;mvtec_AD/hazelnut;padim;448x448;50;50;110;2;1;0.7682;0.8724;0.7976;0.4429;0.5143;0.4194;0.0168;0.1072;0.0361;16.9;2680
08/01/2026 23:25;mvtec_AD/leather;padim;448x448;50;50;124;2;1;0.8692;0.9565;0.8764;0.6087;0.7391;0.9474;0.271;0.9675;0.8046;14;2680
08/01/2026 23:27;mvtec_AD/metal_nut;padim;448x448;50;50;115;2;1;0.4936;0.8366;0.8942;0.0968;0.172;0.3839;0.089;0.0097;0.0021;13.3;2680
08/01/2026 23:29;mvtec_AD/pill;padim;448x448;50;50;167;2;1;0.2902;0.7441;0.9156;0;0.0142;0.3075;0.0229;0.0057;0.001;14.4;2680
08/01/2026 23:30;mvtec_AD/screw;padim;448x448;50;50;160;2;1;0.4085;0.6864;0.8561;0.0168;0.0504;0.964;0.0475;0.992;0.8291;14.1;2680
08/01/2026 23:32;mvtec_AD/tile;padim;448x448;50;50;117;2;1;0.9055;0.9658;0.8851;0.7381;0.7381;0.819;0.2868;0.8677;0.7211;15.9;2680
08/01/2026 23:32;mvtec_AD/toothbrush;padim;448x448;50;50;42;2;1;0.4861;0.7848;0.8333;0.3;0.3;0.3299;0.011;0.0005;0.0001;16.7;2680
08/01/2026 23:34;mvtec_AD/transistor;padim;448x448;50;50;100;2;1;0.6392;0.7059;0.6207;0.45;0.475;0.8658;0.2214;0.9391;0.6154;18.4;2680
08/01/2026 23:35;mvtec_AD/wood;padim;448x448;50;50;79;2;1;0.9667;0.9901;0.958;0.7667;0.9333;0.8717;0.3657;0.9545;0.7929;18.6;2680
08/01/2026 23:36;mvtec_AD/zipper;padim;448x448;50;50;151;2;1;0.4044;0.7703;0.8815;0.0924;0.1008;0.6668;0.0427;0.6298;0.2507;12.8;2680
08/01/2026 23:39;AutoVI/underbody_pipes;padim;448x448;50;50;344;2;1;0.6251;0.5824;0.7686;0.0492;0.0546;0.9544;0.1216;0.991;0.7167;13.2;2680
08/01/2026 23:42;AutoVI/underbody_screw;padim;448x448;50;50;392;2;1;0.0651;0.0251;0.0878;0;0;0.7794;0.0004;0.6993;0.1763;13.4;2680
08/01/2026 23:47;AutoVI/engine_wiring;padim;448x448;50;50;574;2;1;0.5981;0.5906;0.6705;0.0761;0.1765;0.7759;0.0269;0.634;0.2171;9.7;2680
08/01/2026 23:49;AutoVI/pipe_clip;padim;448x448;50;50;337;2;1;0.53;0.5077;0.5929;0.1056;0.1831;0.7248;0.0131;0.5306;0.2087;11.1;2680
08/01/2026 23:52;AutoVI/tank_screw;padim;448x448;50;50;413;2;1;0.4784;0.2234;0.3762;0.0211;0.1158;0.874;0.0035;0.8508;0.4682;12.9;2680
08/01/2026 23:55;mvtec_loco_AD/breakfast_box;padim;448x448;50;50;275;2;1;0.4003;0.5679;0.7723;0.0289;0.052;0.7364;0.1193;0.6756;0.2864;24.8;2680
08/01/2026 23:59;mvtec_loco_AD/juice_bottle;padim;448x448;50;50;330;2;1;0.3938;0.6552;0.8339;0.0212;0.0508;0.2523;0.0356;0.0016;0.0002;15.9;2680
09/01/2026 0:02;mvtec_loco_AD/pushpins;padim;448x448;50;50;310;2;1;0.4665;0.5344;0.7137;0.0233;0.1105;0.5856;0.036;0.3445;0.1251;20.4;2680
09/01/2026 0:06;mvtec_loco_AD/screw_bag;padim;448x448;50;50;341;2;1;0.4185;0.6347;0.7821;0.1005;0.137;0.3215;0.0499;0.184;0.0227;20.8;2680
09/01/2026 0:09;mvtec_loco_AD/splicing_connectors;padim;448x448;50;50;312;2;1;0.5763;0.7062;0.7696;0.1244;0.171;0.6256;0.1977;0.8809;0.5742;20.4;2680
09/01/2026 0:12;VisA/candle;padim;448x448;50;50;200;2;1;0.4444;0.4504;0.6736;0;0.04;0.6192;0.0016;0.4842;0.133;11.9;2680
09/01/2026 0:13;VisA/capsules;padim;448x448;50;50;160;2;1;0.5827;0.6861;0.7734;0.07;0.08;0.9258;0.0338;0.9147;0.5766;12.9;2680
09/01/2026 0:14;VisA/cashew;padim;448x448;50;50;150;2;1;0.315;0.5806;0.8;0.01;0.08;0.893;0.2273;0.73;0.511;9.1;2680
09/01/2026 0:16;VisA/chewinggum;padim;448x448;50;50;150;2;1;0.5204;0.7065;0.8016;0.08;0.13;0.8988;0.0411;0.6253;0.3218;10;2680
09/01/2026 0:19;VisA/fryum;padim;448x448;50;50;150;2;1;0.8388;0.8989;0.8586;0.24;0.59;0.9379;0.3365;0.8733;0.5975;12.9;2680
09/01/2026 0:21;VisA/macaroni1;padim;448x448;50;50;200;2;1;0.3642;0.4724;0.6689;0.09;0.1;0.9602;0.0316;0.9104;0.6745;12.5;2680
09/01/2026 0:24;VisA/macaroni2;padim;448x448;50;50;200;2;1;0.6725;0.661;0.7027;0.14;0.18;0.9407;0.0034;0.9536;0.6596;12.6;2680
09/01/2026 0:26;VisA/pcb1;padim;448x448;50;50;200;2;1;0.8111;0.751;0.7966;0.18;0.36;0.9782;0.1715;0.9917;0.849;12.8;2680
09/01/2026 0:28;VisA/pcb2;padim;448x448;50;50;200;2;1;0.4872;0.5867;0.6667;0.17;0.25;0.9605;0.0609;0.9221;0.7419;13;2680
09/01/2026 0:30;VisA/pcb3;padim;448x448;50;50;201;2;1;0.6869;0.6538;0.7245;0.11;0.2;0.9817;0.2126;0.9968;0.8357;12.4;2680
09/01/2026 0:32;VisA/pcb4;padim;448x448;50;50;201;2;1;0.7398;0.7027;0.7368;0.16;0.38;0.6556;0.0088;0.3529;0.0794;12.9;2680
09/01/2026 0:34;VisA/pipe_fryum;padim;448x448;50;50;150;2;1;0.2638;0.541;0.8;0.01;0.03;0.1845;0.0071;0.0521;0.0132;12.8;2680
09/01/2026 0:35;mvtec_AD/bottle;patchcore;448x448;50;50;83;2;1;0.9976;0.9993;0.9844;0.9841;1;0.9481;0.7017;0.991;0.9235;37.4;1935
09/01/2026 0:37;mvtec_AD/cable;patchcore;448x448;50;50;150;2;1;0.9308;0.9612;0.8966;0.7174;0.8478;0.964;0.6795;0.9887;0.834;41.6;1935
09/01/2026 0:39;mvtec_AD/capsule;patchcore;448x448;50;50;132;2;1;0.8452;0.9649;0.9316;0.5505;0.6239;0.9679;0.3282;0.9906;0.8771;40;1935
09/01/2026 0:41;mvtec_AD/carpet;patchcore;448x448;50;50;117;2;1;0.9924;0.9977;0.9775;0.9438;0.9775;0.9918;0.6632;0.9982;0.8575;40.3;1935
09/01/2026 0:42;mvtec_AD/grid;patchcore;448x448;50;50;78;2;1;0.9916;0.9971;0.9825;0.9825;0.9825;0.986;0.4736;0.9586;0.8832;35.8;1935
09/01/2026 0:44;mvtec_AD/hazelnut;patchcore;448x448;50;50;110;2;1;0.9961;0.9979;0.9855;0.9714;0.9857;0.9648;0.5425;0.9236;0.8098;39.9;1935
09/01/2026 0:46;mvtec_AD/leather;patchcore;448x448;50;50;124;2;1;0.9963;0.9988;0.9838;0.9674;0.9891;0.9929;0.5168;0.9997;0.9268;39.1;1935
09/01/2026 0:48;mvtec_AD/metal_nut;patchcore;448x448;50;50;115;2;1;0.9677;0.9928;0.9579;0.8925;0.8925;0.9065;0.5725;0.9825;0.7805;36.6;1935
09/01/2026 0:50;mvtec_AD/pill;patchcore;448x448;50;50;167;2;1;0.3723;0.8013;0.9156;0.0142;0.0355;0.7588;0.0714;0.9115;0.5004;36.2;1935
09/01/2026 0:52;mvtec_AD/screw;patchcore;448x448;50;50;160;2;1;0.9291;0.9715;0.9388;0.605;0.7815;0.9885;0.4692;0.9866;0.8157;34.8;1935
09/01/2026 0:53;mvtec_AD/tile;patchcore;448x448;50;50;117;2;1;0.9895;0.9962;0.9704;0.9524;0.9762;0.9428;0.4965;0.9876;0.9445;38.8;1935
09/01/2026 0:54;mvtec_AD/toothbrush;patchcore;448x448;50;50;42;2;1;0.9111;0.966;0.9206;0.6667;0.7333;0.7409;0.1836;0.2486;0.1616;39;1935
09/01/2026 0:56;mvtec_AD/transistor;patchcore;448x448;50;50;100;2;1;0.7625;0.7081;0.6813;0.275;0.45;0.8309;0.3861;0.8823;0.6814;41.2;1935
09/01/2026 0:58;mvtec_AD/wood;patchcore;448x448;50;50;79;2;1;0.9851;0.9955;0.9667;0.9;0.95;0.9224;0.4971;0.9776;0.8447;40.8;1935
09/01/2026 1:00;mvtec_AD/zipper;patchcore;448x448;50;50;151;2;1;0.9745;0.9939;0.962;0.9328;0.9496;0.9814;0.666;0.9932;0.905;34.9;1935
09/01/2026 1:03;AutoVI/underbody_pipes;patchcore;448x448;50;50;344;2;1;0.99;0.9914;0.9556;0.9454;0.9836;0.9813;0.4024;0.9993;0.857;35.4;1935
09/01/2026 1:06;AutoVI/underbody_screw;patchcore;448x448;50;50;392;2;1;0.9847;0.6116;0.75;1;1;0.9996;0.3286;1;0.8907;35.1;1935
09/01/2026 1:11;AutoVI/engine_wiring;patchcore;448x448;50;50;574;2;1;0.5778;0.5913;0.6713;0.1003;0.1696;0.9003;0.2939;0.8573;0.536;32;1935
09/01/2026 1:14;AutoVI/pipe_clip;patchcore;448x448;50;50;337;2;1;0.6017;0.485;0.6427;0.0563;0.1549;0.9387;0.0741;0.9893;0.7614;33.1;1935
09/01/2026 1:17;AutoVI/tank_screw;patchcore;448x448;50;50;413;2;1;0.6966;0.3114;0.497;0.0105;0.0421;0.9832;0.0767;0.9925;0.8361;34.5;1935
09/01/2026 1:21;mvtec_loco_AD/breakfast_box;patchcore;448x448;50;50;275;2;1;0.7184;0.8429;0.7849;0.4393;0.4566;0.8626;0.5099;0.8941;0.7437;47.1;1935
09/01/2026 1:25;mvtec_loco_AD/juice_bottle;patchcore;448x448;50;50;330;2;1;0.5009;0.7456;0.8339;0.1186;0.1864;0.4199;0.0442;0.1597;0.053;42.2;1935
09/01/2026 1:29;mvtec_loco_AD/pushpins;patchcore;448x448;50;50;310;2;1;0.5363;0.6178;0.7137;0.1047;0.1744;0.6455;0.0664;0.7122;0.4032;43.5;1935
09/01/2026 1:33;mvtec_loco_AD/screw_bag;patchcore;448x448;50;50;341;2;1;0.6706;0.8117;0.7828;0.2648;0.3836;0.5966;0.0965;0.687;0.4658;44;1935
09/01/2026 1:37;mvtec_loco_AD/splicing_connectors;patchcore;448x448;50;50;312;2;1;0.7364;0.8532;0.7644;0.3731;0.4922;0.5648;0.1393;0.3492;0.2197;42.2;1935
09/01/2026 1:40;VisA/candle;patchcore;448x448;50;50;200;2;1;0.7656;0.7948;0.7373;0.37;0.4;0.9201;0.1207;0.9534;0.7895;34.3;1935
09/01/2026 1:42;VisA/capsules;patchcore;448x448;50;50;160;2;1;0.8657;0.9195;0.8455;0.64;0.71;0.9923;0.6213;0.9936;0.8327;34.6;1935
09/01/2026 1:43;VisA/cashew;patchcore;448x448;50;50;150;2;1;0.786;0.9041;0.8079;0.58;0.6;0.7971;0.3018;0.7169;0.5589;34.9;1935
09/01/2026 1:46;VisA/chewinggum;patchcore;448x448;50;50;150;2;1;0.977;0.9912;0.97;0.96;0.97;0.9933;0.6976;0.9566;0.8059;34.4;1935
09/01/2026 1:49;VisA/fryum;patchcore;448x448;50;50;150;2;1;0.9684;0.9838;0.9495;0.88;0.94;0.8635;0.1738;0.959;0.8037;34.6;1935
09/01/2026 1:52;VisA/macaroni1;patchcore;448x448;50;50;200;2;1;0.8701;0.8671;0.8111;0.48;0.62;0.9864;0.1289;0.9339;0.7514;34.5;1935
09/01/2026 1:55;VisA/macaroni2;patchcore;448x448;50;50;200;2;1;0.704;0.7157;0.7031;0.24;0.31;0.9654;0.0619;0.9112;0.7577;34.6;1935
09/01/2026 1:57;VisA/pcb1;patchcore;448x448;50;50;200;2;1;0.9562;0.9291;0.951;0.88;0.97;0.9954;0.8105;0.9872;0.8823;34.6;1935
09/01/2026 1:59;VisA/pcb2;patchcore;448x448;50;50;200;2;1;0.9189;0.8935;0.8705;0.65;0.84;0.9732;0.1947;0.9641;0.7671;35;1935
09/01/2026 2:02;VisA/pcb3;patchcore;448x448;50;50;201;2;1;0.9142;0.9169;0.8458;0.54;0.77;0.9885;0.4222;0.9968;0.9183;34.8;1935
09/01/2026 2:05;VisA/pcb4;patchcore;448x448;50;50;201;2;1;0.9783;0.9777;0.9474;0.93;0.99;0.9483;0.3529;0.9639;0.8832;34.8;1935
09/01/2026 2:07;VisA/pipe_fryum;patchcore;448x448;50;50;150;2;1;0.637;0.8137;0.8099;0.28;0.3;0.6449;0.0406;0.5087;0.2862;34.4;1935
09/01/2026 2:08;mvtec_AD/bottle;padim;448x448;50;50;83;3;1;0.7734;0.9325;0.869;0.6032;0.6508;0.754;0.1852;0.8178;0.553;13.8;2680
09/01/2026 2:10;mvtec_AD/cable;padim;448x448;50;50;150;3;1;0.6644;0.7823;0.7706;0.25;0.3587;0.935;0.3252;0.9793;0.8136;17.3;2680
09/01/2026 2:12;mvtec_AD/capsule;padim;448x448;50;50;132;3;1;0.7379;0.9103;0.9083;0.055;0.367;0.9309;0.2271;0.9515;0.7418;16.3;2680
09/01/2026 2:13;mvtec_AD/carpet;padim;448x448;50;50;117;3;1;0.8892;0.9654;0.9121;0.6292;0.7528;0.9287;0.4175;0.9066;0.7186;17.3;2680
09/01/2026 2:14;mvtec_AD/grid;padim;448x448;50;50;78;3;1;0.4887;0.7881;0.8444;0.2281;0.2456;0.8945;0.1141;0.8496;0.6201;13.3;2680
09/01/2026 2:15;mvtec_AD/hazelnut;padim;448x448;50;50;110;3;1;0.7779;0.8668;0.8242;0.3857;0.4857;0.6466;0.0282;0.597;0.189;13.9;2680
09/01/2026 2:16;mvtec_AD/leather;padim;448x448;50;50;124;3;1;0.9083;0.9717;0.8929;0.8152;0.8261;0.9138;0.3139;0.941;0.8094;13.6;2680
09/01/2026 2:17;mvtec_AD/metal_nut;padim;448x448;50;50;115;3;1;0.499;0.8335;0.8942;0.1505;0.1613;0.5606;0.1188;0.3672;0.0687;12.7;2680
09/01/2026 2:19;mvtec_AD/pill;padim;448x448;50;50;167;3;1;0.3216;0.7607;0.9156;0.0071;0.0071;0.3568;0.0238;0.1526;0.0207;13.6;2680
09/01/2026 2:20;mvtec_AD/screw;padim;448x448;50;50;160;3;1;0.5319;0.7449;0.8593;0.0756;0.1008;0.9684;0.0481;0.9882;0.85;10.6;2680
09/01/2026 2:21;mvtec_AD/tile;padim;448x448;50;50;117;3;1;0.8647;0.9505;0.8655;0.631;0.7738;0.8149;0.3034;0.8458;0.6876;14.2;2680
09/01/2026 2:22;mvtec_AD/toothbrush;padim;448x448;50;50;42;3;1;0.5056;0.7867;0.8333;0.2;0.3333;0.5878;0.0173;0.1945;0.0398;15.5;2680
09/01/2026 2:23;mvtec_AD/transistor;padim;448x448;50;50;100;3;1;0.8583;0.8425;0.7536;0.65;0.675;0.8991;0.4232;0.9418;0.7682;17.2;2680
09/01/2026 2:24;mvtec_AD/wood;padim;448x448;50;50;79;3;1;0.9912;0.9973;0.9744;0.95;0.95;0.8904;0.3947;0.9691;0.8701;17;2680
09/01/2026 2:26;mvtec_AD/zipper;padim;448x448;50;50;151;3;1;0.6098;0.8773;0.8815;0.2353;0.3529;0.8224;0.0987;0.9137;0.4824;12.7;2680
09/01/2026 2:29;AutoVI/underbody_pipes;padim;448x448;50;50;344;3;1;0.8214;0.8309;0.7841;0.3716;0.4426;0.9677;0.2077;0.99;0.885;12.5;2680
09/01/2026 2:31;AutoVI/underbody_screw;padim;448x448;50;50;392;3;1;0.3272;0.0336;0.1037;0;0;0.9071;0.0009;0.9983;0.6178;13.4;2680
09/01/2026 2:35;AutoVI/engine_wiring;padim;448x448;50;50;574;3;1;0.6068;0.5864;0.6698;0.0796;0.1453;0.8213;0.0527;0.7297;0.4482;8.6;2680
09/01/2026 2:38;AutoVI/pipe_clip;padim;448x448;50;50;337;3;1;0.545;0.4856;0.5954;0.0845;0.1549;0.8381;0.023;0.8674;0.4873;10.9;2680
09/01/2026 2:41;AutoVI/tank_screw;padim;448x448;50;50;413;3;1;0.4089;0.1978;0.3794;0.0526;0.0632;0.9333;0.007;0.9824;0.6304;11.8;2680
09/01/2026 2:44;mvtec_loco_AD/breakfast_box;padim;448x448;50;50;275;3;1;0.4021;0.5685;0.7723;0.0231;0.0636;0.7436;0.1343;0.7157;0.4048;24.1;2680
09/01/2026 2:48;mvtec_loco_AD/juice_bottle;padim;448x448;50;50;330;3;1;0.4227;0.6692;0.8339;0.0254;0.0339;0.3206;0.0375;0.0494;0.0069;17.1;2680
09/01/2026 2:51;mvtec_loco_AD/pushpins;padim;448x448;50;50;310;3;1;0.5195;0.5672;0.7152;0.0465;0.0872;0.5497;0.031;0.6329;0.3607;20.2;2680
09/01/2026 2:55;mvtec_loco_AD/screw_bag;padim;448x448;50;50;341;3;1;0.4561;0.6212;0.7821;0.0457;0.1005;0.3263;0.0503;0.2633;0.0537;20.3;2680
09/01/2026 2:58;mvtec_loco_AD/splicing_connectors;padim;448x448;50;50;312;3;1;0.6471;0.7485;0.7832;0.1451;0.2228;0.6268;0.2144;0.6301;0.3661;19.6;2680
09/01/2026 3:01;VisA/candle;padim;448x448;50;50;200;3;1;0.3922;0.4208;0.6689;0;0.01;0.6731;0.002;0.73;0.2827;9.7;2680
09/01/2026 3:02;VisA/capsules;padim;448x448;50;50;160;3;1;0.6228;0.7548;0.7722;0.25;0.27;0.9377;0.0578;0.9303;0.6126;13.1;2680
09/01/2026 3:04;VisA/cashew;padim;448x448;50;50;150;3;1;0.5044;0.7716;0.8;0.34;0.38;0.8708;0.3176;0.6165;0.4759;13.2;2680
09/01/2026 3:06;VisA/chewinggum;padim;448x448;50;50;150;3;1;0.671;0.8156;0.8065;0.24;0.3;0.9193;0.178;0.4658;0.2945;11.6;2680
09/01/2026 3:08;VisA/fryum;padim;448x448;50;50;150;3;1;0.78;0.8944;0.8097;0.45;0.52;0.9154;0.3314;0.8112;0.5777;12.7;2680
09/01/2026 3:10;VisA/macaroni1;padim;448x448;50;50;200;3;1;0.7885;0.7733;0.7572;0.37;0.46;0.9714;0.0417;0.8905;0.6353;9.7;2680
09/01/2026 3:13;VisA/macaroni2;padim;448x448;50;50;200;3;1;0.607;0.5856;0.705;0.14;0.17;0.9502;0.005;0.9758;0.7058;12.6;2680
09/01/2026 3:15;VisA/pcb1;padim;448x448;50;50;200;3;1;0.7659;0.7792;0.7333;0.29;0.4;0.9793;0.237;0.9886;0.8954;12.9;2680
09/01/2026 3:17;VisA/pcb2;padim;448x448;50;50;200;3;1;0.7368;0.7681;0.7065;0.29;0.48;0.9701;0.0744;0.9654;0.7784;12.7;2680
09/01/2026 3:19;VisA/pcb3;padim;448x448;50;50;201;3;1;0.7302;0.7177;0.7266;0.18;0.25;0.9796;0.258;0.967;0.7438;12.3;2680
09/01/2026 3:21;VisA/pcb4;padim;448x448;50;50;201;3;1;0.7733;0.7236;0.7488;0.16;0.29;0.7173;0.0111;0.5584;0.2133;11.4;2680
09/01/2026 3:23;VisA/pipe_fryum;padim;448x448;50;50;150;3;1;0.2924;0.5705;0.8;0.03;0.09;0.4328;0.01;0.106;0.0198;12;2680
09/01/2026 3:24;mvtec_AD/bottle;patchcore;448x448;50;50;83;3;1;0.9968;0.9991;0.992;0.9841;0.9841;0.9478;0.7044;0.9913;0.9281;36.4;1935
09/01/2026 3:27;mvtec_AD/cable;patchcore;448x448;50;50;150;3;1;0.9142;0.9533;0.8913;0.6957;0.7609;0.965;0.6774;0.989;0.8935;40.5;1935
09/01/2026 3:28;mvtec_AD/capsule;patchcore;448x448;50;50;132;3;1;0.8652;0.9692;0.9316;0.5505;0.6606;0.9686;0.3346;0.9907;0.872;40.4;1935
09/01/2026 3:30;mvtec_AD/carpet;patchcore;448x448;50;50;117;3;1;0.994;0.9981;0.9778;0.9438;0.9775;0.9914;0.6406;0.9973;0.835;40.7;1935
09/01/2026 3:32;mvtec_AD/grid;patchcore;448x448;50;50;78;3;1;0.9908;0.997;0.9825;0.9825;0.9825;0.9874;0.4938;0.9626;0.9143;37.1;1935
09/01/2026 3:33;mvtec_AD/hazelnut;patchcore;448x448;50;50;110;3;1;0.9932;0.9965;0.9714;0.9714;0.9714;0.9638;0.5294;0.9249;0.8265;40.3;1935
09/01/2026 3:35;mvtec_AD/leather;patchcore;448x448;50;50;124;3;1;0.9956;0.9986;0.9836;0.9783;0.9891;0.9929;0.516;0.9997;0.9129;39;1935
09/01/2026 3:37;mvtec_AD/metal_nut;patchcore;448x448;50;50;115;3;1;0.9673;0.9923;0.9579;0.828;0.914;0.9139;0.5983;0.9832;0.834;35;1935
09/01/2026 3:39;mvtec_AD/pill;patchcore;448x448;50;50;167;3;1;0.3854;0.8111;0.9156;0.0284;0.0426;0.7741;0.0777;0.9104;0.4861;35.3;1935
09/01/2026 3:41;mvtec_AD/screw;patchcore;448x448;50;50;160;3;1;0.8944;0.9558;0.9262;0.5126;0.605;0.9855;0.3718;0.9911;0.9082;35.3;1935
09/01/2026 3:42;mvtec_AD/tile;patchcore;448x448;50;50;117;3;1;0.9982;0.9993;0.9882;0.9762;1;0.9454;0.5004;0.9898;0.9061;37.1;1935
09/01/2026 3:44;mvtec_AD/toothbrush;patchcore;448x448;50;50;42;3;1;0.8722;0.9503;0.8955;0.6333;0.6667;0.7416;0.1741;0.2589;0.1634;40.6;1935
09/01/2026 3:45;mvtec_AD/transistor;patchcore;448x448;50;50;100;3;1;0.7821;0.7293;0.6977;0.275;0.4;0.8285;0.3815;0.8819;0.6918;41.1;1935
09/01/2026 3:47;mvtec_AD/wood;patchcore;448x448;50;50;79;3;1;0.9842;0.9953;0.9672;0.9;0.95;0.9216;0.4915;0.981;0.9456;41;1935
09/01/2026 3:49;mvtec_AD/zipper;patchcore;448x448;50;50;151;3;1;0.9709;0.992;0.9617;0.7899;0.9496;0.981;0.6623;0.9937;0.9518;35.2;1935
09/01/2026 3:52;AutoVI/underbody_pipes;patchcore;448x448;50;50;344;3;1;0.9897;0.9911;0.9554;0.9454;0.9945;0.979;0.4008;0.9992;0.9746;35.5;1935
09/01/2026 3:55;AutoVI/underbody_screw;patchcore;448x448;50;50;392;3;1;0.9565;0.398;0.5625;0.5556;1;0.9996;0.2221;1;0.8023;36.9;1935
09/01/2026 4:00;AutoVI/engine_wiring;patchcore;448x448;50;50;574;3;1;0.5887;0.5954;0.6713;0.1003;0.173;0.8954;0.294;0.8501;0.5008;32.4;1935
09/01/2026 4:03;AutoVI/pipe_clip;patchcore;448x448;50;50;337;3;1;0.5499;0.4557;0.6122;0.0704;0.0986;0.9327;0.0668;0.9918;0.8023;33.1;1935
09/01/2026 4:06;AutoVI/tank_screw;patchcore;448x448;50;50;413;3;1;0.6644;0.2858;0.4912;0.0105;0.0526;0.9818;0.0688;0.9873;0.7903;34.7;1935
09/01/2026 4:10;mvtec_loco_AD/breakfast_box;patchcore;448x448;50;50;275;3;1;0.7307;0.8502;0.788;0.4451;0.4509;0.864;0.5142;0.8856;0.6776;48.3;1935
09/01/2026 4:14;mvtec_loco_AD/juice_bottle;patchcore;448x448;50;50;330;3;1;0.451;0.7164;0.8339;0.0551;0.1229;0.4105;0.0435;0.1458;0.0484;41.3;1935
09/01/2026 4:18;mvtec_loco_AD/pushpins;patchcore;448x448;50;50;310;3;1;0.504;0.5948;0.7137;0.0756;0.1279;0.6418;0.0662;0.7243;0.4344;44.5;1935
09/01/2026 4:22;mvtec_loco_AD/screw_bag;patchcore;448x448;50;50;341;3;1;0.6601;0.8033;0.7826;0.2557;0.3288;0.6093;0.1008;0.7099;0.4888;44.7;1935
09/01/2026 4:26;mvtec_loco_AD/splicing_connectors;patchcore;448x448;50;50;312;3;1;0.7415;0.8481;0.7724;0.3886;0.4611;0.5708;0.1421;0.3703;0.2618;43.4;1935
09/01/2026 4:29;VisA/candle;patchcore;448x448;50;50;200;3;1;0.7663;0.8069;0.7162;0.39;0.52;0.9275;0.1258;0.9666;0.7828;34;1935
09/01/2026 4:31;VisA/capsules;patchcore;448x448;50;50;160;3;1;0.8372;0.9149;0.82;0.57;0.7;0.993;0.6812;0.9915;0.8617;35.1;1935
09/01/2026 4:33;VisA/cashew;patchcore;448x448;50;50;150;3;1;0.7666;0.8937;0.8155;0.51;0.58;0.7941;0.2988;0.6932;0.5414;35;1935
09/01/2026 4:35;VisA/chewinggum;patchcore;448x448;50;50;150;3;1;0.9796;0.9919;0.97;0.95;0.97;0.9932;0.6868;0.9502;0.7973;34.1;1935
09/01/2026 4:38;VisA/fryum;patchcore;448x448;50;50;150;3;1;0.9714;0.9862;0.9469;0.84;0.91;0.8501;0.1558;0.9458;0.7214;36.5;1935
09/01/2026 4:40;VisA/macaroni1;patchcore;448x448;50;50;200;3;1;0.8573;0.8593;0.805;0.46;0.58;0.9865;0.1372;0.9476;0.8474;34.5;1935
09/01/2026 4:43;VisA/macaroni2;patchcore;448x448;50;50;200;3;1;0.6687;0.677;0.7059;0.19;0.28;0.9618;0.0455;0.8913;0.6696;34.2;1935
09/01/2026 4:46;VisA/pcb1;patchcore;448x448;50;50;200;3;1;0.9483;0.9172;0.9327;0.71;0.93;0.9955;0.819;0.9893;0.9547;35.7;1935
09/01/2026 4:48;VisA/pcb2;patchcore;448x448;50;50;200;3;1;0.9131;0.9038;0.85;0.58;0.78;0.9733;0.2052;0.9793;0.7885;34.9;1935
09/01/2026 4:51;VisA/pcb3;patchcore;448x448;50;50;201;3;1;0.9312;0.937;0.8602;0.77;0.81;0.9888;0.4265;0.9949;0.8141;34.3;1935
09/01/2026 4:53;VisA/pcb4;patchcore;448x448;50;50;201;3;1;0.9751;0.9731;0.9347;0.89;0.94;0.9374;0.3288;0.9483;0.7987;37.2;1935
09/01/2026 4:56;VisA/pipe_fryum;patchcore;448x448;50;50;150;3;1;0.6382;0.8181;0.8017;0.3;0.32;0.653;0.0418;0.4899;0.2856;34.4;1935
09/01/2026 4:57;mvtec_AD/bottle;padim;448x448;50;50;83;4;1;0.4333;0.775;0.863;0.127;0.1905;0.595;0.0759;0.4124;0.1861;13.5;2680
09/01/2026 4:59;mvtec_AD/cable;padim;448x448;50;50;150;4;1;0.7762;0.7941;0.8103;0.0435;0.4457;0.9396;0.4953;0.9619;0.7155;17.2;2680
09/01/2026 5:00;mvtec_AD/capsule;padim;448x448;50;50;132;4;1;0.4555;0.8158;0.9083;0.1284;0.2018;0.8929;0.0485;0.9192;0.562;17.5;2680
09/01/2026 5:01;mvtec_AD/carpet;padim;448x448;50;50;117;4;1;0.8495;0.954;0.8854;0.6854;0.6966;0.852;0.2324;0.8456;0.7088;16.9;2680
09/01/2026 5:03;mvtec_AD/grid;padim;448x448;50;50;78;4;1;0.3425;0.6784;0.8444;0.1228;0.1228;0.808;0.0506;0.5784;0.3455;12.9;2680
09/01/2026 5:04;mvtec_AD/hazelnut;padim;448x448;50;50;110;4;1;0.7721;0.8707;0.8024;0.4714;0.4857;0.4366;0.0172;0.1106;0.0319;16.5;2680
09/01/2026 5:05;mvtec_AD/leather;padim;448x448;50;50;124;4;1;0.8522;0.9509;0.8817;0.6413;0.663;0.9042;0.2467;0.9339;0.83;16;2680
09/01/2026 5:06;mvtec_AD/metal_nut;padim;448x448;50;50;115;4;1;0.4775;0.8244;0.8942;0.0968;0.1398;0.4575;0.1012;0.0159;0.0025;12.3;2680
09/01/2026 5:08;mvtec_AD/pill;padim;448x448;50;50;167;4;1;0.3183;0.7712;0.9156;0.0284;0.0284;0.3156;0.0231;0.0023;0.0003;14.2;2680
09/01/2026 5:10;mvtec_AD/screw;padim;448x448;50;50;160;4;1;0.5372;0.7642;0.853;0.0504;0.1176;0.9559;0.032;0.9973;0.7545;13.5;2680
09/01/2026 5:11;mvtec_AD/tile;padim;448x448;50;50;117;4;1;0.895;0.9584;0.8977;0.5595;0.7381;0.836;0.3464;0.8772;0.7217;12.3;2680
09/01/2026 5:12;mvtec_AD/toothbrush;padim;448x448;50;50;42;4;1;0.4778;0.7847;0.8333;0.3;0.3333;0.361;0.0114;0.0065;0.0009;16.4;2680
09/01/2026 5:13;mvtec_AD/transistor;padim;448x448;50;50;100;4;1;0.6758;0.71;0.6022;0.4;0.45;0.8652;0.2399;0.9123;0.5888;17.8;2680
09/01/2026 5:14;mvtec_AD/wood;padim;448x448;50;50;79;4;1;0.9491;0.9846;0.9402;0.7;0.8833;0.8582;0.3629;0.9457;0.8664;17.8;2680
09/01/2026 5:15;mvtec_AD/zipper;padim;448x448;50;50;151;4;1;0.4921;0.8055;0.8815;0.0504;0.1597;0.7947;0.0645;0.8771;0.3745;12.9;2680
09/01/2026 5:18;AutoVI/underbody_pipes;padim;448x448;50;50;344;4;1;0.5955;0.5604;0.7573;0.0383;0.0601;0.9613;0.124;0.9926;0.8436;12.5;2680
09/01/2026 5:21;AutoVI/underbody_screw;padim;448x448;50;50;392;4;1;0.0628;0.0251;0.0878;0;0;0.7706;0.0004;0.7628;0.2081;13.5;2680
09/01/2026 5:25;AutoVI/engine_wiring;padim;448x448;50;50;574;4;1;0.5304;0.5248;0.6705;0.0554;0.0969;0.8034;0.0324;0.6155;0.2066;9.3;2680
09/01/2026 5:28;AutoVI/pipe_clip;padim;448x448;50;50;337;4;1;0.5293;0.4984;0.5937;0.1197;0.1549;0.8154;0.0194;0.7226;0.2894;10.8;2680
09/01/2026 5:31;AutoVI/tank_screw;padim;448x448;50;50;413;4;1;0.4514;0.2139;0.3745;0.0316;0.0526;0.883;0.0034;0.9201;0.408;12.7;2680
09/01/2026 5:34;mvtec_loco_AD/breakfast_box;padim;448x448;50;50;275;4;1;0.4042;0.5678;0.776;0.0116;0.0751;0.7334;0.126;0.6717;0.2888;24.5;2680
09/01/2026 5:38;mvtec_loco_AD/juice_bottle;padim;448x448;50;50;330;4;1;0.4465;0.6871;0.8339;0.0297;0.0932;0.252;0.0355;0.0023;0.0002;17.2;2680
09/01/2026 5:41;mvtec_loco_AD/pushpins;padim;448x448;50;50;310;4;1;0.474;0.5404;0.7137;0.0465;0.1105;0.5395;0.0331;0.5052;0.2417;20.3;2680
09/01/2026 5:45;mvtec_loco_AD/screw_bag;padim;448x448;50;50;341;4;1;0.626;0.7912;0.7835;0.2694;0.3562;0.3144;0.0494;0.204;0.0206;20;2680
09/01/2026 5:49;mvtec_loco_AD/splicing_connectors;padim;448x448;50;50;312;4;1;0.573;0.7059;0.7677;0.114;0.1969;0.611;0.1996;0.5903;0.3594;19.5;2680
09/01/2026 5:51;VisA/candle;padim;448x448;50;50;200;4;1;0.4294;0.4342;0.6712;0;0;0.5742;0.0014;0.5355;0.1262;9.5;2680
09/01/2026 5:52;VisA/capsules;padim;448x448;50;50;160;4;1;0.6422;0.7099;0.7782;0.12;0.18;0.9138;0.0308;0.8859;0.5655;12.7;2680
09/01/2026 5:53;VisA/cashew;padim;448x448;50;50;150;4;1;0.4808;0.7546;0.8;0.25;0.32;0.8146;0.2022;0.5925;0.477;9.8;2680
09/01/2026 5:56;VisA/chewinggum;padim;448x448;50;50;150;4;1;0.5698;0.7435;0.8;0.11;0.14;0.828;0.0284;0.4342;0.2401;12.2;2680
09/01/2026 5:58;VisA/fryum;padim;448x448;50;50;150;4;1;0.8302;0.8957;0.861;0.23;0.56;0.9269;0.3024;0.9268;0.6991;12;2680
09/01/2026 6:00;VisA/macaroni1;padim;448x448;50;50;200;4;1;0.4669;0.5768;0.6667;0.19;0.24;0.9025;0.0175;0.6585;0.4411;11.9;2680
09/01/2026 6:03;VisA/macaroni2;padim;448x448;50;50;200;4;1;0.6824;0.6825;0.7071;0.16;0.22;0.9261;0.0115;0.919;0.5614;12.4;2680
09/01/2026 6:04;VisA/pcb1;padim;448x448;50;50;200;4;1;0.7802;0.7309;0.7866;0.22;0.36;0.9742;0.197;0.9878;0.8595;12.9;2680
09/01/2026 6:07;VisA/pcb2;padim;448x448;50;50;200;4;1;0.5505;0.6568;0.6667;0.27;0.3;0.9663;0.0827;0.9635;0.7479;10.2;2680
09/01/2026 6:09;VisA/pcb3;padim;448x448;50;50;201;4;1;0.7451;0.7564;0.7287;0.26;0.41;0.9829;0.2661;0.9972;0.8471;12;2680
09/01/2026 6:11;VisA/pcb4;padim;448x448;50;50;201;4;1;0.7361;0.6998;0.7344;0.17;0.37;0.7091;0.0106;0.6373;0.1332;13;2680
09/01/2026 6:13;VisA/pipe_fryum;padim;448x448;50;50;150;4;1;0.2678;0.544;0.8;0.01;0.04;0.2009;0.0072;0.0326;0.0081;11.4;2680
09/01/2026 6:15;mvtec_AD/bottle;patchcore;448x448;50;50;83;4;1;0.9921;0.9978;0.992;0.9841;0.9841;0.9492;0.7031;0.9914;0.9335;35.9;1935
09/01/2026 6:17;mvtec_AD/cable;patchcore;448x448;50;50;150;4;1;0.9249;0.9609;0.9;0.7283;0.8478;0.9646;0.6819;0.9898;0.9141;39.8;1935
09/01/2026 6:19;mvtec_AD/capsule;patchcore;448x448;50;50;132;4;1;0.866;0.9701;0.9339;0.6147;0.6881;0.9663;0.331;0.9907;0.9156;39.7;1935
09/01/2026 6:20;mvtec_AD/carpet;patchcore;448x448;50;50;117;4;1;0.994;0.9982;0.9775;0.9551;0.9775;0.9915;0.6376;0.9981;0.8583;39.9;1935
09/01/2026 6:22;mvtec_AD/grid;patchcore;448x448;50;50;78;4;1;0.985;0.9953;0.9735;0.9649;0.9649;0.9858;0.4827;0.949;0.81;36.9;1935
09/01/2026 6:23;mvtec_AD/hazelnut;patchcore;448x448;50;50;110;4;1;0.9886;0.9943;0.971;0.9571;0.9571;0.9653;0.5163;0.9271;0.8294;41.8;1935
09/01/2026 6:25;mvtec_AD/leather;patchcore;448x448;50;50;124;4;1;0.9966;0.9989;0.989;0.9783;0.9783;0.9928;0.5178;0.9998;0.8856;38.7;1935
09/01/2026 6:27;mvtec_AD/metal_nut;patchcore;448x448;50;50;115;4;1;0.9795;0.9952;0.9681;0.9032;0.9462;0.9113;0.5961;0.9826;0.8131;35;1935
09/01/2026 6:29;mvtec_AD/pill;patchcore;448x448;50;50;167;4;1;0.3609;0.7965;0.9156;0.0071;0.0355;0.7545;0.07;0.9102;0.4946;36.2;1935
09/01/2026 6:31;mvtec_AD/screw;patchcore;448x448;50;50;160;4;1;0.9225;0.9706;0.9426;0.6303;0.7143;0.9874;0.4225;0.9947;0.8343;36.9;1935
09/01/2026 6:33;mvtec_AD/tile;patchcore;448x448;50;50;117;4;1;0.9928;0.9975;0.988;0.9762;0.9762;0.9422;0.4927;0.9885;0.9589;38.9;1935
09/01/2026 6:34;mvtec_AD/toothbrush;patchcore;448x448;50;50;42;4;1;0.8944;0.9641;0.8889;0.8;0.8;0.738;0.1726;0.2523;0.1621;40.6;1935
09/01/2026 6:36;mvtec_AD/transistor;patchcore;448x448;50;50;100;4;1;0.7721;0.7315;0.6813;0.35;0.475;0.8326;0.3773;0.8895;0.6998;42.5;1935
09/01/2026 6:37;mvtec_AD/wood;patchcore;448x448;50;50;79;4;1;0.9798;0.9937;0.9661;0.8167;0.95;0.922;0.5001;0.9796;0.9038;42.3;1935
09/01/2026 6:39;mvtec_AD/zipper;patchcore;448x448;50;50;151;4;1;0.9669;0.9917;0.9573;0.8908;0.9412;0.9806;0.6582;0.9928;0.8618;37.2;1935
09/01/2026 6:43;AutoVI/underbody_pipes;patchcore;448x448;50;50;344;4;1;0.9921;0.9931;0.9651;0.9454;0.9891;0.9799;0.4089;0.9992;0.9674;35.8;1935
09/01/2026 6:46;AutoVI/underbody_screw;patchcore;448x448;50;50;392;4;1;0.9908;0.7084;0.8;1;1;0.9985;0.2525;1;0.9803;35.3;1935
09/01/2026 6:51;AutoVI/engine_wiring;patchcore;448x448;50;50;574;4;1;0.5821;0.5954;0.6705;0.0969;0.1661;0.9055;0.325;0.8834;0.5491;32.5;1935
09/01/2026 6:53;AutoVI/pipe_clip;patchcore;448x448;50;50;337;4;1;0.6034;0.4729;0.652;0.0634;0.0915;0.9325;0.0613;0.9903;0.7114;33;1935
09/01/2026 6:57;AutoVI/tank_screw;patchcore;448x448;50;50;413;4;1;0.7227;0.3353;0.5171;0.0105;0.1053;0.9786;0.0787;0.977;0.7691;34.3;1935
09/01/2026 7:00;mvtec_loco_AD/breakfast_box;patchcore;448x448;50;50;275;4;1;0.7572;0.8676;0.785;0.422;0.5376;0.8635;0.5064;0.8901;0.7231;48.4;1935
09/01/2026 7:04;mvtec_loco_AD/juice_bottle;patchcore;448x448;50;50;330;4;1;0.4649;0.7347;0.8339;0.0975;0.1356;0.421;0.0445;0.1474;0.0493;41.4;1935
09/01/2026 7:08;mvtec_loco_AD/pushpins;patchcore;448x448;50;50;310;4;1;0.5289;0.6025;0.7155;0.0698;0.1221;0.6468;0.0699;0.7184;0.4133;44.2;1935
09/01/2026 7:13;mvtec_loco_AD/screw_bag;patchcore;448x448;50;50;341;4;1;0.6302;0.7873;0.7821;0.2374;0.3014;0.6005;0.0965;0.6887;0.4793;43.5;1935
09/01/2026 7:17;mvtec_loco_AD/splicing_connectors;patchcore;448x448;50;50;312;4;1;0.7311;0.8451;0.7644;0.3627;0.4819;0.5712;0.1412;0.3783;0.2842;42.8;1935
09/01/2026 7:19;VisA/candle;patchcore;448x448;50;50;200;4;1;0.7388;0.756;0.721;0.28;0.36;0.9174;0.1093;0.9515;0.7665;35.3;1935
09/01/2026 7:21;VisA/capsules;patchcore;448x448;50;50;160;4;1;0.883;0.9313;0.8545;0.69;0.73;0.9932;0.6199;0.996;0.8311;36.6;1935
09/01/2026 7:23;VisA/cashew;patchcore;448x448;50;50;150;4;1;0.7886;0.906;0.8099;0.55;0.66;0.8044;0.2968;0.7235;0.5794;35.9;1935
09/01/2026 7:26;VisA/chewinggum;patchcore;448x448;50;50;150;4;1;0.9776;0.991;0.96;0.94;0.96;0.9932;0.6878;0.96;0.7826;35;1935
09/01/2026 7:28;VisA/fryum;patchcore;448x448;50;50;150;4;1;0.9734;0.9872;0.9505;0.83;0.95;0.8529;0.1617;0.959;0.7503;36.4;1935
09/01/2026 7:31;VisA/macaroni1;patchcore;448x448;50;50;200;4;1;0.8514;0.8472;0.7854;0.39;0.57;0.9825;0.1352;0.9296;0.8436;34.2;1935
09/01/2026 7:34;VisA/macaroni2;patchcore;448x448;50;50;200;4;1;0.6728;0.6724;0.6989;0.2;0.3;0.9642;0.0523;0.8994;0.7182;34.7;1935
09/01/2026 7:37;VisA/pcb1;patchcore;448x448;50;50;200;4;1;0.9442;0.9132;0.9143;0.61;0.91;0.9953;0.8117;0.9889;0.9656;36.6;1935
09/01/2026 7:39;VisA/pcb2;patchcore;448x448;50;50;200;4;1;0.8963;0.894;0.8615;0.73;0.81;0.9748;0.2062;0.9793;0.8455;35.2;1935
09/01/2026 7:42;VisA/pcb3;patchcore;448x448;50;50;201;4;1;0.927;0.9378;0.8657;0.76;0.79;0.9883;0.423;0.9922;0.787;34.7;1935
09/01/2026 7:44;VisA/pcb4;patchcore;448x448;50;50;201;4;1;0.975;0.9751;0.936;0.9;0.96;0.9432;0.3422;0.949;0.752;34.4;1935
09/01/2026 7:47;VisA/pipe_fryum;patchcore;448x448;50;50;150;4;1;0.6331;0.8139;0.8033;0.28;0.34;0.6315;0.0385;0.5406;0.3116;34.7;1935
08/01/2026 17:33;mvtec_AD/bottle;dinomaly;448x448;10;10;83;0;301;1;1;1;1;1;0.986;0.812;0.9997;0.9724;237;2731
08/01/2026 17:40;mvtec_AD/cable;dinomaly;448x448;10;10;150;0;301;0.917;0.9625;0.9091;0.8478;0.8696;0.9523;0.6786;0.9728;0.8771;348;2732
08/01/2026 17:52;mvtec_AD/carpet;dinomaly;448x448;10;10;117;0;301;1;1;1;1;1;0.9953;0.7751;0.9996;0.9814;332.7;2732
08/01/2026 17:57;mvtec_AD/grid;dinomaly;448x448;10;10;78;0;301;1;1;1;1;1;0.9946;0.5102;1;0.8701;213.3;2732
08/01/2026 18:03;mvtec_AD/hazelnut;dinomaly;448x448;10;10;110;0;301;0.9982;0.999;0.9859;1;1;0.9889;0.6973;0.9995;0.9552;318.4;2732
08/01/2026 18:09;mvtec_AD/leather;dinomaly;448x448;10;10;124;0;301;1;1;1;1;1;0.993;0.4846;1;0.8872;298.9;2732
08/01/2026 18:14;mvtec_AD/metal_nut;dinomaly;448x448;10;10;115;0;301;0.6901;0.8795;0.8947;0.086;0.0968;0.7418;0.264;0.6579;0.4079;211.5;2732
08/01/2026 18:20;mvtec_AD/pill;dinomaly;448x448;10;10;167;0;301;0.8489;0.9709;0.9216;0.6241;0.6879;0.7698;0.3407;0.9364;0.7894;251.4;2732
08/01/2026 18:25;mvtec_AD/screw;dinomaly;448x448;10;10;160;0;301;0.6217;0.8476;0.853;0.2437;0.3025;0.9813;0.2545;0.9994;0.862;223.3;2732
08/01/2026 18:30;mvtec_AD/tile;dinomaly;448x448;10;10;117;0;301;1;1;1;1;1;0.9743;0.6524;0.9994;0.9096;268.6;2732
08/01/2026 18:36;mvtec_AD/toothbrush;dinomaly;448x448;10;10;42;0;301;0.9972;0.9989;0.9836;0.9667;1;0.9633;0.4353;0.9638;0.8567;319.8;2732
08/01/2026 18:42;mvtec_AD/transistor;dinomaly;448x448;10;10;100;0;301;0.4004;0.4363;0.5755;0.125;0.15;0.6857;0.1009;0.7172;0.4253;334.5;2731
08/01/2026 18:49;mvtec_AD/wood;dinomaly;448x448;10;10;79;0;301;0.9868;0.9959;0.9667;0.8833;0.95;0.9628;0.6267;0.9942;0.9708;342.5;2732
08/01/2026 18:54;mvtec_AD/zipper;dinomaly;448x448;10;10;151;0;301;0.9619;0.9872;0.9672;0.5714;0.958;0.9657;0.4719;0.9963;0.8739;210.3;2732
08/01/2026 19:00;AutoVI/underbody_pipes;dinomaly;448x448;10;10;344;0;301;0.983;0.9779;0.9681;0.9781;0.9945;0.9846;0.4264;0.9995;0.8929;212.5;2732
08/01/2026 19:10;AutoVI/engine_wiring;dinomaly;448x448;10;10;574;0;301;0.4473;0.4947;0.6698;0.045;0.1003;0.8337;0.4368;0.3602;0.1489;116.9;2732
08/01/2026 19:14;AutoVI/pipe_clip;dinomaly;448x448;10;10;337;0;301;0.4858;0.4198;0.5941;0.0493;0.0704;0.647;0.0102;0.4282;0.1694;146.1;2732
08/01/2026 19:20;AutoVI/tank_screw;dinomaly;448x448;10;10;413;0;301;0.3417;0.1704;0.374;0;0.0211;0.8433;0.0027;0.8163;0.4014;207.1;2732
08/01/2026 19:31;mvtec_loco_AD/breakfast_box;dinomaly;448x448;10;10;275;0;301;0.699;0.8179;0.7807;0.2775;0.3815;0.7492;0.1646;0.7644;0.4986;531.7;2732
08/01/2026 19:56;mvtec_loco_AD/screw_bag;dinomaly;448x448;10;10;341;0;301;0.5371;0.7095;0.7835;0.1461;0.2192;0.5204;0.0896;0.8209;0.6252;420.6;2732
08/01/2026 20:05;mvtec_loco_AD/splicing_connectors;dinomaly;448x448;10;10;312;0;301;0.6442;0.7486;0.7644;0.1399;0.1969;0.5851;0.1133;0.895;0.6205;399;2732
08/01/2026 20:14;VisA/capsules;dinomaly;448x448;10;10;160;0;301;0.9112;0.9532;0.877;0.79;0.82;0.9749;0.384;0.9963;0.9103;210.3;2732
08/01/2026 20:19;VisA/cashew;dinomaly;448x448;10;10;150;0;301;0.62;0.8107;0.8;0.36;0.38;0.8178;0.23;0.9513;0.7734;223.2;2732
08/01/2026 20:24;VisA/chewinggum;dinomaly;448x448;10;10;150;0;301;0.9638;0.9849;0.9534;0.92;0.92;0.9925;0.5868;0.8972;0.8173;205.5;2732
08/01/2026 20:29;VisA/fryum;dinomaly;448x448;10;10;150;0;301;0.9834;0.9923;0.9552;0.91;0.96;0.9614;0.3667;0.9984;0.9266;196.6;2732
08/01/2026 20:35;VisA/macaroni1;dinomaly;448x448;10;10;200;0;301;0.7268;0.7283;0.7105;0.19;0.32;0.9847;0.0705;0.9989;0.8876;200.9;2732
08/01/2026 20:43;VisA/pcb1;dinomaly;448x448;10;10;200;0;301;0.9408;0.9405;0.8768;0.75;0.81;0.9871;0.5695;0.9911;0.9264;209.1;2732
08/01/2026 20:56;VisA/pcb4;dinomaly;448x448;10;10;201;0;301;0.7529;0.7484;0.7313;0.31;0.42;0.8738;0.0296;0.9874;0.6986;196;2732
08/01/2026 21:01;VisA/pipe_fryum;dinomaly;448x448;10;10;150;0;301;0.9094;0.9471;0.898;0.54;0.8;0.9182;0.3045;0.9634;0.8852;188.9;2732
08/01/2026 21:06;mvtec_AD/bottle;dinomaly;448x448;10;10;83;1;301;0.9984;0.9995;0.992;0.9841;1;0.9824;0.7904;0.9989;0.8747;233.4;2732
08/01/2026 21:12;mvtec_AD/cable;dinomaly;448x448;10;10;150;1;301;0.941;0.9708;0.9257;0.8804;0.8804;0.9506;0.6742;0.9687;0.8271;334.4;2732
08/01/2026 21:25;mvtec_AD/carpet;dinomaly;448x448;10;10;117;1;301;0.9972;0.9991;0.9888;0.9888;0.9888;0.9835;0.6142;0.9964;0.9468;327.6;2732
08/01/2026 21:30;mvtec_AD/grid;dinomaly;448x448;10;10;78;1;301;0.5205;0.7272;0.8444;0.0351;0.0351;0.8936;0.034;0.9409;0.613;265.3;2732
08/01/2026 21:36;mvtec_AD/hazelnut;dinomaly;448x448;10;10;110;1;301;0.9971;0.9984;0.979;0.9714;1;0.9891;0.6879;0.9996;0.9215;325;2732
08/01/2026 21:42;mvtec_AD/leather;dinomaly;448x448;10;10;124;1;301;1;1;1;1;1;0.9932;0.5137;1;0.8427;277.2;2732
08/01/2026 21:46;mvtec_AD/metal_nut;dinomaly;448x448;10;10;115;1;301;1;1;1;1;1;0.9405;0.628;0.9949;0.9614;192.8;2732
08/01/2026 21:52;mvtec_AD/pill;dinomaly;448x448;10;10;167;1;301;0.8271;0.9654;0.918;0.5461;0.5532;0.7576;0.3135;0.9483;0.8476;249.5;2732
08/01/2026 21:57;mvtec_AD/screw;dinomaly;448x448;10;10;160;1;301;0.5866;0.8218;0.853;0.2269;0.3109;0.9804;0.2077;0.9994;0.8665;220;2732
08/01/2026 22:02;mvtec_AD/tile;dinomaly;448x448;10;10;117;1;301;1;1;1;1;1;0.9676;0.6338;0.9983;0.9413;262.7;2732
08/01/2026 22:08;mvtec_AD/toothbrush;dinomaly;448x448;10;10;42;1;301;1;1;1;1;1;0.9818;0.4129;0.9963;0.9509;315.2;2732
08/01/2026 22:14;mvtec_AD/transistor;dinomaly;448x448;10;10;100;1;301;0.8812;0.8227;0.7917;0.475;0.525;0.7784;0.2852;0.6974;0.5708;338.3;2732
08/01/2026 22:21;mvtec_AD/wood;dinomaly;448x448;10;10;79;1;301;0.9825;0.9948;0.9661;0.9;0.95;0.961;0.6256;0.9919;0.8648;344.4;2732
08/01/2026 22:26;mvtec_AD/zipper;dinomaly;448x448;10;10;151;1;301;0.9795;0.9946;0.9832;0.8571;0.9832;0.9734;0.4991;0.9985;0.9533;220.5;2732
08/01/2026 22:32;AutoVI/underbody_pipes;dinomaly;448x448;10;10;344;1;301;0.9771;0.9808;0.9503;0.9399;0.9617;0.9659;0.2063;0.9974;0.933;211.9;2732
08/01/2026 22:37;AutoVI/underbody_screw;dinomaly;448x448;10;10;392;1;301;0.6601;0.1969;0.2439;0.2778;0.2778;0.8632;0.0006;0.9248;0.5331;208.6;2732
08/01/2026 22:44;AutoVI/engine_wiring;dinomaly;448x448;10;10;574;1;301;0.4605;0.5088;0.6705;0.0692;0.128;0.8702;0.3801;0.6105;0.3128;183.2;2732
08/01/2026 22:49;AutoVI/pipe_clip;dinomaly;448x448;10;10;337;1;301;0.5108;0.4513;0.5941;0.0775;0.1127;0.6568;0.0095;0.3414;0.1125;145.5;2732
08/01/2026 22:55;AutoVI/tank_screw;dinomaly;448x448;10;10;413;1;301;0.3866;0.2031;0.3748;0.0526;0.0632;0.745;0.0015;0.7226;0.3752;198.6;2732
08/01/2026 23:07;mvtec_loco_AD/breakfast_box;dinomaly;448x448;10;10;275;1;301;0.6367;0.7752;0.7723;0.2254;0.3526;0.7585;0.1897;0.7864;0.4919;544.5;2732
08/01/2026 23:16;mvtec_loco_AD/juice_bottle;dinomaly;448x448;10;10;330;1;301;0.6072;0.842;0.8339;0.3178;0.3814;0.6467;0.1288;0.6449;0.4659;332.5;2732
08/01/2026 23:26;mvtec_loco_AD/pushpins;dinomaly;448x448;10;10;310;1;301;0.535;0.6016;0.7137;0.0523;0.1221;0.5321;0.0285;0.4482;0.1629;414.6;2732
08/01/2026 23:36;mvtec_loco_AD/screw_bag;dinomaly;448x448;10;10;341;1;301;0.6068;0.738;0.7828;0.1187;0.2511;0.5304;0.0877;0.6163;0.444;440.1;2732
08/01/2026 23:46;mvtec_loco_AD/splicing_connectors;dinomaly;448x448;10;10;312;1;301;0.6377;0.764;0.7644;0.2176;0.2902;0.5408;0.1043;0.8915;0.6393;386.7;2732
08/01/2026 23:51;VisA/candle;dinomaly;448x448;10;10;200;1;301;0.9047;0.9163;0.8358;0.63;0.74;0.9791;0.2202;0.9829;0.8453;182.4;2732
08/01/2026 23:55;VisA/capsules;dinomaly;448x448;10;10;160;1;301;0.9557;0.9732;0.9417;0.76;0.92;0.9784;0.3601;0.9967;0.9415;187.5;2732
09/01/2026 0:00;VisA/cashew;dinomaly;448x448;10;10;150;1;301;0.6778;0.8247;0.8133;0.33;0.37;0.8647;0.1765;0.9756;0.9044;209.1;2732
09/01/2026 0:05;VisA/chewinggum;dinomaly;448x448;10;10;150;1;301;0.9682;0.9866;0.9534;0.92;0.93;0.9945;0.5639;0.9139;0.7799;176.2;2732
09/01/2026 0:09;VisA/fryum;dinomaly;448x448;10;10;150;1;301;0.9704;0.9864;0.9381;0.9;0.91;0.9565;0.3569;0.9963;0.9052;184.6;2732
09/01/2026 0:15;VisA/macaroni1;dinomaly;448x448;10;10;200;1;301;0.8154;0.7942;0.786;0.34;0.46;0.9878;0.0973;0.9503;0.8472;188.5;2732
09/01/2026 0:20;VisA/macaroni2;dinomaly;448x448;10;10;200;1;301;0.5866;0.5569;0.6757;0.07;0.17;0.9854;0.043;0.9895;0.8109;186.2;2732
09/01/2026 0:25;VisA/pcb1;dinomaly;448x448;10;10;200;1;301;0.9007;0.9036;0.8448;0.62;0.65;0.9813;0.5492;0.9895;0.843;185.1;2732
09/01/2026 0:29;VisA/pcb2;dinomaly;448x448;10;10;200;1;301;0.8424;0.8484;0.7783;0.51;0.67;0.9539;0.2274;0.9593;0.8356;178.3;2732
09/01/2026 0:34;VisA/pcb3;dinomaly;448x448;10;10;201;1;301;0.7626;0.8136;0.722;0.46;0.58;0.9374;0.2182;0.9934;0.7739;184.2;2732
09/01/2026 0:39;VisA/pcb4;dinomaly;448x448;10;10;201;1;301;0.929;0.9307;0.8517;0.68;0.75;0.9371;0.145;0.9841;0.818;185.7;2732
09/01/2026 0:44;VisA/pipe_fryum;dinomaly;448x448;10;10;150;1;301;0.9296;0.9623;0.9163;0.68;0.87;0.9295;0.2919;0.9721;0.8671;174.6;2732
09/01/2026 0:48;mvtec_AD/bottle;dinomaly;448x448;10;10;83;2;301;0.9833;0.9954;0.976;0.9683;0.9683;0.9734;0.7477;0.9953;0.886;220.7;2732
09/01/2026 0:55;mvtec_AD/cable;dinomaly;448x448;10;10;150;2;301;0.7809;0.8808;0.7793;0.5326;0.5543;0.9267;0.5111;0.9605;0.7741;323.5;2732
09/01/2026 1:01;mvtec_AD/capsule;dinomaly;448x448;10;10;132;2;301;0.8002;0.9495;0.9298;0.422;0.4312;0.9677;0.4149;0.9995;0.9031;320.9;2732
09/01/2026 1:07;mvtec_AD/carpet;dinomaly;448x448;10;10;117;2;301;0.9992;0.9998;0.9944;0.9888;1;0.993;0.7304;0.9993;0.9325;312.6;2732
09/01/2026 1:12;mvtec_AD/grid;dinomaly;448x448;10;10;78;2;301;1;1;1;1;1;0.9948;0.4965;1;0.9961;198.9;2732
09/01/2026 1:18;mvtec_AD/hazelnut;dinomaly;448x448;10;10;110;2;301;0.9304;0.9666;0.8971;0.8;0.8571;0.959;0.494;0.9265;0.7903;306;2732
09/01/2026 1:23;mvtec_AD/leather;dinomaly;448x448;10;10;124;2;301;1;1;1;1;1;0.9933;0.5112;1;0.952;283;2732
09/01/2026 1:28;mvtec_AD/metal_nut;dinomaly;448x448;10;10;115;2;301;1;1;1;1;1;0.9323;0.599;0.9915;0.8807;192.3;2732
09/01/2026 1:33;mvtec_AD/pill;dinomaly;448x448;10;10;167;2;301;0.8358;0.9671;0.9246;0.5674;0.5674;0.7739;0.3291;0.9597;0.8543;231.5;2732
09/01/2026 1:38;mvtec_AD/screw;dinomaly;448x448;10;10;160;2;301;0.5589;0.782;0.853;0.0672;0.1429;0.9753;0.1083;0.9993;0.836;202.5;2732
09/01/2026 1:43;mvtec_AD/tile;dinomaly;448x448;10;10;117;2;301;1;1;1;1;1;0.9732;0.6423;0.9993;0.924;259.7;2732
09/01/2026 1:49;mvtec_AD/toothbrush;dinomaly;448x448;10;10;42;2;301;1;1;1;1;1;0.98;0.4682;0.992;0.939;307.3;2732
09/01/2026 1:55;mvtec_AD/transistor;dinomaly;448x448;10;10;100;2;301;0.9242;0.8801;0.8315;0.65;0.75;0.8074;0.3297;0.7262;0.5777;328.7;2732
09/01/2026 2:01;mvtec_AD/wood;dinomaly;448x448;10;10;79;2;301;0.9868;0.9959;0.9677;0.9;0.95;0.9621;0.6352;0.9934;0.9409;326.8;2732
09/01/2026 2:06;mvtec_AD/zipper;dinomaly;448x448;10;10;151;2;301;0.9525;0.9855;0.9576;0.6134;0.9412;0.9595;0.4363;0.9935;0.8019;199.7;2732
09/01/2026 2:15;AutoVI/underbody_screw;dinomaly;448x448;10;10;392;2;301;0.3936;0.0401;0.092;0;0.0556;0.8483;0.0005;0.957;0.4361;202.7;2732
09/01/2026 2:21;AutoVI/engine_wiring;dinomaly;448x448;10;10;574;2;301;0.5354;0.5483;0.6705;0.0796;0.1349;0.8545;0.5681;0.5517;0.2082;120.2;2732
09/01/2026 2:25;AutoVI/pipe_clip;dinomaly;448x448;10;10;337;2;301;0.4972;0.4254;0.5941;0.0493;0.0845;0.6057;0.0091;0.2582;0.0869;124.5;2732
09/01/2026 2:31;AutoVI/tank_screw;dinomaly;448x448;10;10;413;2;301;0.3278;0.1666;0.374;0;0.0105;0.8284;0.0023;0.8344;0.4148;177.3;2732
09/01/2026 2:43;mvtec_loco_AD/breakfast_box;dinomaly;448x448;10;10;275;2;301;0.6152;0.7532;0.7723;0.185;0.2601;0.7718;0.2056;0.8149;0.5371;524.4;2732
09/01/2026 2:51;mvtec_loco_AD/juice_bottle;dinomaly;448x448;10;10;330;2;301;0.7113;0.882;0.8339;0.3729;0.4407;0.4519;0.0671;0.4294;0.3057;313.4;2732
09/01/2026 3:00;mvtec_loco_AD/pushpins;dinomaly;448x448;10;10;310;2;301;0.5554;0.6276;0.7137;0.093;0.1453;0.535;0.0285;0.4514;0.1689;398.6;2732
09/01/2026 3:10;mvtec_loco_AD/screw_bag;dinomaly;448x448;10;10;341;2;301;0.5618;0.7157;0.7821;0.1233;0.2237;0.5544;0.0977;0.7445;0.5013;410.7;2732
09/01/2026 3:19;mvtec_loco_AD/splicing_connectors;dinomaly;448x448;10;10;312;2;301;0.6442;0.766;0.7644;0.1606;0.2021;0.589;0.1275;0.8966;0.5477;379.1;2732
09/01/2026 3:24;VisA/candle;dinomaly;448x448;10;10;200;2;301;0.8821;0.9015;0.829;0.57;0.68;0.9428;0.1579;0.952;0.8678;173.6;2732
09/01/2026 3:29;VisA/capsules;dinomaly;448x448;10;10;160;2;301;0.9508;0.9685;0.9275;0.69;0.8;0.9705;0.2747;0.994;0.9137;184;2732
09/01/2026 3:33;VisA/cashew;dinomaly;448x448;10;10;150;2;301;0.5596;0.7688;0.8;0.27;0.29;0.808;0.1878;0.9518;0.7615;192.5;2732
09/01/2026 3:38;VisA/chewinggum;dinomaly;448x448;10;10;150;2;301;0.9462;0.9762;0.9254;0.84;0.88;0.9894;0.5768;0.8738;0.7782;180.9;2732
09/01/2026 3:42;VisA/fryum;dinomaly;448x448;10;10;150;2;301;0.9828;0.9918;0.9552;0.9;0.96;0.958;0.3411;0.9955;0.9011;176.2;2732
09/01/2026 3:47;VisA/macaroni1;dinomaly;448x448;10;10;200;2;301;0.8268;0.8362;0.7679;0.41;0.47;0.9902;0.1346;0.9811;0.8897;172.8;2732
09/01/2026 3:53;VisA/macaroni2;dinomaly;448x448;10;10;200;2;301;0.6251;0.5835;0.6829;0.11;0.18;0.982;0.0301;0.9963;0.8456;175.3;2732
09/01/2026 3:57;VisA/pcb1;dinomaly;448x448;10;10;200;2;301;0.9335;0.9353;0.8528;0.64;0.79;0.9861;0.5146;0.9913;0.9531;183.4;2732
09/01/2026 4:02;VisA/pcb2;dinomaly;448x448;10;10;200;2;301;0.8527;0.867;0.7925;0.66;0.69;0.9532;0.2337;0.9609;0.8491;184.5;2732
09/01/2026 4:07;VisA/pcb3;dinomaly;448x448;10;10;201;2;301;0.8017;0.8473;0.7474;0.53;0.63;0.9389;0.2821;0.9938;0.8333;179;2732
09/01/2026 4:12;VisA/pcb4;dinomaly;448x448;10;10;201;2;301;0.9362;0.9381;0.8673;0.7;0.8;0.9402;0.1555;0.9821;0.8186;181.8;2732
09/01/2026 4:17;VisA/pipe_fryum;dinomaly;448x448;10;10;150;2;301;0.9082;0.9478;0.9072;0.67;0.85;0.9152;0.3102;0.9644;0.849;176.3;2732
09/01/2026 4:28;mvtec_AD/cable;dinomaly;448x448;10;10;150;3;301;0.9209;0.9628;0.9143;0.8478;0.8696;0.946;0.6643;0.9605;0.8137;326.3;2732
09/01/2026 4:34;mvtec_AD/capsule;dinomaly;448x448;10;10;132;3;301;0.7331;0.9244;0.9264;0.2936;0.2936;0.9652;0.3703;0.9989;0.9002;320.4;2732
09/01/2026 4:40;mvtec_AD/carpet;dinomaly;448x448;10;10;117;3;301;1;1;1;1;1;0.9911;0.7122;0.9985;0.8803;316.3;2732
09/01/2026 4:44;mvtec_AD/grid;dinomaly;448x448;10;10;78;3;301;1;1;1;1;1;0.9947;0.5008;1;0.8941;203.5;2732
09/01/2026 4:56;mvtec_AD/leather;dinomaly;448x448;10;10;124;3;301;1;1;1;1;1;0.9927;0.5167;1;0.9005;289.9;2732
09/01/2026 5:00;mvtec_AD/metal_nut;dinomaly;448x448;10;10;115;3;301;1;1;1;1;1;0.9263;0.6192;0.9853;0.8989;191.5;2732
09/01/2026 5:05;mvtec_AD/pill;dinomaly;448x448;10;10;167;3;301;0.8497;0.971;0.9211;0.617;0.6525;0.7731;0.3439;0.9536;0.8349;226.9;2732
09/01/2026 5:10;mvtec_AD/screw;dinomaly;448x448;10;10;160;3;301;0.6733;0.8801;0.853;0.3782;0.3782;0.9802;0.1682;0.9992;0.8834;202.7;2732
09/01/2026 5:15;mvtec_AD/tile;dinomaly;448x448;10;10;117;3;301;0.9996;0.9999;0.9941;1;1;0.9731;0.6386;0.9994;0.9678;258.1;2732
09/01/2026 5:21;mvtec_AD/toothbrush;dinomaly;448x448;10;10;42;3;301;0.9972;0.9989;0.9836;0.9667;1;0.9756;0.44;0.9873;0.9037;304.7;2732
09/01/2026 5:27;mvtec_AD/transistor;dinomaly;448x448;10;10;100;3;301;0.9096;0.876;0.8235;0.625;0.65;0.8226;0.3439;0.7387;0.6124;325.5;2732
09/01/2026 5:33;mvtec_AD/wood;dinomaly;448x448;10;10;79;3;301;0.9833;0.9949;0.9661;0.8667;0.95;0.9611;0.6169;0.9932;0.857;312.3;2732
09/01/2026 5:37;mvtec_AD/zipper;dinomaly;448x448;10;10;151;3;301;0.6757;0.9055;0.8815;0.3529;0.4118;0.8688;0.0901;0.9668;0.5747;192;2732
09/01/2026 5:43;AutoVI/underbody_pipes;dinomaly;448x448;10;10;344;3;301;0.9718;0.9616;0.9653;0.9235;0.9945;0.9882;0.4669;0.9984;0.9286;195.8;2732
09/01/2026 5:49;AutoVI/underbody_screw;dinomaly;448x448;10;10;392;3;301;0.425;0.063;0.125;0.0556;0.1111;0.9321;0.0013;0.9993;0.7178;206.8;2732
09/01/2026 5:55;AutoVI/engine_wiring;dinomaly;448x448;10;10;574;3;301;0.6003;0.6038;0.6839;0.1038;0.1903;0.859;0.4921;0.5353;0.2038;112.3;2732
09/01/2026 5:59;AutoVI/pipe_clip;dinomaly;448x448;10;10;337;3;301;0.5299;0.4594;0.6051;0.0704;0.169;0.6033;0.0084;0.2672;0.0994;127.2;2732
09/01/2026 6:06;AutoVI/tank_screw;dinomaly;448x448;10;10;413;3;301;0.483;0.2237;0.3797;0.0526;0.0737;0.3604;0.0006;0.0026;0.0001;238.7;2732
09/01/2026 6:17;mvtec_loco_AD/breakfast_box;dinomaly;448x448;10;10;275;3;301;0.6855;0.807;0.7745;0.289;0.4393;0.7868;0.233;0.8291;0.5727;524.7;2732
09/01/2026 6:26;mvtec_loco_AD/juice_bottle;dinomaly;448x448;10;10;330;3;301;0.6944;0.8786;0.8339;0.4025;0.428;0.4564;0.0722;0.4502;0.3278;319;2732
09/01/2026 6:36;mvtec_loco_AD/pushpins;dinomaly;448x448;10;10;310;3;301;0.6077;0.6715;0.7238;0.1047;0.186;0.4718;0.0276;0.6324;0.4231;404.1;2732
09/01/2026 6:46;mvtec_loco_AD/screw_bag;dinomaly;448x448;10;10;341;3;301;0.5549;0.6942;0.7835;0.1142;0.1553;0.5159;0.0775;0.8006;0.5521;415;2732
09/01/2026 6:55;mvtec_loco_AD/splicing_connectors;dinomaly;448x448;10;10;312;3;301;0.6136;0.727;0.7644;0.1399;0.2021;0.5776;0.1067;0.4543;0.2751;382;2732
09/01/2026 7:00;VisA/candle;dinomaly;448x448;10;10;200;3;301;0.8844;0.8956;0.8263;0.6;0.73;0.9809;0.1978;0.9852;0.9282;188.2;2732
09/01/2026 7:05;VisA/capsules;dinomaly;448x448;10;10;160;3;301;0.939;0.9641;0.9045;0.71;0.86;0.9739;0.4008;0.9956;0.9133;186.1;2732
09/01/2026 7:09;VisA/cashew;dinomaly;448x448;10;10;150;3;301;0.734;0.8632;0.817;0.45;0.48;0.8479;0.2106;0.9713;0.8304;196.7;2732
09/01/2026 7:14;VisA/chewinggum;dinomaly;448x448;10;10;150;3;301;0.97;0.9876;0.9588;0.93;0.93;0.9952;0.5504;0.9203;0.8495;189.7;2732
09/01/2026 7:19;VisA/fryum;dinomaly;448x448;10;10;150;3;301;0.9804;0.9907;0.9463;0.9;0.94;0.9556;0.3539;0.998;0.8996;189.9;2732
09/01/2026 7:25;VisA/macaroni1;dinomaly;448x448;10;10;200;3;301;0.8525;0.8459;0.7981;0.46;0.5;0.9901;0.1308;0.9751;0.8383;188;2732
09/01/2026 7:30;VisA/macaroni2;dinomaly;448x448;10;10;200;3;301;0.6627;0.6086;0.7054;0.06;0.23;0.9882;0.0464;0.9945;0.8498;187.8;2732
09/01/2026 7:35;VisA/pcb1;dinomaly;448x448;10;10;200;3;301;0.9321;0.9304;0.8922;0.69;0.82;0.9879;0.7068;0.9879;0.927;189.9;2732
09/01/2026 7:44;VisA/pcb3;dinomaly;448x448;10;10;201;3;301;0.8127;0.8429;0.7331;0.52;0.61;0.9568;0.3512;0.9956;0.8353;182.6;2732
09/01/2026 7:52;VisA/pipe_fryum;dinomaly;448x448;10;10;150;3;301;0.9014;0.9454;0.9016;0.7;0.85;0.9021;0.3183;0.9531;0.8537;164.4;2732
09/01/2026 7:56;mvtec_AD/bottle;dinomaly;448x448;10;10;83;4;301;1;1;1;1;1;0.9862;0.8051;0.9999;0.9328;216;2732
09/01/2026 8:02;mvtec_AD/cable;dinomaly;448x448;10;10;150;4;301;0.932;0.9667;0.9133;0.8587;0.8587;0.9442;0.6523;0.9649;0.8647;308.6;2732
09/01/2026 8:08;mvtec_AD/capsule;dinomaly;448x448;10;10;132;4;301;0.7766;0.9404;0.931;0.367;0.367;0.9678;0.4048;0.9992;0.9158;309.4;2732
09/01/2026 8:15;mvtec_AD/carpet;dinomaly;448x448;10;10;117;4;301;0.9996;0.9999;0.9944;1;1;0.987;0.6791;0.9972;0.9011;303.1;2732
09/01/2026 8:19;mvtec_AD/grid;dinomaly;448x448;10;10;78;4;301;0.9983;0.9994;0.9912;0.9825;1;0.9943;0.5076;0.9971;0.9627;198.2;2732
09/01/2026 8:25;mvtec_AD/hazelnut;dinomaly;448x448;10;10;110;4;301;0.9993;0.9996;0.9928;1;1;0.989;0.6936;0.9997;0.8987;306.5;2732
09/01/2026 8:31;mvtec_AD/leather;dinomaly;448x448;10;10;124;4;301;1;1;1;1;1;0.9933;0.5051;1;0.9088;292.7;2732
09/01/2026 8:36;mvtec_AD/metal_nut;dinomaly;448x448;10;10;115;4;301;1;1;1;1;1;0.9215;0.6024;0.9788;0.852;206.9;2732
09/01/2026 8:41;mvtec_AD/pill;dinomaly;448x448;10;10;167;4;301;0.8993;0.9817;0.9278;0.7376;0.7801;0.7932;0.3496;0.9734;0.8906;242.2;2732
09/01/2026 8:46;mvtec_AD/screw;dinomaly;448x448;10;10;160;4;301;0.5147;0.7825;0.853;0.1429;0.1513;0.9743;0.1264;0.9995;0.845;220;2732
09/01/2026 8:57;mvtec_AD/toothbrush;dinomaly;448x448;10;10;42;4;301;0.9944;0.9979;0.9831;0.9667;0.9667;0.9831;0.4847;0.9935;0.9011;325.1;2732
09/01/2026 9:03;mvtec_AD/transistor;dinomaly;448x448;10;10;100;4;301;0.8625;0.8031;0.75;0.425;0.55;0.7746;0.283;0.6996;0.5782;336.5;2732
09/01/2026 9:10;mvtec_AD/wood;dinomaly;448x448;10;10;79;4;301;0.9842;0.9954;0.9661;0.9167;0.95;0.949;0.5939;0.989;0.9286;348.9;2732
09/01/2026 9:15;mvtec_AD/zipper;dinomaly;448x448;10;10;151;4;301;0.7447;0.9161;0.8815;0.2605;0.395;0.7009;0.0323;0.6837;0.2309;215.4;2732
09/01/2026 9:21;AutoVI/underbody_pipes;dinomaly;448x448;10;10;344;4;301;0.989;0.9879;0.973;0.9836;0.9945;0.9853;0.4264;0.9995;0.966;213;2732
09/01/2026 9:28;AutoVI/underbody_screw;dinomaly;448x448;10;10;392;4;301;0.4532;0.0574;0.1143;0.0556;0.1111;0.8991;0.0008;0.9997;0.6196;221.6;2732
09/01/2026 9:34;AutoVI/engine_wiring;dinomaly;448x448;10;10;574;4;301;0.5908;0.5998;0.6849;0.1315;0.1592;0.8487;0.4815;0.5116;0.1968;134.9;2732
09/01/2026 9:39;AutoVI/pipe_clip;dinomaly;448x448;10;10;337;4;301;0.4983;0.4219;0.5949;0.0423;0.0775;0.657;0.0094;0.3765;0.1329;147.4;2732
09/01/2026 9:46;AutoVI/tank_screw;dinomaly;448x448;10;10;413;4;301;0.3302;0.1669;0.374;0;0.0105;0.8429;0.0025;0.8428;0.4036;211.1;2732
09/01/2026 9:58;mvtec_loco_AD/breakfast_box;dinomaly;448x448;10;10;275;4;301;0.6681;0.7911;0.7783;0.237;0.3642;0.7711;0.1981;0.797;0.5114;541.5;2732
09/01/2026 10:06;mvtec_loco_AD/juice_bottle;dinomaly;448x448;10;10;330;4;301;0.6677;0.8644;0.8339;0.3305;0.3898;0.5306;0.085;0.5059;0.3613;330.4;2732
09/01/2026 10:17;mvtec_loco_AD/pushpins;dinomaly;448x448;10;10;310;4;301;0.5268;0.6044;0.7137;0.0814;0.1163;0.5315;0.0283;0.4809;0.1844;416.2;2732
09/01/2026 10:27;mvtec_loco_AD/screw_bag;dinomaly;448x448;10;10;341;4;301;0.6218;0.7457;0.7835;0.1324;0.2557;0.5444;0.0936;0.704;0.5037;441.1;2732
09/01/2026 10:41;VisA/candle;dinomaly;448x448;10;10;200;4;301;0.8837;0.8946;0.8325;0.54;0.68;0.9755;0.1738;0.9822;0.8712;206.6;2732
09/01/2026 10:45;VisA/capsules;dinomaly;448x448;10;10;160;4;301;0.9128;0.952;0.875;0.7;0.81;0.9632;0.2877;0.9874;0.8346;199.7;2732
09/01/2026 10:50;VisA/cashew;dinomaly;448x448;10;10;150;4;301;0.7096;0.8494;0.8235;0.39;0.46;0.8492;0.2026;0.9729;0.8938;201.2;2732
09/01/2026 10:55;VisA/chewinggum;dinomaly;448x448;10;10;150;4;301;0.9658;0.9857;0.9534;0.92;0.93;0.9939;0.6228;0.9032;0.7812;191.7;2732
09/01/2026 11:00;VisA/fryum;dinomaly;448x448;10;10;150;4;301;0.908;0.9594;0.8796;0.72;0.76;0.9505;0.2799;0.9984;0.8684;188.5;2732
09/01/2026 11:06;VisA/macaroni1;dinomaly;448x448;10;10;200;4;301;0.845;0.8587;0.7847;0.47;0.57;0.9907;0.1516;0.9839;0.8486;185.5;2732
09/01/2026 11:11;VisA/macaroni2;dinomaly;448x448;10;10;200;4;301;0.6076;0.6008;0.6844;0.12;0.18;0.9602;0.0062;1;0.7785;184.1;2732
09/01/2026 11:17;VisA/pcb1;dinomaly;448x448;10;10;200;4;301;0.931;0.9317;0.8629;0.65;0.83;0.9872;0.5832;0.9903;0.9151;206.9;2732
09/01/2026 11:22;VisA/pcb2;dinomaly;448x448;10;10;200;4;301;0.8628;0.8569;0.802;0.56;0.71;0.9571;0.2369;0.9604;0.8386;210.8;2732
09/01/2026 11:28;VisA/pcb3;dinomaly;448x448;10;10;201;4;301;0.8223;0.8427;0.7788;0.43;0.52;0.9589;0.347;0.9941;0.8345;209.3;2732
09/01/2026 11:33;VisA/pcb4;dinomaly;448x448;10;10;201;4;301;0.9686;0.9623;0.9296;0.76;0.9;0.9422;0.1487;0.984;0.865;203.3;2732
09/01/2026 11:38;VisA/pipe_fryum;dinomaly;448x448;10;10;150;4;301;0.9332;0.9622;0.9171;0.73;0.85;0.9553;0.315;0.998;0.8721;194.4;2732
09/01/2026 11:41;mvtec_AD/bottle;dinomaly;448x448;5;5;83;0;301;1;1;1;1;1;0.987;0.8179;0.9998;0.9706;134;2729
09/01/2026 11:45;mvtec_AD/cable;dinomaly;448x448;5;5;150;0;301;0.9226;0.9638;0.9205;0.8587;0.8804;0.9481;0.6509;0.9666;0.8283;171.3;2730
09/01/2026 11:50;mvtec_AD/capsule;dinomaly;448x448;5;5;132;0;301;0.7359;0.9269;0.9224;0.3394;0.3394;0.9681;0.3675;0.9999;0.9196;173.4;2730
09/01/2026 11:54;mvtec_AD/carpet;dinomaly;448x448;5;5;117;0;301;1;1;1;1;1;0.994;0.7539;0.9994;0.8742;177.6;2730
09/01/2026 11:56;mvtec_AD/grid;dinomaly;448x448;5;5;78;0;301;1;1;1;1;1;0.9943;0.4988;0.9997;0.909;113.4;2730
09/01/2026 12:00;mvtec_AD/hazelnut;dinomaly;448x448;5;5;110;0;301;0.9957;0.9976;0.979;0.9571;1;0.9855;0.6935;0.9987;0.8899;175;2730
09/01/2026 12:04;mvtec_AD/leather;dinomaly;448x448;5;5;124;0;301;1;1;1;1;1;0.9932;0.5144;1;0.92;149.4;2730
09/01/2026 12:07;mvtec_AD/metal_nut;dinomaly;448x448;5;5;115;0;301;0.9936;0.9986;0.9891;0.9785;0.9785;0.8749;0.4839;0.9695;0.8642;113.1;2730
09/01/2026 12:11;mvtec_AD/pill;dinomaly;448x448;5;5;167;0;301;0.8564;0.9726;0.9211;0.6312;0.6596;0.7781;0.3343;0.9633;0.8948;134;2730
09/01/2026 12:14;mvtec_AD/screw;dinomaly;448x448;5;5;160;0;301;0.5003;0.7422;0.8551;0.0504;0.0756;0.9696;0.0988;0.9992;0.8549;115.1;2730
09/01/2026 12:18;mvtec_AD/tile;dinomaly;448x448;5;5;117;0;301;1;1;1;1;1;0.9751;0.6581;0.9994;0.9444;151.1;2730
09/01/2026 12:21;mvtec_AD/toothbrush;dinomaly;448x448;5;5;42;0;301;1;1;1;1;1;0.9797;0.4714;0.9887;0.8661;167.3;2730
09/01/2026 12:25;mvtec_AD/transistor;dinomaly;448x448;5;5;100;0;301;0.3942;0.4359;0.5714;0.1;0.175;0.6871;0.101;0.7341;0.4666;188.6;2729
09/01/2026 12:29;mvtec_AD/wood;dinomaly;448x448;5;5;79;0;301;0.9851;0.9954;0.9667;0.8667;0.95;0.964;0.6199;0.9947;0.9619;186.1;2730
09/01/2026 12:32;mvtec_AD/zipper;dinomaly;448x448;5;5;151;0;301;0.9614;0.9871;0.9669;0.563;0.958;0.9687;0.4885;0.9974;0.9377;114.1;2730
09/01/2026 12:37;AutoVI/underbody_pipes;dinomaly;448x448;5;5;344;0;301;0.9831;0.9775;0.9702;0.9781;0.9945;0.9843;0.4171;0.9995;0.9725;116;2730
09/01/2026 12:41;AutoVI/underbody_screw;dinomaly;448x448;5;5;392;0;301;0.4263;0.0406;0.089;0;0.0556;0.8811;0.0007;0.9961;0.573;117.9;2730
09/01/2026 12:47;AutoVI/engine_wiring;dinomaly;448x448;5;5;574;0;301;0.6012;0.5923;0.6698;0.1003;0.173;0.5906;0.0148;0.381;0.1699;63.8;2730
09/01/2026 12:53;AutoVI/tank_screw;dinomaly;448x448;5;5;413;0;301;0.3224;0.1644;0.374;0;0;0.8144;0.0022;0.7327;0.3283;112.4;2730
09/01/2026 13:01;mvtec_loco_AD/breakfast_box;dinomaly;448x448;5;5;275;0;301;0.6699;0.7957;0.777;0.2775;0.3699;0.7692;0.1889;0.7896;0.4855;287.5;2730
09/01/2026 13:12;mvtec_loco_AD/pushpins;dinomaly;448x448;5;5;310;0;301;0.5512;0.6414;0.7137;0.1628;0.2267;0.52;0.027;0.4688;0.1716;225.7;2730
09/01/2026 13:19;mvtec_loco_AD/screw_bag;dinomaly;448x448;5;5;341;0;301;0.521;0.6782;0.7821;0.0731;0.1553;0.6043;0.1084;0.7733;0.541;231.1;2730
09/01/2026 13:26;mvtec_loco_AD/splicing_connectors;dinomaly;448x448;5;5;312;0;301;0.6077;0.7027;0.7735;0.0829;0.1503;0.592;0.1263;0.8969;0.5312;211.2;2730
09/01/2026 13:30;VisA/candle;dinomaly;448x448;5;5;200;0;301;0.8715;0.8782;0.8211;0.51;0.66;0.9635;0.1902;0.9643;0.8519;111.7;2730
09/01/2026 13:36;VisA/cashew;dinomaly;448x448;5;5;150;0;301;0.6876;0.8319;0.8155;0.36;0.4;0.841;0.1758;0.9723;0.818;115.8;2730
09/01/2026 13:40;VisA/chewinggum;dinomaly;448x448;5;5;150;0;301;0.9636;0.9853;0.9538;0.93;0.93;0.9943;0.5306;0.9133;0.8051;114.6;2730
10/01/2026 10:25;VisA/capsules;dinomaly;448x448;5;5;160;0;301;0.9357;0.9647;0.9118;0.81;0.86;0.9852;0.4867;0.9978;0.8637;111.1;3838
10/01/2026 10:28;VisA/fryum;dinomaly;448x448;5;5;150;0;301;0.9696;0.9847;0.9347;0.86;0.89;0.9358;0.3388;0.9789;0.8806;106.7;3838
10/01/2026 10:30;VisA/macaroni1;dinomaly;448x448;5;5;200;0;301;0.7906;0.7929;0.7511;0.24;0.42;0.9831;0.104;0.8979;0.7935;97.2;3838
10/01/2026 10:33;VisA/macaroni2;dinomaly;448x448;5;5;200;0;301;0.6459;0.654;0.6804;0.24;0.27;0.9856;0.0512;0.9643;0.7794;97.6;3838
10/01/2026 10:35;VisA/pcb1;dinomaly;448x448;5;5;200;0;301;0.9354;0.9308;0.8585;0.71;0.8;0.9873;0.5726;0.992;0.9289;99.5;3838
10/01/2026 10:38;VisA/pcb2;dinomaly;448x448;5;5;200;0;301;0.8987;0.8664;0.8426;0.53;0.78;0.9804;0.2999;0.9486;0.7565;99.8;3838
10/01/2026 10:40;VisA/pcb3;dinomaly;448x448;5;5;201;0;301;0.8712;0.8691;0.8125;0.38;0.54;0.9771;0.4075;0.9969;0.8888;98.2;3838
10/01/2026 10:43;VisA/pcb4;dinomaly;448x448;5;5;201;0;301;0.9746;0.9717;0.932;0.82;0.96;0.9368;0.2923;0.9384;0.7284;98.2;3838
10/01/2026 10:45;VisA/pipe_fryum;dinomaly;448x448;5;5;150;0;301;0.8312;0.9132;0.8493;0.47;0.61;0.7811;0.2661;0.8523;0.7038;97.5;3838
10/01/2026 10:48;VisA/candle;dinomaly;448x448;5;5;200;1;301;0.7812;0.792;0.7562;0.34;0.5;0.9575;0.1569;0.9555;0.8527;99.3;3838
10/01/2026 10:50;VisA/capsules;dinomaly;448x448;5;5;160;1;301;0.9597;0.9745;0.9282;0.85;0.88;0.9854;0.4239;0.998;0.91;100.2;3838
10/01/2026 10:52;VisA/cashew;dinomaly;448x448;5;5;150;1;301;0.5036;0.7614;0.8;0.29;0.33;0.7033;0.2476;0.8038;0.6008;99.9;3838
10/01/2026 10:54;VisA/chewinggum;dinomaly;448x448;5;5;150;1;301;0.904;0.9586;0.8757;0.78;0.81;0.9831;0.5504;0.834;0.7325;98;3838
10/01/2026 10:57;VisA/fryum;dinomaly;448x448;5;5;150;1;301;0.9706;0.9854;0.9406;0.86;0.92;0.932;0.3287;0.979;0.8359;97.8;3838
10/01/2026 10:59;VisA/macaroni1;dinomaly;448x448;5;5;200;1;301;0.7938;0.7783;0.766;0.33;0.45;0.9825;0.0856;0.8925;0.8225;97.7;3838
10/01/2026 11:02;VisA/macaroni2;dinomaly;448x448;5;5;200;1;301;0.6632;0.6965;0.6863;0.24;0.29;0.9861;0.0739;0.9809;0.8375;97.6;3838
10/01/2026 11:04;VisA/pcb1;dinomaly;448x448;5;5;200;1;301;0.9389;0.9102;0.9064;0.63;0.88;0.9925;0.7294;0.9916;0.9172;98.9;3838
10/01/2026 11:07;VisA/pcb2;dinomaly;448x448;5;5;200;1;301;0.8604;0.8428;0.8039;0.5;0.7;0.9807;0.3065;0.9581;0.7832;98.5;3838
10/01/2026 11:09;VisA/pcb3;dinomaly;448x448;5;5;201;1;301;0.8803;0.8943;0.8168;0.54;0.65;0.9804;0.3914;0.9983;0.9122;97.3;3838
10/01/2026 11:12;VisA/pcb4;dinomaly;448x448;5;5;201;1;301;0.9791;0.9758;0.9463;0.9;0.98;0.8885;0.2377;0.8215;0.5866;98.6;3838
10/01/2026 11:14;VisA/pipe_fryum;dinomaly;448x448;5;5;150;1;301;0.7812;0.8901;0.8398;0.43;0.52;0.7447;0.2087;0.8696;0.7712;97.4;3838
10/01/2026 11:17;VisA/candle;dinomaly;448x448;5;5;200;2;301;0.8104;0.8283;0.7707;0.35;0.56;0.9626;0.1931;0.9484;0.8642;97.7;3838
10/01/2026 11:19;VisA/capsules;dinomaly;448x448;5;5;160;2;301;0.9322;0.9581;0.9091;0.64;0.82;0.9816;0.3632;0.9972;0.9158;98.8;3838
10/01/2026 11:21;VisA/cashew;dinomaly;448x448;5;5;150;2;301;0.4388;0.7154;0.8;0.2;0.27;0.7387;0.2788;0.7845;0.6517;99.8;3838
10/01/2026 11:23;VisA/chewinggum;dinomaly;448x448;5;5;150;2;301;0.8944;0.9536;0.871;0.66;0.81;0.9826;0.5504;0.823;0.7072;98.5;3838
10/01/2026 11:26;VisA/fryum;dinomaly;448x448;5;5;150;2;301;0.9684;0.9835;0.9412;0.84;0.9;0.9398;0.3384;0.9842;0.9338;98.6;3838
10/01/2026 11:28;VisA/macaroni1;dinomaly;448x448;5;5;200;2;301;0.7755;0.7805;0.749;0.3;0.49;0.9817;0.0823;0.8814;0.7611;97.1;3838
10/01/2026 11:31;VisA/macaroni2;dinomaly;448x448;5;5;200;2;301;0.5847;0.5342;0.6904;0.03;0.11;0.9851;0.0417;0.9524;0.8339;97.1;3838
10/01/2026 11:33;VisA/pcb1;dinomaly;448x448;5;5;200;2;301;0.9462;0.9428;0.8776;0.79;0.86;0.9875;0.5834;0.9938;0.9615;98.5;3838
10/01/2026 11:35;VisA/pcb2;dinomaly;448x448;5;5;200;2;301;0.8923;0.8631;0.8482;0.59;0.81;0.9775;0.2988;0.9584;0.7923;98.7;3838
10/01/2026 11:38;VisA/pcb3;dinomaly;448x448;5;5;201;2;301;0.882;0.8827;0.8136;0.48;0.64;0.9795;0.4348;0.9921;0.8643;97.6;3838
10/01/2026 11:40;VisA/pcb4;dinomaly;448x448;5;5;201;2;301;0.9719;0.9729;0.9135;0.86;0.92;0.934;0.2814;0.908;0.7259;98.1;3838
10/01/2026 11:43;VisA/pipe_fryum;dinomaly;448x448;5;5;150;2;301;0.8398;0.9169;0.8479;0.44;0.65;0.7919;0.2509;0.8888;0.7827;97.2;3838
10/01/2026 11:45;VisA/candle;dinomaly;448x448;5;5;200;3;301;0.8019;0.8055;0.7636;0.28;0.54;0.9619;0.1407;0.95;0.8103;97.5;3838
10/01/2026 11:47;VisA/capsules;dinomaly;448x448;5;5;160;3;301;0.9292;0.9561;0.8966;0.73;0.82;0.9858;0.4401;0.9981;0.7965;98.8;3838
10/01/2026 11:49;VisA/cashew;dinomaly;448x448;5;5;150;3;301;0.4812;0.7377;0.8;0.24;0.29;0.7351;0.2467;0.8128;0.5446;99.4;3838
10/01/2026 11:52;VisA/chewinggum;dinomaly;448x448;5;5;150;3;301;0.884;0.9487;0.8673;0.7;0.74;0.9834;0.5503;0.8366;0.733;98;3838
10/01/2026 11:54;VisA/fryum;dinomaly;448x448;5;5;150;3;301;0.9642;0.9826;0.9333;0.88;0.91;0.9306;0.3164;0.9799;0.8816;97.5;3838
10/01/2026 11:57;VisA/macaroni1;dinomaly;448x448;5;5;200;3;301;0.8299;0.8261;0.7778;0.37;0.47;0.9851;0.1082;0.9084;0.8208;97.3;3838
10/01/2026 11:59;VisA/macaroni2;dinomaly;448x448;5;5;200;3;301;0.5946;0.5438;0.687;0;0.08;0.9885;0.0387;0.9616;0.875;97.5;3838
10/01/2026 12:02;VisA/pcb1;dinomaly;448x448;5;5;200;3;301;0.9576;0.9409;0.9275;0.81;0.89;0.9924;0.7602;0.9884;0.8514;99.2;3838
10/01/2026 12:04;VisA/pcb2;dinomaly;448x448;5;5;200;3;301;0.8925;0.8414;0.8643;0.5;0.77;0.9742;0.296;0.9609;0.8742;99.1;3838
10/01/2026 12:06;VisA/pcb3;dinomaly;448x448;5;5;201;3;301;0.9246;0.9187;0.8768;0.58;0.81;0.9786;0.3972;0.9971;0.9241;96.8;3838
10/01/2026 12:09;VisA/pcb4;dinomaly;448x448;5;5;201;3;301;0.9912;0.9908;0.9565;0.96;0.99;0.9509;0.2465;0.9657;0.783;98.2;3838
10/01/2026 12:11;VisA/pipe_fryum;dinomaly;448x448;5;5;150;3;301;0.8816;0.9378;0.88;0.6;0.69;0.8037;0.2444;0.8964;0.7931;97.2;3838
10/01/2026 12:14;VisA/candle;dinomaly;448x448;5;5;200;4;301;0.7795;0.797;0.7589;0.3;0.46;0.9546;0.1554;0.9549;0.8452;97.9;3838
10/01/2026 12:16;VisA/capsules;dinomaly;448x448;5;5;160;4;301;0.9047;0.9466;0.8911;0.71;0.79;0.9854;0.4527;0.9984;0.9096;98.5;3838
10/01/2026 12:18;VisA/cashew;dinomaly;448x448;5;5;150;4;301;0.5638;0.7901;0.8;0.35;0.39;0.7408;0.263;0.8406;0.5827;99.2;3838
10/01/2026 12:20;VisA/chewinggum;dinomaly;448x448;5;5;150;4;301;0.924;0.9671;0.8995;0.79;0.85;0.9838;0.5438;0.8465;0.6567;98;3838
10/01/2026 12:23;VisA/fryum;dinomaly;448x448;5;5;150;4;301;0.9666;0.9842;0.9406;0.85;0.88;0.9367;0.3299;0.9776;0.8383;97.7;3838
10/01/2026 12:25;VisA/macaroni1;dinomaly;448x448;5;5;200;4;301;0.8195;0.8157;0.7679;0.38;0.5;0.9838;0.1393;0.9018;0.7949;97.7;3838
10/01/2026 12:28;VisA/macaroni2;dinomaly;448x448;5;5;200;4;301;0.6095;0.5525;0.6813;0.02;0.08;0.9863;0.032;0.9691;0.8336;97;3838
10/01/2026 12:30;VisA/pcb1;dinomaly;448x448;5;5;200;4;301;0.9488;0.9433;0.8783;0.8;0.85;0.9866;0.5554;0.9924;0.8346;97.9;3838
10/01/2026 12:33;VisA/pcb2;dinomaly;448x448;5;5;200;4;301;0.898;0.8553;0.8421;0.49;0.76;0.9779;0.2834;0.9673;0.7497;98.1;3838
10/01/2026 12:35;VisA/pcb3;dinomaly;448x448;5;5;201;4;301;0.8772;0.8693;0.8326;0.36;0.58;0.9795;0.3995;0.9912;0.8689;96.8;3838
10/01/2026 12:37;VisA/pcb4;dinomaly;448x448;5;5;201;4;301;0.991;0.9902;0.9652;0.97;1;0.9461;0.2696;0.935;0.7626;97.6;3838
10/01/2026 12:40;VisA/pipe_fryum;dinomaly;448x448;5;5;150;4;301;0.8134;0.9024;0.8387;0.39;0.55;0.7682;0.2565;0.8787;0.7258;96.6;3838
09/01/2026 8:37;mvtec_AD/bottle;dinomaly;448x448;20;20;83;0;301;1;1;1;1;1;0.9874;0.8248;0.9995;0.9663;483.3;2730
09/01/2026 8:49;mvtec_AD/cable;dinomaly;448x448;20;20;150;0;301;0.9292;0.9678;0.9257;0.8804;0.8804;0.9498;0.6751;0.9705;0.8644;631;2730
09/01/2026 9:01;mvtec_AD/capsule;dinomaly;448x448;20;20;132;0;301;0.7742;0.9384;0.9258;0.3486;0.4128;0.9686;0.3673;0.9994;0.9227;647.5;2730
09/01/2026 9:12;mvtec_AD/carpet;dinomaly;448x448;20;20;117;0;301;1;1;1;1;1;0.9955;0.7695;0.9999;0.9934;613.9;2730
09/01/2026 9:20;mvtec_AD/grid;dinomaly;448x448;20;20;78;0;301;1;1;1;1;1;0.9939;0.476;0.9956;0.9066;411.6;2730
09/01/2026 9:31;mvtec_AD/hazelnut;dinomaly;448x448;20;20;110;0;301;1;1;1;1;1;0.9778;0.6364;0.9994;0.9603;604.6;2730
09/01/2026 9:42;mvtec_AD/leather;dinomaly;448x448;20;20;124;0;301;1;1;1;1;1;0.9923;0.4411;1;0.8513;574.3;2730
09/01/2026 9:50;mvtec_AD/metal_nut;dinomaly;448x448;20;20;115;0;301;0.6887;0.8762;0.9026;0.1075;0.1075;0.7312;0.252;0.6659;0.4225;461.3;2730
09/01/2026 10:01;mvtec_AD/pill;dinomaly;448x448;20;20;167;0;301;0.832;0.9673;0.9175;0.5674;0.6383;0.7735;0.3363;0.9446;0.8564;545.2;2730
09/01/2026 10:11;mvtec_AD/screw;dinomaly;448x448;20;20;160;0;301;0.5452;0.7933;0.853;0.1176;0.1849;0.9763;0.1544;0.9997;0.8781;493;2730
09/01/2026 10:22;mvtec_AD/tile;dinomaly;448x448;20;20;117;0;301;0.9989;0.9996;0.994;0.9881;1;0.9749;0.6506;0.9995;0.9118;582.6;2730
09/01/2026 10:46;mvtec_AD/transistor;dinomaly;448x448;20;20;100;0;301;0.3942;0.4353;0.5755;0.125;0.15;0.6875;0.1012;0.7463;0.4863;714.9;2728
09/01/2026 10:59;mvtec_AD/wood;dinomaly;448x448;20;20;79;0;301;0.9921;0.9975;0.9836;0.9;0.95;0.9672;0.6282;0.9958;0.9256;729.3;2730
09/01/2026 11:09;mvtec_AD/zipper;dinomaly;448x448;20;20;151;0;301;0.9871;0.9968;0.9833;0.9244;0.9916;0.9757;0.516;0.9987;0.8503;486.2;2730
09/01/2026 11:19;AutoVI/underbody_pipes;dinomaly;448x448;20;20;344;0;301;0.9865;0.9846;0.9677;0.9727;0.9945;0.9856;0.45;0.9996;0.9678;467.1;2730
09/01/2026 11:38;AutoVI/engine_wiring;dinomaly;448x448;20;20;574;0;301;0.6116;0.6059;0.6715;0.0934;0.1453;0.6004;0.0149;0.0493;0.0129;353.4;2730
09/01/2026 11:47;AutoVI/pipe_clip;dinomaly;448x448;20;20;337;0;301;0.4747;0.4158;0.5941;0.0493;0.0704;0.6469;0.0102;0.4437;0.1808;365.1;2730
09/01/2026 11:58;AutoVI/tank_screw;dinomaly;448x448;20;20;413;0;301;0.3223;0.1653;0.374;0;0.0105;0.8266;0.0023;0.8453;0.4282;460.4;2730
09/01/2026 12:19;mvtec_loco_AD/breakfast_box;dinomaly;448x448;20;20;275;0;301;0.6555;0.791;0.7723;0.185;0.3642;0.761;0.1854;0.7651;0.4919;1097.2;2730
09/01/2026 12:33;mvtec_loco_AD/juice_bottle;dinomaly;448x448;20;20;330;0;301;0.4583;0.6949;0.8339;0.0254;0.089;0.7845;0.1248;0.7936;0.4759;698.2;2730
09/01/2026 12:51;mvtec_loco_AD/pushpins;dinomaly;448x448;20;20;310;0;301;0.567;0.6505;0.7137;0.1221;0.186;0.4738;0.0272;0.6075;0.3842;845.7;2730
09/01/2026 13:23;mvtec_loco_AD/splicing_connectors;dinomaly;448x448;20;20;312;0;301;0.61;0.7315;0.7644;0.1451;0.1554;0.589;0.1284;0.8972;0.5231;808.3;2730
09/01/2026 13:32;VisA/candle;dinomaly;448x448;20;20;200;0;301;0.8827;0.8935;0.8308;0.54;0.74;0.9775;0.2056;0.9826;0.9394;371.4;2730
08/01/2026 17:31;mvtec_AD/bottle;reverse_distillation;448x448;5;5;83;0;301;0.9897;0.9971;0.9839;0.9683;0.9841;0.9584;0.7191;0.9864;0.9145;135.5;2383
08/01/2026 17:36;mvtec_AD/cable;reverse_distillation;448x448;5;5;150;0;301;0.8006;0.882;0.7938;0.5109;0.5326;0.9254;0.5121;0.9549;0.8405;182.8;2393
08/01/2026 17:40;mvtec_AD/capsule;reverse_distillation;448x448;5;5;132;0;301;0.8412;0.9619;0.9198;0.5413;0.6239;0.9649;0.3447;0.9444;0.807;187.8;2393
08/01/2026 17:44;mvtec_AD/carpet;reverse_distillation;448x448;5;5;117;0;301;0.9559;0.9878;0.9535;0.9213;0.9213;0.9874;0.5988;0.9943;0.9647;181.3;2393
08/01/2026 17:47;mvtec_AD/grid;reverse_distillation;448x448;5;5;78;0;301;0.9298;0.9735;0.931;0.7895;0.807;0.9757;0.4233;0.9632;0.8473;124.2;2393
08/01/2026 17:51;mvtec_AD/hazelnut;reverse_distillation;448x448;5;5;110;0;301;0.9979;0.9988;0.9855;0.9857;1;0.9526;0.4872;0.9277;0.8338;175;2393
08/01/2026 17:55;mvtec_AD/leather;reverse_distillation;448x448;5;5;124;0;301;0.9949;0.9981;0.9891;0.9891;1;0.986;0.4787;0.9973;0.9191;151.1;2393
08/01/2026 17:58;mvtec_AD/metal_nut;reverse_distillation;448x448;5;5;115;0;301;0.9765;0.9939;0.9738;0.914;0.9462;0.8119;0.347;0.9448;0.7794;111.5;2393
08/01/2026 18:02;mvtec_AD/pill;reverse_distillation;448x448;5;5;167;0;301;0.3445;0.7944;0.9156;0.0284;0.0355;0.7614;0.0834;0.9161;0.6096;136.7;2393
08/01/2026 18:05;mvtec_AD/screw;reverse_distillation;448x448;5;5;160;0;301;0.6218;0.8285;0.8718;0.1092;0.3109;0.9715;0.1442;0.9902;0.8343;113.9;2393
08/01/2026 18:08;mvtec_AD/tile;reverse_distillation;448x448;5;5;117;0;301;0.9563;0.983;0.9325;0.7857;0.9048;0.9242;0.4477;0.9864;0.9133;150.9;2393
08/01/2026 18:12;mvtec_AD/toothbrush;reverse_distillation;448x448;5;5;42;0;301;0.9639;0.9871;0.9474;0.9;0.9;0.9562;0.3807;0.9531;0.8022;172;2393
08/01/2026 18:16;mvtec_AD/transistor;reverse_distillation;448x448;5;5;100;0;301;0.8237;0.8008;0.7467;0.55;0.65;0.7204;0.2573;0.7265;0.6015;183.5;2393
08/01/2026 18:20;mvtec_AD/wood;reverse_distillation;448x448;5;5;79;0;301;0.9868;0.9961;0.9667;0.9333;0.9333;0.9387;0.5439;0.986;0.925;186.9;2393
08/01/2026 18:23;mvtec_AD/zipper;reverse_distillation;448x448;5;5;151;0;301;0.8403;0.9463;0.8984;0.2269;0.6639;0.9707;0.502;0.9962;0.8432;125.6;2393
08/01/2026 18:28;AutoVI/underbody_pipes;reverse_distillation;448x448;5;5;344;0;301;0.9683;0.9746;0.9286;0.8087;0.9344;0.946;0.3533;0.9983;0.9121;115;2393
08/01/2026 18:33;AutoVI/underbody_screw;reverse_distillation;448x448;5;5;392;0;301;0.8269;0.1247;0.2439;0.0556;0.0556;0.9821;0.0134;0.999;0.8979;123.4;2393
08/01/2026 18:38;AutoVI/engine_wiring;reverse_distillation;448x448;5;5;574;0;301;0.628;0.5987;0.6963;0.0865;0.1557;0.8316;0.1257;0.9178;0.6467;85.7;2393
08/01/2026 18:42;AutoVI/pipe_clip;reverse_distillation;448x448;5;5;337;0;301;0.6021;0.4932;0.6301;0.0986;0.162;0.7736;0.0167;0.73;0.3561;87.5;2393
08/01/2026 18:47;AutoVI/tank_screw;reverse_distillation;448x448;5;5;413;0;301;0.4693;0.2257;0.3748;0.0632;0.0947;0.885;0.005;0.8769;0.5068;115.2;2393
08/01/2026 18:55;mvtec_loco_AD/breakfast_box;reverse_distillation;448x448;5;5;275;0;301;0.5922;0.7599;0.7723;0.2486;0.3121;0.7914;0.1972;0.8194;0.5499;286;2393
08/01/2026 19:01;mvtec_loco_AD/juice_bottle;reverse_distillation;448x448;5;5;330;0;301;0.6745;0.8486;0.8339;0.2458;0.339;0.5136;0.1196;0.5162;0.4061;186.2;2393
08/01/2026 19:07;mvtec_loco_AD/pushpins;reverse_distillation;448x448;5;5;310;0;301;0.6099;0.684;0.7137;0.1744;0.1919;0.5515;0.047;0.6912;0.4776;229.3;2393
08/01/2026 19:14;mvtec_loco_AD/screw_bag;reverse_distillation;448x448;5;5;341;0;301;0.5418;0.6905;0.7821;0.0868;0.1963;0.5422;0.076;0.6407;0.4334;227.6;2393
08/01/2026 19:21;mvtec_loco_AD/splicing_connectors;reverse_distillation;448x448;5;5;312;0;301;0.5973;0.7113;0.7645;0.1347;0.2435;0.5517;0.1132;0.893;0.6788;219.1;2393
08/01/2026 19:25;VisA/candle;reverse_distillation;448x448;5;5;200;0;301;0.6991;0.6932;0.7069;0.18;0.22;0.9267;0.0839;0.9717;0.8153;104.6;2393
08/01/2026 19:28;VisA/capsules;reverse_distillation;448x448;5;5;160;0;301;0.7547;0.8595;0.7805;0.47;0.52;0.9809;0.4537;0.9989;0.8712;109.5;2393
08/01/2026 19:31;VisA/cashew;reverse_distillation;448x448;5;5;150;0;301;0.871;0.941;0.8571;0.61;0.69;0.7829;0.2453;0.9075;0.8243;118;2393
08/01/2026 19:35;VisA/chewinggum;reverse_distillation;448x448;5;5;150;0;301;0.9342;0.9723;0.9263;0.88;0.89;0.989;0.6041;0.8846;0.7998;110.9;2393
08/01/2026 19:39;VisA/fryum;reverse_distillation;448x448;5;5;150;0;301;0.8574;0.9336;0.8585;0.59;0.7;0.9356;0.2614;0.9984;0.7869;118.3;2393
08/01/2026 19:43;VisA/macaroni1;reverse_distillation;448x448;5;5;200;0;301;0.6951;0.7417;0.6897;0.34;0.39;0.9883;0.1764;0.9731;0.8161;115.5;2393
08/01/2026 19:48;VisA/macaroni2;reverse_distillation;448x448;5;5;200;0;301;0.6618;0.6911;0.6969;0.22;0.4;0.9713;0.0446;0.9527;0.7581;116.5;2393
08/01/2026 19:51;VisA/pcb1;reverse_distillation;448x448;5;5;200;0;301;0.7821;0.6987;0.8291;0.11;0.17;0.954;0.0858;0.9943;0.9084;117.6;2393
08/01/2026 19:55;VisA/pcb2;reverse_distillation;448x448;5;5;200;0;301;0.8176;0.8417;0.7535;0.44;0.55;0.9458;0.2042;0.9606;0.8257;120.4;2393
08/01/2026 19:59;VisA/pcb3;reverse_distillation;448x448;5;5;201;0;301;0.7933;0.7623;0.8;0.22;0.28;0.9721;0.2651;0.9947;0.8449;110;2393
08/01/2026 20:03;VisA/pcb4;reverse_distillation;448x448;5;5;201;0;301;0.9178;0.9114;0.8532;0.58;0.67;0.9233;0.1221;0.9955;0.7472;117.3;2393
08/01/2026 20:06;VisA/pipe_fryum;reverse_distillation;448x448;5;5;150;0;301;0.745;0.8774;0.8037;0.45;0.54;0.7586;0.1254;0.8004;0.5516;98.4;2393
08/01/2026 20:09;mvtec_AD/bottle;reverse_distillation;448x448;5;5;83;1;301;0.9992;0.9998;0.9921;1;1;0.9546;0.7111;0.9824;0.9072;138;2393
08/01/2026 20:14;mvtec_AD/cable;reverse_distillation;448x448;5;5;150;1;301;0.8782;0.9366;0.8556;0.6957;0.7717;0.9299;0.5311;0.9569;0.7761;188.1;2393
08/01/2026 20:18;mvtec_AD/capsule;reverse_distillation;448x448;5;5;132;1;301;0.8245;0.9563;0.9156;0.4404;0.6055;0.9658;0.383;0.9539;0.8647;191.2;2393
08/01/2026 20:22;mvtec_AD/carpet;reverse_distillation;448x448;5;5;117;1;301;0.9731;0.9926;0.9659;0.9213;0.9551;0.9876;0.6161;0.993;0.8809;185.2;2393
08/01/2026 20:25;mvtec_AD/grid;reverse_distillation;448x448;5;5;78;1;301;0.9699;0.9898;0.9655;0.8421;0.9649;0.9797;0.4438;0.9938;0.9017;116.1;2393
08/01/2026 20:29;mvtec_AD/hazelnut;reverse_distillation;448x448;5;5;110;1;301;0.9846;0.9931;0.9781;0.9714;0.9714;0.9536;0.5279;0.9266;0.8935;174;2393
08/01/2026 20:33;mvtec_AD/leather;reverse_distillation;448x448;5;5;124;1;301;0.9963;0.9986;0.9946;1;1;0.9888;0.4905;0.9969;0.8508;159.4;2393
08/01/2026 20:36;mvtec_AD/metal_nut;reverse_distillation;448x448;5;5;115;1;301;0.6535;0.8742;0.8942;0.1183;0.5269;0.6887;0.178;0.7981;0.5019;107.6;2393
08/01/2026 20:40;mvtec_AD/pill;reverse_distillation;448x448;5;5;167;1;301;0.3704;0.7951;0.9156;0.0213;0.0355;0.7671;0.0799;0.933;0.6425;138.6;2393
08/01/2026 20:43;mvtec_AD/screw;reverse_distillation;448x448;5;5;160;1;301;0.7157;0.8874;0.8623;0.3277;0.4202;0.9775;0.2351;0.9984;0.8556;128.8;2393
08/01/2026 20:47;mvtec_AD/tile;reverse_distillation;448x448;5;5;117;1;301;0.9646;0.9862;0.9419;0.8333;0.869;0.9208;0.4432;0.986;0.9206;149.9;2393
08/01/2026 20:50;mvtec_AD/toothbrush;reverse_distillation;448x448;5;5;42;1;301;0.9833;0.9938;0.9655;0.9333;0.9333;0.9607;0.4524;0.9222;0.7976;174.6;2393
08/01/2026 20:54;mvtec_AD/transistor;reverse_distillation;448x448;5;5;100;1;301;0.7758;0.6844;0.7059;0.225;0.4;0.7347;0.2534;0.7537;0.6336;185.4;2393
08/01/2026 20:58;mvtec_AD/wood;reverse_distillation;448x448;5;5;79;1;301;0.993;0.9979;0.9752;0.95;0.9667;0.9399;0.54;0.9899;0.8662;185.9;2393
08/01/2026 21:01;mvtec_AD/zipper;reverse_distillation;448x448;5;5;151;1;301;0.8503;0.9506;0.9049;0.2857;0.6555;0.9606;0.4421;0.9924;0.8061;119.3;2393
08/01/2026 21:06;AutoVI/underbody_pipes;reverse_distillation;448x448;5;5;344;1;301;0.9631;0.9686;0.9155;0.8415;0.918;0.9545;0.3622;0.9979;0.9288;122.9;2393
08/01/2026 21:10;AutoVI/underbody_screw;reverse_distillation;448x448;5;5;392;1;301;0.8608;0.1737;0.3095;0.1667;0.4444;0.995;0.0482;1;0.8786;119.5;2393
08/01/2026 21:16;AutoVI/engine_wiring;reverse_distillation;448x448;5;5;574;1;301;0.565;0.5931;0.6698;0.1038;0.173;0.8872;0.1422;0.9218;0.6544;73.7;2393
08/01/2026 21:20;AutoVI/pipe_clip;reverse_distillation;448x448;5;5;337;1;301;0.5875;0.4795;0.614;0.0493;0.1479;0.8161;0.023;0.797;0.4529;87.9;2393
08/01/2026 21:25;AutoVI/tank_screw;reverse_distillation;448x448;5;5;413;1;301;0.4925;0.2353;0.3823;0.0737;0.1263;0.8714;0.0047;0.913;0.6175;120.7;2393
08/01/2026 21:32;mvtec_loco_AD/breakfast_box;reverse_distillation;448x448;5;5;275;1;301;0.5847;0.7483;0.7775;0.2717;0.3064;0.8176;0.2312;0.8819;0.629;284.5;2393
08/01/2026 21:39;mvtec_loco_AD/juice_bottle;reverse_distillation;448x448;5;5;330;1;301;0.7195;0.8677;0.8346;0.2754;0.3814;0.5007;0.1175;0.5154;0.4131;186.7;2393
08/01/2026 21:46;mvtec_loco_AD/pushpins;reverse_distillation;448x448;5;5;310;1;301;0.6063;0.7021;0.7137;0.2209;0.2674;0.55;0.0554;0.7002;0.5024;225.2;2393
08/01/2026 21:53;mvtec_loco_AD/screw_bag;reverse_distillation;448x448;5;5;341;1;301;0.5377;0.7082;0.7821;0.1507;0.2237;0.5252;0.0743;0.6395;0.4428;232.1;2393
08/01/2026 22:00;mvtec_loco_AD/splicing_connectors;reverse_distillation;448x448;5;5;312;1;301;0.5749;0.7066;0.7644;0.0984;0.2591;0.5644;0.1197;0.8889;0.594;220.1;2393
08/01/2026 22:04;VisA/candle;reverse_distillation;448x448;5;5;200;1;301;0.7044;0.6729;0.7236;0.11;0.17;0.9237;0.0844;0.9757;0.8166;112.3;2393
08/01/2026 22:07;VisA/capsules;reverse_distillation;448x448;5;5;160;1;301;0.773;0.8685;0.7809;0.54;0.61;0.9819;0.4549;0.9976;0.9216;116.2;2393
08/01/2026 22:10;VisA/cashew;reverse_distillation;448x448;5;5;150;1;301;0.8082;0.9199;0.8049;0.65;0.69;0.7994;0.2471;0.9209;0.8466;114.1;2393
08/01/2026 22:14;VisA/chewinggum;reverse_distillation;448x448;5;5;150;1;301;0.937;0.973;0.9053;0.84;0.86;0.988;0.5774;0.8881;0.7495;113.2;2393
08/01/2026 22:18;VisA/fryum;reverse_distillation;448x448;5;5;150;1;301;0.8766;0.9435;0.8756;0.62;0.66;0.9475;0.3128;0.9984;0.8248;113.1;2393
08/01/2026 22:22;VisA/macaroni1;reverse_distillation;448x448;5;5;200;1;301;0.753;0.7802;0.7087;0.33;0.51;0.9914;0.2077;0.9702;0.8748;115.6;2393
08/01/2026 22:26;VisA/macaroni2;reverse_distillation;448x448;5;5;200;1;301;0.5398;0.5498;0.6739;0.1;0.16;0.9646;0.0364;0.8961;0.662;120.2;2393
08/01/2026 22:30;VisA/pcb1;reverse_distillation;448x448;5;5;200;1;301;0.8488;0.8324;0.8267;0.37;0.47;0.9767;0.2748;0.989;0.8993;124.7;2393
08/01/2026 22:34;VisA/pcb2;reverse_distillation;448x448;5;5;200;1;301;0.838;0.8649;0.7882;0.51;0.62;0.9436;0.1742;0.9578;0.8309;105.5;2393
08/01/2026 22:37;VisA/pcb3;reverse_distillation;448x448;5;5;201;1;301;0.8198;0.818;0.7719;0.34;0.46;0.9709;0.2269;0.9982;0.8716;115.2;2393
08/01/2026 22:41;VisA/pcb4;reverse_distillation;448x448;5;5;201;1;301;0.8096;0.8123;0.751;0.39;0.52;0.9027;0.0637;0.9772;0.6651;126.2;2393
08/01/2026 22:45;VisA/pipe_fryum;reverse_distillation;448x448;5;5;150;1;301;0.6212;0.8025;0.8032;0.27;0.31;0.7709;0.1184;0.7952;0.5975;104.9;2393
08/01/2026 22:48;mvtec_AD/bottle;reverse_distillation;448x448;5;5;83;2;301;0.9921;0.9976;0.9841;0.9841;0.9841;0.9503;0.6995;0.9789;0.9234;135;2393
08/01/2026 22:52;mvtec_AD/cable;reverse_distillation;448x448;5;5;150;2;301;0.896;0.9419;0.8492;0.663;0.7174;0.9218;0.5437;0.9555;0.852;182.9;2393
08/01/2026 22:57;mvtec_AD/capsule;reverse_distillation;448x448;5;5;132;2;301;0.8193;0.9531;0.927;0.3578;0.4954;0.9724;0.337;0.9537;0.8521;173.8;2393
08/01/2026 23:01;mvtec_AD/carpet;reverse_distillation;448x448;5;5;117;2;301;0.9551;0.9881;0.9535;0.9213;0.9213;0.9887;0.6115;0.9959;0.945;175.9;2393
08/01/2026 23:03;mvtec_AD/grid;reverse_distillation;448x448;5;5;78;2;301;0.9557;0.9847;0.9391;0.8246;0.8246;0.981;0.4331;0.996;0.8888;120.1;2393
08/01/2026 23:07;mvtec_AD/hazelnut;reverse_distillation;448x448;5;5;110;2;301;0.9943;0.997;0.9781;0.9571;0.9714;0.9599;0.5125;0.9317;0.873;166.8;2393
08/01/2026 23:11;mvtec_AD/leather;reverse_distillation;448x448;5;5;124;2;301;0.9925;0.9975;0.9836;0.9783;0.9783;0.9896;0.4817;0.9985;0.9315;161.9;2393
08/01/2026 23:14;mvtec_AD/metal_nut;reverse_distillation;448x448;5;5;115;2;301;0.9765;0.9936;0.984;0.9355;0.9892;0.8019;0.3309;0.9307;0.7407;118.8;2393
08/01/2026 23:18;mvtec_AD/pill;reverse_distillation;448x448;5;5;167;2;301;0.2635;0.7462;0.9156;0.0142;0.0213;0.7385;0.0654;0.9037;0.5252;125.8;2393
08/01/2026 23:21;mvtec_AD/screw;reverse_distillation;448x448;5;5;160;2;301;0.6323;0.8103;0.8604;0.1176;0.2101;0.9716;0.1031;0.9984;0.8423;122.3;2393
08/01/2026 23:24;mvtec_AD/tile;reverse_distillation;448x448;5;5;117;2;301;0.9621;0.9848;0.9405;0.7976;0.9167;0.928;0.4536;0.9869;0.9157;143.4;2393
08/01/2026 23:28;mvtec_AD/toothbrush;reverse_distillation;448x448;5;5;42;2;301;0.9944;0.9979;0.9831;0.9667;0.9667;0.962;0.4402;0.933;0.7536;169.6;2393
08/01/2026 23:32;mvtec_AD/transistor;reverse_distillation;448x448;5;5;100;2;301;0.8283;0.8107;0.716;0.575;0.575;0.7327;0.264;0.7452;0.6187;186.3;2393
08/01/2026 23:36;mvtec_AD/wood;reverse_distillation;448x448;5;5;79;2;301;0.9877;0.9965;0.9748;0.95;0.9667;0.9361;0.5538;0.9821;0.9214;184.6;2393
08/01/2026 23:39;mvtec_AD/zipper;reverse_distillation;448x448;5;5;151;2;301;0.8655;0.9586;0.9218;0.4706;0.6723;0.9598;0.463;0.9935;0.8481;112.1;2393
08/01/2026 23:44;AutoVI/underbody_pipes;reverse_distillation;448x448;5;5;344;2;301;0.9863;0.9896;0.9434;0.9235;0.9617;0.9466;0.3646;0.9985;0.9368;114.5;2393
08/01/2026 23:48;AutoVI/underbody_screw;reverse_distillation;448x448;5;5;392;2;301;0.8789;0.2708;0.3125;0.3333;0.3889;0.9889;0.0224;1;0.9336;105.8;2393
08/01/2026 23:53;AutoVI/engine_wiring;reverse_distillation;448x448;5;5;574;2;301;0.6529;0.6593;0.6875;0.1799;0.2595;0.8566;0.1145;0.8928;0.6033;80.8;2393
08/01/2026 23:57;AutoVI/pipe_clip;reverse_distillation;448x448;5;5;337;2;301;0.5905;0.495;0.6104;0.0634;0.169;0.8235;0.0244;0.8462;0.5188;80.2;2393
09/01/2026 0:02;AutoVI/tank_screw;reverse_distillation;448x448;5;5;413;2;301;0.441;0.2194;0.38;0.0526;0.0947;0.8669;0.0046;0.8846;0.5626;119.2;2393
09/01/2026 0:09;mvtec_loco_AD/breakfast_box;reverse_distillation;448x448;5;5;275;2;301;0.6261;0.7794;0.7723;0.289;0.3584;0.8034;0.2064;0.8448;0.6166;285;2393
09/01/2026 0:15;mvtec_loco_AD/juice_bottle;reverse_distillation;448x448;5;5;330;2;301;0.6664;0.8359;0.8369;0.2246;0.2712;0.4922;0.0921;0.4847;0.3938;174.7;2393
09/01/2026 0:21;mvtec_loco_AD/pushpins;reverse_distillation;448x448;5;5;310;2;301;0.6175;0.6702;0.7152;0.0872;0.186;0.5561;0.0513;0.7033;0.4903;218.1;2393
09/01/2026 0:28;mvtec_loco_AD/screw_bag;reverse_distillation;448x448;5;5;341;2;301;0.5226;0.6546;0.7821;0.0411;0.0822;0.5206;0.0738;0.62;0.434;220.1;2393
09/01/2026 0:35;mvtec_loco_AD/splicing_connectors;reverse_distillation;448x448;5;5;312;2;301;0.6063;0.7228;0.7644;0.1399;0.1606;0.5591;0.1262;0.8925;0.6114;204.5;2393
09/01/2026 0:38;VisA/candle;reverse_distillation;448x448;5;5;200;2;301;0.6993;0.6861;0.7126;0.14;0.28;0.9317;0.0847;0.9765;0.8528;109.3;2393
09/01/2026 0:41;VisA/capsules;reverse_distillation;448x448;5;5;160;2;301;0.8393;0.8887;0.8393;0.47;0.61;0.9853;0.4733;0.9997;0.901;106.8;2393
09/01/2026 0:44;VisA/cashew;reverse_distillation;448x448;5;5;150;2;301;0.8204;0.9229;0.8163;0.64;0.65;0.7588;0.2237;0.8921;0.7978;103.7;2393
09/01/2026 0:48;VisA/chewinggum;reverse_distillation;448x448;5;5;150;2;301;0.9622;0.9852;0.9529;0.92;0.93;0.987;0.6055;0.8933;0.7875;107.7;2393
09/01/2026 0:52;VisA/fryum;reverse_distillation;448x448;5;5;150;2;301;0.8844;0.9459;0.8673;0.62;0.68;0.9348;0.2503;0.9984;0.8102;104;2393
09/01/2026 0:56;VisA/macaroni1;reverse_distillation;448x448;5;5;200;2;301;0.7457;0.7541;0.7074;0.26;0.45;0.9871;0.1434;0.9542;0.7861;104.6;2393
09/01/2026 1:00;VisA/macaroni2;reverse_distillation;448x448;5;5;200;2;301;0.581;0.5812;0.6735;0.15;0.17;0.9672;0.0276;0.8811;0.6555;105.1;2393
09/01/2026 1:03;VisA/pcb1;reverse_distillation;448x448;5;5;200;2;301;0.7959;0.7482;0.7984;0.21;0.31;0.9574;0.1251;0.991;0.8574;103.2;2393
09/01/2026 1:07;VisA/pcb2;reverse_distillation;448x448;5;5;200;2;301;0.8217;0.8338;0.7576;0.47;0.56;0.9569;0.2273;0.9609;0.8487;109.1;2393
09/01/2026 1:11;VisA/pcb3;reverse_distillation;448x448;5;5;201;2;301;0.8206;0.8015;0.7948;0.28;0.37;0.9711;0.2522;0.9894;0.8784;101.3;2393
09/01/2026 1:14;VisA/pcb4;reverse_distillation;448x448;5;5;201;2;301;0.7914;0.8136;0.7429;0.46;0.5;0.893;0.1183;0.9362;0.603;99.7;2393
09/01/2026 1:18;VisA/pipe_fryum;reverse_distillation;448x448;5;5;150;2;301;0.7218;0.8674;0.8032;0.45;0.47;0.7774;0.1332;0.7949;0.5975;102.2;2393
09/01/2026 1:21;mvtec_AD/bottle;reverse_distillation;448x448;5;5;83;3;301;0.9944;0.9984;0.992;0.9841;0.9841;0.9541;0.7206;0.9816;0.9084;125.2;2393
09/01/2026 1:25;mvtec_AD/cable;reverse_distillation;448x448;5;5;150;3;301;0.8371;0.9066;0.8072;0.6196;0.6739;0.9163;0.5256;0.9421;0.801;174.4;2393
09/01/2026 1:29;mvtec_AD/capsule;reverse_distillation;448x448;5;5;132;3;301;0.8377;0.9599;0.9304;0.4771;0.5505;0.9736;0.3459;0.9795;0.8778;170.7;2393
09/01/2026 1:33;mvtec_AD/carpet;reverse_distillation;448x448;5;5;117;3;301;0.9603;0.9895;0.96;0.9101;0.9438;0.9855;0.5794;0.993;0.9176;170.8;2393
09/01/2026 1:36;mvtec_AD/grid;reverse_distillation;448x448;5;5;78;3;301;0.9148;0.9679;0.9402;0.6842;0.7018;0.9718;0.3805;0.9487;0.7784;118.5;2393
09/01/2026 1:40;mvtec_AD/hazelnut;reverse_distillation;448x448;5;5;110;3;301;0.995;0.9973;0.9857;0.9857;0.9857;0.9549;0.5072;0.932;0.8442;165.6;2393
09/01/2026 1:44;mvtec_AD/leather;reverse_distillation;448x448;5;5;124;3;301;0.9908;0.997;0.9783;0.9565;0.9783;0.9899;0.4846;0.9987;0.9345;155.7;2393
09/01/2026 1:46;mvtec_AD/metal_nut;reverse_distillation;448x448;5;5;115;3;301;0.9521;0.9888;0.9524;0.8387;0.871;0.8002;0.3327;0.9347;0.7852;109.8;2393
09/01/2026 1:50;mvtec_AD/pill;reverse_distillation;448x448;5;5;167;3;301;0.3358;0.7784;0.9156;0.0142;0.0426;0.7519;0.0726;0.918;0.5737;126.9;2393
09/01/2026 1:53;mvtec_AD/screw;reverse_distillation;448x448;5;5;160;3;301;0.5845;0.7749;0.8635;0.0504;0.1092;0.9731;0.1032;0.9901;0.8119;117.6;2393
09/01/2026 1:57;mvtec_AD/tile;reverse_distillation;448x448;5;5;117;3;301;0.9549;0.9825;0.9333;0.8333;0.869;0.9188;0.4439;0.9779;0.8198;138.8;2393
09/01/2026 2:00;mvtec_AD/toothbrush;reverse_distillation;448x448;5;5;42;3;301;0.9472;0.9806;0.9231;0.8333;0.8333;0.954;0.3748;0.8682;0.7306;163.7;2393
09/01/2026 2:04;mvtec_AD/transistor;reverse_distillation;448x448;5;5;100;3;301;0.875;0.8335;0.7579;0.5;0.625;0.7511;0.2725;0.7715;0.6614;175.2;2393
09/01/2026 2:08;mvtec_AD/wood;reverse_distillation;448x448;5;5;79;3;301;0.9868;0.9963;0.9831;0.9667;0.9667;0.9405;0.5216;0.99;0.8592;169.2;2393
09/01/2026 2:11;mvtec_AD/zipper;reverse_distillation;448x448;5;5;151;3;301;0.9118;0.9741;0.9295;0.6471;0.8319;0.9629;0.4934;0.9926;0.8677;116.5;2393
09/01/2026 2:15;AutoVI/underbody_pipes;reverse_distillation;448x448;5;5;344;3;301;0.969;0.9767;0.9243;0.8689;0.9344;0.9506;0.392;0.998;0.9024;115.9;2393
09/01/2026 2:19;AutoVI/underbody_screw;reverse_distillation;448x448;5;5;392;3;301;0.7307;0.0836;0.1828;0.0556;0.1667;0.989;0.0101;1;0.8599;114.9;2393
09/01/2026 2:24;AutoVI/engine_wiring;reverse_distillation;448x448;5;5;574;3;301;0.5591;0.559;0.6796;0.0623;0.1315;0.8243;0.1154;0.9144;0.5846;62.3;2393
09/01/2026 2:28;AutoVI/pipe_clip;reverse_distillation;448x448;5;5;337;3;301;0.6097;0.5023;0.6207;0.1197;0.1338;0.7881;0.0172;0.7704;0.3778;75.5;2393
09/01/2026 2:32;AutoVI/tank_screw;reverse_distillation;448x448;5;5;413;3;301;0.404;0.1933;0.374;0.0211;0.0421;0.7864;0.0023;0.6865;0.3551;107.4;2393
09/01/2026 2:40;mvtec_loco_AD/breakfast_box;reverse_distillation;448x448;5;5;275;3;301;0.5585;0.7366;0.7723;0.1965;0.2832;0.7965;0.1917;0.8333;0.5634;276.2;2393
09/01/2026 2:45;mvtec_loco_AD/juice_bottle;reverse_distillation;448x448;5;5;330;3;301;0.6748;0.8307;0.8468;0.1398;0.2246;0.5362;0.112;0.5574;0.4233;165.2;2393
09/01/2026 2:52;mvtec_loco_AD/pushpins;reverse_distillation;448x448;5;5;310;3;301;0.564;0.6521;0.7137;0.1337;0.1686;0.5608;0.0561;0.7033;0.4908;216.7;2393
09/01/2026 2:59;mvtec_loco_AD/screw_bag;reverse_distillation;448x448;5;5;341;3;301;0.5621;0.6909;0.7821;0.0639;0.1872;0.5445;0.078;0.6414;0.4239;220.8;2393
09/01/2026 3:05;mvtec_loco_AD/splicing_connectors;reverse_distillation;448x448;5;5;312;3;301;0.6266;0.7517;0.7652;0.2021;0.2694;0.551;0.1171;0.8918;0.6174;203;2393
09/01/2026 3:09;VisA/candle;reverse_distillation;448x448;5;5;200;3;301;0.6966;0.6855;0.7206;0.16;0.27;0.9312;0.0774;0.9683;0.8125;107.3;2393
09/01/2026 3:12;VisA/capsules;reverse_distillation;448x448;5;5;160;3;301;0.8035;0.8764;0.81;0.46;0.6;0.983;0.4825;0.9992;0.8882;99.5;2393
09/01/2026 3:15;VisA/cashew;reverse_distillation;448x448;5;5;150;3;301;0.8304;0.9238;0.8288;0.64;0.68;0.7703;0.2268;0.9008;0.7403;110.4;2393
09/01/2026 3:19;VisA/chewinggum;reverse_distillation;448x448;5;5;150;3;301;0.953;0.9806;0.9353;0.85;0.91;0.9863;0.5796;0.8914;0.8019;102.7;2393
09/01/2026 3:22;VisA/fryum;reverse_distillation;448x448;5;5;150;3;301;0.8156;0.9151;0.8218;0.51;0.61;0.9365;0.2657;0.9984;0.8387;104.7;2393
09/01/2026 3:26;VisA/macaroni1;reverse_distillation;448x448;5;5;200;3;301;0.7387;0.7696;0.7236;0.35;0.39;0.9896;0.1949;0.9552;0.8562;95.5;2393
09/01/2026 3:30;VisA/macaroni2;reverse_distillation;448x448;5;5;200;3;301;0.5647;0.5505;0.6901;0.04;0.17;0.97;0.032;0.928;0.7329;103;2393
09/01/2026 3:34;VisA/pcb1;reverse_distillation;448x448;5;5;200;3;301;0.8615;0.8477;0.8255;0.42;0.55;0.9788;0.3126;0.9867;0.8978;110.8;2393
09/01/2026 3:37;VisA/pcb2;reverse_distillation;448x448;5;5;200;3;301;0.8532;0.8738;0.789;0.52;0.66;0.9553;0.2087;0.9626;0.7962;113.5;2393
09/01/2026 3:41;VisA/pcb3;reverse_distillation;448x448;5;5;201;3;301;0.8489;0.8545;0.7712;0.52;0.57;0.9695;0.2712;0.998;0.8336;107.1;2393
09/01/2026 3:45;VisA/pcb4;reverse_distillation;448x448;5;5;201;3;301;0.9715;0.9618;0.9569;0.84;1;0.9294;0.1253;0.9859;0.7971;100.6;2393
09/01/2026 3:48;VisA/pipe_fryum;reverse_distillation;448x448;5;5;150;3;301;0.755;0.88;0.8051;0.46;0.48;0.7618;0.1359;0.8244;0.6452;99.5;2393
09/01/2026 3:51;mvtec_AD/bottle;reverse_distillation;448x448;5;5;83;4;301;0.9929;0.998;0.992;0.9841;0.9841;0.9579;0.7406;0.9879;0.9582;126.4;2393
09/01/2026 3:55;mvtec_AD/cable;reverse_distillation;448x448;5;5;150;4;301;0.8671;0.93;0.8221;0.6739;0.7283;0.9184;0.5298;0.9478;0.7977;171.9;2393
09/01/2026 3:59;mvtec_AD/capsule;reverse_distillation;448x448;5;5;132;4;301;0.8205;0.9567;0.9138;0.4679;0.5505;0.9625;0.3507;0.937;0.8073;167.8;2393
09/01/2026 4:03;mvtec_AD/carpet;reverse_distillation;448x448;5;5;117;4;301;0.9743;0.9928;0.9714;0.9551;0.9551;0.9895;0.6266;0.9958;0.8986;167.7;2393
09/01/2026 4:06;mvtec_AD/grid;reverse_distillation;448x448;5;5;78;4;301;0.9582;0.9861;0.9298;0.8772;0.8772;0.9795;0.445;0.9773;0.8562;119.9;2393
09/01/2026 4:10;mvtec_AD/hazelnut;reverse_distillation;448x448;5;5;110;4;301;0.9896;0.9944;0.9718;0.9571;0.9857;0.9597;0.5099;0.9355;0.8684;165;2393
09/01/2026 4:13;mvtec_AD/leather;reverse_distillation;448x448;5;5;124;4;301;0.9915;0.9971;0.9891;0.9891;0.9891;0.986;0.4769;0.9971;0.9844;153.9;2393
09/01/2026 4:16;mvtec_AD/metal_nut;reverse_distillation;448x448;5;5;115;4;301;0.9311;0.9784;0.9529;0.8817;0.8925;0.7231;0.2327;0.8789;0.642;113.3;2393
09/01/2026 4:20;mvtec_AD/pill;reverse_distillation;448x448;5;5;167;4;301;0.2651;0.7467;0.9156;0.0142;0.0213;0.7472;0.0682;0.9052;0.5377;126.3;2393
09/01/2026 4:23;mvtec_AD/screw;reverse_distillation;448x448;5;5;160;4;301;0.5575;0.7836;0.8551;0.1597;0.1765;0.9698;0.1134;0.9967;0.8326;115;2393
09/01/2026 4:27;mvtec_AD/tile;reverse_distillation;448x448;5;5;117;4;301;0.9683;0.9876;0.9581;0.8333;0.9524;0.9285;0.4599;0.9839;0.8267;141.9;2393
09/01/2026 4:30;mvtec_AD/toothbrush;reverse_distillation;448x448;5;5;42;4;301;0.9639;0.9861;0.9508;0.7667;0.9333;0.9805;0.4711;0.97;0.8358;163.6;2393
09/01/2026 4:34;mvtec_AD/transistor;reverse_distillation;448x448;5;5;100;4;301;0.8629;0.801;0.8085;0.4;0.5;0.751;0.3031;0.7438;0.6354;175.6;2393
09/01/2026 4:37;mvtec_AD/wood;reverse_distillation;448x448;5;5;79;4;301;0.9886;0.9967;0.9748;0.9333;0.9667;0.9351;0.5297;0.984;0.846;176.6;2393
09/01/2026 4:40;mvtec_AD/zipper;reverse_distillation;448x448;5;5;151;4;301;0.8908;0.966;0.9205;0.4622;0.6471;0.9602;0.4749;0.9911;0.8438;113.5;2393
09/01/2026 4:45;AutoVI/underbody_pipes;reverse_distillation;448x448;5;5;344;4;301;0.9545;0.9591;0.8914;0.7814;0.8743;0.9605;0.3638;0.9994;0.98;115.6;2393
09/01/2026 4:50;AutoVI/underbody_screw;reverse_distillation;448x448;5;5;392;4;301;0.5778;0.0548;0.1164;0;0.0556;0.986;0.0067;1;0.9228;117.8;2393
09/01/2026 4:55;AutoVI/engine_wiring;reverse_distillation;448x448;5;5;574;4;301;0.578;0.5628;0.6856;0.0657;0.1315;0.8338;0.1111;0.9079;0.5583;74.8;2393
09/01/2026 4:59;AutoVI/pipe_clip;reverse_distillation;448x448;5;5;337;4;301;0.5965;0.4873;0.6253;0.0775;0.1408;0.8034;0.0199;0.7717;0.3819;78.4;2393
09/01/2026 5:03;AutoVI/tank_screw;reverse_distillation;448x448;5;5;413;4;301;0.4727;0.2272;0.3766;0.0421;0.1263;0.8623;0.0035;0.882;0.4761;101.1;2393
09/01/2026 5:11;mvtec_loco_AD/breakfast_box;reverse_distillation;448x448;5;5;275;4;301;0.5474;0.728;0.7723;0.2428;0.2775;0.7987;0.2121;0.8318;0.5431;275.4;2393
09/01/2026 5:16;mvtec_loco_AD/juice_bottle;reverse_distillation;448x448;5;5;330;4;301;0.6549;0.8266;0.8339;0.1356;0.3136;0.4317;0.0719;0.4278;0.3238;172;2393
09/01/2026 5:23;mvtec_loco_AD/pushpins;reverse_distillation;448x448;5;5;310;4;301;0.5787;0.6593;0.7137;0.1453;0.2035;0.545;0.0513;0.6994;0.506;215.2;2393
09/01/2026 5:30;mvtec_loco_AD/screw_bag;reverse_distillation;448x448;5;5;341;4;301;0.5183;0.67;0.7821;0.0822;0.1416;0.5509;0.0798;0.6853;0.4801;218.1;2393
09/01/2026 5:37;mvtec_loco_AD/splicing_connectors;reverse_distillation;448x448;5;5;312;4;301;0.6274;0.741;0.7644;0.1503;0.2642;0.5478;0.1162;0.8907;0.603;203.8;2393
09/01/2026 5:41;VisA/candle;reverse_distillation;448x448;5;5;200;4;301;0.6986;0.6815;0.722;0.15;0.26;0.9246;0.0676;0.9733;0.8245;100.3;2393
09/01/2026 5:43;VisA/capsules;reverse_distillation;448x448;5;5;160;4;301;0.7918;0.8772;0.7966;0.52;0.59;0.981;0.4654;0.9983;0.9167;103;2393
09/01/2026 5:47;VisA/cashew;reverse_distillation;448x448;5;5;150;4;301;0.908;0.9592;0.8763;0.73;0.76;0.7943;0.2561;0.908;0.8136;113.4;2393
09/01/2026 5:50;VisA/chewinggum;reverse_distillation;448x448;5;5;150;4;301;0.9432;0.9757;0.9119;0.84;0.88;0.9876;0.5634;0.8808;0.7708;95.2;2393
09/01/2026 5:53;VisA/fryum;reverse_distillation;448x448;5;5;150;4;301;0.8446;0.9265;0.8529;0.54;0.6;0.9316;0.2444;0.9983;0.8548;103.3;2393
09/01/2026 5:57;VisA/macaroni1;reverse_distillation;448x448;5;5;200;4;301;0.7237;0.7404;0.7059;0.24;0.34;0.9879;0.1671;0.9568;0.8153;92.8;2393
09/01/2026 6:01;VisA/macaroni2;reverse_distillation;448x448;5;5;200;4;301;0.5922;0.6118;0.6739;0.16;0.2;0.9716;0.0542;0.9155;0.724;90.9;2393
09/01/2026 6:05;VisA/pcb1;reverse_distillation;448x448;5;5;200;4;301;0.8489;0.817;0.8267;0.26;0.5;0.9625;0.1456;0.9905;0.8701;111.8;2393
09/01/2026 6:08;VisA/pcb2;reverse_distillation;448x448;5;5;200;4;301;0.8617;0.8793;0.8;0.54;0.69;0.9553;0.265;0.9689;0.8568;99.1;2393
09/01/2026 6:12;VisA/pcb3;reverse_distillation;448x448;5;5;201;4;301;0.8782;0.862;0.8219;0.41;0.55;0.9745;0.3229;0.9981;0.861;101.5;2393
09/01/2026 6:15;VisA/pcb4;reverse_distillation;448x448;5;5;201;4;301;0.9708;0.9559;0.9565;0.86;0.99;0.904;0.084;0.9842;0.6905;104.3;2393
09/01/2026 6:19;VisA/pipe_fryum;reverse_distillation;448x448;5;5;150;4;301;0.7044;0.8633;0.8;0.48;0.48;0.7453;0.1186;0.8118;0.5829;90.6;2393
09/01/2026 6:24;mvtec_AD/bottle;reverse_distillation;448x448;10;10;83;0;301;0.9952;0.9986;0.9841;0.9841;0.9841;0.9477;0.6974;0.9825;0.9323;231.5;2390
09/01/2026 6:30;mvtec_AD/cable;reverse_distillation;448x448;10;10;150;0;301;0.7755;0.8765;0.7768;0.5109;0.5326;0.9182;0.4996;0.9479;0.7983;321;2392
09/01/2026 6:37;mvtec_AD/capsule;reverse_distillation;448x448;10;10;132;0;301;0.86;0.9664;0.9339;0.5229;0.578;0.964;0.3435;0.9772;0.8477;318.8;2392
09/01/2026 6:43;mvtec_AD/carpet;reverse_distillation;448x448;10;10;117;0;301;0.9723;0.9919;0.96;0.9326;0.9438;0.988;0.6044;0.9959;0.9062;319.7;2392
09/01/2026 6:48;mvtec_AD/grid;reverse_distillation;448x448;10;10;78;0;301;0.9215;0.9706;0.9217;0.6667;0.8772;0.9824;0.4343;0.9908;0.8996;193;2392
09/01/2026 6:53;mvtec_AD/hazelnut;reverse_distillation;448x448;10;10;110;0;301;0.9796;0.9911;0.964;0.9571;0.9714;0.9513;0.4823;0.9495;0.8576;304.9;2392
09/01/2026 6:59;mvtec_AD/leather;reverse_distillation;448x448;10;10;124;0;301;0.9976;0.9992;0.9892;0.9891;1;0.9857;0.4664;0.9971;0.9358;285.2;2392
09/01/2026 7:03;mvtec_AD/metal_nut;reverse_distillation;448x448;10;10;115;0;301;0.9668;0.9926;0.9622;0.871;0.9247;0.7874;0.2863;0.9453;0.7419;192.4;2392
09/01/2026 7:09;mvtec_AD/pill;reverse_distillation;448x448;10;10;167;0;301;0.2962;0.7763;0.9156;0.0213;0.0213;0.7621;0.0743;0.9076;0.5708;231.6;2392
09/01/2026 7:14;mvtec_AD/screw;reverse_distillation;448x448;10;10;160;0;301;0.7926;0.9222;0.8718;0.3697;0.5294;0.9824;0.3248;0.9974;0.8769;211.3;2392
09/01/2026 7:19;mvtec_AD/tile;reverse_distillation;448x448;10;10;117;0;301;0.9733;0.9898;0.9591;0.869;0.869;0.9197;0.4382;0.9682;0.8446;262.9;2392
09/01/2026 7:24;mvtec_AD/toothbrush;reverse_distillation;448x448;10;10;42;0;301;0.95;0.9819;0.9286;0.8667;0.8667;0.953;0.356;0.9263;0.738;309.5;2392
09/01/2026 7:31;mvtec_AD/transistor;reverse_distillation;448x448;10;10;100;0;301;0.8771;0.8449;0.78;0.525;0.625;0.7459;0.3074;0.7403;0.6312;331.6;2392
09/01/2026 7:37;mvtec_AD/wood;reverse_distillation;448x448;10;10;79;0;301;0.9895;0.9968;0.9672;0.9333;0.95;0.9395;0.543;0.9875;0.8861;334.8;2392
09/01/2026 7:42;mvtec_AD/zipper;reverse_distillation;448x448;10;10;151;0;301;0.9026;0.9688;0.925;0.4874;0.7899;0.961;0.5043;0.9897;0.7937;207.3;2392
09/01/2026 7:48;AutoVI/underbody_pipes;reverse_distillation;448x448;10;10;344;0;301;0.9674;0.9729;0.9141;0.8142;0.9016;0.9614;0.3799;0.9995;0.9178;196.9;2392
09/01/2026 7:54;AutoVI/underbody_screw;reverse_distillation;448x448;10;10;392;0;301;0.7308;0.0821;0.1925;0.0556;0.0556;0.9874;0.0106;1;0.8684;191.7;2392
09/01/2026 8:00;AutoVI/engine_wiring;reverse_distillation;448x448;10;10;574;0;301;0.6452;0.6522;0.6836;0.1522;0.2457;0.8557;0.135;0.9286;0.6467;116.3;2392
09/01/2026 8:04;AutoVI/pipe_clip;reverse_distillation;448x448;10;10;337;0;301;0.5427;0.4524;0.6034;0.0493;0.1408;0.8241;0.0217;0.8643;0.5028;127;2392
09/01/2026 8:10;AutoVI/tank_screw;reverse_distillation;448x448;10;10;413;0;301;0.4496;0.2019;0.3783;0.0211;0.0526;0.8753;0.0038;0.919;0.5588;179.3;2392
09/01/2026 8:21;mvtec_loco_AD/breakfast_box;reverse_distillation;448x448;10;10;275;0;301;0.6253;0.7789;0.7723;0.2312;0.3237;0.7926;0.2064;0.8138;0.5925;513.4;2392
09/01/2026 8:30;mvtec_loco_AD/juice_bottle;reverse_distillation;448x448;10;10;330;0;301;0.6942;0.8593;0.8339;0.2034;0.3941;0.4738;0.0966;0.4705;0.3774;328.4;2392
09/01/2026 8:40;mvtec_loco_AD/pushpins;reverse_distillation;448x448;10;10;310;0;301;0.6732;0.7493;0.7364;0.25;0.3081;0.5577;0.057;0.704;0.4815;424.4;2392
09/01/2026 8:51;mvtec_loco_AD/screw_bag;reverse_distillation;448x448;10;10;341;0;301;0.5094;0.7112;0.7821;0.1781;0.2146;0.5418;0.0771;0.6446;0.4402;434.2;2392
09/01/2026 9:01;mvtec_loco_AD/splicing_connectors;reverse_distillation;448x448;10;10;312;0;301;0.7019;0.7938;0.7692;0.1606;0.3679;0.5586;0.1312;0.891;0.5976;403.8;2392
09/01/2026 9:07;VisA/candle;reverse_distillation;448x448;10;10;200;0;301;0.6863;0.6829;0.7034;0.16;0.23;0.9329;0.0891;0.9758;0.8842;201.7;2392
09/01/2026 9:12;VisA/capsules;reverse_distillation;448x448;10;10;160;0;301;0.8525;0.9079;0.8436;0.58;0.62;0.9871;0.5034;0.9996;0.8609;208.3;2392
09/01/2026 9:17;VisA/cashew;reverse_distillation;448x448;10;10;150;0;301;0.8898;0.9508;0.8738;0.66;0.73;0.7825;0.2544;0.9079;0.8353;215.7;2392
09/01/2026 9:22;VisA/chewinggum;reverse_distillation;448x448;10;10;150;0;301;0.9454;0.9771;0.9293;0.79;0.9;0.9848;0.45;0.8527;0.7311;194;2392
09/01/2026 9:27;VisA/fryum;reverse_distillation;448x448;10;10;150;0;301;0.9294;0.9698;0.9055;0.81;0.84;0.9444;0.3193;0.9984;0.8842;205.8;2392
09/01/2026 9:33;VisA/macaroni1;reverse_distillation;448x448;10;10;200;0;301;0.8158;0.8298;0.7512;0.37;0.52;0.9913;0.2044;0.9673;0.8515;205.1;2392
09/01/2026 9:39;VisA/macaroni2;reverse_distillation;448x448;10;10;200;0;301;0.6883;0.6916;0.7179;0.26;0.3;0.9799;0.0714;0.9658;0.7861;194;2392
09/01/2026 9:44;VisA/pcb1;reverse_distillation;448x448;10;10;200;0;301;0.8207;0.7582;0.8384;0.18;0.35;0.9636;0.1047;0.9927;0.843;210.1;2392
09/01/2026 9:49;VisA/pcb2;reverse_distillation;448x448;10;10;200;0;301;0.8242;0.8374;0.7757;0.43;0.54;0.9521;0.1865;0.9592;0.7947;183.6;2392
09/01/2026 9:54;VisA/pcb3;reverse_distillation;448x448;10;10;201;0;301;0.9117;0.9143;0.8558;0.57;0.76;0.9786;0.3011;0.9976;0.8736;187.7;2392
09/01/2026 10:00;VisA/pcb4;reverse_distillation;448x448;10;10;201;0;301;0.944;0.9246;0.894;0.74;0.83;0.941;0.1554;0.9966;0.7905;183.7;2392
09/01/2026 10:05;VisA/pipe_fryum;reverse_distillation;448x448;10;10;150;0;301;0.6618;0.8417;0.8032;0.42;0.47;0.7424;0.1228;0.796;0.5793;201;2392
09/01/2026 10:10;mvtec_AD/bottle;reverse_distillation;448x448;10;10;83;1;301;0.9968;0.9991;0.992;0.9841;0.9841;0.9489;0.6969;0.9806;0.8965;227.5;2392
09/01/2026 10:17;mvtec_AD/cable;reverse_distillation;448x448;10;10;150;1;301;0.8321;0.8996;0.8283;0.4891;0.5217;0.9208;0.4999;0.951;0.7878;330.8;2392
09/01/2026 10:24;mvtec_AD/capsule;reverse_distillation;448x448;10;10;132;1;301;0.8935;0.9767;0.9339;0.6972;0.6972;0.9689;0.3769;0.9542;0.809;342.4;2392
09/01/2026 10:30;mvtec_AD/carpet;reverse_distillation;448x448;10;10;117;1;301;0.9687;0.9909;0.9605;0.9326;0.9326;0.9866;0.5885;0.9935;0.8567;322.1;2392
09/01/2026 10:35;mvtec_AD/grid;reverse_distillation;448x448;10;10;78;1;301;0.9599;0.9868;0.9464;0.8947;0.9298;0.9835;0.4531;0.9764;0.8917;221;2392
09/01/2026 10:41;mvtec_AD/hazelnut;reverse_distillation;448x448;10;10;110;1;301;0.9954;0.9976;0.9784;0.9714;0.9857;0.9544;0.5213;0.929;0.8799;324.8;2392
09/01/2026 10:47;mvtec_AD/leather;reverse_distillation;448x448;10;10;124;1;301;0.9942;0.9979;0.984;0.9674;1;0.9858;0.4619;0.9972;0.9036;280.5;2392
09/01/2026 10:52;mvtec_AD/metal_nut;reverse_distillation;448x448;10;10;115;1;301;0.8045;0.9505;0.9029;0.5161;0.6344;0.7825;0.2535;0.9343;0.6928;202;2392
09/01/2026 10:57;mvtec_AD/pill;reverse_distillation;448x448;10;10;167;1;301;0.2733;0.7581;0.9156;0.0142;0.0213;0.7432;0.0654;0.8737;0.4732;238.5;2392
09/01/2026 11:02;mvtec_AD/screw;reverse_distillation;448x448;10;10;160;1;301;0.7506;0.8939;0.8699;0.2689;0.3697;0.9809;0.2396;0.9989;0.9096;212.8;2392
09/01/2026 11:08;mvtec_AD/tile;reverse_distillation;448x448;10;10;117;1;301;0.9729;0.9888;0.9595;0.7857;0.8929;0.913;0.4275;0.9749;0.8497;263.4;2392
09/01/2026 11:14;mvtec_AD/toothbrush;reverse_distillation;448x448;10;10;42;1;301;0.9833;0.9932;0.9677;0.8333;0.9667;0.9457;0.342;0.928;0.7331;315.6;2392
09/01/2026 11:20;mvtec_AD/transistor;reverse_distillation;448x448;10;10;100;1;301;0.8637;0.8283;0.7619;0.525;0.675;0.7452;0.2912;0.7484;0.6317;346.8;2392
09/01/2026 11:27;mvtec_AD/wood;reverse_distillation;448x448;10;10;79;1;301;0.9921;0.9977;0.9831;0.9667;0.9667;0.9363;0.5321;0.985;0.9156;355.1;2392
09/01/2026 11:32;mvtec_AD/zipper;reverse_distillation;448x448;10;10;151;1;301;0.9055;0.9691;0.9224;0.5378;0.7899;0.9636;0.4784;0.995;0.8996;212.3;2392
09/01/2026 11:38;AutoVI/underbody_pipes;reverse_distillation;448x448;10;10;344;1;301;0.9749;0.9788;0.9205;0.8852;0.918;0.958;0.3957;0.9992;0.905;212.7;2392
09/01/2026 11:44;AutoVI/underbody_screw;reverse_distillation;448x448;10;10;392;1;301;0.8721;0.1597;0.35;0.1111;0.2778;0.997;0.0594;1;0.952;212.6;2392
09/01/2026 11:50;AutoVI/engine_wiring;reverse_distillation;448x448;10;10;574;1;301;0.5659;0.573;0.6698;0.0934;0.1246;0.8491;0.1205;0.8811;0.5461;109.4;2392
09/01/2026 11:55;AutoVI/pipe_clip;reverse_distillation;448x448;10;10;337;1;301;0.5575;0.473;0.5953;0.0915;0.1268;0.8119;0.0203;0.8187;0.4371;143.4;2392
09/01/2026 12:01;AutoVI/tank_screw;reverse_distillation;448x448;10;10;413;1;301;0.5098;0.2451;0.3816;0.0737;0.1053;0.8675;0.0044;0.9049;0.594;195.9;2392
09/01/2026 12:13;mvtec_loco_AD/breakfast_box;reverse_distillation;448x448;10;10;275;1;301;0.5275;0.7089;0.7723;0.1965;0.2023;0.7932;0.1992;0.8191;0.5899;549.5;2392
09/01/2026 12:22;mvtec_loco_AD/juice_bottle;reverse_distillation;448x448;10;10;330;1;301;0.7016;0.8698;0.8339;0.3305;0.3771;0.4444;0.0861;0.4328;0.348;324.4;2392
09/01/2026 12:32;mvtec_loco_AD/pushpins;reverse_distillation;448x448;10;10;310;1;301;0.6232;0.7073;0.7164;0.186;0.2326;0.5805;0.0604;0.7114;0.4993;427.6;2392
09/01/2026 12:43;mvtec_loco_AD/screw_bag;reverse_distillation;448x448;10;10;341;1;301;0.5238;0.7077;0.7821;0.1598;0.21;0.4987;0.0685;0.5982;0.3979;431;2392
09/01/2026 12:53;mvtec_loco_AD/splicing_connectors;reverse_distillation;448x448;10;10;312;1;301;0.6901;0.7879;0.7644;0.1451;0.3057;0.5555;0.1257;0.8897;0.5709;388.2;2392
09/01/2026 12:58;VisA/candle;reverse_distillation;448x448;10;10;200;1;301;0.6667;0.6686;0.6992;0.17;0.21;0.9319;0.0752;0.9802;0.8502;183.2;2392
09/01/2026 13:03;VisA/capsules;reverse_distillation;448x448;10;10;160;1;301;0.916;0.9425;0.8911;0.67;0.74;0.9855;0.5046;0.9985;0.8786;188.2;2392
09/01/2026 13:08;VisA/cashew;reverse_distillation;448x448;10;10;150;1;301;0.8646;0.9424;0.8374;0.71;0.73;0.7955;0.2594;0.9119;0.7599;216;2392
09/01/2026 13:13;VisA/chewinggum;reverse_distillation;448x448;10;10;150;1;301;0.9656;0.9866;0.9557;0.9;0.93;0.9868;0.5818;0.8785;0.7926;187.1;2392
09/01/2026 13:18;VisA/fryum;reverse_distillation;448x448;10;10;150;1;301;0.8932;0.9513;0.872;0.67;0.74;0.9412;0.2889;0.9984;0.8297;201.2;2392
09/01/2026 13:24;VisA/macaroni1;reverse_distillation;448x448;10;10;200;1;301;0.839;0.841;0.7915;0.47;0.49;0.993;0.2368;0.9599;0.8878;185.1;2392
09/01/2026 13:29;VisA/macaroni2;reverse_distillation;448x448;10;10;200;1;301;0.6865;0.7087;0.6971;0.23;0.32;0.9798;0.0916;0.9479;0.7867;193.9;2392
09/01/2026 13:35;VisA/pcb1;reverse_distillation;448x448;10;10;200;1;301;0.8512;0.8253;0.8326;0.34;0.38;0.9762;0.246;0.9903;0.8805;208.3;2392
09/01/2026 13:40;VisA/pcb2;reverse_distillation;448x448;10;10;200;1;301;0.8563;0.8612;0.8018;0.46;0.61;0.9567;0.2179;0.9578;0.8337;204.7;2392
09/01/2026 8:37;mvtec_AD/bottle;reverse_distillation;448x448;20;20;83;0;301;0.9897;0.9972;0.9841;0.9841;0.9841;0.947;0.6854;0.9824;0.9261;478.6;2378
09/01/2026 8:49;mvtec_AD/cable;reverse_distillation;448x448;20;20;150;0;301;0.7768;0.8801;0.785;0.5652;0.5978;0.9138;0.5066;0.943;0.7656;622.4;2390
09/01/2026 9:01;mvtec_AD/capsule;reverse_distillation;448x448;20;20;132;0;301;0.8891;0.9728;0.9444;0.5321;0.5413;0.9625;0.3733;0.9627;0.8067;641.7;2390
09/01/2026 9:12;mvtec_AD/carpet;reverse_distillation;448x448;20;20;117;0;301;0.931;0.9815;0.9419;0.8989;0.9101;0.9886;0.5956;0.9953;0.9091;608.4;2390
09/01/2026 9:19;mvtec_AD/grid;reverse_distillation;448x448;20;20;78;0;301;0.949;0.9829;0.931;0.8246;0.8246;0.9902;0.4811;0.9849;0.9123;406.5;2390
09/01/2026 9:31;mvtec_AD/hazelnut;reverse_distillation;448x448;20;20;110;0;301;0.9693;0.9862;0.9565;0.9429;0.9429;0.9359;0.4242;0.9126;0.8082;606.2;2390
09/01/2026 9:41;mvtec_AD/leather;reverse_distillation;448x448;20;20;124;0;301;0.9959;0.9985;0.9946;1;1;0.9912;0.4748;0.9987;0.878;569.8;2390
09/01/2026 9:50;mvtec_AD/metal_nut;reverse_distillation;448x448;20;20;115;0;301;0.8671;0.9673;0.9128;0.6237;0.7634;0.7715;0.2614;0.939;0.6972;452.4;2390
09/01/2026 10:00;mvtec_AD/pill;reverse_distillation;448x448;20;20;167;0;301;0.2897;0.7693;0.9156;0.0142;0.0142;0.7675;0.0731;0.8895;0.501;527.6;2390
09/01/2026 10:10;mvtec_AD/screw;reverse_distillation;448x448;20;20;160;0;301;0.8651;0.9496;0.8958;0.4958;0.6387;0.9864;0.4202;0.9974;0.9077;475.8;2390
09/01/2026 10:20;mvtec_AD/tile;reverse_distillation;448x448;20;20;117;0;301;0.9596;0.9853;0.9333;0.8452;0.8571;0.9213;0.4347;0.9843;0.8791;566.9;2390
09/01/2026 10:32;mvtec_AD/toothbrush;reverse_distillation;448x448;20;20;42;0;301;0.9583;0.9839;0.9355;0.8;0.8333;0.9389;0.3236;0.9138;0.7627;671.8;2390
09/01/2026 10:45;mvtec_AD/transistor;reverse_distillation;448x448;20;20;100;0;301;0.9304;0.937;0.8861;0.8;0.875;0.7599;0.3233;0.7537;0.6652;705.8;2390
09/01/2026 10:58;mvtec_AD/wood;reverse_distillation;448x448;20;20;79;0;301;0.9921;0.9976;0.9752;0.95;0.95;0.9394;0.5316;0.9867;0.8888;706.5;2390
09/01/2026 11:07;mvtec_AD/zipper;reverse_distillation;448x448;20;20;151;0;301;0.9273;0.9772;0.9487;0.5462;0.8487;0.9591;0.4927;0.9915;0.865;464.3;2390
09/01/2026 11:17;AutoVI/underbody_pipes;reverse_distillation;448x448;20;20;344;0;301;0.9854;0.9886;0.9524;0.9399;0.9508;0.9667;0.4263;0.9995;0.8876;461.1;2390
09/01/2026 11:28;AutoVI/underbody_screw;reverse_distillation;448x448;20;20;392;0;301;0.8186;0.1172;0.2453;0;0.1667;0.9967;0.0427;1;0.9498;472.6;2390
09/01/2026 11:38;AutoVI/engine_wiring;reverse_distillation;448x448;20;20;574;0;301;0.5892;0.6034;0.6753;0.1038;0.1869;0.8385;0.1138;0.9245;0.6678;345;2390
09/01/2026 11:46;AutoVI/pipe_clip;reverse_distillation;448x448;20;20;337;0;301;0.5585;0.4547;0.6169;0.0634;0.1197;0.8175;0.0211;0.8482;0.4882;356.9;2390
09/01/2026 11:57;AutoVI/tank_screw;reverse_distillation;448x448;20;20;413;0;301;0.4769;0.2197;0.3841;0.0316;0.0526;0.8695;0.0039;0.9136;0.5981;442.6;2390
09/01/2026 12:18;mvtec_loco_AD/breakfast_box;reverse_distillation;448x448;20;20;275;0;301;0.5783;0.7548;0.7723;0.2486;0.2832;0.7855;0.2002;0.7738;0.5379;1081.7;2390
09/01/2026 12:32;mvtec_loco_AD/juice_bottle;reverse_distillation;448x448;20;20;330;0;301;0.7303;0.8954;0.8339;0.4661;0.5042;0.4225;0.0767;0.3822;0.292;683.7;2390
09/01/2026 12:49;mvtec_loco_AD/pushpins;reverse_distillation;448x448;20;20;310;0;301;0.6421;0.7131;0.7137;0.157;0.2674;0.5885;0.0591;0.6904;0.4519;834.9;2390
09/01/2026 13:07;mvtec_loco_AD/screw_bag;reverse_distillation;448x448;20;20;341;0;301;0.466;0.6578;0.7821;0.0959;0.1187;0.5031;0.0688;0.5822;0.3811;861.7;2390
09/01/2026 13:24;mvtec_loco_AD/splicing_connectors;reverse_distillation;448x448;20;20;312;0;301;0.7139;0.8219;0.7648;0.2383;0.4041;0.5627;0.1393;0.8894;0.5875;795.2;2390
09/01/2026 13:32;VisA/candle;reverse_distillation;448x448;20;20;200;0;301;0.6647;0.6624;0.6939;0.16;0.26;0.9309;0.0721;0.9773;0.867;365.7;2390
09/01/2026 13:40;VisA/capsules;reverse_distillation;448x448;20;20;160;0;301;0.9198;0.9419;0.8969;0.66;0.85;0.9886;0.5407;0.9994;0.899;394.2;2390
10/01/2026 7:49;VAD;padim;448x448;10;10;2000;0;1;0.6748;0.673;0.6809;0.174;0.301;0.9144;0.116;0.8663;0.6923;7.7;2488
10/01/2026 7:55;VAD;patchcore;448x448;10;10;2000;0;1;0.8114;0.8281;0.7446;0.443;0.538;0.9254;0.264;0.9551;0.7998;3.6;1384
10/01/2026 8:06;VAD;reverse_distillation;448x448;10;10;2000;0;301;0.7609;0.7632;0.7118;0.284;0.434;0.8949;0.1719;0.9418;0.807;117;3673
10/01/2026 8:16;VAD;dinomaly;448x448;10;10;2000;0;301;0.5825;0.5658;0.668;0.073;0.16;0.7803;0.0211;0.8485;0.5894;109.3;3814
10/01/2026 8:22;VAD;padim;448x448;10;10;2000;1;1;0.6956;0.6663;0.6945;0.151;0.259;0.9233;0.1058;0.8755;0.6479;4.8;2488
10/01/2026 8:29;VAD;patchcore;448x448;10;10;2000;1;1;0.8256;0.8412;0.7619;0.43;0.572;0.932;0.2744;0.9567;0.8116;3;965
10/01/2026 8:38;VAD;reverse_distillation;448x448;10;10;2000;1;301;0.7229;0.7037;0.7107;0.196;0.291;0.8994;0.1612;0.9417;0.8391;108.3;3669
10/01/2026 8:48;VAD;dinomaly;448x448;10;10;2000;1;301;0.5793;0.5627;0.6673;0.064;0.188;0.8129;0.0225;0.9001;0.6417;107.8;3815
10/01/2026 8:55;VAD;padim;448x448;10;10;2000;2;1;0.7069;0.6796;0.694;0.187;0.302;0.9251;0.0985;0.9222;0.7462;4;2488
10/01/2026 9:02;VAD;patchcore;448x448;10;10;2000;2;1;0.8304;0.8443;0.759;0.45;0.584;0.9314;0.2659;0.9635;0.7648;3.1;965
10/01/2026 9:11;VAD;reverse_distillation;448x448;10;10;2000;2;301;0.7729;0.7684;0.7346;0.269;0.41;0.8993;0.1738;0.9454;0.817;108.9;3669
10/01/2026 9:19;VAD;dinomaly;448x448;10;10;2000;2;301;0.5744;0.5592;0.6673;0.07;0.158;0.8087;0.0219;0.8841;0.6206;103.2;3815
10/01/2026 9:25;VAD;padim;448x448;10;10;2000;3;1;0.7028;0.6912;0.6904;0.172;0.31;0.9185;0.1182;0.8847;0.663;4.1;2488
10/01/2026 9:31;VAD;patchcore;448x448;10;10;2000;3;1;0.8182;0.8327;0.7483;0.424;0.554;0.9334;0.2702;0.9518;0.7408;2.8;965
10/01/2026 9:39;VAD;reverse_distillation;448x448;10;10;2000;3;301;0.7586;0.7745;0.7134;0.313;0.431;0.9163;0.1729;0.9432;0.8046;104.3;3669
10/01/2026 9:47;VAD;dinomaly;448x448;10;10;2000;3;301;0.6074;0.5856;0.6692;0.077;0.18;0.8167;0.0325;0.876;0.5965;103.6;3815
10/01/2026 9:53;VAD;padim;448x448;10;10;2000;4;1;0.6662;0.6406;0.6766;0.147;0.244;0.9143;0.0809;0.9012;0.7078;3.7;2488
10/01/2026 10:00;VAD;patchcore;448x448;10;10;2000;4;1;0.826;0.8371;0.7565;0.447;0.559;0.9351;0.2592;0.958;0.8218;2.8;965
10/01/2026 10:08;VAD;reverse_distillation;448x448;10;10;2000;4;301;0.7649;0.7331;0.7324;0.219;0.38;0.9018;0.1522;0.9371;0.8025;104.9;3669
10/01/2026 10:17;VAD;dinomaly;448x448;10;10;2000;4;301;0.6227;0.599;0.6701;0.077;0.203;0.8216;0.036;0.8982;0.6614;103.9;3815
10/01/2026 16:32;btad/01;padim;448x448;10;10;70;0;1;0.9553;0.9841;0.9375;0.8776;0.9184;0.9654;0.5419;0.9851;0.8875;7;2488
10/01/2026 16:33;btad/02;padim;448x448;10;10;229;0;1;0.7593;0.9605;0.9299;0.4975;0.5829;0.9439;0.4824;0.8142;0.6653;3.8;2488
10/01/2026 16:34;btad/03;padim;448x448;10;10;431;0;1;0.5521;0.1227;0.2188;0.1613;0.2258;0.8037;0.0052;0.7104;0.2772;3.6;2488
10/01/2026 16:36;GoodsAD/cigarette_box;padim;448x448;10;10;429;0;1;0.5127;0.5728;0.7381;0.0203;0.1057;0.7804;0.1336;0.6602;0.3891;5;2488
10/01/2026 16:39;GoodsAD/drink_bottle;padim;448x448;10;10;781;0;1;0.4556;0.5226;0.7049;0.0518;0.0988;0.8379;0.0286;0.9683;0.6569;4.9;2488
10/01/2026 16:40;GoodsAD/drink_can;padim;448x448;10;10;293;0;1;0.4878;0.4956;0.6651;0.0548;0.0685;0.8572;0.0713;0.9153;0.4397;5;2488
10/01/2026 16:43;GoodsAD/food_bottle;padim;448x448;10;10;604;0;1;0.5777;0.6526;0.751;0.1025;0.1468;0.8716;0.0531;0.9845;0.6439;4.9;2488
10/01/2026 16:44;GoodsAD/food_box;padim;448x448;10;10;397;0;1;0.5007;0.6281;0.7764;0.0239;0.0797;0.7959;0.0263;0.8731;0.4937;5.1;2488
10/01/2026 16:46;GoodsAD/food_package;padim;448x448;10;10;483;0;1;0.5099;0.4848;0.6461;0.0652;0.0783;0.8575;0.02;0.8953;0.4908;5.1;2488
10/01/2026 16:47;btad/01;patchcore;448x448;10;10;70;0;1;0.9981;0.9992;0.9899;1;1;0.9828;0.6313;0.9921;0.8724;3.7;1384
10/01/2026 16:47;btad/02;patchcore;448x448;10;10;229;0;1;0.8925;0.9822;0.9451;0.6231;0.7487;0.9633;0.6175;0.9377;0.8606;2.5;965
10/01/2026 16:48;btad/03;patchcore;448x448;10;10;431;0;1;0.9624;0.8336;0.8364;0.9677;0.9677;0.96;0.2732;0.9944;0.78;2.5;965
10/01/2026 16:50;GoodsAD/cigarette_box;patchcore;448x448;10;10;429;0;1;0.5749;0.6509;0.7489;0.1341;0.187;0.8395;0.1219;0.8408;0.4657;3.9;965
10/01/2026 16:53;GoodsAD/drink_bottle;patchcore;448x448;10;10;781;0;1;0.5241;0.5592;0.7095;0.0565;0.1153;0.9057;0.0455;0.9931;0.702;3.8;965
10/01/2026 16:54;GoodsAD/drink_can;patchcore;448x448;10;10;293;0;1;0.5575;0.5717;0.6744;0.0959;0.1507;0.8899;0.0905;0.9786;0.6345;4;965
10/01/2026 16:57;GoodsAD/food_bottle;patchcore;448x448;10;10;604;0;1;0.5576;0.6241;0.7521;0.0332;0.1302;0.903;0.0788;0.9786;0.6418;3.8;965
10/01/2026 16:59;GoodsAD/food_box;patchcore;448x448;10;10;397;0;1;0.5242;0.6486;0.7776;0.0319;0.1275;0.8482;0.0324;0.9584;0.5241;3.8;965
10/01/2026 17:00;GoodsAD/food_package;patchcore;448x448;10;10;483;0;1;0.5065;0.4779;0.647;0.0261;0.113;0.8732;0.021;0.9384;0.4813;3.9;965
10/01/2026 17:04;btad/01;reverse_distillation;448x448;10;10;70;0;301;0.999;0.9996;0.9899;1;1;0.9846;0.6587;0.9966;0.913;181.7;3674
10/01/2026 17:06;btad/02;reverse_distillation;448x448;10;10;229;0;301;0.8229;0.9697;0.9392;0.5427;0.5427;0.9684;0.673;0.9384;0.8496;112;3669
10/01/2026 17:09;btad/03;reverse_distillation;448x448;10;10;431;0;301;0.9997;0.9958;0.9841;1;1;0.9835;0.5279;0.9839;0.863;112.5;3669
10/01/2026 17:17;GoodsAD/cigarette_box;reverse_distillation;448x448;10;10;429;0;301;0.5425;0.5911;0.7414;0.0488;0.0691;0.7946;0.1035;0.7631;0.4379;323.7;3669
10/01/2026 17:25;GoodsAD/drink_bottle;reverse_distillation;448x448;10;10;781;0;301;0.5602;0.5865;0.706;0.0565;0.1129;0.8889;0.041;0.9975;0.7028;316.8;3669
10/01/2026 17:32;GoodsAD/drink_can;reverse_distillation;448x448;10;10;293;0;301;0.5786;0.5565;0.6747;0.0616;0.1096;0.886;0.0884;0.9881;0.6702;320.8;3669
10/01/2026 17:40;GoodsAD/food_bottle;reverse_distillation;448x448;10;10;604;0;301;0.5954;0.6551;0.7557;0.0665;0.1662;0.8927;0.072;0.9781;0.688;317.7;3669
10/01/2026 17:47;GoodsAD/food_box;reverse_distillation;448x448;10;10;397;0;301;0.5438;0.6748;0.7759;0.0837;0.1195;0.845;0.033;0.9817;0.6148;324.7;3669
10/01/2026 17:54;GoodsAD/food_package;reverse_distillation;448x448;10;10;483;0;301;0.5433;0.4947;0.6557;0.0435;0.087;0.8961;0.0296;0.9856;0.6586;320.3;3669
10/01/2026 17:58;btad/01;dinomaly;448x448;10;10;70;0;301;0.999;0.9996;0.9899;1;1;0.978;0.6384;0.9773;0.8483;179.6;3813
10/01/2026 18:01;btad/02;dinomaly;448x448;10;10;229;0;301;0.8358;0.9727;0.94;0.5829;0.6131;0.9674;0.7154;0.9298;0.7951;111.1;3815
10/01/2026 18:04;btad/03;dinomaly;448x448;10;10;431;0;301;0.9949;0.959;0.9508;0.9677;0.9677;0.9926;0.6499;0.9855;0.9084;112.3;3815
10/01/2026 18:11;GoodsAD/cigarette_box;dinomaly;448x448;10;10;429;0;301;0.5084;0.5572;0.7428;0.0407;0.065;0.8134;0.1118;0.7996;0.4655;329;3815
10/01/2026 18:20;GoodsAD/drink_bottle;dinomaly;448x448;10;10;781;0;301;0.5639;0.5783;0.7105;0.0635;0.0894;0.9236;0.061;1;0.7507;319.4;3815
10/01/2026 18:27;GoodsAD/drink_can;dinomaly;448x448;10;10;293;0;301;0.5343;0.5402;0.6697;0.089;0.1575;0.8994;0.1069;0.9936;0.5972;323;3815
10/01/2026 18:35;GoodsAD/food_bottle;dinomaly;448x448;10;10;604;0;301;0.5922;0.6537;0.7518;0.0748;0.1247;0.9156;0.0878;0.9931;0.7281;314.3;3815
10/01/2026 18:42;GoodsAD/food_box;dinomaly;448x448;10;10;397;0;301;0.5622;0.6838;0.7759;0.0996;0.1116;0.871;0.0438;0.9843;0.6802;317.6;3815
10/01/2026 18:49;GoodsAD/food_package;dinomaly;448x448;10;10;483;0;301;0.517;0.4769;0.6452;0.0391;0.087;0.8695;0.0206;0.977;0.5724;317.8;3815
10/01/2026 18:49;btad/01;padim;448x448;10;10;70;1;1;0.9475;0.9834;0.9684;0.9388;0.9388;0.9528;0.4567;0.9767;0.8553;4.2;2488
10/01/2026 18:50;btad/02;padim;448x448;10;10;229;1;1;0.7325;0.956;0.9299;0.5427;0.5578;0.9455;0.4638;0.8905;0.7679;3.8;2488
10/01/2026 18:51;btad/03;padim;448x448;10;10;431;1;1;0.5023;0.1067;0.2222;0.0968;0.2581;0.8046;0.005;0.7292;0.2679;3.8;2488
10/01/2026 18:53;GoodsAD/cigarette_box;padim;448x448;10;10;429;1;1;0.4512;0.5343;0.7321;0.0407;0.0528;0.7507;0.0872;0.6075;0.3126;5.3;2488
10/01/2026 18:57;GoodsAD/drink_bottle;padim;448x448;10;10;781;1;1;0.4779;0.5178;0.7048;0.0282;0.0494;0.8337;0.0269;0.9684;0.6289;5.1;2488
10/01/2026 18:58;GoodsAD/drink_can;padim;448x448;10;10;293;1;1;0.5567;0.5578;0.6651;0.0685;0.1096;0.8753;0.0907;0.9432;0.5226;4.9;2488
10/01/2026 19:00;GoodsAD/food_bottle;padim;448x448;10;10;604;1;1;0.5383;0.6239;0.7553;0.0637;0.0997;0.8705;0.0541;0.9699;0.6257;5.4;2488
10/01/2026 19:02;GoodsAD/food_box;padim;448x448;10;10;397;1;1;0.4974;0.6362;0.7747;0.0598;0.0916;0.8234;0.0302;0.9579;0.5698;5.9;2488
10/01/2026 19:04;GoodsAD/food_package;padim;448x448;10;10;483;1;1;0.5104;0.4788;0.65;0.0478;0.1043;0.8512;0.0186;0.9483;0.5237;5.7;2488
10/01/2026 19:05;btad/01;patchcore;448x448;10;10;70;1;1;0.9971;0.9988;0.9897;0.9796;0.9796;0.9833;0.641;0.9922;0.9786;2.9;965
10/01/2026 19:05;btad/02;patchcore;448x448;10;10;229;1;1;0.929;0.9883;0.9522;0.6432;0.804;0.9647;0.633;0.9373;0.8342;2.5;965
10/01/2026 19:06;btad/03;patchcore;448x448;10;10;431;1;1;0.9798;0.8199;0.7692;0.9032;0.9355;0.9609;0.3064;0.9948;0.7816;2.5;965
10/01/2026 19:08;GoodsAD/cigarette_box;patchcore;448x448;10;10;429;1;1;0.5458;0.6221;0.7432;0.0772;0.1829;0.8555;0.1295;0.8938;0.5045;3.9;965
10/01/2026 19:11;GoodsAD/drink_bottle;patchcore;448x448;10;10;781;1;1;0.5295;0.5691;0.7079;0.0494;0.1059;0.9022;0.0448;0.994;0.6977;3.8;965
10/01/2026 19:13;GoodsAD/drink_can;patchcore;448x448;10;10;293;1;1;0.5776;0.5742;0.6746;0.089;0.137;0.8909;0.0924;0.9721;0.6532;4.1;965
10/01/2026 19:15;GoodsAD/food_bottle;patchcore;448x448;10;10;604;1;1;0.5313;0.6187;0.749;0.0637;0.1274;0.9003;0.0761;0.9631;0.6194;4.2;965
10/01/2026 19:17;GoodsAD/food_box;patchcore;448x448;10;10;397;1;1;0.5609;0.6634;0.7795;0.0637;0.0996;0.8396;0.0308;0.9697;0.5385;3.8;965
10/01/2026 19:19;GoodsAD/food_package;patchcore;448x448;10;10;483;1;1;0.5161;0.4815;0.6516;0.0348;0.1087;0.8867;0.0237;0.9426;0.5061;3.7;965
10/01/2026 19:23;btad/01;reverse_distillation;448x448;10;10;70;1;301;0.9981;0.9992;0.9897;0.9796;1;0.9848;0.6672;0.9977;0.938;180.7;3669
10/01/2026 19:25;btad/02;reverse_distillation;448x448;10;10;229;1;301;0.8397;0.9723;0.9375;0.5327;0.5427;0.969;0.6705;0.9321;0.7731;113.4;3669
10/01/2026 19:28;btad/03;reverse_distillation;448x448;10;10;431;1;301;0.9999;0.999;0.9841;1;1;0.9793;0.4942;0.9976;0.878;114.8;3669
10/01/2026 19:36;GoodsAD/cigarette_box;reverse_distillation;448x448;10;10;429;1;301;0.5564;0.5985;0.7457;0.0691;0.0691;0.8034;0.1062;0.8183;0.5005;327.1;3669
10/01/2026 19:44;GoodsAD/drink_bottle;reverse_distillation;448x448;10;10;781;1;301;0.5643;0.5859;0.7054;0.0659;0.1012;0.8888;0.0449;0.9948;0.7096;321.9;3669
10/01/2026 19:51;GoodsAD/drink_can;reverse_distillation;448x448;10;10;293;1;301;0.583;0.5611;0.6683;0.0548;0.0959;0.8875;0.0949;0.9932;0.6893;323.5;3669
10/01/2026 20:10;GoodsAD/food_bottle;reverse_distillation;448x448;10;10;604;1;301;0.5782;0.6639;0.749;0.1025;0.169;0.8899;0.0704;0.9714;0.6805;316;3669
10/01/2026 20:22;GoodsAD/food_box;reverse_distillation;448x448;10;10;397;1;301;0.5493;0.6829;0.7776;0.0797;0.1155;0.8411;0.032;0.9833;0.6033;317.5;3674
10/01/2026 20:29;GoodsAD/food_package;reverse_distillation;448x448;10;10;483;1;301;0.5555;0.5095;0.6524;0.0609;0.1261;0.8939;0.0286;0.9654;0.6398;319.3;3669
10/01/2026 20:32;btad/01;dinomaly;448x448;10;10;70;1;301;0.999;0.9996;0.9899;1;1;0.981;0.6503;0.9817;0.8715;175.9;3813
10/01/2026 20:35;btad/02;dinomaly;448x448;10;10;229;1;301;0.832;0.9726;0.934;0.5879;0.6432;0.9674;0.7226;0.9056;0.796;108.5;3815
10/01/2026 20:38;btad/03;dinomaly;448x448;10;10;431;1;301;0.9973;0.9747;0.9677;0.9677;1;0.9921;0.625;0.9849;0.9088;110.4;3815
10/01/2026 20:45;GoodsAD/cigarette_box;dinomaly;448x448;10;10;429;1;301;0.5007;0.5634;0.7424;0.061;0.0854;0.8198;0.1121;0.7958;0.4404;322.9;3815
10/01/2026 20:54;GoodsAD/drink_bottle;dinomaly;448x448;10;10;781;1;301;0.5751;0.5861;0.712;0.0494;0.1059;0.9173;0.0578;1;0.7486;314.3;3815
10/01/2026 21:00;GoodsAD/drink_can;dinomaly;448x448;10;10;293;1;301;0.5362;0.5414;0.6714;0.0822;0.1438;0.905;0.1101;0.9984;0.6593;316.5;3815
10/01/2026 21:08;GoodsAD/food_bottle;dinomaly;448x448;10;10;604;1;301;0.6136;0.6861;0.7521;0.133;0.1911;0.9257;0.1441;0.9933;0.7313;307.9;3815
10/01/2026 21:15;GoodsAD/food_box;dinomaly;448x448;10;10;397;1;301;0.5719;0.6901;0.7776;0.0956;0.1474;0.8623;0.0389;0.9945;0.6563;310.6;3815
10/01/2026 21:22;GoodsAD/food_package;dinomaly;448x448;10;10;483;1;301;0.5044;0.4716;0.6452;0.0391;0.0913;0.8952;0.0257;0.981;0.5878;311.8;3815
10/01/2026 21:23;btad/01;padim;448x448;10;10;70;2;1;0.9806;0.9932;0.9792;0.9592;0.9592;0.958;0.529;0.9631;0.8771;4.4;2488
10/01/2026 21:24;btad/02;padim;448x448;10;10;229;2;1;0.7521;0.9592;0.9299;0.5276;0.5829;0.9346;0.4186;0.8579;0.6898;3.4;2488
10/01/2026 21:24;btad/03;padim;448x448;10;10;431;2;1;0.3648;0.0556;0.1342;0;0.0645;0.745;0.0039;0.6816;0.1435;3.5;2488
10/01/2026 21:26;GoodsAD/cigarette_box;padim;448x448;10;10;429;2;1;0.4314;0.5153;0.7335;0.0325;0.0447;0.7464;0.0907;0.6334;0.3499;4.9;2488
10/01/2026 21:29;GoodsAD/drink_bottle;padim;448x448;10;10;781;2;1;0.4383;0.4961;0.7048;0.0376;0.0753;0.867;0.0335;0.9863;0.6642;4.8;2488
10/01/2026 21:31;GoodsAD/drink_can;padim;448x448;10;10;293;2;1;0.5612;0.5604;0.6667;0.0822;0.1644;0.8776;0.0903;0.9579;0.5878;4.8;2488
10/01/2026 21:33;GoodsAD/food_bottle;padim;448x448;10;10;604;2;1;0.5647;0.6349;0.7524;0.0609;0.133;0.871;0.0544;0.9614;0.5918;4.7;2488
10/01/2026 21:35;GoodsAD/food_box;padim;448x448;10;10;397;2;1;0.4963;0.6209;0.7747;0.0279;0.0916;0.8236;0.0307;0.9402;0.5423;4.7;2488
10/01/2026 21:37;GoodsAD/food_package;padim;448x448;10;10;483;2;1;0.511;0.5096;0.6452;0.0739;0.1174;0.8658;0.0205;0.95;0.5411;4.8;2488
10/01/2026 21:37;btad/01;patchcore;448x448;10;10;70;2;1;0.9942;0.9978;0.9897;0.9796;0.9796;0.9823;0.6342;0.9907;0.8906;3;964
10/01/2026 21:38;btad/02;patchcore;448x448;10;10;229;2;1;0.9159;0.9863;0.9515;0.6382;0.7085;0.9641;0.6207;0.9356;0.7932;2.4;965
10/01/2026 21:39;btad/03;patchcore;448x448;10;10;431;2;1;0.8998;0.7978;0.7692;0.8065;0.8387;0.9635;0.3414;0.9947;0.8233;2.5;965
10/01/2026 21:40;GoodsAD/cigarette_box;patchcore;448x448;10;10;429;2;1;0.5212;0.5996;0.7481;0.0854;0.1179;0.8531;0.1289;0.8795;0.4763;3.7;965
10/01/2026 21:44;GoodsAD/drink_bottle;patchcore;448x448;10;10;781;2;1;0.5364;0.572;0.7075;0.0612;0.1247;0.9222;0.0573;0.9946;0.7109;3.7;965
10/01/2026 21:45;GoodsAD/drink_can;patchcore;448x448;10;10;293;2;1;0.5561;0.5507;0.6745;0.0753;0.1096;0.8797;0.0835;0.9618;0.6657;3.9;965
10/01/2026 21:47;GoodsAD/food_bottle;patchcore;448x448;10;10;604;2;1;0.5544;0.6256;0.7497;0.0499;0.1136;0.8932;0.068;0.9466;0.591;3.7;965
10/01/2026 21:49;GoodsAD/food_box;patchcore;448x448;10;10;397;2;1;0.5443;0.6758;0.7759;0.0637;0.1235;0.8429;0.0313;0.96;0.5375;3.6;965
10/01/2026 21:51;GoodsAD/food_package;patchcore;448x448;10;10;483;2;1;0.5235;0.4901;0.6479;0.0435;0.0957;0.893;0.0267;0.9511;0.5363;3.7;965
10/01/2026 21:54;btad/01;reverse_distillation;448x448;10;10;70;2;301;0.9961;0.9985;0.9897;0.9796;0.9796;0.9832;0.6558;0.9973;0.9231;176.8;3668
10/01/2026 21:57;btad/02;reverse_distillation;448x448;10;10;229;2;301;0.8432;0.9727;0.9443;0.5327;0.5528;0.9691;0.6788;0.9395;0.8006;110.5;3668
10/01/2026 22:00;btad/03;reverse_distillation;448x448;10;10;431;2;301;1;1;1;1;1;0.9822;0.5559;0.9841;0.8841;111;3668
10/01/2026 22:07;GoodsAD/cigarette_box;reverse_distillation;448x448;10;10;429;2;301;0.5187;0.592;0.742;0.0894;0.0976;0.7948;0.0968;0.7955;0.4627;320.5;3668
10/01/2026 22:15;GoodsAD/drink_bottle;reverse_distillation;448x448;10;10;781;2;301;0.5699;0.5954;0.7064;0.0824;0.1388;0.9022;0.0474;0.9973;0.7278;322;3668
10/01/2026 22:22;GoodsAD/drink_can;reverse_distillation;448x448;10;10;293;2;301;0.5704;0.5509;0.6734;0.0616;0.1027;0.882;0.086;0.9657;0.6812;312.4;3668
10/01/2026 22:29;GoodsAD/food_bottle;reverse_distillation;448x448;10;10;604;2;301;0.5931;0.644;0.75;0.0416;0.0886;0.8894;0.072;0.9649;0.6647;309.2;3668
10/01/2026 22:36;GoodsAD/food_box;reverse_distillation;448x448;10;10;397;2;301;0.5765;0.7058;0.7785;0.1474;0.1833;0.845;0.0334;0.9892;0.6452;309.9;3668
10/01/2026 22:44;GoodsAD/food_package;reverse_distillation;448x448;10;10;483;2;301;0.5506;0.5061;0.6485;0.0609;0.1087;0.91;0.0364;0.972;0.6621;315.7;3668
10/01/2026 22:47;btad/01;dinomaly;448x448;10;10;70;2;301;0.9971;0.9988;0.98;0.9796;1;0.9659;0.6047;0.9603;0.8536;174.5;3815
10/01/2026 22:50;btad/02;dinomaly;448x448;10;10;229;2;301;0.8467;0.974;0.9446;0.5729;0.608;0.9705;0.7271;0.9372;0.8392;109.5;3815
10/01/2026 22:52;btad/03;dinomaly;448x448;10;10;431;2;301;0.5053;0.36;0.4103;0.3548;0.3871;0.9181;0.021;0.896;0.6448;109;3815
10/01/2026 23:07;GoodsAD/drink_bottle;dinomaly;448x448;10;10;781;2;301;0.5583;0.5761;0.7073;0.0447;0.0941;0.9225;0.0578;1;0.7573;321.6;3815
10/01/2026 23:21;GoodsAD/food_bottle;dinomaly;448x448;10;10;604;2;301;0.6085;0.677;0.7556;0.0942;0.1884;0.92;0.1071;0.9934;0.6962;312.3;3815
10/01/2026 23:28;GoodsAD/food_box;dinomaly;448x448;10;10;397;2;301;0.5259;0.6514;0.7771;0.0558;0.0996;0.8443;0.0332;0.9918;0.6475;308.4;3815
10/01/2026 23:35;GoodsAD/food_package;dinomaly;448x448;10;10;483;2;301;0.5279;0.4924;0.647;0.0478;0.1;0.9012;0.0278;0.9925;0.6304;314;3815
10/01/2026 23:36;btad/01;padim;448x448;10;10;70;3;1;0.9592;0.9852;0.9574;0.9184;0.9184;0.9697;0.5445;0.9903;0.9194;3.9;2488
10/01/2026 23:36;btad/02;padim;448x448;10;10;229;3;1;0.7288;0.9552;0.9299;0.5226;0.5477;0.9361;0.4186;0.8375;0.7179;3.5;2488
10/01/2026 23:37;btad/03;padim;448x448;10;10;431;3;1;0.619;0.1788;0.2353;0.129;0.2903;0.8361;0.006;0.8614;0.3548;3.4;2488
10/01/2026 23:39;GoodsAD/cigarette_box;padim;448x448;10;10;429;3;1;0.5522;0.6092;0.7343;0.0691;0.1179;0.7596;0.0965;0.6315;0.3645;4.7;2488
10/01/2026 23:42;GoodsAD/drink_bottle;padim;448x448;10;10;781;3;1;0.4931;0.5428;0.7048;0.0588;0.0988;0.8731;0.0336;0.9882;0.6425;4.8;2488
10/01/2026 23:43;GoodsAD/drink_can;padim;448x448;10;10;293;3;1;0.5375;0.5109;0.6713;0.0411;0.0685;0.8738;0.0867;0.98;0.5719;4.9;2488
10/01/2026 23:46;GoodsAD/food_bottle;padim;448x448;10;10;604;3;1;0.5457;0.6349;0.7511;0.0859;0.1108;0.8763;0.0555;0.9818;0.6178;4.8;2488
10/01/2026 23:48;GoodsAD/food_box;padim;448x448;10;10;397;3;1;0.5352;0.6591;0.7783;0.0598;0.1235;0.8056;0.0266;0.9315;0.4969;4.7;2488
10/01/2026 23:49;GoodsAD/food_package;padim;448x448;10;10;483;3;1;0.504;0.4868;0.647;0.0609;0.1261;0.8656;0.0207;0.9229;0.4936;4.8;2488
10/01/2026 23:50;btad/01;patchcore;448x448;10;10;70;3;1;0.999;0.9996;0.9899;1;1;0.9821;0.6272;0.9913;0.937;2.7;965
10/01/2026 23:50;btad/02;patchcore;448x448;10;10;229;3;1;0.8843;0.981;0.9387;0.593;0.7638;0.9641;0.6343;0.9396;0.8241;2.4;965
10/01/2026 23:51;btad/03;patchcore;448x448;10;10;431;3;1;0.928;0.8384;0.7761;0.9032;0.9355;0.9652;0.2935;0.9976;0.8246;2.5;965
10/01/2026 23:53;GoodsAD/cigarette_box;patchcore;448x448;10;10;429;3;1;0.5648;0.6168;0.7462;0.0569;0.1301;0.8629;0.1331;0.9415;0.5589;3.7;965
10/01/2026 23:56;GoodsAD/drink_bottle;patchcore;448x448;10;10;781;3;1;0.5343;0.5677;0.706;0.0565;0.08;0.9188;0.0563;0.9918;0.6783;3.7;965
10/01/2026 23:57;GoodsAD/drink_can;patchcore;448x448;10;10;293;3;1;0.5599;0.5518;0.6714;0.0685;0.1164;0.8958;0.095;0.982;0.5868;3.8;965
11/01/2026 0:00;GoodsAD/food_bottle;patchcore;448x448;10;10;604;3;1;0.5225;0.6056;0.7487;0.0332;0.1219;0.9037;0.0843;0.9799;0.6503;3.7;965
11/01/2026 0:01;GoodsAD/food_box;patchcore;448x448;10;10;397;3;1;0.5622;0.6624;0.7832;0.0359;0.1076;0.8299;0.029;0.9757;0.5552;3.8;965
11/01/2026 0:03;GoodsAD/food_package;patchcore;448x448;10;10;483;3;1;0.5372;0.4904;0.6516;0.0522;0.087;0.8846;0.0237;0.9409;0.5196;3.8;965
11/01/2026 0:07;btad/01;reverse_distillation;448x448;10;10;70;3;301;1;1;1;1;1;0.9836;0.6597;0.9973;0.9445;177;3668
11/01/2026 0:09;btad/02;reverse_distillation;448x448;10;10;229;3;301;0.8358;0.9723;0.934;0.5477;0.5729;0.9696;0.6708;0.9474;0.8541;111;3668
11/01/2026 0:12;btad/03;reverse_distillation;448x448;10;10;431;3;301;0.999;0.9905;0.9836;1;1;0.9811;0.4904;0.9985;0.883;110.4;3668
11/01/2026 0:19;GoodsAD/cigarette_box;reverse_distillation;448x448;10;10;429;3;301;0.5203;0.5807;0.7394;0.0528;0.0691;0.7733;0.0932;0.7368;0.4041;315.7;3668
11/01/2026 0:28;GoodsAD/drink_bottle;reverse_distillation;448x448;10;10;781;3;301;0.5503;0.5915;0.7062;0.0965;0.1341;0.9002;0.0487;0.9953;0.723;315.1;3668
11/01/2026 0:34;GoodsAD/drink_can;reverse_distillation;448x448;10;10;293;3;301;0.57;0.5403;0.6714;0.0411;0.0959;0.8859;0.0902;0.992;0.6321;320.4;3668
11/01/2026 0:42;GoodsAD/food_bottle;reverse_distillation;448x448;10;10;604;3;301;0.5678;0.6389;0.7505;0.0776;0.1302;0.8907;0.071;0.9765;0.6738;307.3;3668
11/01/2026 0:49;GoodsAD/food_box;reverse_distillation;448x448;10;10;397;3;301;0.5763;0.7086;0.7837;0.1275;0.1753;0.8469;0.0336;0.9875;0.6344;310.2;3668
11/01/2026 0:56;GoodsAD/food_package;reverse_distillation;448x448;10;10;483;3;301;0.5414;0.4997;0.6542;0.0348;0.1087;0.8994;0.0311;0.9775;0.6464;310.5;3668
11/01/2026 0:59;btad/01;dinomaly;448x448;10;10;70;3;301;0.9971;0.9988;0.98;0.9796;1;0.9833;0.6699;0.9875;0.9495;174.7;3815
11/01/2026 1:02;btad/02;dinomaly;448x448;10;10;229;3;301;0.8363;0.9721;0.94;0.5578;0.5829;0.9696;0.7126;0.9425;0.8646;108.8;3815
11/01/2026 1:05;btad/03;dinomaly;448x448;10;10;431;3;301;0.9965;0.9743;0.9677;0.9677;1;0.9935;0.6635;0.9991;0.8717;109.5;3815
11/01/2026 1:12;GoodsAD/cigarette_box;dinomaly;448x448;10;10;429;3;301;0.5051;0.5735;0.7439;0.065;0.1098;0.825;0.1156;0.7947;0.4251;318;3815
11/01/2026 1:21;GoodsAD/drink_bottle;dinomaly;448x448;10;10;781;3;301;0.5756;0.5846;0.7078;0.0424;0.1059;0.9324;0.0738;1;0.7612;311.4;3815
11/01/2026 1:34;GoodsAD/food_bottle;dinomaly;448x448;10;10;604;3;301;0.5858;0.6469;0.7558;0.0609;0.1357;0.9229;0.1017;0.9929;0.7469;309.1;3815
11/01/2026 1:41;GoodsAD/food_box;dinomaly;448x448;10;10;397;3;301;0.5614;0.672;0.7783;0.0438;0.1275;0.8615;0.0362;0.9936;0.6341;308.5;3815
11/01/2026 1:48;GoodsAD/food_package;dinomaly;448x448;10;10;483;3;301;0.5055;0.4765;0.6452;0.0391;0.0652;0.8877;0.0244;0.9802;0.6068;311.6;3815
11/01/2026 1:49;btad/01;padim;448x448;10;10;70;4;1;0.9796;0.9933;0.9792;0.9592;0.9592;0.958;0.4703;0.9863;0.9244;3.9;2488
11/01/2026 1:50;btad/02;padim;448x448;10;10;229;4;1;0.7539;0.9586;0.9299;0.5075;0.608;0.941;0.4673;0.8283;0.6713;3.5;2488
11/01/2026 1:50;btad/03;padim;448x448;10;10;431;4;1;0.5682;0.1348;0.2414;0.2258;0.2581;0.7383;0.0038;0.6733;0.1577;3.5;2488
11/01/2026 1:52;GoodsAD/cigarette_box;padim;448x448;10;10;429;4;1;0.4687;0.5304;0.7347;0.0325;0.0366;0.7325;0.0841;0.6061;0.341;4.9;2488
11/01/2026 1:55;GoodsAD/drink_bottle;padim;448x448;10;10;781;4;1;0.4778;0.5203;0.7048;0.0329;0.08;0.8671;0.0325;0.9896;0.6834;4.8;2488
11/01/2026 1:57;GoodsAD/drink_can;padim;448x448;10;10;293;4;1;0.4783;0.5135;0.6651;0.089;0.1233;0.8823;0.0941;0.9838;0.5639;4.7;2488
11/01/2026 1:59;GoodsAD/food_bottle;padim;448x448;10;10;604;4;1;0.5393;0.6085;0.7495;0.0332;0.0914;0.8674;0.0518;0.947;0.5474;4.8;2488
11/01/2026 2:01;GoodsAD/food_box;padim;448x448;10;10;397;4;1;0.5254;0.6601;0.7747;0.0797;0.1235;0.8162;0.0283;0.9541;0.5383;4.6;2488
11/01/2026 2:03;GoodsAD/food_package;padim;448x448;10;10;483;4;1;0.5162;0.4999;0.6461;0.0522;0.1087;0.8593;0.0206;0.9439;0.5335;4.8;2488
11/01/2026 2:03;btad/01;patchcore;448x448;10;10;70;4;1;0.9942;0.9978;0.9897;0.9796;0.9796;0.9812;0.627;0.99;0.8395;2.8;965
11/01/2026 2:04;btad/02;patchcore;448x448;10;10;229;4;1;0.8769;0.9797;0.9474;0.6231;0.6935;0.9628;0.6182;0.9341;0.8634;2.3;965
11/01/2026 2:05;btad/03;patchcore;448x448;10;10;431;4;1;0.9468;0.8686;0.8276;0.9032;0.9032;0.9669;0.2998;0.9968;0.8166;2.6;965
11/01/2026 2:06;GoodsAD/cigarette_box;patchcore;448x448;10;10;429;4;1;0.5296;0.6001;0.745;0.0488;0.122;0.8484;0.1278;0.8585;0.467;3.6;965
11/01/2026 2:09;GoodsAD/drink_bottle;patchcore;448x448;10;10;781;4;1;0.5447;0.5792;0.7067;0.0729;0.1224;0.9104;0.0493;0.9946;0.7065;3.7;965
11/01/2026 2:11;GoodsAD/drink_can;patchcore;448x448;10;10;293;4;1;0.5443;0.5531;0.6729;0.0959;0.1096;0.8962;0.0938;0.992;0.6352;3.7;965
11/01/2026 2:13;GoodsAD/food_bottle;patchcore;448x448;10;10;604;4;1;0.5411;0.6278;0.7492;0.0776;0.144;0.9054;0.0785;0.9558;0.6236;3.7;965
11/01/2026 2:15;GoodsAD/food_box;patchcore;448x448;10;10;397;4;1;0.5446;0.6705;0.7771;0.0876;0.1155;0.841;0.031;0.9687;0.5347;3.6;965
11/01/2026 2:17;GoodsAD/food_package;patchcore;448x448;10;10;483;4;1;0.5469;0.5085;0.6486;0.0391;0.0913;0.8825;0.0246;0.9321;0.5198;3.7;965
11/01/2026 2:20;btad/01;reverse_distillation;448x448;10;10;70;4;301;0.9961;0.9985;0.9897;0.9796;0.9796;0.9836;0.6583;0.9969;0.9402;176.7;3668
11/01/2026 2:22;btad/02;reverse_distillation;448x448;10;10;229;4;301;0.8302;0.9709;0.934;0.5126;0.5226;0.9676;0.6708;0.937;0.8368;110.6;3668
11/01/2026 2:25;btad/03;reverse_distillation;448x448;10;10;431;4;301;0.9999;0.999;0.9841;1;1;0.9751;0.4768;0.9689;0.8574;110.8;3668
11/01/2026 2:32;GoodsAD/cigarette_box;reverse_distillation;448x448;10;10;429;4;301;0.5299;0.5686;0.7447;0.0447;0.061;0.7947;0.1011;0.7728;0.4271;317.3;3668
11/01/2026 2:41;GoodsAD/drink_bottle;reverse_distillation;448x448;10;10;781;4;301;0.4401;0.5016;0.7054;0.0329;0.0753;0.4022;0.0067;0.0792;0.0299;312.2;3668
11/01/2026 2:47;GoodsAD/drink_can;reverse_distillation;448x448;10;10;293;4;301;0.5313;0.529;0.6697;0.0685;0.0959;0.8882;0.0906;0.9922;0.6521;310.1;3668
11/01/2026 2:55;GoodsAD/food_bottle;reverse_distillation;448x448;10;10;604;4;301;0.5609;0.6409;0.7492;0.0526;0.108;0.8927;0.0748;0.9698;0.6804;306;3668
11/01/2026 3:02;GoodsAD/food_box;reverse_distillation;448x448;10;10;397;4;301;0.5776;0.6859;0.7837;0.0637;0.1235;0.8401;0.0321;0.9777;0.6302;306.9;3668
11/01/2026 3:09;GoodsAD/food_package;reverse_distillation;448x448;10;10;483;4;301;0.5536;0.5102;0.6552;0.0652;0.1043;0.9117;0.0391;0.9929;0.7038;312.4;3668
11/01/2026 3:12;btad/01;dinomaly;448x448;10;10;70;4;301;0.9981;0.9992;0.9899;1;1;0.979;0.6375;0.9822;0.8957;174.6;3815
11/01/2026 3:15;btad/02;dinomaly;448x448;10;10;229;4;301;0.8526;0.9754;0.9423;0.5879;0.6181;0.9711;0.7371;0.9348;0.8203;108.3;3815
11/01/2026 3:18;btad/03;dinomaly;448x448;10;10;431;4;301;0.9962;0.966;0.9508;0.9677;1;0.9933;0.6393;0.9854;0.8993;109.1;3815
11/01/2026 3:25;GoodsAD/cigarette_box;dinomaly;448x448;10;10;429;4;301;0.5078;0.5668;0.7454;0.0447;0.1138;0.8315;0.1193;0.8477;0.4848;319.4;3815
11/01/2026 3:34;GoodsAD/drink_bottle;dinomaly;448x448;10;10;781;4;301;0.5578;0.5739;0.7084;0.0376;0.0918;0.9242;0.0589;1;0.7718;318;3815
11/01/2026 3:40;GoodsAD/drink_can;dinomaly;448x448;10;10;293;4;301;0.5385;0.5444;0.6682;0.0822;0.1096;0.8985;0.1078;0.9572;0.5619;311.4;3815
11/01/2026 3:48;GoodsAD/food_bottle;dinomaly;448x448;10;10;604;4;301;0.5686;0.628;0.7524;0.036;0.1025;0.8959;0.0681;0.9923;0.6592;309.2;3815
11/01/2026 3:55;GoodsAD/food_box;dinomaly;448x448;10;10;397;4;301;0.5241;0.6535;0.7781;0.0558;0.1155;0.8316;0.0302;0.9889;0.6105;308.1;3815
11/01/2026 4:02;GoodsAD/food_package;dinomaly;448x448;10;10;483;4;301;0.5078;0.4736;0.6457;0.0304;0.1;0.8722;0.0206;0.9723;0.5436;311.9;3815
11/01/2026 4:02;btad/01;padim;448x448;5;5;70;0;1;0.9767;0.991;0.9592;0.9388;0.9592;0.9634;0.5162;0.9855;0.9126;3.5;2464
11/01/2026 4:03;btad/02;padim;448x448;5;5;229;0;1;0.7596;0.9595;0.9299;0.4322;0.5528;0.9373;0.4546;0.802;0.6578;3.2;2464
11/01/2026 4:04;btad/03;padim;448x448;5;5;431;0;1;0.5212;0.0956;0.1897;0.0645;0.2258;0.7972;0.0052;0.6441;0.2598;3.3;2464
11/01/2026 4:06;GoodsAD/cigarette_box;padim;448x448;5;5;429;0;1;0.4782;0.5555;0.7343;0.0244;0.1057;0.7604;0.1226;0.6518;0.4177;3.9;2464
11/01/2026 4:09;GoodsAD/drink_bottle;padim;448x448;5;5;781;0;1;0.4713;0.5378;0.7048;0.0565;0.1012;0.8111;0.025;0.932;0.5771;4;2464
11/01/2026 4:10;GoodsAD/drink_can;padim;448x448;5;5;293;0;1;0.4662;0.4913;0.6667;0.0342;0.0822;0.8317;0.0597;0.8478;0.3859;4;2464
11/01/2026 4:13;GoodsAD/food_bottle;padim;448x448;5;5;604;0;1;0.567;0.6341;0.7505;0.036;0.1717;0.8414;0.0436;0.9401;0.5755;3.9;2464
11/01/2026 4:14;GoodsAD/food_box;padim;448x448;5;5;397;0;1;0.4993;0.6304;0.7759;0.0239;0.0876;0.776;0.0244;0.8529;0.4947;3.8;2464
11/01/2026 4:16;GoodsAD/food_package;padim;448x448;5;5;483;0;1;0.5077;0.4927;0.6515;0.0652;0.1043;0.844;0.018;0.8739;0.4589;3.8;2464
11/01/2026 4:16;btad/01;patchcore;448x448;5;5;70;0;1;0.9971;0.9988;0.9899;1;1;0.9821;0.6276;0.9917;0.9243;1.5;454
11/01/2026 4:17;btad/02;patchcore;448x448;5;5;229;0;1;0.8873;0.982;0.942;0.6482;0.7688;0.9615;0.6048;0.9234;0.7591;1.3;454
11/01/2026 4:18;btad/03;patchcore;448x448;5;5;431;0;1;0.9208;0.7285;0.7059;0.7419;0.8387;0.9623;0.2901;0.993;0.7257;1.4;454
11/01/2026 4:20;GoodsAD/cigarette_box;patchcore;448x448;5;5;429;0;1;0.5684;0.6489;0.7432;0.1341;0.1951;0.8388;0.119;0.8495;0.4746;2;454
11/01/2026 4:23;GoodsAD/drink_bottle;patchcore;448x448;5;5;781;0;1;0.4994;0.5437;0.7095;0.0471;0.1106;0.8953;0.0395;0.9982;0.7135;1.9;454
11/01/2026 4:24;GoodsAD/drink_can;patchcore;448x448;5;5;293;0;1;0.5283;0.5508;0.6728;0.1096;0.1301;0.8758;0.0779;0.9856;0.6369;2;454
11/01/2026 4:26;GoodsAD/food_bottle;patchcore;448x448;5;5;604;0;1;0.5318;0.6053;0.7547;0.0388;0.1108;0.8822;0.0604;0.9772;0.6159;1.9;454
11/01/2026 4:28;GoodsAD/food_box;patchcore;448x448;5;5;397;0;1;0.5275;0.6417;0.7806;0.0239;0.0757;0.8422;0.0311;0.9723;0.5502;2;454
11/01/2026 4:30;GoodsAD/food_package;patchcore;448x448;5;5;483;0;1;0.5103;0.482;0.647;0.0348;0.1348;0.8752;0.0212;0.9413;0.4738;1.9;454
11/01/2026 4:32;btad/01;reverse_distillation;448x448;5;5;70;0;301;0.9961;0.9985;0.9897;0.9796;0.9796;0.9844;0.6652;0.9967;0.9038;88.7;2705
11/01/2026 4:33;btad/02;reverse_distillation;448x448;5;5;229;0;301;0.8208;0.9689;0.9446;0.5327;0.5427;0.9672;0.6482;0.9352;0.8064;55.5;2707
11/01/2026 4:35;btad/03;reverse_distillation;448x448;5;5;431;0;301;0.9999;0.999;0.9841;1;1;0.9883;0.5622;0.982;0.8849;55.8;2707
11/01/2026 4:40;GoodsAD/cigarette_box;reverse_distillation;448x448;5;5;429;0;301;0.5537;0.6034;0.7484;0.0488;0.0976;0.7915;0.0984;0.7827;0.4517;159.8;2707
11/01/2026 4:46;GoodsAD/drink_bottle;reverse_distillation;448x448;5;5;781;0;301;0.5449;0.5826;0.7073;0.08;0.1247;0.8807;0.0366;0.9965;0.6936;156.3;2707
11/01/2026 4:49;GoodsAD/drink_can;reverse_distillation;448x448;5;5;293;0;301;0.5736;0.5513;0.6697;0.0548;0.1233;0.8819;0.086;0.9883;0.6348;158.1;2707
11/01/2026 4:54;GoodsAD/food_bottle;reverse_distillation;448x448;5;5;604;0;301;0.5894;0.6452;0.7551;0.0637;0.1191;0.8873;0.0682;0.9777;0.7023;152.8;2707
11/01/2026 4:59;GoodsAD/food_box;reverse_distillation;448x448;5;5;397;0;301;0.5515;0.6649;0.7769;0.0478;0.0797;0.8474;0.0342;0.9893;0.6467;152.7;2707
11/01/2026 5:03;GoodsAD/food_package;reverse_distillation;448x448;5;5;483;0;301;0.5377;0.4936;0.654;0.0391;0.0826;0.8977;0.0276;0.9886;0.6591;153.4;2707
11/01/2026 5:06;btad/01;dinomaly;448x448;5;5;70;0;301;0.999;0.9996;0.9899;1;1;0.9827;0.6609;0.9951;0.9191;124.6;3835
11/01/2026 5:08;btad/02;dinomaly;448x448;5;5;229;0;301;0.804;0.9665;0.934;0.5075;0.5327;0.9661;0.683;0.9314;0.7856;92.1;3835
11/01/2026 5:11;btad/03;dinomaly;448x448;5;5;431;0;301;0.9979;0.9689;0.9524;1;1;0.9905;0.6939;0.9806;0.9399;96.6;3835
11/01/2026 5:16;GoodsAD/cigarette_box;dinomaly;448x448;5;5;429;0;301;0.5425;0.5666;0.7631;0.0203;0.0732;0.8966;0.1713;0.9545;0.6105;198.2;3835
11/01/2026 5:23;GoodsAD/drink_bottle;dinomaly;448x448;5;5;781;0;301;0.5877;0.6028;0.7115;0.0518;0.1365;0.9224;0.0714;0.9991;0.695;194.3;3835
11/01/2026 5:27;GoodsAD/drink_can;dinomaly;448x448;5;5;293;0;301;0.5809;0.5703;0.6728;0.0822;0.1438;0.8904;0.0988;0.9956;0.6132;192.1;3835
11/01/2026 5:33;GoodsAD/food_bottle;dinomaly;448x448;5;5;604;0;301;0.6229;0.6785;0.7626;0.0997;0.1551;0.9321;0.1321;0.9921;0.7491;190.9;3835
11/01/2026 5:38;GoodsAD/food_box;dinomaly;448x448;5;5;397;0;301;0.5334;0.6548;0.7792;0.0717;0.0996;0.8925;0.0487;0.9948;0.6972;191.7;3835
11/01/2026 5:43;GoodsAD/food_package;dinomaly;448x448;5;5;483;0;301;0.5222;0.4965;0.6488;0.0565;0.1;0.9066;0.032;0.9879;0.6055;190.6;3835
11/01/2026 5:44;btad/01;padim;448x448;5;5;70;1;1;0.9767;0.992;0.96;0.9388;0.9592;0.9525;0.4314;0.9812;0.8862;3.5;2464
11/01/2026 5:44;btad/02;padim;448x448;5;5;229;1;1;0.6943;0.9482;0.9299;0.4623;0.5427;0.9452;0.4633;0.8767;0.7431;3.3;2464
11/01/2026 5:45;btad/03;padim;448x448;5;5;431;1;1;0.4302;0.0734;0.1481;0.129;0.129;0.7997;0.005;0.6532;0.2539;3.3;2464
11/01/2026 5:47;GoodsAD/cigarette_box;padim;448x448;5;5;429;1;1;0.4315;0.5241;0.73;0.0366;0.0528;0.7159;0.0729;0.5173;0.2501;3.9;2464
11/01/2026 5:50;GoodsAD/drink_bottle;padim;448x448;5;5;781;1;1;0.4555;0.5089;0.7048;0.0376;0.0612;0.8084;0.0237;0.9358;0.5901;4;2464
11/01/2026 5:51;GoodsAD/drink_can;padim;448x448;5;5;293;1;1;0.5369;0.5338;0.6667;0.0342;0.1164;0.8665;0.0838;0.9289;0.4906;3.9;2464
11/01/2026 5:54;GoodsAD/food_bottle;padim;448x448;5;5;604;1;1;0.5355;0.6223;0.7531;0.0499;0.1053;0.8525;0.0473;0.9574;0.6061;3.9;2464
11/01/2026 5:55;GoodsAD/food_box;padim;448x448;5;5;397;1;1;0.4994;0.6432;0.7747;0.0876;0.1235;0.8176;0.0291;0.9501;0.5336;3.9;2464
11/01/2026 5:57;GoodsAD/food_package;padim;448x448;5;5;483;1;1;0.5132;0.4762;0.6479;0.0304;0.0913;0.8314;0.0163;0.8714;0.4479;3.9;2464
11/01/2026 5:58;btad/01;patchcore;448x448;5;5;70;1;1;0.9961;0.9985;0.9897;0.9796;0.9796;0.9829;0.6369;0.9916;0.9334;1.4;454
11/01/2026 5:58;btad/02;patchcore;448x448;5;5;229;1;1;0.8755;0.9787;0.9507;0.593;0.608;0.9629;0.6267;0.9389;0.8362;1.3;454
11/01/2026 5:59;btad/03;patchcore;448x448;5;5;431;1;1;0.9735;0.7352;0.6984;0.7742;0.9677;0.9585;0.2547;0.9944;0.7985;1.2;454
11/01/2026 6:01;GoodsAD/cigarette_box;patchcore;448x448;5;5;429;1;1;0.5336;0.6106;0.7343;0.0732;0.1463;0.8497;0.125;0.8948;0.5121;2;454
11/01/2026 6:04;GoodsAD/drink_bottle;patchcore;448x448;5;5;781;1;1;0.5214;0.5676;0.7057;0.0588;0.1247;0.8916;0.0388;0.9884;0.668;1.9;454
11/01/2026 6:05;GoodsAD/drink_can;patchcore;448x448;5;5;293;1;1;0.5451;0.5464;0.6791;0.0753;0.1164;0.8777;0.0802;0.994;0.6482;2.1;454
11/01/2026 6:08;GoodsAD/food_bottle;patchcore;448x448;5;5;604;1;1;0.5421;0.628;0.7526;0.072;0.1413;0.8785;0.0559;0.9474;0.5684;1.9;454
11/01/2026 6:09;GoodsAD/food_box;patchcore;448x448;5;5;397;1;1;0.5597;0.6776;0.7771;0.0956;0.1873;0.8226;0.0276;0.9597;0.5004;2;454
11/01/2026 6:11;GoodsAD/food_package;patchcore;448x448;5;5;483;1;1;0.5135;0.479;0.6497;0.0391;0.0957;0.8751;0.0215;0.9383;0.4754;1.9;454
11/01/2026 6:13;btad/01;reverse_distillation;448x448;5;5;70;1;301;0.999;0.9996;0.9899;1;1;0.983;0.6365;0.9958;0.9371;87;2707
11/01/2026 6:14;btad/02;reverse_distillation;448x448;5;5;229;1;301;0.8521;0.9738;0.9454;0.4874;0.5075;0.9675;0.6519;0.9431;0.7714;55.6;2707
11/01/2026 6:16;btad/03;reverse_distillation;448x448;5;5;431;1;301;0.9996;0.9948;0.9688;1;1;0.9703;0.4325;0.9766;0.8558;55.4;2707
11/01/2026 6:21;GoodsAD/cigarette_box;reverse_distillation;448x448;5;5;429;1;301;0.5309;0.5939;0.7368;0.0691;0.1057;0.7932;0.0988;0.7747;0.4163;157.7;2707
11/01/2026 6:27;GoodsAD/drink_bottle;reverse_distillation;448x448;5;5;781;1;301;0.5638;0.5854;0.7048;0.04;0.1153;0.8825;0.0387;0.9766;0.6656;159.1;2707
11/01/2026 6:31;GoodsAD/drink_can;reverse_distillation;448x448;5;5;293;1;301;0.6214;0.5776;0.6813;0.0411;0.137;0.8845;0.0891;0.9936;0.6425;157.4;2707
11/01/2026 6:36;GoodsAD/food_bottle;reverse_distillation;448x448;5;5;604;1;301;0.5741;0.6738;0.7529;0.097;0.1496;0.8774;0.0581;0.9689;0.6564;152.3;2707
11/01/2026 6:40;GoodsAD/food_box;reverse_distillation;448x448;5;5;397;1;301;0.5516;0.6727;0.7771;0.0717;0.1155;0.8386;0.0314;0.9869;0.6155;153.1;2707
11/01/2026 6:44;GoodsAD/food_package;reverse_distillation;448x448;5;5;483;1;301;0.5599;0.5229;0.6497;0.0522;0.1304;0.9031;0.0325;0.9911;0.6747;155.5;2707
11/01/2026 6:47;btad/01;dinomaly;448x448;5;5;70;1;301;0.9981;0.9992;0.9897;0.9796;1;0.9832;0.6712;0.9939;0.9493;124.2;3835
11/01/2026 6:49;btad/02;dinomaly;448x448;5;5;229;1;301;0.8271;0.9704;0.9398;0.5377;0.5628;0.9683;0.7143;0.9414;0.7909;92;3835
11/01/2026 6:52;btad/03;dinomaly;448x448;5;5;431;1;301;0.9977;0.9682;0.9508;1;1;0.9926;0.7183;0.9811;0.9094;92;3835
11/01/2026 6:57;GoodsAD/cigarette_box;dinomaly;448x448;5;5;429;1;301;0.5888;0.6076;0.7591;0.0488;0.0691;0.9011;0.191;0.9482;0.6334;193.9;3835
11/01/2026 7:04;GoodsAD/drink_bottle;dinomaly;448x448;5;5;781;1;301;0.5864;0.5966;0.706;0.0518;0.1506;0.923;0.0858;0.9728;0.6606;191.2;3835
11/01/2026 7:08;GoodsAD/drink_can;dinomaly;448x448;5;5;293;1;301;0.5386;0.5191;0.6759;0.0342;0.1301;0.8935;0.0986;0.9969;0.7045;193.9;3835
11/01/2026 7:14;GoodsAD/food_bottle;dinomaly;448x448;5;5;604;1;301;0.5929;0.6521;0.75;0.0499;0.1219;0.9158;0.0898;0.9883;0.7103;189.7;3835
11/01/2026 7:19;GoodsAD/food_box;dinomaly;448x448;5;5;397;1;301;0.5478;0.6665;0.7783;0.0757;0.1116;0.8819;0.043;0.9891;0.6255;192.2;3835
11/01/2026 7:24;GoodsAD/food_package;dinomaly;448x448;5;5;483;1;301;0.515;0.4816;0.6497;0.0348;0.087;0.9167;0.0336;0.9958;0.6458;193.7;3835
11/01/2026 7:25;btad/01;padim;448x448;5;5;70;2;1;0.9864;0.995;0.9796;0.9796;0.9796;0.9576;0.4964;0.9667;0.8922;3.5;2464
11/01/2026 7:25;btad/02;padim;448x448;5;5;229;2;1;0.7348;0.9566;0.9299;0.5427;0.5528;0.9298;0.4048;0.8588;0.7126;3.2;2464
11/01/2026 7:26;btad/03;padim;448x448;5;5;431;2;1;0.3665;0.0544;0.1342;0;0.0323;0.7402;0.0038;0.6561;0.1469;3.3;2464
11/01/2026 7:28;GoodsAD/cigarette_box;padim;448x448;5;5;429;2;1;0.4291;0.5157;0.7365;0.0325;0.0447;0.7284;0.0842;0.5686;0.3022;3.9;2464
11/01/2026 7:31;GoodsAD/drink_bottle;padim;448x448;5;5;781;2;1;0.438;0.4941;0.7048;0.0259;0.0706;0.8675;0.0323;0.9888;0.6776;3.9;2464
11/01/2026 7:32;GoodsAD/drink_can;padim;448x448;5;5;293;2;1;0.5527;0.5491;0.6667;0.0822;0.137;0.8644;0.0836;0.9338;0.5405;3.9;2464
11/01/2026 7:35;GoodsAD/food_bottle;padim;448x448;5;5;604;2;1;0.5559;0.6291;0.7551;0.0637;0.108;0.8615;0.0507;0.9579;0.5983;3.9;2464
11/01/2026 7:36;GoodsAD/food_box;padim;448x448;5;5;397;2;1;0.4736;0.6139;0.7747;0.0518;0.1076;0.8052;0.0269;0.9176;0.483;3.8;2464
11/01/2026 7:38;GoodsAD/food_package;padim;448x448;5;5;483;2;1;0.5027;0.5003;0.6461;0.0652;0.1;0.8577;0.0191;0.9469;0.5108;4;2464
11/01/2026 7:39;btad/01;patchcore;448x448;5;5;70;2;1;0.9951;0.998;0.9796;0.9796;0.9796;0.9804;0.6207;0.9894;0.9159;1.5;454
11/01/2026 7:39;btad/02;patchcore;448x448;5;5;229;2;1;0.8859;0.9811;0.9454;0.5829;0.6985;0.9636;0.6298;0.9368;0.8551;1.3;454
11/01/2026 7:40;btad/03;patchcore;448x448;5;5;431;2;1;0.8836;0.7554;0.7778;0.7097;0.7742;0.9602;0.2608;0.9919;0.7591;1.3;454
11/01/2026 7:42;GoodsAD/cigarette_box;patchcore;448x448;5;5;429;2;1;0.5024;0.5956;0.7354;0.0894;0.1423;0.8388;0.117;0.8611;0.4526;2;454
11/01/2026 7:45;GoodsAD/drink_bottle;patchcore;448x448;5;5;781;2;1;0.5127;0.5538;0.7073;0.0659;0.1012;0.9128;0.0499;0.9942;0.6779;1.9;454
11/01/2026 7:46;GoodsAD/drink_can;patchcore;448x448;5;5;293;2;1;0.5225;0.537;0.6697;0.1027;0.1575;0.8701;0.0773;0.9589;0.6216;2;454
11/01/2026 7:48;GoodsAD/food_bottle;patchcore;448x448;5;5;604;2;1;0.5418;0.6194;0.7521;0.0416;0.1136;0.88;0.0559;0.9709;0.5894;1.8;454
11/01/2026 7:50;GoodsAD/food_box;patchcore;448x448;5;5;397;2;1;0.5637;0.6908;0.7759;0.0996;0.1275;0.8236;0.0278;0.9527;0.5136;1.9;454
11/01/2026 7:52;GoodsAD/food_package;patchcore;448x448;5;5;483;2;1;0.5237;0.4873;0.6478;0.0348;0.0783;0.8816;0.023;0.9367;0.4601;1.9;454
11/01/2026 7:54;btad/01;reverse_distillation;448x448;5;5;70;2;301;0.9932;0.9974;0.9897;0.9796;0.9796;0.9837;0.6575;0.9965;0.9057;87.6;2707
11/01/2026 7:55;btad/02;reverse_distillation;448x448;5;5;229;2;301;0.8608;0.9756;0.9448;0.5176;0.5327;0.9685;0.654;0.947;0.8067;55.4;2707
11/01/2026 7:57;btad/03;reverse_distillation;448x448;5;5;431;2;301;0.9999;0.999;0.9841;1;1;0.9848;0.5303;0.9678;0.9028;55.5;2707
11/01/2026 8:02;GoodsAD/cigarette_box;reverse_distillation;448x448;5;5;429;2;301;0.508;0.5788;0.7376;0.0488;0.0935;0.8117;0.1044;0.8132;0.4332;157.6;2707
11/01/2026 8:08;GoodsAD/drink_bottle;reverse_distillation;448x448;5;5;781;2;301;0.496;0.532;0.7058;0.0329;0.0753;0.8951;0.0422;0.9939;0.6782;160.2;2707
11/01/2026 8:12;GoodsAD/drink_can;reverse_distillation;448x448;5;5;293;2;301;0.5427;0.5487;0.6697;0.0822;0.1096;0.88;0.0869;0.9786;0.6741;157.6;2707
11/01/2026 8:17;GoodsAD/food_bottle;reverse_distillation;448x448;5;5;604;2;301;0.5877;0.6653;0.7587;0.1025;0.1662;0.8711;0.0567;0.967;0.6484;153.4;2707
11/01/2026 8:21;GoodsAD/food_box;reverse_distillation;448x448;5;5;397;2;301;0.5827;0.7202;0.7773;0.1235;0.1992;0.8345;0.031;0.9882;0.6189;155;2707
11/01/2026 8:25;GoodsAD/food_package;reverse_distillation;448x448;5;5;483;2;301;0.5358;0.4951;0.649;0.0478;0.1304;0.9104;0.0346;0.9929;0.6933;158.2;2707
11/01/2026 8:28;btad/01;dinomaly;448x448;5;5;70;2;301;1;1;1;1;1;0.9839;0.6653;0.9956;0.9645;124.7;3835
11/01/2026 8:30;btad/02;dinomaly;448x448;5;5;229;2;301;0.8069;0.9671;0.9362;0.5025;0.5729;0.9681;0.6937;0.9533;0.8673;92.2;3835
11/01/2026 8:33;btad/03;dinomaly;448x448;5;5;431;2;301;0.9979;0.9716;0.9524;1;1;0.9913;0.721;0.9804;0.8529;92;3835
11/01/2026 8:45;GoodsAD/drink_bottle;dinomaly;448x448;5;5;781;2;301;0.604;0.6152;0.7076;0.0635;0.1435;0.9449;0.1072;0.9944;0.7037;194;3835
11/01/2026 8:56;GoodsAD/food_bottle;dinomaly;448x448;5;5;604;2;301;0.6561;0.7114;0.7646;0.1219;0.1634;0.9365;0.1592;0.9917;0.7172;199.3;3835
11/01/2026 9:15;GoodsAD/food_box;dinomaly;448x448;5;5;397;2;301;0.5492;0.6717;0.7759;0.0558;0.1394;0.8734;0.0405;0.9865;0.6191;201.1;3838
11/01/2026 9:20;GoodsAD/food_package;dinomaly;448x448;5;5;483;2;301;0.4972;0.47;0.6479;0.0522;0.087;0.9166;0.0315;0.9931;0.5962;200.3;3838
11/01/2026 9:21;btad/01;padim;448x448;5;5;70;3;1;0.9854;0.9943;0.9697;0.9388;0.9796;0.9659;0.5006;0.9886;0.9083;5;2464
11/01/2026 9:22;btad/02;padim;448x448;5;5;229;3;1;0.7625;0.9611;0.9299;0.5528;0.608;0.9298;0.4019;0.818;0.7072;3.7;2464
11/01/2026 9:23;btad/03;padim;448x448;5;5;431;3;1;0.6175;0.1864;0.233;0.129;0.1935;0.8394;0.0063;0.8154;0.3586;3.5;2464
11/01/2026 9:25;GoodsAD/cigarette_box;padim;448x448;5;5;429;3;1;0.5344;0.6087;0.7313;0.0854;0.1504;0.7222;0.0763;0.5359;0.2899;4.3;2464
11/01/2026 9:28;GoodsAD/drink_bottle;padim;448x448;5;5;781;3;1;0.494;0.5477;0.7048;0.0494;0.1059;0.866;0.0317;0.9796;0.6283;4.2;2464
11/01/2026 9:29;GoodsAD/drink_can;padim;448x448;5;5;293;3;1;0.5148;0.4999;0.6698;0.0411;0.0753;0.8683;0.0823;0.9637;0.555;4.1;2464
11/01/2026 9:32;GoodsAD/food_bottle;padim;448x448;5;5;604;3;1;0.5433;0.6327;0.7513;0.0914;0.1163;0.8736;0.0534;0.981;0.592;4.1;2464
11/01/2026 9:34;GoodsAD/food_box;padim;448x448;5;5;397;3;1;0.5308;0.6591;0.7759;0.0637;0.1355;0.7997;0.0257;0.924;0.4801;4.1;2464
11/01/2026 9:36;GoodsAD/food_package;padim;448x448;5;5;483;3;1;0.5007;0.4851;0.6461;0.0522;0.1304;0.8563;0.0195;0.8777;0.4607;4.4;2464
11/01/2026 9:36;btad/01;patchcore;448x448;5;5;70;3;1;0.999;0.9996;0.9899;1;1;0.9818;0.6284;0.9904;0.954;1.9;631
11/01/2026 9:37;btad/02;patchcore;448x448;5;5;229;3;1;0.8652;0.9777;0.9365;0.5578;0.7186;0.9631;0.6297;0.9347;0.7959;1.4;454
11/01/2026 9:38;btad/03;patchcore;448x448;5;5;431;3;1;0.9819;0.8883;0.8302;0.8387;0.9355;0.9657;0.3491;0.9958;0.8255;1.4;454
11/01/2026 9:40;GoodsAD/cigarette_box;patchcore;448x448;5;5;429;3;1;0.5402;0.5993;0.738;0.0407;0.1301;0.8451;0.1242;0.8604;0.4668;2.2;454
11/01/2026 9:44;GoodsAD/drink_bottle;patchcore;448x448;5;5;781;3;1;0.5141;0.5613;0.706;0.0376;0.1247;0.9116;0.0495;0.9923;0.6636;2.1;454
11/01/2026 9:45;GoodsAD/drink_can;patchcore;448x448;5;5;293;3;1;0.5239;0.5268;0.6715;0.0822;0.1027;0.8899;0.088;0.9901;0.5635;2.1;454
11/01/2026 9:48;GoodsAD/food_bottle;patchcore;448x448;5;5;604;3;1;0.5359;0.6159;0.7487;0.0582;0.1247;0.8944;0.071;0.9708;0.6143;2.4;454
11/01/2026 9:50;GoodsAD/food_box;patchcore;448x448;5;5;397;3;1;0.527;0.6477;0.7795;0.0478;0.0916;0.8271;0.0285;0.9803;0.5528;2.3;454
11/01/2026 9:52;GoodsAD/food_package;patchcore;448x448;5;5;483;3;1;0.5399;0.4885;0.6488;0.0478;0.0957;0.8722;0.022;0.8904;0.4477;2.1;454
11/01/2026 9:54;btad/01;reverse_distillation;448x448;5;5;70;3;301;0.2789;0.5996;0.8235;0.0204;0.0204;0.4999;0.0292;0.1506;0.0378;102.9;2705
11/01/2026 9:56;btad/02;reverse_distillation;448x448;5;5;229;3;301;0.8365;0.9717;0.9336;0.5075;0.5377;0.9684;0.6713;0.9407;0.8285;57.6;2706
11/01/2026 9:58;btad/03;reverse_distillation;448x448;5;5;431;3;301;0.9998;0.998;0.9836;1;1;0.9881;0.5513;0.9964;0.9183;56.6;2706
11/01/2026 10:02;GoodsAD/cigarette_box;reverse_distillation;448x448;5;5;429;3;301;0.5598;0.5941;0.7454;0.0407;0.0854;0.8176;0.1162;0.8282;0.4859;162.3;2706
11/01/2026 10:08;GoodsAD/drink_bottle;reverse_distillation;448x448;5;5;781;3;301;0.5601;0.5859;0.7054;0.0494;0.1153;0.8969;0.0442;0.9954;0.6953;160.8;2706
11/01/2026 10:12;GoodsAD/drink_can;reverse_distillation;448x448;5;5;293;3;301;0.5583;0.5168;0.6667;0.0137;0.0753;0.8912;0.0936;0.9927;0.6407;165.2;2706
11/01/2026 10:18;GoodsAD/food_bottle;reverse_distillation;448x448;5;5;604;3;301;0.587;0.6637;0.7519;0.0859;0.1357;0.8946;0.077;0.9757;0.694;161.6;2706
11/01/2026 10:22;GoodsAD/food_box;reverse_distillation;448x448;5;5;397;3;301;0.5495;0.6747;0.7849;0.0677;0.1355;0.8336;0.0304;0.9804;0.6078;169.4;2706
11/01/2026 10:28;GoodsAD/food_package;reverse_distillation;448x448;5;5;483;3;301;0.5536;0.5265;0.651;0.0652;0.1522;0.9065;0.034;0.9886;0.672;170.8;2706
11/01/2026 10:30;btad/01;dinomaly;448x448;5;5;70;3;301;0.9981;0.9992;0.9897;0.9796;1;0.9831;0.6599;0.995;0.9742;134.5;3835
11/01/2026 10:33;btad/02;dinomaly;448x448;5;5;229;3;301;0.8119;0.9682;0.9387;0.5176;0.5879;0.9657;0.673;0.9502;0.8174;95.2;3835
11/01/2026 10:35;btad/03;dinomaly;448x448;5;5;431;3;301;0.9989;0.9855;0.9508;1;1;0.9921;0.7046;0.9978;0.9177;94.7;3835
11/01/2026 10:41;GoodsAD/cigarette_box;dinomaly;448x448;5;5;429;3;301;0.5904;0.6082;0.7618;0.0488;0.1016;0.9125;0.2063;0.9729;0.6534;201.6;3835
11/01/2026 10:48;GoodsAD/drink_bottle;dinomaly;448x448;5;5;781;3;301;0.6047;0.6153;0.7083;0.0753;0.1553;0.939;0.1074;0.9874;0.6709;196.5;3835
11/01/2026 10:58;GoodsAD/food_bottle;dinomaly;448x448;5;5;604;3;301;0.6033;0.674;0.7529;0.0859;0.1634;0.9335;0.1296;0.9902;0.6964;196.7;3835
11/01/2026 11:03;GoodsAD/food_box;dinomaly;448x448;5;5;397;3;301;0.554;0.6713;0.7819;0.0677;0.1036;0.8757;0.041;0.9922;0.6472;196.8;3835
11/01/2026 11:09;GoodsAD/food_package;dinomaly;448x448;5;5;483;3;301;0.5003;0.4787;0.6496;0.0391;0.0696;0.9075;0.0328;0.9872;0.6228;199.5;3835
11/01/2026 11:09;btad/01;padim;448x448;5;5;70;4;1;0.9874;0.9953;0.9697;0.9592;0.9796;0.9536;0.4526;0.9873;0.882;3.6;2464
11/01/2026 11:10;btad/02;padim;448x448;5;5;229;4;1;0.7374;0.9532;0.9299;0.4673;0.4975;0.9372;0.4516;0.825;0.7058;3.4;2464
11/01/2026 11:11;btad/03;padim;448x448;5;5;431;4;1;0.5381;0.2366;0.2857;0.1935;0.2258;0.7392;0.0038;0.6255;0.152;3.4;2464
11/01/2026 11:13;GoodsAD/cigarette_box;padim;448x448;5;5;429;4;1;0.4394;0.5176;0.7295;0.0325;0.0366;0.7189;0.0731;0.5571;0.2881;4.1;2464
11/01/2026 11:16;GoodsAD/drink_bottle;padim;448x448;5;5;781;4;1;0.4768;0.5224;0.7054;0.0306;0.08;0.8666;0.0321;0.9861;0.6452;4.2;2464
11/01/2026 11:17;GoodsAD/drink_can;padim;448x448;5;5;293;4;1;0.4929;0.5121;0.6651;0.0822;0.1164;0.8715;0.0849;0.9668;0.5735;4.1;2464
11/01/2026 11:20;GoodsAD/food_bottle;padim;448x448;5;5;604;4;1;0.537;0.6057;0.7482;0.0471;0.0803;0.8619;0.0489;0.9539;0.5506;4.1;2464
11/01/2026 11:22;GoodsAD/food_box;padim;448x448;5;5;397;4;1;0.5402;0.6648;0.7752;0.0598;0.1195;0.8056;0.027;0.9348;0.5394;4.1;2464
11/01/2026 11:24;GoodsAD/food_package;padim;448x448;5;5;483;4;1;0.5268;0.5069;0.647;0.0609;0.1;0.8521;0.0201;0.917;0.5165;4.3;2464
11/01/2026 11:24;btad/01;patchcore;448x448;5;5;70;4;1;0.999;0.9996;0.9899;1;1;0.9825;0.6361;0.9933;0.9209;1.7;454
11/01/2026 11:25;btad/02;patchcore;448x448;5;5;229;4;1;0.8677;0.9779;0.9423;0.5779;0.6482;0.9628;0.6261;0.9299;0.8657;1.5;454
11/01/2026 11:26;btad/03;patchcore;448x448;5;5;431;4;1;0.9915;0.9037;0.8254;0.9677;1;0.9664;0.2889;0.9979;0.815;1.3;454
11/01/2026 11:27;GoodsAD/cigarette_box;patchcore;448x448;5;5;429;4;1;0.5496;0.6263;0.7398;0.0772;0.1789;0.8329;0.1178;0.841;0.458;2;454
11/01/2026 11:30;GoodsAD/drink_bottle;patchcore;448x448;5;5;781;4;1;0.533;0.5759;0.706;0.0706;0.1365;0.906;0.0454;0.9945;0.7248;2.1;454
11/01/2026 11:31;GoodsAD/drink_can;patchcore;448x448;5;5;293;4;1;0.5242;0.5336;0.6651;0.089;0.089;0.8889;0.0877;0.99;0.617;2;454
11/01/2026 11:34;GoodsAD/food_bottle;patchcore;448x448;5;5;604;4;1;0.5225;0.6157;0.7505;0.0554;0.1219;0.8981;0.0677;0.9735;0.6195;2;454
11/01/2026 11:35;GoodsAD/food_box;patchcore;448x448;5;5;397;4;1;0.5445;0.6662;0.7783;0.0956;0.1315;0.836;0.0298;0.972;0.5453;1.9;454
11/01/2026 11:37;GoodsAD/food_package;patchcore;448x448;5;5;483;4;1;0.533;0.4888;0.6479;0.0391;0.0957;0.8785;0.0222;0.9533;0.5182;2.1;454
11/01/2026 11:39;btad/01;reverse_distillation;448x448;5;5;70;4;301;0.9951;0.9981;0.9897;0.9796;0.9796;0.9855;0.681;0.9975;0.9831;88.9;2706
11/01/2026 11:41;btad/02;reverse_distillation;448x448;5;5;229;4;301;0.8514;0.9743;0.9359;0.5226;0.5226;0.9681;0.661;0.9455;0.8872;56.8;2706
11/01/2026 11:43;btad/03;reverse_distillation;448x448;5;5;431;4;301;0.9974;0.9636;0.9254;1;1;0.9866;0.4967;0.9978;0.8843;55.9;2706
11/01/2026 11:47;GoodsAD/cigarette_box;reverse_distillation;448x448;5;5;429;4;301;0.5167;0.5899;0.7324;0.065;0.0935;0.7917;0.0994;0.7675;0.4381;162.1;2706
11/01/2026 11:53;GoodsAD/drink_bottle;reverse_distillation;448x448;5;5;781;4;301;0.5513;0.5728;0.707;0.0471;0.1082;0.8948;0.0426;0.9987;0.7098;162.2;2706
11/01/2026 11:57;GoodsAD/drink_can;reverse_distillation;448x448;5;5;293;4;301;0.5866;0.5955;0.6667;0.1164;0.1918;0.8906;0.0938;0.993;0.6454;153.8;2706
11/01/2026 12:02;GoodsAD/food_bottle;reverse_distillation;448x448;5;5;604;4;301;0.5513;0.6345;0.7534;0.0886;0.1274;0.8891;0.0664;0.9742;0.6628;154.4;2706
11/01/2026 12:07;GoodsAD/food_box;reverse_distillation;448x448;5;5;397;4;301;0.5703;0.6864;0.7771;0.0876;0.1594;0.8397;0.0319;0.9837;0.6304;157.1;2706
11/01/2026 12:11;GoodsAD/food_package;reverse_distillation;448x448;5;5;483;4;301;0.5437;0.5171;0.6461;0.0522;0.1348;0.8979;0.0292;0.9943;0.6812;158.8;2706
11/01/2026 12:14;btad/01;dinomaly;448x448;5;5;70;4;301;0.999;0.9996;0.9899;1;1;0.9833;0.6614;0.9949;0.9721;125.5;3835
11/01/2026 12:16;btad/02;dinomaly;448x448;5;5;229;4;301;0.8055;0.9669;0.934;0.5226;0.5477;0.9684;0.7017;0.9457;0.8404;93.3;3835
11/01/2026 12:19;btad/03;dinomaly;448x448;5;5;431;4;301;0.9973;0.9687;0.9508;1;1;0.9904;0.6996;0.9809;0.8963;92.8;3835
11/01/2026 12:24;GoodsAD/cigarette_box;dinomaly;448x448;5;5;429;4;301;0.5869;0.6058;0.7584;0.0366;0.0894;0.8978;0.1937;0.9426;0.6277;197.2;3835
11/01/2026 12:31;GoodsAD/drink_bottle;dinomaly;448x448;5;5;781;4;301;0.5811;0.5991;0.7061;0.0518;0.1341;0.9413;0.0918;0.9999;0.7316;195.5;3835
11/01/2026 12:35;GoodsAD/drink_can;dinomaly;448x448;5;5;293;4;301;0.5561;0.5475;0.6697;0.0753;0.0822;0.9073;0.1093;0.9843;0.5831;191.2;3835
11/01/2026 12:41;GoodsAD/food_bottle;dinomaly;448x448;5;5;604;4;301;0.5679;0.6435;0.7505;0.0609;0.1247;0.9405;0.1373;0.9912;0.7076;190.1;3835
11/01/2026 12:46;GoodsAD/food_box;dinomaly;448x448;5;5;397;4;301;0.5709;0.6632;0.7788;0.0438;0.0717;0.8827;0.0465;0.9879;0.6552;190.4;3835
11/01/2026 12:51;GoodsAD/food_package;dinomaly;448x448;5;5;483;4;301;0.5123;0.4909;0.6488;0.0435;0.1087;0.9239;0.0372;0.9854;0.6616;192.8;3835
11/01/2026 18:10;GoodsAD/cigarette_box;dinomaly;448x448;5;5;429;2;301;0.5635;0.5908;0.7597;0.0407;0.0854;0.9004;0.1849;0.9635;0.6376;202.5;3838
11/01/2026 18:15;GoodsAD/drink_can;dinomaly;448x448;5;5;293;2;301;0.5087;0.4997;0.6728;0.0411;0.0822;0.8939;0.0963;0.9984;0.6246;197.9;3838
11/01/2026 18:42;GoodsAD/drink_can;dinomaly;448x448;5;5;293;3;301;0.5412;0.516;0.673;0.0479;0.1027;0.9016;0.1052;0.9948;0.6802;196.5;3838
11/01/2026 18:56;VAD;padim;448x448;5;5;2000;0;1;0.6579;0.6514;0.6806;0.144;0.234;0.9005;0.0849;0.846;0.6717;4.9;2464
11/01/2026 19:01;VAD;patchcore;448x448;5;5;2000;0;1;0.8032;0.8169;0.7348;0.402;0.544;0.9272;0.2473;0.9497;0.8158;1.7;631
11/01/2026 19:08;VAD;reverse_distillation;448x448;5;5;2000;0;301;0.7184;0.7169;0.7001;0.217;0.343;0.9105;0.1685;0.9461;0.8197;52.7;2705
11/01/2026 19:10;AutoVI/pipe_clip;dinomaly;448x448;5;5;337;0;301;0.5023;0.4423;0.5929;0.0704;0.1479;0.6625;0.0128;0.3824;0.1313;88.3;3838
11/01/2026 19:13;mvtec_loco_AD/juice_bottle;dinomaly;448x448;5;5;330;0;301;0.6016;0.8254;0.8339;0.2585;0.3051;0.352;0.0463;0.1941;0.1434;121.6;3838
11/01/2026 19:21;VAD;dinomaly;448x448;5;5;2000;0;301;0.5709;0.5541;0.6673;0.073;0.144;0.8559;0.0418;0.8882;0.6101;89.8;3838
11/01/2026 19:26;VAD;padim;448x448;5;5;2000;1;1;0.6655;0.6471;0.6784;0.143;0.244;0.9123;0.0845;0.8527;0.6075;3.6;2464
11/01/2026 19:32;VAD;patchcore;448x448;5;5;2000;1;1;0.7997;0.8128;0.7389;0.403;0.519;0.9331;0.2483;0.9564;0.8561;1.5;454
11/01/2026 19:39;VAD;reverse_distillation;448x448;5;5;2000;1;301;0.7514;0.7508;0.7155;0.257;0.415;0.9053;0.1738;0.9401;0.7917;50.9;2706
11/01/2026 19:41;mvtec_AD/bottle;dinomaly;448x448;5;5;83;1;301;1;1;1;1;1;0.9875;0.8115;0.9996;0.9224;103.7;3838
11/01/2026 19:43;mvtec_AD/cable;dinomaly;448x448;5;5;150;1;301;0.947;0.9745;0.9302;0.8696;0.8696;0.952;0.6816;0.964;0.8371;126;3838
11/01/2026 19:46;mvtec_AD/capsule;dinomaly;448x448;5;5;132;1;301;0.8045;0.9535;0.9114;0.4771;0.5872;0.9628;0.3967;0.9992;0.8189;125.2;3838
11/01/2026 19:48;mvtec_AD/carpet;dinomaly;448x448;5;5;117;1;301;1;1;1;1;1;0.9946;0.6736;0.9999;0.9971;124;3838
11/01/2026 19:50;mvtec_AD/grid;dinomaly;448x448;5;5;78;1;301;0.9958;0.9986;0.9912;0.9825;0.9825;0.9936;0.4847;0.9906;0.9287;102.7;3838
11/01/2026 19:53;mvtec_AD/hazelnut;dinomaly;448x448;5;5;110;1;301;0.9907;0.9951;0.9714;0.9714;0.9714;0.9848;0.7233;0.9542;0.7855;124.1;3838
11/01/2026 19:55;mvtec_AD/leather;dinomaly;448x448;5;5;124;1;301;1;1;1;1;1;0.9895;0.2938;1;0.8844;115.5;3838
11/01/2026 19:57;mvtec_AD/metal_nut;dinomaly;448x448;5;5;115;1;301;1;1;1;1;1;0.9453;0.7044;0.9781;0.9256;100.8;3838
11/01/2026 20:00;mvtec_AD/pill;dinomaly;448x448;5;5;167;1;301;0.8194;0.9665;0.9156;0.6383;0.6383;0.7047;0.2455;0.7858;0.6605;108.5;3838
11/01/2026 20:02;mvtec_AD/screw;dinomaly;448x448;5;5;160;1;301;0.5917;0.8162;0.8593;0.1597;0.2101;0.9801;0.1969;0.9978;0.8674;102.8;3838
11/01/2026 20:04;mvtec_AD/tile;dinomaly;448x448;5;5;117;1;301;0.9971;0.9989;0.9881;0.9881;0.9881;0.9768;0.6714;1;0.9842;114.6;3838
11/01/2026 20:07;mvtec_AD/toothbrush;dinomaly;448x448;5;5;42;1;301;1;1;1;1;1;0.9558;0.4464;0.9246;0.843;122.7;3838
11/01/2026 20:09;mvtec_AD/transistor;dinomaly;448x448;5;5;100;1;301;0.9529;0.9326;0.8941;0.75;0.925;0.8515;0.4;0.8046;0.6746;128.9;3838
11/01/2026 20:12;mvtec_AD/wood;dinomaly;448x448;5;5;79;1;301;0.9842;0.9951;0.96;0.8833;0.9333;0.9645;0.6347;0.9966;0.913;129.6;3838
11/01/2026 20:14;mvtec_AD/zipper;dinomaly;448x448;5;5;151;1;301;0.9866;0.9967;0.9874;0.916;0.9916;0.9797;0.5373;0.9985;0.9642;102.9;3838
11/01/2026 20:17;AutoVI/underbody_pipes;dinomaly;448x448;5;5;344;1;301;0.9608;0.9307;0.9596;0.6831;0.9836;0.9914;0.5545;0.9998;0.9835;102.1;3838
11/01/2026 20:20;AutoVI/underbody_screw;dinomaly;448x448;5;5;392;1;301;0.5578;0.1243;0.2308;0.2222;0.2222;0.9646;0.0037;0.9999;0.8334;102.7;3838
11/01/2026 20:23;AutoVI/engine_wiring;dinomaly;448x448;5;5;574;1;301;0.5547;0.5583;0.6813;0.0657;0.1384;0.8853;0.5906;0.7449;0.3589;85.6;3838
11/01/2026 20:25;AutoVI/pipe_clip;dinomaly;448x448;5;5;337;1;301;0.5256;0.4822;0.5954;0.1056;0.1549;0.6503;0.015;0.4088;0.1396;89.2;3838
11/01/2026 20:28;AutoVI/tank_screw;dinomaly;448x448;5;5;413;1;301;0.3636;0.1749;0.374;0;0.0105;0.8684;0.0029;0.9058;0.4492;99.9;3838
11/01/2026 20:32;mvtec_loco_AD/breakfast_box;dinomaly;448x448;5;5;275;1;301;0.6642;0.7887;0.7723;0.2197;0.2486;0.7545;0.2226;0.7908;0.4642;164.4;3838
11/01/2026 20:35;mvtec_loco_AD/juice_bottle;dinomaly;448x448;5;5;330;1;301;0.5673;0.801;0.8339;0.1992;0.25;0.3413;0.0436;0.1888;0.1439;122.9;3838
11/01/2026 20:39;mvtec_loco_AD/pushpins;dinomaly;448x448;5;5;310;1;301;0.5863;0.6339;0.7137;0.0756;0.1337;0.5535;0.0301;0.2612;0.0927;140.1;3838
11/01/2026 20:43;mvtec_loco_AD/screw_bag;dinomaly;448x448;5;5;341;1;301;0.6132;0.7419;0.7824;0.1735;0.2055;0.4801;0.067;0.4191;0.2579;141.6;3838
11/01/2026 20:46;mvtec_loco_AD/splicing_connectors;dinomaly;448x448;5;5;312;1;301;0.8389;0.9191;0.8218;0.6373;0.715;0.6537;0.1702;0.6799;0.4046;138.9;3838
11/01/2026 20:55;VAD;dinomaly;448x448;5;5;2000;1;301;0.591;0.5665;0.6696;0.074;0.145;0.861;0.0444;0.8909;0.6372;89.7;3838
11/01/2026 21:01;VAD;padim;448x448;5;5;2000;2;1;0.6631;0.6359;0.6865;0.153;0.259;0.9136;0.0601;0.9059;0.6578;3.5;2464
11/01/2026 21:07;VAD;patchcore;448x448;5;5;2000;2;1;0.8069;0.8182;0.7426;0.369;0.516;0.9315;0.2502;0.9611;0.8512;1.4;454
11/01/2026 21:14;VAD;reverse_distillation;448x448;5;5;2000;2;301;0.7357;0.731;0.7098;0.235;0.353;0.901;0.156;0.9406;0.824;51.5;2706
11/01/2026 21:16;mvtec_AD/bottle;dinomaly;448x448;5;5;83;2;301;1;1;1;1;1;0.9879;0.8161;0.9996;0.9188;105.4;3838
11/01/2026 21:19;mvtec_AD/cable;dinomaly;448x448;5;5;150;2;301;0.9575;0.9795;0.9371;0.8913;0.8913;0.9579;0.6894;0.9756;0.8864;129.8;3838
11/01/2026 21:22;mvtec_AD/capsule;dinomaly;448x448;5;5;132;2;301;0.8775;0.9738;0.9167;0.6055;0.7156;0.9661;0.3942;0.9995;0.8944;145.6;3838
11/01/2026 21:24;mvtec_AD/carpet;dinomaly;448x448;5;5;117;2;301;1;1;1;1;1;0.9948;0.6951;0.9999;0.9375;126.9;3838
11/01/2026 21:27;mvtec_AD/grid;dinomaly;448x448;5;5;78;2;301;1;1;1;1;1;0.9941;0.4765;0.9993;0.9626;106.9;3838
11/01/2026 21:29;mvtec_AD/hazelnut;dinomaly;448x448;5;5;110;2;301;0.9796;0.9891;0.9571;0.9;0.9571;0.9871;0.7432;0.9545;0.7505;134.6;3838
11/01/2026 21:32;mvtec_AD/leather;dinomaly;448x448;5;5;124;2;301;1;1;1;1;1;0.9913;0.3408;1;0.8566;119.6;3838
11/01/2026 21:34;mvtec_AD/metal_nut;dinomaly;448x448;5;5;115;2;301;1;1;1;1;1;0.9389;0.7024;0.973;0.9377;102.2;3838
11/01/2026 21:36;mvtec_AD/pill;dinomaly;448x448;5;5;167;2;301;0.7122;0.942;0.9156;0.4255;0.5248;0.6822;0.2032;0.7503;0.5686;109.6;3838
11/01/2026 21:39;mvtec_AD/screw;dinomaly;448x448;5;5;160;2;301;0.5977;0.7834;0.8582;0.0504;0.1429;0.973;0.1002;0.9963;0.8112;104.9;3838
11/01/2026 21:41;mvtec_AD/tile;dinomaly;448x448;5;5;117;2;301;0.9986;0.9994;0.9881;0.9881;1;0.9755;0.6501;1;0.9338;115.3;3838
11/01/2026 21:43;mvtec_AD/toothbrush;dinomaly;448x448;5;5;42;2;301;1;1;1;1;1;0.9637;0.456;0.9288;0.843;123.6;3838
11/01/2026 21:46;mvtec_AD/transistor;dinomaly;448x448;5;5;100;2;301;0.9621;0.9471;0.9268;0.7;0.95;0.8545;0.4141;0.8281;0.7059;129.7;3838
11/01/2026 21:48;mvtec_AD/wood;dinomaly;448x448;5;5;79;2;301;0.993;0.9978;0.9836;0.9167;0.95;0.9638;0.6196;0.9937;0.913;129.4;3838
11/01/2026 21:51;mvtec_AD/zipper;dinomaly;448x448;5;5;151;2;301;0.9911;0.9979;0.9833;0.9748;0.9916;0.9772;0.5249;0.9987;0.9782;104.6;3838
11/01/2026 21:53;AutoVI/underbody_pipes;dinomaly;448x448;5;5;344;2;301;0.9894;0.9816;0.9727;0.9781;0.9836;0.9932;0.6193;0.9997;0.9675;103;3838
11/01/2026 21:56;AutoVI/underbody_screw;dinomaly;448x448;5;5;392;2;301;0.5163;0.049;0.1098;0;0;0.9325;0.0013;0.9989;0.7443;102.3;3838
11/01/2026 22:00;AutoVI/engine_wiring;dinomaly;448x448;5;5;574;2;301;0.5773;0.5776;0.6785;0.1003;0.1419;0.8932;0.6064;0.7704;0.3761;85.7;3838
11/01/2026 22:02;AutoVI/pipe_clip;dinomaly;448x448;5;5;337;2;301;0.5287;0.4794;0.5929;0.0915;0.1408;0.6823;0.0156;0.5363;0.2251;89;3838
11/01/2026 22:05;AutoVI/tank_screw;dinomaly;448x448;5;5;413;2;301;0.3405;0.1694;0.374;0;0.0105;0.8501;0.0025;0.9069;0.4394;99.7;3838
11/01/2026 22:09;mvtec_loco_AD/breakfast_box;dinomaly;448x448;5;5;275;2;301;0.6371;0.7747;0.7723;0.2312;0.2717;0.7632;0.2089;0.8164;0.5146;173;3838
11/01/2026 22:13;mvtec_loco_AD/juice_bottle;dinomaly;448x448;5;5;330;2;301;0.5658;0.7895;0.8348;0.1398;0.1864;0.3467;0.0425;0.1877;0.1411;130.5;3838
11/01/2026 22:16;mvtec_loco_AD/pushpins;dinomaly;448x448;5;5;310;2;301;0.527;0.5807;0.7137;0.0407;0.093;0.5645;0.031;0.2573;0.0888;143.4;3838
11/01/2026 22:20;mvtec_loco_AD/screw_bag;dinomaly;448x448;5;5;341;2;301;0.6614;0.7414;0.7992;0.1187;0.1689;0.4954;0.0717;0.4406;0.283;144.9;3838
11/01/2026 22:24;mvtec_loco_AD/splicing_connectors;dinomaly;448x448;5;5;312;2;301;0.8007;0.8808;0.8021;0.4093;0.4922;0.6678;0.1705;0.6982;0.4535;138.8;3838
11/01/2026 22:33;VAD;dinomaly;448x448;5;5;2000;2;301;0.5697;0.5601;0.6682;0.101;0.172;0.8497;0.0389;0.8865;0.6154;102.4;3838
11/01/2026 22:39;VAD;padim;448x448;5;5;2000;3;1;0.6927;0.6765;0.691;0.165;0.299;0.9125;0.1018;0.8767;0.7304;4.7;2464
11/01/2026 22:52;VAD;patchcore;448x448;5;5;2000;3;1;0.7899;0.8043;0.7268;0.374;0.512;0.9323;0.2397;0.9533;0.8285;3.1;631
11/01/2026 23:04;VAD;reverse_distillation;448x448;5;5;2000;3;301;0.7489;0.7493;0.7117;0.267;0.408;0.9084;0.1892;0.9363;0.7748;66.3;2705
11/01/2026 23:06;mvtec_AD/bottle;dinomaly;448x448;5;5;83;3;301;1;1;1;1;1;0.9883;0.8231;0.9999;0.9729;130.9;3838
11/01/2026 23:10;mvtec_AD/cable;dinomaly;448x448;5;5;150;3;301;0.9087;0.9589;0.9143;0.837;0.8696;0.9459;0.6818;0.9605;0.8594;160.2;3838
11/01/2026 23:13;mvtec_AD/capsule;dinomaly;448x448;5;5;132;3;301;0.8855;0.9759;0.9148;0.633;0.7248;0.9637;0.398;0.9993;0.8864;157;3838
11/01/2026 23:17;mvtec_AD/carpet;dinomaly;448x448;5;5;117;3;301;0.9996;0.9999;0.9944;1;1;0.9935;0.621;0.9998;0.9879;156.8;3838
11/01/2026 23:19;mvtec_AD/grid;dinomaly;448x448;5;5;78;3;301;0.9942;0.9981;0.9912;0.9825;0.9825;0.9934;0.4733;0.9883;0.9428;120.7;3838
11/01/2026 23:23;mvtec_AD/hazelnut;dinomaly;448x448;5;5;110;3;301;0.9986;0.9992;0.9859;1;1;0.9857;0.7015;0.9672;0.8355;153.4;3838
11/01/2026 23:26;mvtec_AD/leather;dinomaly;448x448;5;5;124;3;301;1;1;1;1;1;0.9905;0.3309;1;0.9571;147.7;3838
11/01/2026 23:28;mvtec_AD/metal_nut;dinomaly;448x448;5;5;115;3;301;1;1;1;1;1;0.9343;0.6898;0.9698;0.9007;119.6;3838
11/01/2026 23:32;mvtec_AD/pill;dinomaly;448x448;5;5;167;3;301;0.7343;0.9492;0.9156;0.5674;0.5816;0.7091;0.2395;0.8085;0.6277;131.7;3838
11/01/2026 23:35;mvtec_AD/screw;dinomaly;448x448;5;5;160;3;301;0.6526;0.7937;0.8623;0.0336;0.0672;0.9822;0.2034;0.9983;0.9109;122.1;3838
11/01/2026 23:38;mvtec_AD/tile;dinomaly;448x448;5;5;117;3;301;0.9968;0.9988;0.9881;0.9881;0.9881;0.9761;0.6599;0.9999;0.9871;140.3;3838
11/01/2026 23:40;mvtec_AD/toothbrush;dinomaly;448x448;5;5;42;3;301;1;1;1;1;1;0.953;0.4111;0.8988;0.7731;152.5;3838
11/01/2026 23:44;mvtec_AD/transistor;dinomaly;448x448;5;5;100;3;301;0.9487;0.9332;0.8718;0.75;0.85;0.865;0.4233;0.8182;0.6861;159;3838
11/01/2026 23:47;mvtec_AD/wood;dinomaly;448x448;5;5;79;3;301;0.9781;0.9932;0.9573;0.8333;0.9333;0.961;0.6154;0.9928;0.8942;154.7;3838
11/01/2026 23:50;mvtec_AD/zipper;dinomaly;448x448;5;5;151;3;301;0.9892;0.9973;0.9874;0.9496;0.9916;0.9822;0.5483;0.9987;0.8968;120.4;3838
11/01/2026 23:54;AutoVI/underbody_pipes;dinomaly;448x448;5;5;344;3;301;0.9551;0.9336;0.9355;0.7104;0.9508;0.9926;0.5831;0.9997;0.9283;123.5;3838
11/01/2026 23:57;AutoVI/underbody_screw;dinomaly;448x448;5;5;392;3;301;0.5033;0.0586;0.1481;0.0556;0.2222;0.9425;0.0016;1;0.7888;123.7;3838
12/01/2026 0:02;AutoVI/engine_wiring;dinomaly;448x448;5;5;574;3;301;0.5895;0.5835;0.6771;0.083;0.1592;0.8867;0.5997;0.7409;0.3325;92.2;3838
12/01/2026 0:05;AutoVI/pipe_clip;dinomaly;448x448;5;5;337;3;301;0.5104;0.4443;0.5941;0.0634;0.1127;0.6568;0.0104;0.3977;0.133;96.2;3838
12/01/2026 0:09;AutoVI/tank_screw;dinomaly;448x448;5;5;413;3;301;0.373;0.1778;0.374;0;0.0105;0.8476;0.0026;0.8563;0.4083;116.9;3838
12/01/2026 0:14;mvtec_loco_AD/breakfast_box;dinomaly;448x448;5;5;275;3;301;0.606;0.7528;0.7723;0.185;0.2601;0.765;0.217;0.7951;0.4589;212.6;3838
12/01/2026 0:19;mvtec_loco_AD/juice_bottle;dinomaly;448x448;5;5;330;3;301;0.5822;0.8007;0.8384;0.1992;0.2246;0.3486;0.0439;0.1982;0.1462;154.4;3838
12/01/2026 0:24;mvtec_loco_AD/pushpins;dinomaly;448x448;5;5;310;3;301;0.4903;0.5678;0.714;0.0465;0.1047;0.5618;0.0307;0.2666;0.097;179;3838
12/01/2026 0:29;mvtec_loco_AD/screw_bag;dinomaly;448x448;5;5;341;3;301;0.6066;0.7369;0.7848;0.1598;0.2146;0.4802;0.0686;0.4524;0.2958;183.3;3838
12/01/2026 0:34;mvtec_loco_AD/splicing_connectors;dinomaly;448x448;5;5;312;3;301;0.7706;0.8613;0.7982;0.4663;0.5026;0.6498;0.1677;0.8046;0.4875;174;3838
12/01/2026 0:48;VAD;dinomaly;448x448;5;5;2000;3;301;0.6119;0.5768;0.6713;0.083;0.155;0.8574;0.0531;0.8801;0.6298;98.7;3838
12/01/2026 0:58;VAD;padim;448x448;5;5;2000;4;1;0.5874;0.5638;0.6727;0.091;0.163;0.9004;0.0541;0.877;0.6129;7.2;2464
12/01/2026 1:09;VAD;patchcore;448x448;5;5;2000;4;1;0.7965;0.8113;0.7356;0.38;0.49;0.9331;0.248;0.9549;0.8572;2;454
12/01/2026 1:21;VAD;reverse_distillation;448x448;5;5;2000;4;301;0.7492;0.7152;0.7238;0.181;0.355;0.9041;0.1502;0.9413;0.8044;63.5;2706
12/01/2026 1:24;mvtec_AD/bottle;dinomaly;448x448;5;5;83;4;301;1;1;1;1;1;0.9892;0.8325;0.9999;0.9671;131.3;3838
12/01/2026 1:27;mvtec_AD/cable;dinomaly;448x448;5;5;150;4;301;0.9263;0.9615;0.8827;0.7935;0.8043;0.9474;0.6761;0.9677;0.8683;158;3838
12/01/2026 1:31;mvtec_AD/capsule;dinomaly;448x448;5;5;132;4;301;0.8337;0.9618;0.917;0.578;0.5963;0.963;0.3928;0.9992;0.9049;155.9;3838
12/01/2026 1:34;mvtec_AD/carpet;dinomaly;448x448;5;5;117;4;301;0.9988;0.9996;0.9944;0.9888;0.9888;0.9943;0.6539;0.9999;0.9812;154.6;3838
12/01/2026 1:37;mvtec_AD/grid;dinomaly;448x448;5;5;78;4;301;0.9925;0.9973;0.973;0.9474;0.9649;0.992;0.4597;0.9944;0.974;122;3838
12/01/2026 1:40;mvtec_AD/hazelnut;dinomaly;448x448;5;5;110;4;301;0.9989;0.9994;0.9928;0.9857;1;0.9886;0.7003;0.976;0.8934;152.8;3838
12/01/2026 1:43;mvtec_AD/leather;dinomaly;448x448;5;5;124;4;301;1;1;1;1;1;0.9909;0.3349;1;0.8302;148.9;3838
12/01/2026 1:46;mvtec_AD/metal_nut;dinomaly;448x448;5;5;115;4;301;1;1;1;1;1;0.9198;0.6428;0.9691;0.9357;119.2;3838
12/01/2026 1:49;mvtec_AD/pill;dinomaly;448x448;5;5;167;4;301;0.6675;0.9317;0.9156;0.461;0.4752;0.6907;0.1949;0.7987;0.6469;131.5;3838
12/01/2026 1:52;mvtec_AD/screw;dinomaly;448x448;5;5;160;4;301;0.5249;0.7542;0.8592;0.0672;0.084;0.9708;0.1208;0.9968;0.7968;121.4;3838
12/01/2026 1:55;mvtec_AD/tile;dinomaly;448x448;5;5;117;4;301;0.9989;0.9996;0.9882;0.9881;1;0.9757;0.6544;1;0.9491;139.7;3838
12/01/2026 1:58;mvtec_AD/toothbrush;dinomaly;448x448;5;5;42;4;301;1;1;1;1;1;0.9683;0.4818;0.936;0.8472;152.3;3838
12/01/2026 2:01;mvtec_AD/transistor;dinomaly;448x448;5;5;100;4;301;0.9575;0.9412;0.881;0.725;0.9;0.8733;0.4462;0.8392;0.6967;157.4;3838
12/01/2026 2:04;mvtec_AD/wood;dinomaly;448x448;5;5;79;4;301;0.9781;0.9932;0.9587;0.8167;0.9333;0.9479;0.5863;0.9868;0.907;158.9;3838
12/01/2026 2:07;mvtec_AD/zipper;dinomaly;448x448;5;5;151;4;301;0.9926;0.9984;0.9915;0.9832;0.9916;0.981;0.5393;0.9986;0.9755;117.4;3838
12/01/2026 2:11;AutoVI/underbody_pipes;dinomaly;448x448;5;5;344;4;301;0.9588;0.9352;0.9488;0.6995;0.9727;0.9918;0.5357;0.9999;0.9383;122.2;3838
12/01/2026 2:14;AutoVI/underbody_screw;dinomaly;448x448;5;5;392;4;301;0.6142;0.0659;0.1429;0.0556;0.1111;0.9551;0.0019;1;0.7713;125;3838
12/01/2026 2:19;AutoVI/engine_wiring;dinomaly;448x448;5;5;574;4;301;0.6336;0.6186;0.6852;0.1176;0.1972;0.8827;0.522;0.7784;0.3638;92;3838
12/01/2026 2:22;AutoVI/pipe_clip;dinomaly;448x448;5;5;337;4;301;0.5314;0.4511;0.5962;0.0704;0.1197;0.6644;0.0103;0.4281;0.1462;98.8;3838
12/01/2026 2:26;AutoVI/tank_screw;dinomaly;448x448;5;5;413;4;301;0.3325;0.1684;0.374;0;0;0.864;0.0028;0.9143;0.442;118.7;3838
12/01/2026 2:32;mvtec_loco_AD/breakfast_box;dinomaly;448x448;5;5;275;4;301;0.6357;0.7779;0.7723;0.2254;0.3006;0.7571;0.2214;0.7918;0.4486;212.2;3838
12/01/2026 2:36;mvtec_loco_AD/juice_bottle;dinomaly;448x448;5;5;330;4;301;0.5727;0.7951;0.8339;0.178;0.2161;0.3689;0.0441;0.2146;0.1547;154.1;3838
12/01/2026 2:41;mvtec_loco_AD/pushpins;dinomaly;448x448;5;5;310;4;301;0.5457;0.6005;0.7137;0.0523;0.0988;0.5668;0.0314;0.2703;0.107;178.7;3838
12/01/2026 2:46;mvtec_loco_AD/screw_bag;dinomaly;448x448;5;5;341;4;301;0.6085;0.7258;0.7828;0.0822;0.1689;0.4803;0.067;0.4426;0.2685;182.7;3838
12/01/2026 2:51;mvtec_loco_AD/splicing_connectors;dinomaly;448x448;5;5;312;4;301;0.7732;0.859;0.7919;0.3057;0.4249;0.6595;0.1724;0.7544;0.4583;173.9;3838
12/01/2026 3:04;VAD;dinomaly;448x448;5;5;2000;4;301;0.5545;0.5393;0.6667;0.069;0.148;0.8457;0.0325;0.8665;0.574;99;3838
12/01/2026 3:10;mvtec_AD/capsule;dinomaly;448x448;10;10;132;0;301;0.8301;0.9632;0.9068;0.5872;0.5872;0.9607;0.3788;0.9987;0.7894;314.3;5171
12/01/2026 3:16;AutoVI/underbody_screw;dinomaly;448x448;10;10;392;0;301;0.5989;0.0674;0.1272;0.0556;0.1667;0.9803;0.0064;1;0.9219;246.8;5171
12/01/2026 3:23;mvtec_loco_AD/juice_bottle;dinomaly;448x448;10;10;330;0;301;0.5892;0.8196;0.8354;0.2458;0.3051;0.3466;0.0446;0.1953;0.1489;314.4;5171
12/01/2026 3:31;mvtec_loco_AD/pushpins;dinomaly;448x448;10;10;310;0;301;0.6112;0.6555;0.7245;0.064;0.1628;0.5638;0.0311;0.2691;0.1058;358.7;5171
12/01/2026 3:37;VisA/candle;dinomaly;448x448;10;10;200;0;301;0.7224;0.7452;0.6957;0.29;0.35;0.9442;0.1101;0.9486;0.8615;235;5171
12/01/2026 3:42;VisA/macaroni2;dinomaly;448x448;10;10;200;0;301;0.7286;0.7017;0.7164;0.15;0.23;0.9897;0.0877;0.9739;0.8373;234.1;5171
12/01/2026 3:47;VisA/pcb2;dinomaly;448x448;10;10;200;0;301;0.9067;0.8628;0.8571;0.55;0.79;0.981;0.3036;0.9549;0.7073;240.1;5171
12/01/2026 3:53;VisA/pcb3;dinomaly;448x448;10;10;201;0;301;0.8792;0.8733;0.8186;0.41;0.55;0.9802;0.3946;0.9973;0.902;237.2;5171
12/01/2026 3:57;VisA/pcb3;reverse_distillation;448x448;10;10;201;1;301;0.9172;0.9239;0.85;0.65;0.76;0.9797;0.3199;0.9974;0.9185;167.1;3673
12/01/2026 4:01;VisA/pcb4;reverse_distillation;448x448;10;10;201;1;301;0.9893;0.9885;0.9608;0.96;0.99;0.9391;0.2188;0.9819;0.8031;166.2;3668
12/01/2026 4:05;VisA/pipe_fryum;reverse_distillation;448x448;10;10;150;1;301;0.5992;0.8042;0.8032;0.32;0.36;0.7159;0.0948;0.7111;0.4906;164.4;3668
12/01/2026 4:11;mvtec_AD/capsule;dinomaly;448x448;10;10;132;1;301;0.8125;0.9559;0.9099;0.5229;0.5688;0.9624;0.3928;0.9993;0.8465;315.3;5171
12/01/2026 4:15;mvtec_AD/bottle;reverse_distillation;448x448;10;10;83;2;301;0.9968;0.9991;0.992;0.9841;0.9841;0.9498;0.6935;0.9826;0.9184;187.7;3668
12/01/2026 4:19;mvtec_AD/cable;reverse_distillation;448x448;10;10;150;2;301;0.8546;0.9196;0.8195;0.587;0.6413;0.9216;0.5314;0.9539;0.8013;244.7;3668
12/01/2026 4:24;mvtec_AD/capsule;reverse_distillation;448x448;10;10;132;2;301;0.9573;0.9893;0.9577;0.9266;0.9358;0.9663;0.4116;0.9706;0.8733;241.7;3668
12/01/2026 4:29;mvtec_AD/carpet;reverse_distillation;448x448;10;10;117;2;301;0.9775;0.9935;0.9655;0.9438;0.9438;0.9892;0.6133;0.9964;0.9066;242.4;3668
12/01/2026 4:33;mvtec_AD/grid;reverse_distillation;448x448;10;10;78;2;301;0.9674;0.9886;0.9565;0.8246;0.9123;0.9886;0.4936;0.9983;0.9224;174.8;3668
12/01/2026 4:37;mvtec_AD/hazelnut;reverse_distillation;448x448;10;10;110;2;301;0.9757;0.9892;0.964;0.9571;0.9571;0.9523;0.4906;0.9301;0.8717;238;3668
12/01/2026 4:42;mvtec_AD/leather;reverse_distillation;448x448;10;10;124;2;301;0.9966;0.9988;0.9946;1;1;0.9905;0.481;0.9993;0.8595;220.8;3668
12/01/2026 4:45;mvtec_AD/metal_nut;reverse_distillation;448x448;10;10;115;2;301;0.8803;0.9664;0.9198;0.6774;0.7634;0.7854;0.2732;0.939;0.702;168.9;3668
12/01/2026 4:49;mvtec_AD/pill;reverse_distillation;448x448;10;10;167;2;301;0.263;0.7499;0.9156;0.0142;0.0213;0.7375;0.0632;0.8694;0.4647;190.1;3668
12/01/2026 4:53;mvtec_AD/screw;reverse_distillation;448x448;10;10;160;2;301;0.6809;0.8323;0.8551;0.0924;0.1681;0.9814;0.1916;0.9985;0.8777;172.9;3668
12/01/2026 4:57;mvtec_AD/tile;reverse_distillation;448x448;10;10;117;2;301;0.9596;0.9844;0.9419;0.7976;0.881;0.9153;0.421;0.9761;0.8132;204.7;3668
12/01/2026 5:01;mvtec_AD/toothbrush;reverse_distillation;448x448;10;10;42;2;301;0.9583;0.9838;0.9524;0.8333;0.8333;0.9417;0.3536;0.9045;0.7292;235.8;3668
12/01/2026 5:06;mvtec_AD/transistor;reverse_distillation;448x448;10;10;100;2;301;0.8837;0.8334;0.7957;0.625;0.675;0.7458;0.3005;0.7448;0.6458;245.9;3668
12/01/2026 5:11;mvtec_AD/wood;reverse_distillation;448x448;10;10;79;2;301;0.986;0.9959;0.9748;0.9333;0.9667;0.9383;0.5444;0.9838;0.8579;264.2;3668
12/01/2026 5:15;mvtec_AD/zipper;reverse_distillation;448x448;10;10;151;2;301;0.8894;0.9648;0.9367;0.4118;0.6387;0.9606;0.4738;0.9938;0.8275;170.9;3668
12/01/2026 5:19;AutoVI/underbody_pipes;reverse_distillation;448x448;10;10;344;2;301;0.984;0.9879;0.9529;0.9399;0.9672;0.9577;0.3974;0.9994;0.975;175;3668
12/01/2026 5:24;AutoVI/underbody_screw;reverse_distillation;448x448;10;10;392;2;301;0.8902;0.2439;0.3333;0.3333;0.6111;0.995;0.0544;1;0.8896;179.1;3668
12/01/2026 5:29;AutoVI/engine_wiring;reverse_distillation;448x448;10;10;574;2;301;0.5835;0.5982;0.6755;0.1246;0.1557;0.842;0.1023;0.8975;0.6211;118.7;3668
12/01/2026 5:32;AutoVI/pipe_clip;reverse_distillation;448x448;10;10;337;2;301;0.5055;0.4317;0.6009;0.0493;0.1056;0.8304;0.0234;0.8489;0.4905;130.8;3668
12/01/2026 5:37;AutoVI/tank_screw;reverse_distillation;448x448;10;10;413;2;301;0.478;0.2632;0.374;0.0842;0.1474;0.8832;0.0067;0.92;0.6049;167.5;3668
12/01/2026 5:45;mvtec_loco_AD/breakfast_box;reverse_distillation;448x448;10;10;275;2;301;0.5558;0.7338;0.7723;0.1965;0.237;0.7993;0.2146;0.8255;0.5915;348.7;3668
12/01/2026 5:51;mvtec_loco_AD/juice_bottle;reverse_distillation;448x448;10;10;330;2;301;0.7176;0.883;0.8339;0.3432;0.4322;0.4318;0.0779;0.3789;0.2908;239.6;3668
12/01/2026 5:57;mvtec_loco_AD/pushpins;reverse_distillation;448x448;10;10;310;2;301;0.6026;0.6599;0.7257;0.1221;0.1802;0.5624;0.0561;0.6856;0.4597;282.6;3668
12/01/2026 6:04;mvtec_loco_AD/screw_bag;reverse_distillation;448x448;10;10;341;2;301;0.4707;0.6452;0.7821;0.1005;0.1233;0.5094;0.0695;0.5605;0.3544;285.8;3668
12/01/2026 6:11;mvtec_loco_AD/splicing_connectors;reverse_distillation;448x448;10;10;312;2;301;0.7145;0.816;0.7644;0.2591;0.3886;0.5611;0.1353;0.8897;0.5758;273.4;3668
12/01/2026 6:15;VisA/candle;reverse_distillation;448x448;10;10;200;2;301;0.6547;0.6554;0.6914;0.13;0.21;0.9334;0.0598;0.9649;0.7863;163.4;3668
12/01/2026 6:19;VisA/capsules;reverse_distillation;448x448;10;10;160;2;301;0.8948;0.9239;0.8796;0.59;0.68;0.9873;0.5246;0.9996;0.9107;168.1;3668
12/01/2026 6:22;VisA/cashew;reverse_distillation;448x448;10;10;150;2;301;0.893;0.9504;0.8571;0.71;0.73;0.7867;0.2521;0.9054;0.7782;172.3;3668
12/01/2026 6:26;VisA/chewinggum;reverse_distillation;448x448;10;10;150;2;301;0.9638;0.9852;0.9447;0.9;0.94;0.9882;0.5677;0.8931;0.7839;165;3668
12/01/2026 6:30;VisA/fryum;reverse_distillation;448x448;10;10;150;2;301;0.905;0.9565;0.8756;0.7;0.76;0.9408;0.2972;0.9984;0.8423;165;3668
12/01/2026 6:35;VisA/macaroni1;reverse_distillation;448x448;10;10;200;2;301;0.7791;0.7779;0.7521;0.33;0.43;0.9899;0.1635;0.9679;0.8351;164.5;3668
12/01/2026 6:39;VisA/macaroni2;reverse_distillation;448x448;10;10;200;2;301;0.7135;0.7289;0.7092;0.3;0.34;0.9782;0.0876;0.9053;0.7229;160.9;3668
12/01/2026 6:43;VisA/pcb1;reverse_distillation;448x448;10;10;200;2;301;0.8209;0.7905;0.8033;0.27;0.4;0.957;0.0967;0.9901;0.8578;168.3;3668
12/01/2026 6:47;VisA/pcb2;reverse_distillation;448x448;10;10;200;2;301;0.8917;0.8964;0.8286;0.54;0.75;0.9558;0.2608;0.9622;0.8544;170.4;3668
12/01/2026 6:51;VisA/pcb3;reverse_distillation;448x448;10;10;201;2;301;0.8645;0.8455;0.8182;0.35;0.58;0.9757;0.3356;0.9983;0.8525;168.7;3668
12/01/2026 6:55;VisA/pcb4;reverse_distillation;448x448;10;10;201;2;301;0.9174;0.908;0.8517;0.47;0.68;0.9129;0.147;0.972;0.6999;170.3;3668
12/01/2026 6:59;VisA/pipe_fryum;reverse_distillation;448x448;10;10;150;2;301;0.731;0.8731;0.8032;0.47;0.53;0.739;0.1191;0.7849;0.5785;166.9;3668
12/01/2026 7:05;AutoVI/underbody_pipes;dinomaly;448x448;10;10;344;2;301;0.9855;0.976;0.9651;0.9672;0.9891;0.9927;0.6051;0.9999;0.9783;247.4;5171
12/01/2026 7:17;GoodsAD/cigarette_box;dinomaly;448x448;10;10;429;2;301;0.5526;0.5794;0.7528;0.0325;0.0813;0.9074;0.1865;0.9738;0.6548;534.7;5171
12/01/2026 7:28;GoodsAD/drink_can;dinomaly;448x448;10;10;293;2;301;0.5539;0.5431;0.6761;0.0616;0.1233;0.8964;0.103;0.9828;0.6783;533.7;5171
12/01/2026 7:31;mvtec_AD/bottle;reverse_distillation;448x448;10;10;83;3;301;0.9889;0.9971;0.992;0.9841;0.9841;0.9519;0.7097;0.9828;0.9054;190.9;3668
12/01/2026 7:36;mvtec_AD/cable;reverse_distillation;448x448;10;10;150;3;301;0.8396;0.9168;0.8161;0.6304;0.6848;0.9148;0.5312;0.9432;0.824;248.3;3668
12/01/2026 7:41;mvtec_AD/capsule;reverse_distillation;448x448;10;10;132;3;301;0.7599;0.9322;0.9177;0.2661;0.3303;0.9647;0.3518;0.9509;0.8058;244.4;3668
12/01/2026 7:46;mvtec_AD/carpet;reverse_distillation;448x448;10;10;117;3;301;0.9791;0.9941;0.9714;0.9551;0.9551;0.9863;0.5806;0.9919;0.9028;245.2;3668
12/01/2026 7:50;mvtec_AD/grid;reverse_distillation;448x448;10;10;78;3;301;0.9724;0.9908;0.9492;0.8947;0.8947;0.9887;0.5075;0.9888;0.9075;175.6;3668
12/01/2026 7:54;mvtec_AD/hazelnut;reverse_distillation;448x448;10;10;110;3;301;0.9857;0.9936;0.9706;0.9571;0.9714;0.9506;0.4936;0.9281;0.8449;238.5;3668
12/01/2026 8:21;mvtec_AD/leather;reverse_distillation;448x448;10;10;124;3;301;0.9932;0.9975;0.9892;0.9674;1;0.9893;0.475;0.9987;0.9691;165.1;3674
12/01/2026 8:23;mvtec_AD/metal_nut;reverse_distillation;448x448;10;10;115;3;301;0.9013;0.9773;0.913;0.7527;0.7634;0.7794;0.2747;0.9326;0.6916;127;3669
12/01/2026 8:26;mvtec_AD/pill;reverse_distillation;448x448;10;10;167;3;301;0.2679;0.7512;0.9156;0.0213;0.0213;0.7355;0.0629;0.8785;0.4644;142.9;3669
12/01/2026 8:29;mvtec_AD/screw;reverse_distillation;448x448;10;10;160;3;301;0.7338;0.8936;0.8583;0.2857;0.3277;0.981;0.2954;0.9982;0.8885;130.7;3669
12/01/2026 8:32;mvtec_AD/tile;reverse_distillation;448x448;10;10;117;3;301;0.9621;0.985;0.9357;0.8214;0.881;0.9254;0.4449;0.9744;0.884;156;3669
12/01/2026 8:35;mvtec_AD/toothbrush;reverse_distillation;448x448;10;10;42;3;301;0.9806;0.9922;0.9677;0.8333;0.9333;0.95;0.3465;0.9266;0.7766;173.4;3669
12/01/2026 8:39;mvtec_AD/transistor;reverse_distillation;448x448;10;10;100;3;301;0.9196;0.8821;0.8444;0.6;0.775;0.7466;0.3033;0.7454;0.6372;180.9;3669
12/01/2026 8:42;mvtec_AD/wood;reverse_distillation;448x448;10;10;79;3;301;0.9833;0.9955;0.9831;0.9667;0.9667;0.9373;0.5271;0.9848;0.8597;178.4;3669
12/01/2026 8:44;mvtec_AD/zipper;reverse_distillation;448x448;10;10;151;3;301;0.9231;0.9779;0.9244;0.5966;0.8151;0.9676;0.5261;0.9963;0.8576;128.9;3669
12/01/2026 8:48;AutoVI/underbody_pipes;reverse_distillation;448x448;10;10;344;3;301;0.9703;0.9766;0.9155;0.8525;0.918;0.9597;0.3966;0.9993;0.9433;128.2;3669
12/01/2026 8:51;AutoVI/underbody_screw;reverse_distillation;448x448;10;10;392;3;301;0.8616;0.2188;0.3784;0.3889;0.5;0.9972;0.0759;1;0.9001;130.8;3669
12/01/2026 8:54;AutoVI/engine_wiring;reverse_distillation;448x448;10;10;574;3;301;0.6013;0.6062;0.677;0.0969;0.1696;0.8411;0.1145;0.9339;0.6249;97.5;3669
12/01/2026 8:57;AutoVI/pipe_clip;reverse_distillation;448x448;10;10;337;3;301;0.5252;0.4311;0.6081;0.0423;0.1056;0.82;0.0209;0.8392;0.4604;105.2;3669
12/01/2026 9:00;AutoVI/tank_screw;reverse_distillation;448x448;10;10;413;3;301;0.451;0.2114;0.374;0.0316;0.0737;0.8748;0.0039;0.9282;0.6011;123.3;3669
12/01/2026 9:05;mvtec_loco_AD/breakfast_box;reverse_distillation;448x448;10;10;275;3;301;0.5623;0.735;0.7723;0.2023;0.2428;0.8116;0.2526;0.8229;0.5901;255.8;3669
12/01/2026 9:09;mvtec_loco_AD/juice_bottle;reverse_distillation;448x448;10;10;330;3;301;0.7176;0.8753;0.8339;0.3305;0.4703;0.4446;0.0817;0.4215;0.3144;175;3669
12/01/2026 9:14;mvtec_loco_AD/pushpins;reverse_distillation;448x448;10;10;310;3;301;0.6022;0.6753;0.721;0.1395;0.2035;0.5789;0.0569;0.6782;0.4435;210.4;3669
12/01/2026 9:19;mvtec_loco_AD/screw_bag;reverse_distillation;448x448;10;10;341;3;301;0.533;0.6907;0.7821;0.105;0.2329;0.5304;0.0737;0.6181;0.4056;212.1;3669
12/01/2026 9:24;mvtec_loco_AD/splicing_connectors;reverse_distillation;448x448;10;10;312;3;301;0.6621;0.7953;0.7644;0.3057;0.3575;0.5507;0.1331;0.8934;0.673;202.7;3669
12/01/2026 9:27;VisA/candle;reverse_distillation;448x448;10;10;200;3;301;0.6885;0.684;0.708;0.14;0.22;0.9396;0.0839;0.9797;0.8813;123.9;3669
12/01/2026 9:29;VisA/capsules;reverse_distillation;448x448;10;10;160;3;301;0.8545;0.9086;0.8387;0.58;0.61;0.9874;0.5268;0.9977;0.9085;126.2;3669
12/01/2026 9:32;VisA/cashew;reverse_distillation;448x448;10;10;150;3;301;0.8726;0.9453;0.8557;0.7;0.74;0.7272;0.227;0.8743;0.7272;126.4;3669
12/01/2026 9:35;VisA/chewinggum;reverse_distillation;448x448;10;10;150;3;301;0.9594;0.9817;0.9223;0.85;0.87;0.9865;0.5553;0.884;0.8056;125.1;3669
12/01/2026 9:38;VisA/fryum;reverse_distillation;448x448;10;10;150;3;301;0.8994;0.9561;0.8808;0.72;0.79;0.9371;0.2947;0.9983;0.8319;124;3669
12/01/2026 9:41;VisA/macaroni1;reverse_distillation;448x448;10;10;200;3;301;0.8482;0.8565;0.7925;0.44;0.55;0.9883;0.2139;0.9348;0.826;134.2;3669
12/01/2026 9:44;VisA/macaroni2;reverse_distillation;448x448;10;10;200;3;301;0.6925;0.7109;0.7167;0.26;0.33;0.9788;0.0756;0.9239;0.7781;122.8;3669
12/01/2026 9:47;VisA/pcb1;reverse_distillation;448x448;10;10;200;3;301;0.8894;0.8751;0.84;0.39;0.65;0.9881;0.4561;0.9886;0.9079;126;3669
12/01/2026 9:49;VisA/pcb2;reverse_distillation;448x448;10;10;200;3;301;0.8942;0.9052;0.8276;0.58;0.72;0.9593;0.2574;0.9696;0.8194;123.2;3669
12/01/2026 9:52;VisA/pcb3;reverse_distillation;448x448;10;10;201;3;301;0.9143;0.9129;0.8341;0.61;0.7;0.9772;0.3498;0.9973;0.857;123;3669
12/01/2026 9:55;VisA/pcb4;reverse_distillation;448x448;10;10;201;3;301;0.9786;0.9675;0.9524;0.9;1;0.9473;0.1408;0.9897;0.8232;123.3;3669
12/01/2026 9:58;VisA/pipe_fryum;reverse_distillation;448x448;10;10;150;3;301;0.6082;0.8026;0.8032;0.3;0.32;0.7322;0.1074;0.7046;0.5149;120.7;3669
12/01/2026 11:50;mvtec_AD/bottle;dinomaly;448x448;10;10;83;3;301;1;1;1;1;1;0.9887;0.8175;0.9998;0.9406;212.4;5171
09/01/2026 13:47;VisA/cashew;dinomaly;448x448;20;20;150;0;301;0.5836;0.7917;0.8;0.35;0.36;0.8;0.2186;0.9465;0.8463;397.7;2730
09/01/2026 13:56;VisA/chewinggum;dinomaly;448x448;20;20;150;0;301;0.962;0.9838;0.9485;0.92;0.92;0.9915;0.5627;0.8902;0.8252;453.9;2730
09/01/2026 14:06;VisA/fryum;dinomaly;448x448;20;20;150;0;301;0.974;0.9878;0.9412;0.88;0.92;0.9522;0.3524;0.991;0.8835;461.2;2730
09/01/2026 14:16;VisA/macaroni1;dinomaly;448x448;20;20;200;0;301;0.7298;0.7321;0.7078;0.19;0.29;0.9854;0.0779;0.9989;0.9012;453.1;2730
09/01/2026 14:33;VisA/pcb1;dinomaly;448x448;20;20;200;0;301;0.9054;0.9021;0.8498;0.58;0.64;0.9836;0.4672;0.9869;0.9058;447.5;2730
09/01/2026 14:43;VisA/pcb2;dinomaly;448x448;20;20;200;0;301;0.4052;0.5139;0.6667;0.11;0.18;0.8742;0.0193;0.924;0.6195;455.1;2730
09/01/2026 14:52;VisA/pcb3;dinomaly;448x448;20;20;201;0;301;0.4061;0.4891;0.6667;0.06;0.12;0.871;0.0189;0.9836;0.608;441.8;2730
09/01/2026 15:02;VisA/pcb4;dinomaly;448x448;20;20;201;0;301;0.7666;0.761;0.7434;0.35;0.43;0.8725;0.0293;0.988;0.7065;447;2730
09/01/2026 15:11;VisA/pipe_fryum;dinomaly;448x448;20;20;150;0;301;0.8902;0.9419;0.8832;0.61;0.8;0.8748;0.2782;0.9419;0.8701;437.5;2730
09/01/2026 15:21;mvtec_AD/bottle;dinomaly;448x448;20;20;83;1;301;1;1;1;1;1;0.9854;0.8045;0.9994;0.9578;513;2730
09/01/2026 15:34;mvtec_AD/cable;dinomaly;448x448;20;20;150;1;301;0.9436;0.972;0.9153;0.8587;0.8804;0.931;0.6532;0.9418;0.8804;718.1;2730
09/01/2026 15:59;mvtec_AD/carpet;dinomaly;448x448;20;20;117;1;301;0.9932;0.9979;0.9775;0.9663;0.9775;0.9792;0.5528;0.9953;0.9446;696.6;2730
09/01/2026 16:08;mvtec_AD/grid;dinomaly;448x448;20;20;78;1;301;1;1;1;1;1;0.9946;0.5184;0.9999;0.865;490.7;2730
09/01/2026 16:20;mvtec_AD/hazelnut;dinomaly;448x448;20;20;110;1;301;0.9979;0.9988;0.9859;1;1;0.9899;0.6959;0.9998;0.9079;681.5;2730
09/01/2026 16:32;mvtec_AD/leather;dinomaly;448x448;20;20;124;1;301;1;1;1;1;1;0.9933;0.5106;1;0.8544;624.9;2730
09/01/2026 16:41;mvtec_AD/metal_nut;dinomaly;448x448;20;20;115;1;301;1;1;1;1;1;0.9367;0.62;0.9909;0.8609;463.7;2730
09/01/2026 16:51;mvtec_AD/pill;dinomaly;448x448;20;20;167;1;301;0.8737;0.9764;0.918;0.6596;0.695;0.7836;0.3679;0.9592;0.8759;530.8;2730
09/01/2026 17:01;mvtec_AD/screw;dinomaly;448x448;20;20;160;1;301;0.6522;0.8632;0.8561;0.2941;0.3193;0.9818;0.2675;0.9992;0.8749;493.7;2730
09/01/2026 17:12;mvtec_AD/tile;dinomaly;448x448;20;20;117;1;301;0.9996;0.9999;0.9941;1;1;0.9674;0.641;0.9986;0.8942;587.6;2730
09/01/2026 17:24;mvtec_AD/toothbrush;dinomaly;448x448;20;20;42;1;301;1;1;1;1;1;0.9837;0.441;0.9945;0.9013;681.4;2730
09/01/2026 17:37;mvtec_AD/transistor;dinomaly;448x448;20;20;100;1;301;0.91;0.8619;0.8352;0.625;0.7;0.8009;0.3175;0.7157;0.5953;725.9;2730
09/01/2026 17:51;mvtec_AD/wood;dinomaly;448x448;20;20;79;1;301;0.9184;0.9742;0.9138;0.6833;0.6833;0.9276;0.4016;0.9861;0.824;838.2;2730
09/01/2026 18:01;mvtec_AD/zipper;dinomaly;448x448;20;20;151;1;301;0.9619;0.9874;0.9702;0.5798;0.958;0.9673;0.4769;0.9959;0.8448;478.3;2730
09/01/2026 18:12;AutoVI/underbody_pipes;dinomaly;448x448;20;20;344;1;301;0.9844;0.9868;0.9532;0.9454;0.9672;0.9706;0.236;0.9976;0.9233;468.7;2730
09/01/2026 18:22;AutoVI/underbody_screw;dinomaly;448x448;20;20;392;1;301;0.363;0.0356;0.0878;0;0;0.8947;0.0008;0.9822;0.5876;474.6;2730
09/01/2026 18:32;AutoVI/engine_wiring;dinomaly;448x448;20;20;574;1;301;0.6078;0.5976;0.683;0.0761;0.1522;0.8517;0.5922;0.5357;0.2091;298;2730
09/01/2026 18:40;AutoVI/pipe_clip;dinomaly;448x448;20;20;337;1;301;0.4948;0.4275;0.5935;0.0634;0.0915;0.6915;0.0107;0.4578;0.1529;341.9;2730
09/01/2026 18:50;AutoVI/tank_screw;dinomaly;448x448;20;20;413;1;301;0.3531;0.1719;0.374;0;0;0.8661;0.0029;0.9083;0.497;435.3;2730
09/01/2026 19:14;mvtec_loco_AD/breakfast_box;dinomaly;448x448;20;20;275;1;301;0.5525;0.7281;0.7723;0.1965;0.2254;0.5893;0.0833;0.3168;0.1492;1227.3;2730
09/01/2026 19:43;mvtec_loco_AD/pushpins;dinomaly;448x448;20;20;310;1;301;0.5367;0.6108;0.7137;0.0523;0.1337;0.5475;0.0297;0.453;0.1684;850.4;2730
09/01/2026 20:02;mvtec_loco_AD/screw_bag;dinomaly;448x448;20;20;341;1;301;0.6372;0.7582;0.7862;0.1644;0.2968;0.5192;0.0794;0.5217;0.3671;875.9;2730
09/01/2026 20:19;mvtec_loco_AD/splicing_connectors;dinomaly;448x448;20;20;312;1;301;0.5869;0.7025;0.7644;0.1088;0.171;0.5659;0.1006;0.8944;0.6504;815.8;2730
09/01/2026 20:29;VisA/candle;dinomaly;448x448;20;20;200;1;301;0.8806;0.8866;0.8384;0.55;0.68;0.9793;0.2067;0.9875;0.9363;460.3;2730
09/01/2026 20:38;VisA/capsules;dinomaly;448x448;20;20;160;1;301;0.9575;0.974;0.9417;0.76;0.89;0.9806;0.3672;0.9971;0.8499;448.6;2730
09/01/2026 20:47;VisA/cashew;dinomaly;448x448;20;20;150;1;301;0.6228;0.7965;0.8;0.25;0.34;0.8571;0.1925;0.9723;0.8062;469.6;2730
09/01/2026 20:56;VisA/chewinggum;dinomaly;448x448;20;20;150;1;301;0.966;0.9859;0.9534;0.92;0.92;0.9933;0.5665;0.9148;0.863;439.5;2730
09/01/2026 21:06;VisA/fryum;dinomaly;448x448;20;20;150;1;301;0.98;0.9905;0.9495;0.87;0.94;0.9529;0.3504;0.991;0.8881;447.4;2730
09/01/2026 21:24;VisA/macaroni2;dinomaly;448x448;20;20;200;1;301;0.7016;0.6435;0.7181;0.07;0.32;0.9898;0.0613;0.995;0.8327;450.6;2730
09/01/2026 21:33;VisA/pcb1;dinomaly;448x448;20;20;200;1;301;0.9437;0.9475;0.8704;0.7;0.82;0.9796;0.3675;0.9909;0.8836;458.5;2730
09/01/2026 21:43;VisA/pcb2;dinomaly;448x448;20;20;200;1;301;0.8685;0.8609;0.8144;0.61;0.7;0.9623;0.2572;0.9585;0.8324;453.2;2730
09/01/2026 21:52;VisA/pcb3;dinomaly;448x448;20;20;201;1;301;0.8132;0.8514;0.759;0.54;0.62;0.9542;0.3386;0.9954;0.8247;440.7;2730
09/01/2026 22:02;VisA/pcb4;dinomaly;448x448;20;20;201;1;301;0.9619;0.9579;0.9083;0.74;0.88;0.9446;0.1641;0.9864;0.8657;451.5;2730
09/01/2026 22:11;VisA/pipe_fryum;dinomaly;448x448;20;20;150;1;301;0.9422;0.9651;0.9231;0.78;0.89;0.9247;0.3152;0.9692;0.8893;429.8;2730
09/01/2026 22:21;mvtec_AD/bottle;dinomaly;448x448;20;20;83;2;301;0.9738;0.9928;0.9677;0.9524;0.9524;0.9516;0.6783;0.9834;0.8482;508.4;2730
09/01/2026 22:34;mvtec_AD/cable;dinomaly;448x448;20;20;150;2;301;0.7221;0.8468;0.7615;0.4783;0.4783;0.9221;0.478;0.9568;0.7238;708.9;2730
09/01/2026 22:47;mvtec_AD/capsule;dinomaly;448x448;20;20;132;2;301;0.8129;0.9538;0.9304;0.4587;0.5138;0.9673;0.427;0.9995;0.9001;701.3;2730
09/01/2026 23:00;mvtec_AD/carpet;dinomaly;448x448;20;20;117;2;301;1;1;1;1;1;0.9952;0.77;0.9996;0.9653;708;2730
09/01/2026 23:09;mvtec_AD/grid;dinomaly;448x448;20;20;78;2;301;1;1;1;1;1;0.9946;0.5064;0.9989;0.8671;477.2;2730
09/01/2026 23:32;mvtec_AD/leather;dinomaly;448x448;20;20;124;2;301;1;1;1;1;1;0.9931;0.5005;1;0.9263;640.4;2730
09/01/2026 23:41;mvtec_AD/metal_nut;dinomaly;448x448;20;20;115;2;301;1;1;1;1;1;0.9234;0.6144;0.9826;0.9469;476;2730
09/01/2026 23:52;mvtec_AD/pill;dinomaly;448x448;20;20;167;2;301;0.8303;0.9663;0.9205;0.5674;0.5674;0.7705;0.3357;0.9477;0.7941;543.7;2730
10/01/2026 0:01;mvtec_AD/screw;dinomaly;448x448;20;20;160;2;301;0.6305;0.8421;0.853;0.1849;0.2773;0.9825;0.24;0.9992;0.8636;487.1;2730
10/01/2026 0:12;mvtec_AD/tile;dinomaly;448x448;20;20;117;2;301;0.9989;0.9996;0.994;0.9881;1;0.9751;0.647;0.9997;0.8942;580.4;2730
10/01/2026 0:24;mvtec_AD/toothbrush;dinomaly;448x448;20;20;42;2;301;0.9972;0.9989;0.9836;0.9667;1;0.9758;0.4583;0.9854;0.8549;679.8;2730
10/01/2026 0:37;mvtec_AD/transistor;dinomaly;448x448;20;20;100;2;301;0.9425;0.9054;0.8471;0.7;0.825;0.8254;0.3573;0.7468;0.6143;723.2;2730
10/01/2026 0:50;mvtec_AD/wood;dinomaly;448x448;20;20;79;2;301;0.9912;0.9973;0.9752;0.9167;0.95;0.9653;0.647;0.9953;0.9561;719.4;2730
10/01/2026 1:08;AutoVI/underbody_pipes;dinomaly;448x448;20;20;344;2;301;0.9888;0.9889;0.9681;0.9399;0.9945;0.9893;0.5062;0.9994;0.9722;427.4;2730
10/01/2026 1:18;AutoVI/underbody_screw;dinomaly;448x448;20;20;392;2;301;0.3091;0.0326;0.0878;0;0;0.898;0.0008;0.9967;0.6085;494.6;2730
10/01/2026 1:28;AutoVI/engine_wiring;dinomaly;448x448;20;20;574;2;301;0.5624;0.5711;0.6721;0.083;0.1246;0.8612;0.5819;0.5747;0.2251;363;2730
10/01/2026 1:36;AutoVI/pipe_clip;dinomaly;448x448;20;20;337;2;301;0.5019;0.4384;0.5949;0.0634;0.0915;0.5503;0.0113;0.2271;0.0817;375.9;2730
10/01/2026 2:04;mvtec_loco_AD/breakfast_box;dinomaly;448x448;20;20;275;2;301;0.6158;0.7585;0.7723;0.1792;0.2775;0.7588;0.2094;0.7831;0.492;1070;2730
10/01/2026 2:18;mvtec_loco_AD/juice_bottle;dinomaly;448x448;20;20;330;2;301;0.7097;0.8811;0.8339;0.3602;0.4492;0.4283;0.066;0.3904;0.2583;647.7;2730
10/01/2026 2:35;mvtec_loco_AD/pushpins;dinomaly;448x448;20;20;310;2;301;0.5552;0.61;0.7137;0.0523;0.1163;0.5639;0.0313;0.4016;0.1521;837.4;2730
10/01/2026 2:53;mvtec_loco_AD/screw_bag;dinomaly;448x448;20;20;341;2;301;0.573;0.7305;0.7835;0.1826;0.2192;0.5387;0.095;0.7576;0.5643;836.1;2730
10/01/2026 3:09;mvtec_loco_AD/splicing_connectors;dinomaly;448x448;20;20;312;2;301;0.6117;0.7381;0.7644;0.1503;0.2021;0.5879;0.1244;0.8959;0.4757;795.5;2730
10/01/2026 3:18;VisA/candle;dinomaly;448x448;20;20;200;2;301;0.8882;0.8971;0.8341;0.58;0.72;0.9802;0.2092;0.9845;0.8809;441.5;2730
10/01/2026 3:27;VisA/capsules;dinomaly;448x448;20;20;160;2;301;0.95;0.9694;0.9223;0.7;0.86;0.9825;0.3521;0.9983;0.9581;414.9;2730
10/01/2026 3:35;VisA/cashew;dinomaly;448x448;20;20;150;2;301;0.595;0.7957;0.8;0.33;0.35;0.8229;0.231;0.9533;0.8842;437.9;2730
10/01/2026 3:44;VisA/chewinggum;dinomaly;448x448;20;20;150;2;301;0.8476;0.9326;0.839;0.68;0.68;0.9743;0.432;0.7999;0.6505;419.1;2730
10/01/2026 3:53;VisA/fryum;dinomaly;448x448;20;20;150;2;301;0.978;0.9894;0.9505;0.89;0.94;0.9514;0.341;0.9935;0.9307;410.4;2730
10/01/2026 4:02;VisA/macaroni1;dinomaly;448x448;20;20;200;2;301;0.7619;0.7686;0.7279;0.33;0.49;0.9863;0.1102;0.9526;0.8481;410.9;2730
10/01/2026 4:12;VisA/macaroni2;dinomaly;448x448;20;20;200;2;301;0.6302;0.5747;0.6926;0.06;0.11;0.9829;0.0313;0.9963;0.8117;444.8;2730
10/01/2026 4:21;VisA/pcb1;dinomaly;448x448;20;20;200;2;301;0.9577;0.9443;0.9163;0.87;0.93;0.9913;0.718;0.991;0.9579;432.5;2730
10/01/2026 4:30;VisA/pcb2;dinomaly;448x448;20;20;200;2;301;0.8599;0.8629;0.8061;0.59;0.71;0.958;0.2466;0.9587;0.7988;430.2;2730
10/01/2026 4:39;VisA/pcb3;dinomaly;448x448;20;20;201;2;301;0.8173;0.8561;0.7839;0.55;0.57;0.9566;0.3495;0.9957;0.8461;414.3;2730
10/01/2026 4:48;VisA/pcb4;dinomaly;448x448;20;20;201;2;301;0.9664;0.9646;0.9055;0.79;0.91;0.9492;0.1863;0.9792;0.855;417.2;2730
10/01/2026 4:57;VisA/pipe_fryum;dinomaly;448x448;20;20;150;2;301;0.9192;0.952;0.9154;0.67;0.86;0.9348;0.3011;0.9788;0.9417;405;2730
10/01/2026 5:06;mvtec_AD/bottle;dinomaly;448x448;20;20;83;3;301;1;1;1;1;1;0.9873;0.824;0.9994;0.9137;495.1;2730
10/01/2026 5:19;mvtec_AD/cable;dinomaly;448x448;20;20;150;3;301;0.9151;0.962;0.9123;0.8478;0.8696;0.9471;0.6568;0.9681;0.8837;683.3;2730
10/01/2026 5:32;mvtec_AD/capsule;dinomaly;448x448;20;20;132;3;301;0.7798;0.9413;0.9304;0.3761;0.3853;0.9677;0.3954;0.9994;0.8691;678.1;2730
10/01/2026 5:44;mvtec_AD/carpet;dinomaly;448x448;20;20;117;3;301;1;1;1;1;1;0.992;0.7145;0.999;0.9897;680.8;2730
10/01/2026 5:52;mvtec_AD/grid;dinomaly;448x448;20;20;78;3;301;1;1;1;1;1;0.9944;0.4934;1;0.959;455.7;2730
10/01/2026 6:05;mvtec_AD/hazelnut;dinomaly;448x448;20;20;110;3;301;1;1;1;1;1;0.992;0.7193;1;0.9034;664.9;2730
10/01/2026 6:16;mvtec_AD/leather;dinomaly;448x448;20;20;124;3;301;1;1;1;1;1;0.9933;0.4999;1;0.9391;613.7;2730
10/01/2026 6:35;mvtec_AD/pill;dinomaly;448x448;20;20;167;3;301;0.8876;0.9788;0.9283;0.7092;0.7163;0.7882;0.3356;0.9715;0.8445;519.4;2730
10/01/2026 6:44;mvtec_AD/screw;dinomaly;448x448;20;20;160;3;301;0.5624;0.7905;0.853;0.1008;0.1008;0.9765;0.1446;0.9994;0.8741;456.9;2730
10/01/2026 6:54;mvtec_AD/tile;dinomaly;448x448;20;20;117;3;301;0.9996;0.9999;0.9941;1;1;0.9733;0.6405;0.9995;0.9689;561.8;2730
10/01/2026 7:18;mvtec_AD/transistor;dinomaly;448x448;20;20;100;3;301;0.9354;0.9044;0.8471;0.725;0.8;0.8265;0.3486;0.7421;0.5962;696;2730
10/01/2026 7:30;mvtec_AD/wood;dinomaly;448x448;20;20;79;3;301;0.9833;0.995;0.9661;0.8833;0.95;0.9499;0.5949;0.9888;0.9265;707.2;2730
10/01/2026 7:40;mvtec_AD/zipper;dinomaly;448x448;20;20;151;3;301;0.6689;0.9027;0.8815;0.3445;0.3866;0.863;0.0834;0.9733;0.5999;488.6;2730
10/01/2026 7:59;AutoVI/underbody_screw;dinomaly;448x448;20;20;392;3;301;0.5048;0.0749;0.1633;0.1667;0.2222;0.8681;0.0007;0.9588;0.5163;463.4;2730
10/01/2026 8:08;AutoVI/engine_wiring;dinomaly;448x448;20;20;574;3;301;0.6119;0.6158;0.6873;0.1142;0.1869;0.8678;0.5355;0.6584;0.3044;296.1;2730
10/01/2026 8:15;AutoVI/pipe_clip;dinomaly;448x448;20;20;337;3;301;0.5149;0.4389;0.5937;0.0493;0.0986;0.7106;0.0125;0.6086;0.2752;296.5;2730
10/01/2026 8:25;AutoVI/tank_screw;dinomaly;448x448;20;20;413;3;301;0.329;0.1682;0.374;0;0.0316;0.8335;0.0024;0.8536;0.4261;414.7;2730
10/01/2026 8:46;mvtec_loco_AD/breakfast_box;dinomaly;448x448;20;20;275;3;301;0.6749;0.794;0.7806;0.2717;0.3584;0.7764;0.2115;0.809;0.5594;1068.3;2730
10/01/2026 9:00;mvtec_loco_AD/juice_bottle;dinomaly;448x448;20;20;330;3;301;0.6483;0.8431;0.8339;0.2203;0.339;0.3969;0.0516;0.3138;0.2121;662.9;2730
10/01/2026 9:32;mvtec_loco_AD/screw_bag;dinomaly;448x448;20;20;341;3;301;0.5639;0.7009;0.7835;0.105;0.1416;0.5264;0.0788;0.8002;0.5605;834.9;2730
10/01/2026 9:49;mvtec_loco_AD/splicing_connectors;dinomaly;448x448;20;20;312;3;301;0.6505;0.759;0.7686;0.1658;0.2798;0.5822;0.1134;0.6961;0.3441;801.9;2730
10/01/2026 9:58;VisA/candle;dinomaly;448x448;20;20;200;3;301;0.8978;0.9082;0.8341;0.62;0.78;0.9817;0.21;0.9861;0.8909;430.9;2730
10/01/2026 10:15;VisA/cashew;dinomaly;448x448;20;20;150;3;301;0.6002;0.7997;0.8;0.33;0.37;0.8327;0.2551;0.9471;0.7363;437.1;2730
10/01/2026 10:24;VisA/chewinggum;dinomaly;448x448;20;20;150;3;301;0.9644;0.985;0.9485;0.92;0.92;0.9928;0.5546;0.9032;0.787;412.1;2730
10/01/2026 10:33;VisA/fryum;dinomaly;448x448;20;20;150;3;301;0.978;0.9892;0.9436;0.87;0.92;0.9536;0.3547;0.9935;0.9029;412;2730
10/01/2026 10:42;VisA/macaroni1;dinomaly;448x448;20;20;200;3;301;0.8283;0.8203;0.7926;0.38;0.51;0.9898;0.1145;0.9635;0.8287;439.5;2730
10/01/2026 10:52;VisA/macaroni2;dinomaly;448x448;20;20;200;3;301;0.6978;0.6456;0.7148;0.07;0.28;0.9908;0.0833;0.9958;0.8546;446.7;2730
10/01/2026 11:01;VisA/pcb1;dinomaly;448x448;20;20;200;3;301;0.9576;0.9468;0.9109;0.87;0.92;0.99;0.7052;0.9895;0.9554;444.2;2730
10/01/2026 11:18;VisA/pcb3;dinomaly;448x448;20;20;201;3;301;0.8091;0.8438;0.7339;0.5;0.63;0.9548;0.3352;0.9954;0.838;411.5;2730
10/01/2026 11:27;VisA/pcb4;dinomaly;448x448;20;20;201;3;301;0.9744;0.9691;0.9314;0.85;0.95;0.947;0.1773;0.9716;0.8433;413.9;2730
10/01/2026 11:35;VisA/pipe_fryum;dinomaly;448x448;20;20;150;3;301;0.9494;0.9696;0.9381;0.75;0.91;0.9497;0.3585;0.9778;0.9554;398.2;2730
10/01/2026 11:44;mvtec_AD/bottle;dinomaly;448x448;20;20;83;4;301;1;1;1;1;1;0.987;0.8197;0.9994;0.9373;496.3;2730
10/01/2026 11:57;mvtec_AD/cable;dinomaly;448x448;20;20;150;4;301;0.9383;0.9696;0.9195;0.8696;0.8696;0.9478;0.6582;0.9681;0.8401;684.4;2730
10/01/2026 12:10;mvtec_AD/capsule;dinomaly;448x448;20;20;132;4;301;0.7547;0.9353;0.9224;0.3394;0.3945;0.9643;0.4099;0.9983;0.8917;683.3;2730
10/01/2026 12:22;mvtec_AD/carpet;dinomaly;448x448;20;20;117;4;301;0.9968;0.999;0.9889;0.9663;1;0.9857;0.6436;0.9972;0.882;675.2;2730
10/01/2026 12:42;mvtec_AD/hazelnut;dinomaly;448x448;20;20;110;4;301;1;1;1;1;1;0.9879;0.6809;0.9994;0.9322;661.4;2730
10/01/2026 12:54;mvtec_AD/leather;dinomaly;448x448;20;20;124;4;301;1;1;1;1;1;0.9931;0.4838;1;0.9621;616.4;2730
10/01/2026 13:12;mvtec_AD/pill;dinomaly;448x448;20;20;167;4;301;0.8672;0.975;0.922;0.6809;0.695;0.7794;0.3519;0.9603;0.8431;518.8;2730
10/01/2026 13:21;mvtec_AD/screw;dinomaly;448x448;20;20;160;4;301;0.5118;0.7557;0.853;0.0756;0.1176;0.9741;0.1488;0.9996;0.8799;455.7;2730
10/01/2026 13:32;mvtec_AD/tile;dinomaly;448x448;20;20;117;4;301;0.9993;0.9997;0.994;0.9881;1;0.9734;0.639;0.9995;0.9259;562.3;2730
10/01/2026 13:43;mvtec_AD/toothbrush;dinomaly;448x448;20;20;42;4;301;0.9889;0.9961;0.9831;0.9667;0.9667;0.9781;0.4686;0.9875;0.924;657.7;2730
10/01/2026 13:55;mvtec_AD/transistor;dinomaly;448x448;20;20;100;4;301;0.62;0.6136;0.5833;0.225;0.275;0.7429;0.1551;0.689;0.5276;672.4;2730
10/01/2026 14:08;mvtec_AD/wood;dinomaly;448x448;20;20;79;4;301;0.9807;0.9944;0.9661;0.9;0.95;0.9546;0.6164;0.9913;0.9067;713.2;2730
10/01/2026 14:17;mvtec_AD/zipper;dinomaly;448x448;20;20;151;4;301;0.7495;0.9175;0.8815;0.2689;0.3866;0.7058;0.0327;0.69;0.23;483;2730
10/01/2026 14:27;AutoVI/underbody_pipes;dinomaly;448x448;20;20;344;4;301;0.9716;0.9594;0.957;0.8415;0.9781;0.99;0.5165;0.9994;0.9485;480.7;2730
10/01/2026 14:38;AutoVI/underbody_screw;dinomaly;448x448;20;20;392;4;301;0.462;0.0446;0.0943;0;0.0556;0.8842;0.0007;0.9964;0.5661;477.1;2730
10/01/2026 14:51;AutoVI/pipe_clip;dinomaly;448x448;20;20;337;4;301;0.5298;0.4415;0.6077;0.0704;0.1056;0.7594;0.0164;0.7455;0.3858;304.1;2730
10/01/2026 15:01;AutoVI/tank_screw;dinomaly;448x448;20;20;413;4;301;0.3555;0.1729;0.3748;0;0.0105;0.82;0.0022;0.7767;0.3494;413.8;2730
10/01/2026 15:22;mvtec_loco_AD/breakfast_box;dinomaly;448x448;20;20;275;4;301;0.6685;0.7883;0.7783;0.2081;0.3468;0.7646;0.1827;0.7774;0.4734;1066.9;2730
10/01/2026 15:35;mvtec_loco_AD/juice_bottle;dinomaly;448x448;20;20;330;4;301;0.6717;0.8577;0.8339;0.2627;0.3644;0.4107;0.0559;0.3764;0.2618;663.5;2730
10/01/2026 15:53;mvtec_loco_AD/pushpins;dinomaly;448x448;20;20;310;4;301;0.5607;0.6165;0.7212;0.0872;0.157;0.5482;0.0304;0.2636;0.103;884.4;2730
10/01/2026 16:12;mvtec_loco_AD/screw_bag;dinomaly;448x448;20;20;341;4;301;0.6299;0.7285;0.7835;0.105;0.1735;0.5578;0.0778;0.1339;0.0496;940.8;2730
10/01/2026 16:29;mvtec_loco_AD/splicing_connectors;dinomaly;448x448;20;20;312;4;301;0.6555;0.7494;0.7692;0.1244;0.2124;0.5989;0.1298;0.897;0.4902;812.8;2730
10/01/2026 16:40;VisA/candle;dinomaly;448x448;20;20;200;4;301;0.4214;0.4637;0.6667;0.04;0.07;0.4411;0.0011;0.1176;0.0338;553.4;2730
10/01/2026 16:49;VisA/capsules;dinomaly;448x448;20;20;160;4;301;0.8993;0.9434;0.8732;0.62;0.75;0.9635;0.3118;0.9839;0.9058;420.8;2730
10/01/2026 16:57;VisA/cashew;dinomaly;448x448;20;20;150;4;301;0.5984;0.7945;0.8;0.3;0.37;0.8435;0.2295;0.9572;0.8351;439;2730
10/01/2026 17:13;VisA/fryum;dinomaly;448x448;20;20;150;4;301;0.9062;0.9585;0.8756;0.73;0.75;0.951;0.2849;0.9984;0.8643;411.1;2730
10/01/2026 17:22;VisA/macaroni1;dinomaly;448x448;20;20;200;4;301;0.5454;0.5676;0.6667;0.1;0.15;0.693;0.0006;0.4752;0.2162;412.6;2730
10/01/2026 17:32;VisA/macaroni2;dinomaly;448x448;20;20;200;4;301;0.6229;0.5741;0.6901;0;0.21;0.9815;0.0317;0.9947;0.8158;425.7;2730
10/01/2026 17:41;VisA/pcb1;dinomaly;448x448;20;20;200;4;301;0.9463;0.9461;0.8738;0.77;0.85;0.9879;0.6143;0.9915;0.899;431.8;2730
10/01/2026 17:50;VisA/pcb2;dinomaly;448x448;20;20;200;4;301;0.8767;0.8668;0.8295;0.66;0.68;0.9578;0.2544;0.9593;0.8332;429.6;2730
10/01/2026 17:59;VisA/pcb3;dinomaly;448x448;20;20;201;4;301;0.7905;0.8277;0.7513;0.41;0.52;0.9491;0.2984;0.9949;0.8315;402.3;2730
10/01/2026 18:08;VisA/pcb4;dinomaly;448x448;20;20;201;4;301;0.9701;0.9653;0.9327;0.75;0.95;0.944;0.1633;0.9819;0.8436;414.7;2730
10/01/2026 18:16;VisA/pipe_fryum;dinomaly;448x448;20;20;150;4;301;0.9094;0.949;0.9055;0.54;0.8;0.924;0.2871;0.9712;0.9352;388.4;2730
10/01/2026 18:37;mvtec_AD/cable;dinomaly;448x448;50;50;150;0;117;0.9282;0.9677;0.9318;0.8913;0.9022;0.9442;0.6734;0.9673;0.8819;669.7;2734
10/01/2026 19:01;mvtec_AD/carpet;dinomaly;448x448;50;50;117;0;117;1;1;1;1;1;0.9953;0.7695;0.9996;0.9581;651.7;2734
10/01/2026 19:20;mvtec_AD/hazelnut;dinomaly;448x448;50;50;110;0;117;0.9979;0.9988;0.9855;0.9857;1;0.9811;0.6399;0.9997;0.9133;646.9;2734
10/01/2026 19:32;mvtec_AD/leather;dinomaly;448x448;50;50;124;0;117;1;1;1;1;1;0.9912;0.3753;1;0.8029;606.9;2734
10/01/2026 19:40;mvtec_AD/metal_nut;dinomaly;448x448;50;50;115;0;117;0.696;0.8826;0.9036;0.1075;0.1075;0.7482;0.2685;0.6555;0.4004;439.2;2734
10/01/2026 19:50;mvtec_AD/pill;dinomaly;448x448;50;50;167;0;117;0.8069;0.961;0.9211;0.5177;0.5674;0.7471;0.2885;0.9232;0.8318;497.7;2734
10/01/2026 19:59;mvtec_AD/screw;dinomaly;448x448;50;50;160;0;117;0.6858;0.8563;0.8731;0.2017;0.2857;0.9839;0.292;0.9995;0.8774;451.7;2734
10/01/2026 20:19;mvtec_AD/toothbrush;dinomaly;448x448;50;50;42;0;117;0.9944;0.9978;0.9836;0.9333;1;0.9721;0.5013;0.9668;0.8585;641.5;2734
10/01/2026 20:52;mvtec_AD/zipper;dinomaly;448x448;50;50;151;0;117;0.9861;0.9965;0.9874;0.916;0.9916;0.9742;0.5108;0.998;0.9585;459.3;2734
10/01/2026 21:02;AutoVI/underbody_pipes;dinomaly;448x448;50;50;344;0;117;0.9399;0.9341;0.9057;0.8142;0.8743;0.9737;0.2596;0.9941;0.8729;426.4;2734
10/01/2026 21:23;AutoVI/pipe_clip;dinomaly;448x448;50;50;337;0;117;0.4806;0.4189;0.5941;0.0493;0.0704;0.6557;0.0106;0.4263;0.1659;309.1;2734
10/01/2026 21:50;mvtec_loco_AD/breakfast_box;dinomaly;448x448;50;50;275;0;117;0.6324;0.7672;0.773;0.1908;0.289;0.7633;0.2096;0.7911;0.5095;1032.5;2734
10/01/2026 22:03;mvtec_loco_AD/juice_bottle;dinomaly;448x448;50;50;330;0;117;0.4582;0.6955;0.8339;0.0254;0.0847;0.7844;0.1245;0.8006;0.4823;633.9;2734
10/01/2026 22:19;mvtec_loco_AD/pushpins;dinomaly;448x448;50;50;310;0;117;0.5612;0.6434;0.7137;0.1163;0.1744;0.4746;0.0272;0.6061;0.3817;808.7;2734
10/01/2026 22:36;mvtec_loco_AD/screw_bag;dinomaly;448x448;50;50;341;0;117;0.6261;0.7503;0.7858;0.1735;0.2648;0.5164;0.0774;0.5239;0.3529;822.5;2734
10/01/2026 22:52;mvtec_loco_AD/splicing_connectors;dinomaly;448x448;50;50;312;0;117;0.7837;0.8765;0.7856;0.4093;0.5492;0.6317;0.1532;0.7514;0.4203;803.7;2734
10/01/2026 23:01;VisA/candle;dinomaly;448x448;50;50;200;0;117;0.8103;0.8307;0.7628;0.34;0.56;0.9679;0.1788;0.9598;0.8241;419.6;2734
10/01/2026 23:25;VisA/chewinggum;dinomaly;448x448;50;50;150;0;117;0.9612;0.9833;0.9485;0.92;0.93;0.9912;0.5626;0.8976;0.7608;413.6;2734
10/01/2026 23:34;VisA/fryum;dinomaly;448x448;50;50;150;0;117;0.9826;0.9917;0.9485;0.92;0.93;0.9566;0.3533;0.9963;0.9035;416.6;2734
10/01/2026 23:43;VisA/macaroni1;dinomaly;448x448;50;50;200;0;117;0.8826;0.8802;0.8125;0.6;0.64;0.9916;0.1428;0.9839;0.9081;429.6;2734
10/01/2026 23:52;VisA/macaroni2;dinomaly;448x448;50;50;200;0;117;0.6502;0.6918;0.6786;0.22;0.31;0.987;0.0506;1;0.898;384.3;2734
11/01/2026 0:01;VisA/pcb1;dinomaly;448x448;50;50;200;0;117;0.9124;0.9043;0.8584;0.47;0.61;0.9834;0.4774;0.9866;0.9293;428.6;2734
11/01/2026 0:17;VisA/pcb3;dinomaly;448x448;50;50;201;0;117;0.4074;0.4868;0.6689;0.07;0.13;0.8712;0.019;0.9835;0.6084;407.7;2734
11/01/2026 0:26;VisA/pcb4;dinomaly;448x448;50;50;201;0;117;0.7607;0.7576;0.7354;0.34;0.42;0.8751;0.0301;0.9878;0.7051;425.4;2734
11/01/2026 0:35;VisA/pipe_fryum;dinomaly;448x448;50;50;150;0;117;0.9;0.9494;0.8776;0.65;0.77;0.8533;0.2654;0.9281;0.7855;400.2;2734
11/01/2026 0:44;mvtec_AD/bottle;dinomaly;448x448;50;50;83;1;117;1;1;1;1;1;0.9843;0.8107;0.9989;0.9266;487.9;2734
11/01/2026 0:56;mvtec_AD/cable;dinomaly;448x448;50;50;150;1;117;0.9355;0.9701;0.9274;0.8478;0.9022;0.9462;0.6761;0.9669;0.8588;668.8;2734
11/01/2026 1:08;mvtec_AD/capsule;dinomaly;448x448;50;50;132;1;117;0.8345;0.9607;0.9264;0.5413;0.5505;0.9695;0.4558;0.999;0.9224;672.6;2734
11/01/2026 1:39;mvtec_AD/hazelnut;dinomaly;448x448;50;50;110;1;117;1;1;1;1;1;0.9903;0.7111;0.9923;0.8809;645.6;2734
11/01/2026 1:50;mvtec_AD/leather;dinomaly;448x448;50;50;124;1;117;1;1;1;1;1;0.9929;0.4735;1;0.9053;592.5;2734
11/01/2026 1:59;mvtec_AD/metal_nut;dinomaly;448x448;50;50;115;1;117;0.9995;0.9999;0.9947;1;1;0.9129;0.6033;0.9712;0.8394;445.1;2734
11/01/2026 2:09;mvtec_AD/pill;dinomaly;448x448;50;50;167;1;117;0.7728;0.9527;0.9156;0.4894;0.5461;0.7477;0.2894;0.9227;0.8112;501.9;2734
11/01/2026 2:18;mvtec_AD/screw;dinomaly;448x448;50;50;160;1;117;0.6346;0.8553;0.8603;0.3361;0.3445;0.9831;0.3174;0.9992;0.901;455.9;2734
11/01/2026 2:28;mvtec_AD/tile;dinomaly;448x448;50;50;117;1;117;0.9993;0.9997;0.994;0.9881;1;0.9743;0.6435;0.9993;0.912;548.7;2734
11/01/2026 3:02;mvtec_AD/wood;dinomaly;448x448;50;50;79;1;117;0.993;0.9978;0.9836;0.9167;0.95;0.9662;0.6359;0.9962;0.9525;688.2;2734
11/01/2026 3:11;mvtec_AD/zipper;dinomaly;448x448;50;50;151;1;117;0.9603;0.9897;0.9614;0.8151;0.9412;0.9638;0.4618;0.9952;0.8399;448.6;2734
11/01/2026 3:21;AutoVI/underbody_pipes;dinomaly;448x448;50;50;344;1;117;0.9809;0.9834;0.9479;0.9235;0.9617;0.9714;0.2281;0.9972;0.8872;433;2734
11/01/2026 3:43;AutoVI/pipe_clip;dinomaly;448x448;50;50;337;1;117;0.5182;0.456;0.5944;0.0775;0.1338;0.5852;0.0104;0.2081;0.0668;307.8;2734
11/01/2026 3:53;AutoVI/tank_screw;dinomaly;448x448;50;50;413;1;117;0.3362;0.1685;0.374;0;0.0316;0.8547;0.0027;0.8764;0.4027;410.1;2734
11/01/2026 4:13;mvtec_loco_AD/breakfast_box;dinomaly;448x448;50;50;275;1;117;0.6779;0.7945;0.7793;0.2254;0.3353;0.7619;0.1995;0.7863;0.4839;1034.9;2734
11/01/2026 4:41;mvtec_loco_AD/pushpins;dinomaly;448x448;50;50;310;1;117;0.5417;0.6018;0.7137;0.0465;0.1105;0.5527;0.0333;0.1916;0.0906;835.5;2734
11/01/2026 5:12;mvtec_loco_AD/splicing_connectors;dinomaly;448x448;50;50;312;1;117;0.5878;0.7;0.7644;0.0829;0.1658;0.5736;0.1036;0.8933;0.6198;765.4;2734
11/01/2026 5:28;VisA/capsules;dinomaly;448x448;50;50;160;1;117;0.9582;0.9741;0.9366;0.79;0.92;0.9726;0.3909;0.9941;0.8378;440.7;2734
11/01/2026 5:45;VisA/chewinggum;dinomaly;448x448;50;50;150;1;117;0.9678;0.9864;0.9538;0.93;0.93;0.9926;0.5747;0.9054;0.8162;407.4;2734
11/01/2026 5:53;VisA/fryum;dinomaly;448x448;50;50;150;1;117;0.9766;0.9889;0.9372;0.88;0.9;0.9536;0.3501;0.9935;0.9354;401;2734
11/01/2026 6:02;VisA/macaroni1;dinomaly;448x448;50;50;200;1;117;0.8635;0.8619;0.7934;0.49;0.62;0.9916;0.1652;0.9702;0.9062;404.9;2734
11/01/2026 6:12;VisA/macaroni2;dinomaly;448x448;50;50;200;1;117;0.705;0.6595;0.7055;0.13;0.38;0.9914;0.1005;0.9953;0.8623;406.4;2734
11/01/2026 6:21;VisA/pcb1;dinomaly;448x448;50;50;200;1;117;0.9558;0.9426;0.9062;0.87;0.9;0.9904;0.7055;0.9909;0.953;431.5;2734
11/01/2026 6:37;VisA/pcb3;dinomaly;448x448;50;50;201;1;117;0.8511;0.8728;0.7839;0.53;0.64;0.9662;0.3785;0.9958;0.884;407.9;2734
11/01/2026 6:46;VisA/pcb4;dinomaly;448x448;50;50;201;1;117;0.9574;0.9509;0.9065;0.75;0.87;0.9466;0.1865;0.9675;0.8456;414.3;2734
11/01/2026 7:04;mvtec_AD/bottle;dinomaly;448x448;50;50;83;2;117;0.9968;0.999;0.9921;1;1;0.9782;0.7915;0.9988;0.9636;636.1;2734
11/01/2026 7:28;mvtec_AD/capsule;dinomaly;448x448;50;50;132;2;117;0.6458;0.8704;0.913;0.0734;0.1284;0.9493;0.1636;0.9989;0.8794;655.9;2734
11/01/2026 7:42;mvtec_AD/carpet;dinomaly;448x448;50;50;117;2;117;0.941;0.9826;0.9231;0.8202;0.8315;0.9795;0.5812;0.9924;0.8883;783.8;2734
11/01/2026 8:01;mvtec_AD/hazelnut;dinomaly;448x448;50;50;110;2;117;0.9954;0.9975;0.9784;0.9714;0.9857;0.9897;0.7182;0.9873;0.8797;649.8;2734
11/01/2026 8:13;mvtec_AD/leather;dinomaly;448x448;50;50;124;2;117;1;1;1;1;1;0.9931;0.5064;1;0.9358;599.1;2734
11/01/2026 8:21;mvtec_AD/metal_nut;dinomaly;448x448;50;50;115;2;117;0.9995;0.9999;0.9947;1;1;0.914;0.5998;0.9761;0.8777;443.6;2734
11/01/2026 8:31;mvtec_AD/pill;dinomaly;448x448;50;50;167;2;117;0.793;0.9579;0.9175;0.4965;0.5674;0.7654;0.3157;0.9282;0.816;500.4;2734
11/01/2026 8:40;mvtec_AD/screw;dinomaly;448x448;50;50;160;2;117;0.6717;0.8621;0.8592;0.2017;0.3613;0.9844;0.3342;0.9993;0.9207;445.6;2734
11/01/2026 8:52;mvtec_AD/tile;dinomaly;448x448;50;50;117;2;117;0.798;0.9193;0.8615;0.4524;0.5238;0.7001;0.187;0.5526;0.3444;693.4;2734
11/01/2026 9:03;mvtec_AD/toothbrush;dinomaly;448x448;50;50;42;2;117;1;1;1;1;1;0.9882;0.5418;0.9917;0.9039;636.1;2734
11/01/2026 9:16;mvtec_AD/transistor;dinomaly;448x448;50;50;100;2;117;0.9463;0.913;0.8718;0.65;0.85;0.835;0.3675;0.7553;0.6157;684.9;2734
11/01/2026 9:36;mvtec_AD/zipper;dinomaly;448x448;50;50;151;2;117;0.9856;0.9964;0.9874;0.9076;0.9916;0.973;0.5079;0.9981;0.8494;438.6;2734
11/01/2026 9:54;AutoVI/underbody_screw;dinomaly;448x448;50;50;392;2;117;0.346;0.0362;0.0878;0;0;0.8906;0.0008;0.9948;0.6245;466.4;2734
11/01/2026 10:09;AutoVI/pipe_clip;dinomaly;448x448;50;50;337;2;117;0.52;0.4526;0.6004;0.0493;0.1268;0.6169;0.013;0.3272;0.1276;309.1;2734
11/01/2026 10:19;AutoVI/tank_screw;dinomaly;448x448;50;50;413;2;117;0.3372;0.1694;0.374;0;0;0.8561;0.0027;0.8628;0.4076;408.6;2734
11/01/2026 10:39;mvtec_loco_AD/breakfast_box;dinomaly;448x448;50;50;275;2;117;0.604;0.7491;0.7723;0.1445;0.2775;0.7539;0.2029;0.77;0.4418;1037.9;2734
11/01/2026 10:52;mvtec_loco_AD/juice_bottle;dinomaly;448x448;50;50;330;2;117;0.6678;0.8581;0.8354;0.2839;0.3898;0.3996;0.0567;0.3288;0.2191;644.8;2734
11/01/2026 11:08;mvtec_loco_AD/pushpins;dinomaly;448x448;50;50;310;2;117;0.5527;0.616;0.7137;0.0698;0.093;0.5806;0.0327;0.3729;0.132;819.9;2734
11/01/2026 11:39;mvtec_loco_AD/splicing_connectors;dinomaly;448x448;50;50;312;2;117;0.6597;0.7721;0.7702;0.1606;0.2332;0.6075;0.1356;0.8996;0.575;787.6;2734
11/01/2026 11:49;VisA/candle;dinomaly;448x448;50;50;200;2;117;0.8502;0.8685;0.8075;0.49;0.67;0.9756;0.2097;0.9713;0.8416;446.8;2734
11/01/2026 11:57;VisA/capsules;dinomaly;448x448;50;50;160;2;117;0.9498;0.9691;0.9231;0.83;0.86;0.9858;0.4396;0.9981;0.8509;444.7;2734
11/01/2026 12:06;VisA/cashew;dinomaly;448x448;50;50;150;2;117;0.519;0.7619;0.8;0.29;0.33;0.8008;0.2465;0.9189;0.7214;431;2734
11/01/2026 12:15;VisA/chewinggum;dinomaly;448x448;50;50;150;2;117;0.8854;0.9491;0.8599;0.71;0.76;0.9832;0.4945;0.8297;0.6697;415.5;2734
11/01/2026 12:23;VisA/fryum;dinomaly;448x448;50;50;150;2;117;0.9796;0.9902;0.9548;0.89;0.95;0.9539;0.3506;0.9935;0.8974;410.5;2734
11/01/2026 12:49;VisA/pcb1;dinomaly;448x448;50;50;200;2;117;0.7109;0.7356;0.7064;0.32;0.39;0.913;0.0606;0.7577;0.5317;538.7;2734
11/01/2026 12:58;VisA/pcb2;dinomaly;448x448;50;50;200;2;117;0.872;0.8667;0.8145;0.56;0.7;0.9599;0.2647;0.9458;0.7675;430.2;2734
11/01/2026 13:07;VisA/pcb3;dinomaly;448x448;50;50;201;2;117;0.8348;0.862;0.757;0.53;0.58;0.9606;0.3604;0.9959;0.8735;411.1;2734
11/01/2026 13:16;VisA/pcb4;dinomaly;448x448;50;50;201;2;117;0.9725;0.967;0.9372;0.87;0.97;0.9431;0.1881;0.9558;0.7747;424.9;2734
11/01/2026 13:25;VisA/pipe_fryum;dinomaly;448x448;50;50;150;2;117;0.9066;0.9486;0.9016;0.7;0.8;0.9026;0.296;0.9584;0.8753;394.3;2734
11/01/2026 13:33;mvtec_AD/bottle;dinomaly;448x448;50;50;83;3;117;1;1;1;1;1;0.9863;0.8229;0.9994;0.9418;484.2;2734
11/01/2026 13:57;mvtec_AD/capsule;dinomaly;448x448;50;50;132;3;117;0.8137;0.9565;0.9068;0.5413;0.5872;0.9661;0.4122;0.9997;0.9236;675;2734
11/01/2026 14:09;mvtec_AD/carpet;dinomaly;448x448;50;50;117;3;117;1;1;1;1;1;0.9957;0.7545;0.9999;0.9694;655.3;2734
11/01/2026 14:29;mvtec_AD/hazelnut;dinomaly;448x448;50;50;110;3;117;0.9989;0.9994;0.9859;1;1;0.9913;0.7236;0.9992;0.9099;646.6;2734
11/01/2026 14:40;mvtec_AD/leather;dinomaly;448x448;50;50;124;3;117;1;1;1;1;1;0.993;0.4812;1;0.9656;593.7;2734
11/01/2026 14:58;mvtec_AD/pill;dinomaly;448x448;50;50;167;3;117;0.8115;0.9623;0.9175;0.5248;0.5745;0.7591;0.3139;0.9322;0.7877;513.4;2734
11/01/2026 15:06;mvtec_AD/screw;dinomaly;448x448;50;50;160;3;117;0.6305;0.8441;0.853;0.2101;0.2857;0.9813;0.2764;0.9993;0.8496;453.9;2734
11/01/2026 15:17;mvtec_AD/tile;dinomaly;448x448;50;50;117;3;117;0.9975;0.9991;0.994;0.9881;0.9881;0.9748;0.6406;0.9998;0.9844;546;2734
11/01/2026 15:28;mvtec_AD/toothbrush;dinomaly;448x448;50;50;42;3;117;0.9972;0.9989;0.9836;0.9667;1;0.9744;0.4633;0.9847;0.9123;638.7;2734
11/01/2026 15:52;mvtec_AD/wood;dinomaly;448x448;50;50;79;3;117;0.9939;0.9981;0.9836;0.9167;0.9667;0.9645;0.6153;0.9968;0.9398;687.3;2734
11/01/2026 16:03;mvtec_AD/zipper;dinomaly;448x448;50;50;151;3;117;0.933;0.9826;0.9316;0.7395;0.8571;0.7852;0.0804;0.8337;0.5813;572.5;2734
11/01/2026 16:28;AutoVI/engine_wiring;dinomaly;448x448;50;50;574;3;117;0.2987;0.4032;0.6713;0.0346;0.045;0.7504;0.248;0.1337;0.0487;309.2;2734
11/01/2026 16:36;AutoVI/pipe_clip;dinomaly;448x448;50;50;337;3;117;0.4844;0.4233;0.5937;0.0634;0.0915;0.6243;0.0088;0.3209;0.1259;310.8;2734
11/01/2026 16:45;AutoVI/tank_screw;dinomaly;448x448;50;50;413;3;117;0.334;0.1695;0.374;0;0.0211;0.8436;0.0025;0.8664;0.4254;406.6;2734
11/01/2026 17:06;mvtec_loco_AD/breakfast_box;dinomaly;448x448;50;50;275;3;117;0.6054;0.7599;0.7723;0.1908;0.3468;0.755;0.1973;0.7757;0.4392;1047.6;2734
11/01/2026 17:19;mvtec_loco_AD/juice_bottle;dinomaly;448x448;50;50;330;3;117;0.6071;0.822;0.8339;0.2331;0.2881;0.37;0.045;0.2557;0.1766;635.2;2734
11/01/2026 17:36;mvtec_loco_AD/pushpins;dinomaly;448x448;50;50;310;3;117;0.5146;0.5691;0.7158;0.0465;0.0698;0.5683;0.0314;0.3051;0.1075;821.2;2734
11/01/2026 17:53;mvtec_loco_AD/screw_bag;dinomaly;448x448;50;50;341;3;117;0.5597;0.6916;0.7835;0.0913;0.1553;0.5261;0.0793;0.8121;0.5944;814.9;2734
11/01/2026 18:09;mvtec_loco_AD/splicing_connectors;dinomaly;448x448;50;50;312;3;117;0.7021;0.7955;0.774;0.2332;0.3782;0.6197;0.1402;0.8993;0.5483;775.4;2734
11/01/2026 18:18;VisA/candle;dinomaly;448x448;50;50;200;3;117;0.8419;0.857;0.7885;0.41;0.7;0.9736;0.2003;0.9703;0.9118;422.1;2734
11/01/2026 18:34;VisA/cashew;dinomaly;448x448;50;50;150;3;117;0.6128;0.8082;0.8;0.35;0.39;0.8314;0.2451;0.9639;0.8959;430.7;2734
11/01/2026 18:43;VisA/chewinggum;dinomaly;448x448;50;50;150;3;117;0.946;0.9758;0.9278;0.81;0.9;0.9872;0.5258;0.8728;0.7978;401.3;2734
11/01/2026 19:00;VisA/macaroni1;dinomaly;448x448;50;50;200;3;117;0.8075;0.8016;0.7619;0.37;0.57;0.9866;0.1317;0.9332;0.7776;411.6;2734
11/01/2026 19:09;VisA/macaroni2;dinomaly;448x448;50;50;200;3;117;0.6939;0.6427;0.716;0.06;0.38;0.9902;0.0684;0.995;0.9071;407.2;2734
11/01/2026 19:18;VisA/pcb1;dinomaly;448x448;50;50;200;3;117;0.9464;0.9308;0.9029;0.74;0.9;0.9899;0.7319;0.9873;0.8636;427.1;2734
11/01/2026 19:27;VisA/pcb2;dinomaly;448x448;50;50;200;3;117;0.8723;0.8618;0.8265;0.62;0.67;0.9582;0.2594;0.9529;0.8559;423.2;2734
11/01/2026 19:35;VisA/pcb3;dinomaly;448x448;50;50;201;3;117;0.8343;0.8514;0.7624;0.43;0.53;0.9639;0.3393;0.9942;0.8689;401.7;2734
11/01/2026 19:44;VisA/pcb4;dinomaly;448x448;50;50;201;3;117;0.96;0.9528;0.91;0.74;0.89;0.9456;0.1833;0.9643;0.8606;407.2;2734
11/01/2026 19:53;VisA/pipe_fryum;dinomaly;448x448;50;50;150;3;117;0.9022;0.9476;0.9016;0.69;0.81;0.9001;0.3101;0.9413;0.79;385.3;2734
11/01/2026 20:02;mvtec_AD/bottle;dinomaly;448x448;50;50;83;4;117;1;1;1;1;1;0.9882;0.8305;0.9996;0.9193;497.6;2734
11/01/2026 20:14;mvtec_AD/cable;dinomaly;448x448;50;50;150;4;117;0.9301;0.9683;0.9257;0.8804;0.8913;0.9473;0.6738;0.9703;0.8762;672.6;2734
11/01/2026 20:27;mvtec_AD/capsule;dinomaly;448x448;50;50;132;4;117;0.8337;0.9595;0.9264;0.5046;0.5321;0.9682;0.4419;0.9993;0.8824;675.3;2734
11/01/2026 20:39;mvtec_AD/carpet;dinomaly;448x448;50;50;117;4;117;0.9996;0.9999;0.9944;1;1;0.9846;0.6839;0.9959;0.9097;649.1;2734
11/01/2026 21:09;mvtec_AD/leather;dinomaly;448x448;50;50;124;4;117;1;1;1;1;1;0.9926;0.5162;1;0.9687;599.8;2734
11/01/2026 21:17;mvtec_AD/metal_nut;dinomaly;448x448;50;50;115;4;117;1;1;1;1;1;0.916;0.5852;0.9769;0.8571;438.2;2734
11/01/2026 21:27;mvtec_AD/pill;dinomaly;448x448;50;50;167;4;117;0.8186;0.9637;0.9175;0.5319;0.5957;0.7772;0.3388;0.9429;0.8341;507.5;2734
11/01/2026 21:36;mvtec_AD/screw;dinomaly;448x448;50;50;160;4;117;0.704;0.8888;0.8582;0.3613;0.4202;0.985;0.3478;0.9995;0.9099;449;2734
11/01/2026 21:46;mvtec_AD/tile;dinomaly;448x448;50;50;117;4;117;0.9989;0.9996;0.994;0.9881;1;0.9741;0.6358;0.9997;0.9832;542.6;2734
11/01/2026 22:09;mvtec_AD/transistor;dinomaly;448x448;50;50;100;4;117;0.9;0.8511;0.7955;0.575;0.625;0.8039;0.3157;0.725;0.6002;688.1;2734
11/01/2026 22:24;mvtec_AD/wood;dinomaly;448x448;50;50;79;4;117;0.6588;0.8414;0.8837;0.1167;0.1667;0.775;0.1229;0.5733;0.3238;807.5;2734
11/01/2026 22:32;mvtec_AD/zipper;dinomaly;448x448;50;50;151;4;117;0.7466;0.9165;0.8815;0.2689;0.3697;0.7082;0.0329;0.7041;0.2445;444.3;2734
11/01/2026 22:51;AutoVI/underbody_screw;dinomaly;448x448;50;50;392;4;117;0.3553;0.0608;0.1154;0.1111;0.1667;0.9153;0.0012;0.9843;0.6507;474.4;2734
11/01/2026 23:04;AutoVI/pipe_clip;dinomaly;448x448;50;50;337;4;117;0.4944;0.4572;0.5945;0.0845;0.1197;0.6563;0.011;0.3883;0.1588;322.3;2734
11/01/2026 23:13;AutoVI/tank_screw;dinomaly;448x448;50;50;413;4;117;0.3264;0.1669;0.374;0;0.0105;0.853;0.0027;0.8745;0.439;399.2;2734
11/01/2026 23:59;mvtec_loco_AD/pushpins;dinomaly;448x448;50;50;310;4;117;0.5304;0.6038;0.7137;0.0756;0.1047;0.5457;0.0292;0.4492;0.1574;800.7;2734
12/01/2026 0:37;VisA/candle;dinomaly;448x448;50;50;200;4;117;0.8513;0.8629;0.8;0.43;0.69;0.9723;0.2031;0.9712;0.9294;436.7;2734
12/01/2026 0:46;VisA/capsules;dinomaly;448x448;50;50;160;4;117;0.8768;0.9319;0.8531;0.59;0.69;0.9633;0.3162;0.9724;0.8297;425;2734
12/01/2026 0:54;VisA/cashew;dinomaly;448x448;50;50;150;4;117;0.6174;0.815;0.8;0.4;0.41;0.7333;0.2234;0.919;0.7617;431.4;2734
12/01/2026 1:03;VisA/chewinggum;dinomaly;448x448;50;50;150;4;117;0.9406;0.9747;0.9254;0.8;0.9;0.9849;0.5445;0.853;0.7585;410.4;2734
12/01/2026 1:19;VisA/macaroni1;dinomaly;448x448;50;50;200;4;117;0.7224;0.7244;0.7137;0.27;0.35;0.9746;0.0336;0.9989;0.8637;430.2;2734
12/01/2026 1:28;VisA/macaroni2;dinomaly;448x448;50;50;200;4;117;0.7056;0.6494;0.7004;0.06;0.3;0.9913;0.0845;1;0.9017;414.9;2734
12/01/2026 1:37;VisA/pcb1;dinomaly;448x448;50;50;200;4;117;0.9537;0.9543;0.8934;0.79;0.88;0.989;0.6549;0.9916;0.887;444.9;2734
12/01/2026 1:46;VisA/pcb2;dinomaly;448x448;50;50;200;4;117;0.871;0.8509;0.8131;0.57;0.71;0.9635;0.2547;0.957;0.8554;427.6;2734
12/01/2026 1:55;VisA/pcb3;dinomaly;448x448;50;50;201;4;117;0.8377;0.8626;0.7677;0.52;0.63;0.9615;0.3597;0.9952;0.8631;408.2;2734
12/01/2026 2:02;VisA/pcb4;dinomaly;448x448;50;50;201;4;117;0.9691;0.965;0.9254;0.84;0.93;0.9507;0.2152;0.9617;0.7799;342.3;2734
12/01/2026 2:09;VisA/pipe_fryum;dinomaly;448x448;50;50;150;4;117;0.9302;0.9591;0.9163;0.59;0.85;0.9278;0.3042;0.9715;0.8404;325;2734
09/01/2026 21:41;mvtec_AD/bottle;reverse_distillation;448x448;10;10;83;4;301;0.9881;0.9969;0.992;0.9841;0.9841;0.9514;0.7043;0.9828;0.901;228.9;2392
09/01/2026 21:48;mvtec_AD/cable;reverse_distillation;448x448;10;10;150;4;301;0.8819;0.9344;0.8444;0.6196;0.6848;0.9189;0.5406;0.9504;0.8018;332.8;2392
09/01/2026 21:55;mvtec_AD/capsule;reverse_distillation;448x448;10;10;132;4;301;0.856;0.9651;0.9251;0.5138;0.5138;0.9592;0.3818;0.9596;0.8148;334;2392
09/01/2026 22:02;mvtec_AD/carpet;reverse_distillation;448x448;10;10;117;4;301;0.9627;0.9898;0.9474;0.9101;0.9101;0.9894;0.6117;0.9964;0.8839;323.3;2392
09/01/2026 22:06;mvtec_AD/grid;reverse_distillation;448x448;10;10;78;4;301;0.9524;0.9832;0.9298;0.8246;0.8246;0.9854;0.4686;0.9794;0.875;221.7;2392
09/01/2026 22:13;mvtec_AD/hazelnut;reverse_distillation;448x448;10;10;110;4;301;0.9804;0.9915;0.964;0.9571;0.9571;0.9536;0.4863;0.9281;0.8716;318.2;2392
09/01/2026 22:19;mvtec_AD/leather;reverse_distillation;448x448;10;10;124;4;301;0.9952;0.9983;0.9836;0.9783;0.9891;0.9882;0.4777;0.998;0.9534;303.2;2392
09/01/2026 22:23;mvtec_AD/metal_nut;reverse_distillation;448x448;10;10;115;4;301;0.9423;0.9866;0.9474;0.828;0.8602;0.8405;0.3921;0.9552;0.7525;201.7;2392
09/01/2026 22:29;mvtec_AD/pill;reverse_distillation;448x448;10;10;167;4;301;0.2741;0.7547;0.9156;0.0142;0.0213;0.7353;0.0634;0.8875;0.4901;241.6;2392
09/01/2026 22:34;mvtec_AD/screw;reverse_distillation;448x448;10;10;160;4;301;0.6987;0.867;0.8689;0.2605;0.3025;0.9813;0.2428;0.9968;0.8638;215.7;2392
09/01/2026 22:39;mvtec_AD/tile;reverse_distillation;448x448;10;10;117;4;301;0.9704;0.9886;0.9405;0.881;0.9167;0.9133;0.424;0.9741;0.8115;266;2392
09/01/2026 22:45;mvtec_AD/toothbrush;reverse_distillation;448x448;10;10;42;4;301;0.9694;0.989;0.9474;0.9;0.9;0.9534;0.3636;0.9445;0.7968;319.5;2392
09/01/2026 22:52;mvtec_AD/transistor;reverse_distillation;448x448;10;10;100;4;301;0.8817;0.8323;0.8372;0.5;0.525;0.7543;0.3036;0.7426;0.6404;341.1;2392
09/01/2026 22:58;mvtec_AD/wood;reverse_distillation;448x448;10;10;79;4;301;0.9877;0.9965;0.9752;0.9333;0.9667;0.9394;0.536;0.9881;0.9227;338.7;2392
09/01/2026 23:03;mvtec_AD/zipper;reverse_distillation;448x448;10;10;151;4;301;0.9367;0.9825;0.9304;0.7983;0.8487;0.9619;0.5075;0.9934;0.8923;209.1;2392
09/01/2026 23:09;AutoVI/underbody_pipes;reverse_distillation;448x448;10;10;344;4;301;0.9704;0.9751;0.9206;0.8798;0.9071;0.951;0.3947;0.9989;0.9491;203.8;2392
09/01/2026 23:16;AutoVI/underbody_screw;reverse_distillation;448x448;10;10;392;4;301;0.8491;0.1372;0.2742;0.0556;0.3889;0.9968;0.0545;1;0.9336;212.5;2392
09/01/2026 23:22;AutoVI/engine_wiring;reverse_distillation;448x448;10;10;574;4;301;0.5957;0.6153;0.6754;0.1246;0.173;0.8177;0.0952;0.926;0.6145;102.7;2392
09/01/2026 23:26;AutoVI/pipe_clip;reverse_distillation;448x448;10;10;337;4;301;0.532;0.4419;0.6093;0.0775;0.1127;0.8368;0.0281;0.8452;0.4672;138.6;2392
09/01/2026 23:33;AutoVI/tank_screw;reverse_distillation;448x448;10;10;413;4;301;0.4069;0.197;0.3792;0.0526;0.0842;0.9276;0.0085;0.9742;0.7265;196.2;2392
09/01/2026 23:45;mvtec_loco_AD/breakfast_box;reverse_distillation;448x448;10;10;275;4;301;0.5645;0.7291;0.7723;0.185;0.2197;0.8023;0.2208;0.8073;0.5423;536.1;2392
09/01/2026 23:53;mvtec_loco_AD/juice_bottle;reverse_distillation;448x448;10;10;330;4;301;0.7175;0.8676;0.8339;0.2754;0.4153;0.4361;0.0749;0.3947;0.2991;325.2;2392
10/01/2026 0:03;mvtec_loco_AD/pushpins;reverse_distillation;448x448;10;10;310;4;301;0.5941;0.661;0.7256;0.1453;0.2151;0.5641;0.0543;0.6743;0.463;415.6;2392
10/01/2026 0:14;mvtec_loco_AD/screw_bag;reverse_distillation;448x448;10;10;341;4;301;0.4752;0.6446;0.7821;0.0594;0.1324;0.5177;0.0724;0.6294;0.4439;431.5;2392
10/01/2026 0:24;mvtec_loco_AD/splicing_connectors;reverse_distillation;448x448;10;10;312;4;301;0.6768;0.7996;0.7644;0.2539;0.342;0.5619;0.1336;0.8932;0.6059;397.9;2392
10/01/2026 0:29;VisA/candle;reverse_distillation;448x448;10;10;200;4;301;0.6904;0.6902;0.7025;0.19;0.25;0.9296;0.0784;0.973;0.8413;187.2;2392
10/01/2026 0:34;VisA/capsules;reverse_distillation;448x448;10;10;160;4;301;0.8838;0.9282;0.8627;0.61;0.72;0.9885;0.5429;0.9995;0.899;201.8;2392
10/01/2026 0:39;VisA/cashew;reverse_distillation;448x448;10;10;150;4;301;0.8772;0.949;0.8556;0.76;0.77;0.7651;0.2332;0.9123;0.8325;206.9;2392
10/01/2026 0:44;VisA/chewinggum;reverse_distillation;448x448;10;10;150;4;301;0.981;0.9921;0.9604;0.93;0.97;0.9861;0.5621;0.8752;0.7171;169.4;2392
10/01/2026 0:48;VisA/fryum;reverse_distillation;448x448;10;10;150;4;301;0.8712;0.9415;0.85;0.58;0.73;0.9359;0.2793;0.9984;0.8735;166.3;2392
10/01/2026 0:54;VisA/macaroni1;reverse_distillation;448x448;10;10;200;4;301;0.8468;0.8663;0.7755;0.52;0.65;0.9911;0.2351;0.9604;0.8051;165.7;2392
10/01/2026 0:59;VisA/macaroni2;reverse_distillation;448x448;10;10;200;4;301;0.7332;0.7311;0.72;0.26;0.35;0.9791;0.0883;0.9185;0.7756;166.5;2392
10/01/2026 1:04;VisA/pcb1;reverse_distillation;448x448;10;10;200;4;301;0.8301;0.7945;0.834;0.23;0.34;0.9601;0.1064;0.9973;0.8456;182.9;2392
10/01/2026 1:08;VisA/pcb2;reverse_distillation;448x448;10;10;200;4;301;0.8946;0.8977;0.8367;0.63;0.76;0.9596;0.2599;0.9728;0.8968;179.4;2392
10/01/2026 1:13;VisA/pcb3;reverse_distillation;448x448;10;10;201;4;301;0.9354;0.9407;0.8612;0.68;0.76;0.9785;0.3712;0.998;0.8977;160;2392
10/01/2026 1:17;VisA/pcb4;reverse_distillation;448x448;10;10;201;4;301;0.9787;0.9714;0.9569;0.94;1;0.9314;0.1368;0.9929;0.8127;169;2392
10/01/2026 1:22;VisA/pipe_fryum;reverse_distillation;448x448;10;10;150;4;301;0.663;0.8333;0.8032;0.32;0.37;0.7582;0.1348;0.7924;0.5835;160.6;2392
09/01/2026 13:48;VisA/cashew;reverse_distillation;448x448;20;20;150;0;301;0.8764;0.9455;0.8585;0.69;0.71;0.7655;0.2474;0.9081;0.7427;401.6;2390
09/01/2026 13:57;VisA/chewinggum;reverse_distillation;448x448;20;20;150;0;301;0.9544;0.9805;0.9231;0.85;0.9;0.9851;0.5271;0.8601;0.7452;429.7;2390
09/01/2026 14:07;VisA/fryum;reverse_distillation;448x448;20;20;150;0;301;0.9434;0.9753;0.9137;0.78;0.86;0.9428;0.3101;0.9984;0.8784;442.4;2390
09/01/2026 14:17;VisA/macaroni1;reverse_distillation;448x448;20;20;200;0;301;0.8731;0.8776;0.8106;0.47;0.58;0.9933;0.2447;0.9639;0.8673;443.4;2390
09/01/2026 14:26;VisA/macaroni2;reverse_distillation;448x448;20;20;200;0;301;0.7736;0.7729;0.748;0.28;0.38;0.9856;0.1221;0.9498;0.7526;441.9;2390
09/01/2026 14:36;VisA/pcb1;reverse_distillation;448x448;20;20;200;0;301;0.9035;0.8815;0.8624;0.49;0.66;0.9841;0.4132;0.9892;0.9405;437.7;2390
09/01/2026 14:45;VisA/pcb2;reverse_distillation;448x448;20;20;200;0;301;0.917;0.9109;0.875;0.7;0.85;0.963;0.2633;0.9704;0.9154;437.6;2390
09/01/2026 14:54;VisA/pcb3;reverse_distillation;448x448;20;20;201;0;301;0.9222;0.9258;0.8507;0.66;0.75;0.979;0.3498;0.998;0.8382;429.3;2390
09/01/2026 15:03;VisA/pcb4;reverse_distillation;448x448;20;20;201;0;301;0.9841;0.9804;0.9565;0.92;0.99;0.9477;0.1876;0.9973;0.8329;436.9;2390
09/01/2026 15:13;VisA/pipe_fryum;reverse_distillation;448x448;20;20;150;0;301;0.4988;0.7197;0.8032;0.16;0.18;0.7309;0.0936;0.6932;0.4607;422.8;2390
09/01/2026 15:22;mvtec_AD/bottle;reverse_distillation;448x448;20;20;83;1;301;0.9937;0.9981;0.9841;0.9841;0.9841;0.944;0.6832;0.9811;0.9241;502.7;2390
09/01/2026 15:35;mvtec_AD/cable;reverse_distillation;448x448;20;20;150;1;301;0.8053;0.9002;0.7778;0.5978;0.6413;0.909;0.5037;0.942;0.8248;695.5;2390
09/01/2026 15:48;mvtec_AD/capsule;reverse_distillation;448x448;20;20;132;1;301;0.9517;0.9904;0.9488;0.8349;0.9174;0.9664;0.409;0.9484;0.827;695;2390
09/01/2026 16:00;mvtec_AD/carpet;reverse_distillation;448x448;20;20;117;1;301;0.9567;0.9883;0.9595;0.9326;0.9326;0.9878;0.5991;0.9931;0.8955;684.3;2390
09/01/2026 16:09;mvtec_AD/grid;reverse_distillation;448x448;20;20;78;1;301;0.9657;0.9888;0.9565;0.9298;0.9298;0.9931;0.5209;0.9997;0.9333;472.7;2390
09/01/2026 16:21;mvtec_AD/hazelnut;reverse_distillation;448x448;20;20;110;1;301;0.9764;0.9896;0.9517;0.9143;0.9571;0.9449;0.4496;0.926;0.821;662.3;2390
09/01/2026 16:33;mvtec_AD/leather;reverse_distillation;448x448;20;20;124;1;301;0.9952;0.9983;0.9891;0.9891;1;0.9905;0.4729;0.9989;0.8895;612.9;2390
09/01/2026 16:42;mvtec_AD/metal_nut;reverse_distillation;448x448;20;20;115;1;301;0.871;0.9698;0.9;0.7204;0.7419;0.7778;0.2611;0.9425;0.7305;455.8;2390
09/01/2026 16:52;mvtec_AD/pill;reverse_distillation;448x448;20;20;167;1;301;0.3063;0.7584;0.9156;0.0142;0.0213;0.7505;0.0666;0.866;0.4684;521.4;2390
09/01/2026 17:01;mvtec_AD/screw;reverse_distillation;448x448;20;20;160;1;301;0.8635;0.9518;0.8843;0.5462;0.6387;0.9885;0.4184;0.9987;0.8845;480.7;2390
09/01/2026 17:12;mvtec_AD/tile;reverse_distillation;448x448;20;20;117;1;301;0.9675;0.988;0.9425;0.8571;0.869;0.92;0.4327;0.9735;0.8631;579.9;2390
09/01/2026 17:24;mvtec_AD/toothbrush;reverse_distillation;448x448;20;20;42;1;301;0.9722;0.9903;0.9655;0.9333;0.9333;0.9344;0.3006;0.8987;0.7424;664.2;2390
09/01/2026 17:36;mvtec_AD/transistor;reverse_distillation;448x448;20;20;100;1;301;0.9217;0.9144;0.8354;0.7;0.825;0.7546;0.3104;0.7463;0.6347;708.2;2390
09/01/2026 17:49;mvtec_AD/wood;reverse_distillation;448x448;20;20;79;1;301;0.9921;0.9977;0.9831;0.9667;0.9667;0.9425;0.536;0.9891;0.9182;697.8;2390
09/01/2026 17:58;mvtec_AD/zipper;reverse_distillation;448x448;20;20;151;1;301;0.9144;0.969;0.9316;0.3025;0.8571;0.9587;0.4874;0.9902;0.8239;459.9;2390
09/01/2026 18:09;AutoVI/underbody_pipes;reverse_distillation;448x448;20;20;344;1;301;0.9629;0.9669;0.9218;0.8142;0.9016;0.9585;0.3759;0.9991;0.8776;466.8;2390
09/01/2026 18:19;AutoVI/underbody_screw;reverse_distillation;448x448;20;20;392;1;301;0.9283;0.3469;0.4615;0.4444;0.6667;0.9975;0.1168;1;0.9135;454.3;2390
09/01/2026 18:28;AutoVI/engine_wiring;reverse_distillation;448x448;20;20;574;1;301;0.5835;0.5746;0.6792;0.0796;0.1384;0.8422;0.1009;0.9117;0.597;286.7;2390
09/01/2026 18:36;AutoVI/pipe_clip;reverse_distillation;448x448;20;20;337;1;301;0.5319;0.4561;0.6054;0.0704;0.0915;0.8236;0.0227;0.8483;0.5053;301.2;2390
09/01/2026 18:46;AutoVI/tank_screw;reverse_distillation;448x448;20;20;413;1;301;0.4824;0.231;0.3808;0.0421;0.1158;0.8825;0.0045;0.9237;0.6227;435.6;2390
09/01/2026 19:07;mvtec_loco_AD/breakfast_box;reverse_distillation;448x448;20;20;275;1;301;0.5436;0.7265;0.7723;0.2486;0.2659;0.7875;0.207;0.7753;0.5544;1081.9;2390
09/01/2026 19:21;mvtec_loco_AD/juice_bottle;reverse_distillation;448x448;20;20;330;1;301;0.7324;0.8883;0.8339;0.4788;0.4915;0.4602;0.0972;0.4416;0.3543;655.8;2390
09/01/2026 19:39;mvtec_loco_AD/pushpins;reverse_distillation;448x448;20;20;310;1;301;0.6432;0.7129;0.7152;0.1512;0.2326;0.5942;0.0636;0.6862;0.4682;847.8;2390
09/01/2026 19:56;mvtec_loco_AD/screw_bag;reverse_distillation;448x448;20;20;341;1;301;0.469;0.6532;0.7821;0.0548;0.137;0.4976;0.0682;0.57;0.381;859.4;2390
09/01/2026 20:13;mvtec_loco_AD/splicing_connectors;reverse_distillation;448x448;20;20;312;1;301;0.7193;0.8306;0.7644;0.3368;0.4093;0.5624;0.142;0.8902;0.5905;804.9;2390
09/01/2026 20:22;VisA/candle;reverse_distillation;448x448;20;20;200;1;301;0.6311;0.6175;0.6937;0.1;0.2;0.925;0.0529;0.972;0.8206;397.8;2390
09/01/2026 20:31;VisA/capsules;reverse_distillation;448x448;20;20;160;1;301;0.9178;0.9445;0.8942;0.73;0.78;0.9899;0.5396;0.9994;0.9022;454.2;2390
09/01/2026 20:40;VisA/cashew;reverse_distillation;448x448;20;20;150;1;301;0.8682;0.9448;0.8458;0.72;0.76;0.7857;0.2575;0.9145;0.8179;438.3;2390
09/01/2026 20:49;VisA/chewinggum;reverse_distillation;448x448;20;20;150;1;301;0.9544;0.9813;0.9375;0.9;0.9;0.9828;0.517;0.8265;0.6875;432.4;2390
09/01/2026 20:58;VisA/fryum;reverse_distillation;448x448;20;20;150;1;301;0.9234;0.9674;0.9101;0.79;0.87;0.9477;0.3272;0.9984;0.8458;426.4;2390
09/01/2026 21:08;VisA/macaroni1;reverse_distillation;448x448;20;20;200;1;301;0.9131;0.9194;0.8426;0.63;0.71;0.9939;0.2494;0.9667;0.9039;425.3;2390
09/01/2026 21:18;VisA/macaroni2;reverse_distillation;448x448;20;20;200;1;301;0.7524;0.7918;0.7107;0.39;0.5;0.9845;0.1291;0.9482;0.7796;443.2;2390
09/01/2026 21:27;VisA/pcb1;reverse_distillation;448x448;20;20;200;1;301;0.8993;0.8665;0.8609;0.33;0.71;0.9871;0.451;0.9901;0.9269;450.4;2390
09/01/2026 21:37;VisA/pcb2;reverse_distillation;448x448;20;20;200;1;301;0.9076;0.9107;0.8614;0.67;0.79;0.9599;0.2661;0.9733;0.8663;434.8;2390
09/01/2026 21:46;VisA/pcb3;reverse_distillation;448x448;20;20;201;1;301;0.9405;0.9373;0.8812;0.62;0.84;0.9801;0.3396;0.9975;0.8843;426.4;2390
09/01/2026 21:55;VisA/pcb4;reverse_distillation;448x448;20;20;201;1;301;0.9705;0.9666;0.9252;0.84;0.91;0.9352;0.1804;0.9886;0.8252;430.6;2390
09/01/2026 22:04;VisA/pipe_fryum;reverse_distillation;448x448;20;20;150;1;301;0.6034;0.804;0.8032;0.34;0.35;0.7458;0.1141;0.7912;0.5364;418;2390
09/01/2026 22:13;mvtec_AD/bottle;reverse_distillation;448x448;20;20;83;2;301;0.9913;0.9975;0.9839;0.9683;0.9841;0.9456;0.6872;0.9806;0.9341;506;2390
09/01/2026 22:27;mvtec_AD/cable;reverse_distillation;448x448;20;20;150;2;301;0.807;0.8972;0.7807;0.5652;0.6196;0.9111;0.5033;0.9447;0.8177;706.6;2390
09/01/2026 22:39;mvtec_AD/capsule;reverse_distillation;448x448;20;20;132;2;301;0.9545;0.9904;0.9498;0.8807;0.8991;0.9627;0.4031;0.9684;0.8237;683.7;2390
09/01/2026 22:52;mvtec_AD/carpet;reverse_distillation;448x448;20;20;117;2;301;0.9539;0.9878;0.9551;0.9213;0.9326;0.9875;0.596;0.9954;0.964;681.1;2390
09/01/2026 23:00;mvtec_AD/grid;reverse_distillation;448x448;20;20;78;2;301;0.9816;0.9944;0.973;0.9474;0.9474;0.992;0.5186;0.994;0.9156;462.2;2390
09/01/2026 23:13;mvtec_AD/hazelnut;reverse_distillation;448x448;20;20;110;2;301;0.9521;0.977;0.9254;0.8857;0.8857;0.9342;0.3991;0.921;0.7978;668.1;2390
09/01/2026 23:24;mvtec_AD/leather;reverse_distillation;448x448;20;20;124;2;301;0.9956;0.9985;0.9787;0.9674;0.9891;0.9907;0.4714;0.9992;0.96;611.2;2390
09/01/2026 23:33;mvtec_AD/metal_nut;reverse_distillation;448x448;20;20;115;2;301;0.846;0.9619;0.9053;0.5591;0.6344;0.7959;0.2849;0.9437;0.7009;447.9;2390
09/01/2026 23:43;mvtec_AD/pill;reverse_distillation;448x448;20;20;167;2;301;0.2894;0.7724;0.9156;0.0142;0.0142;0.739;0.0637;0.8669;0.4633;533;2390
09/01/2026 23:52;mvtec_AD/screw;reverse_distillation;448x448;20;20;160;2;301;0.8256;0.9366;0.8669;0.521;0.5882;0.9886;0.4559;0.9979;0.8768;469.6;2390
10/01/2026 0:03;mvtec_AD/tile;reverse_distillation;448x448;20;20;117;2;301;0.9852;0.9941;0.9708;0.8571;0.9405;0.9221;0.4383;0.9723;0.8571;579.4;2390
10/01/2026 0:15;mvtec_AD/toothbrush;reverse_distillation;448x448;20;20;42;2;301;0.9556;0.9831;0.9355;0.8;0.8333;0.9446;0.3336;0.9131;0.7487;667.1;2390
10/01/2026 0:27;mvtec_AD/transistor;reverse_distillation;448x448;20;20;100;2;301;0.9296;0.8891;0.8667;0.675;0.85;0.753;0.3216;0.7447;0.6295;702.8;2390
10/01/2026 0:40;mvtec_AD/wood;reverse_distillation;448x448;20;20;79;2;301;0.9877;0.9963;0.9661;0.9333;0.95;0.9432;0.5394;0.989;0.9013;704.6;2390
10/01/2026 0:49;mvtec_AD/zipper;reverse_distillation;448x448;20;20;151;2;301;0.9107;0.9716;0.9295;0.4706;0.7059;0.9556;0.4499;0.9922;0.8397;441.2;2390
10/01/2026 0:59;AutoVI/underbody_pipes;reverse_distillation;448x448;20;20;344;2;301;0.9837;0.9867;0.9326;0.8962;0.9454;0.9687;0.4025;0.9997;0.9014;465;2390
10/01/2026 1:09;AutoVI/underbody_screw;reverse_distillation;448x448;20;20;392;2;301;0.9493;0.5507;0.5455;0.6111;0.7778;0.997;0.1958;1;0.9475;427.3;2390
10/01/2026 1:18;AutoVI/engine_wiring;reverse_distillation;448x448;20;20;574;2;301;0.6103;0.6189;0.6752;0.1003;0.1869;0.8378;0.0993;0.9053;0.6167;310.6;2390
10/01/2026 1:26;AutoVI/pipe_clip;reverse_distillation;448x448;20;20;337;2;301;0.5337;0.4262;0.6311;0.0211;0.1197;0.8512;0.0273;0.898;0.569;392.6;2390
10/01/2026 1:36;AutoVI/tank_screw;reverse_distillation;448x448;20;20;413;2;301;0.4294;0.1978;0.374;0.0211;0.0421;0.8644;0.0042;0.901;0.5883;442.5;2390
10/01/2026 1:57;mvtec_loco_AD/breakfast_box;reverse_distillation;448x448;20;20;275;2;301;0.6196;0.7833;0.773;0.2717;0.3468;0.7876;0.2137;0.7847;0.5706;1059.6;2390
10/01/2026 2:10;mvtec_loco_AD/juice_bottle;reverse_distillation;448x448;20;20;330;2;301;0.7161;0.8824;0.8354;0.428;0.4407;0.4358;0.0801;0.4084;0.3218;628.8;2390
10/01/2026 2:27;mvtec_loco_AD/pushpins;reverse_distillation;448x448;20;20;310;2;301;0.625;0.6922;0.7137;0.1279;0.2384;0.5976;0.0625;0.6631;0.4193;801.8;2390
10/01/2026 2:44;mvtec_loco_AD/screw_bag;reverse_distillation;448x448;20;20;341;2;301;0.5298;0.6712;0.7828;0.0731;0.1233;0.4935;0.0673;0.5435;0.3488;842.5;2390
10/01/2026 3:00;mvtec_loco_AD/splicing_connectors;reverse_distillation;448x448;20;20;312;2;301;0.6827;0.8013;0.7644;0.228;0.3731;0.5591;0.1383;0.8909;0.6096;767.9;2390
10/01/2026 3:08;VisA/candle;reverse_distillation;448x448;20;20;200;2;301;0.6047;0.5913;0.6882;0.06;0.14;0.924;0.0413;0.9645;0.8274;381.6;2390
10/01/2026 3:17;VisA/capsules;reverse_distillation;448x448;20;20;160;2;301;0.9057;0.9307;0.8856;0.56;0.78;0.9902;0.5336;0.9996;0.8847;435.6;2390
10/01/2026 3:25;VisA/cashew;reverse_distillation;448x448;20;20;150;2;301;0.8694;0.9461;0.8603;0.77;0.77;0.7602;0.2381;0.9054;0.8168;399.7;2390
10/01/2026 3:33;VisA/chewinggum;reverse_distillation;448x448;20;20;150;2;301;0.958;0.9822;0.9278;0.87;0.9;0.984;0.5388;0.8559;0.7862;398.5;2390
10/01/2026 3:42;VisA/fryum;reverse_distillation;448x448;20;20;150;2;301;0.949;0.9767;0.9208;0.83;0.89;0.9435;0.3162;0.9984;0.8699;413.5;2390
10/01/2026 3:51;VisA/macaroni1;reverse_distillation;448x448;20;20;200;2;301;0.8673;0.8733;0.8037;0.53;0.55;0.992;0.2143;0.9718;0.8742;389.5;2390
10/01/2026 4:00;VisA/macaroni2;reverse_distillation;448x448;20;20;200;2;301;0.7603;0.7842;0.7226;0.32;0.42;0.987;0.1272;0.9496;0.7765;391.7;2390
10/01/2026 4:09;VisA/pcb1;reverse_distillation;448x448;20;20;200;2;301;0.8406;0.8061;0.817;0.31;0.47;0.9886;0.5209;0.9865;0.8241;441.3;2390
10/01/2026 4:18;VisA/pcb2;reverse_distillation;448x448;20;20;200;2;301;0.9102;0.906;0.8543;0.59;0.77;0.9594;0.2643;0.9753;0.8798;393.4;2390
10/01/2026 4:26;VisA/pcb3;reverse_distillation;448x448;20;20;201;2;301;0.9104;0.8967;0.8584;0.53;0.71;0.9796;0.3306;0.9946;0.8345;394.1;2390
10/01/2026 4:35;VisA/pcb4;reverse_distillation;448x448;20;20;201;2;301;0.9901;0.9892;0.9612;0.95;1;0.9386;0.2295;0.9843;0.796;406.3;2390
10/01/2026 4:44;VisA/pipe_fryum;reverse_distillation;448x448;20;20;150;2;301;0.53;0.7523;0.8032;0.22;0.24;0.734;0.0958;0.7641;0.5421;388.1;2390
10/01/2026 4:53;mvtec_AD/bottle;reverse_distillation;448x448;20;20;83;3;301;0.9929;0.998;0.9841;0.9841;0.9841;0.9435;0.6761;0.9786;0.8671;494.5;2390
10/01/2026 5:05;mvtec_AD/cable;reverse_distillation;448x448;20;20;150;3;301;0.8413;0.9121;0.8119;0.6087;0.6196;0.9142;0.5017;0.9428;0.8085;681.4;2390
10/01/2026 5:18;mvtec_AD/capsule;reverse_distillation;448x448;20;20;132;3;301;0.9529;0.9898;0.9577;0.789;0.9358;0.9603;0.4026;0.9644;0.8462;660.2;2390
10/01/2026 5:30;mvtec_AD/carpet;reverse_distillation;448x448;20;20;117;3;301;0.9575;0.9885;0.9492;0.8989;0.8989;0.9887;0.5955;0.9963;0.9006;653.5;2390
10/01/2026 5:38;mvtec_AD/grid;reverse_distillation;448x448;20;20;78;3;301;0.9616;0.9875;0.9474;0.8772;0.9123;0.9923;0.5236;0.9998;0.969;430.4;2390
10/01/2026 5:50;mvtec_AD/hazelnut;reverse_distillation;448x448;20;20;110;3;301;0.9686;0.985;0.9412;0.9143;0.9143;0.9422;0.4441;0.9177;0.8087;648.9;2390
10/01/2026 6:01;mvtec_AD/leather;reverse_distillation;448x448;20;20;124;3;301;0.9949;0.9981;0.9946;1;1;0.9909;0.4731;0.9993;0.8542;588.7;2390
10/01/2026 6:09;mvtec_AD/metal_nut;reverse_distillation;448x448;20;20;115;3;301;0.8832;0.9732;0.9032;0.7419;0.7742;0.7791;0.2651;0.9415;0.6932;427.3;2390
10/01/2026 6:19;mvtec_AD/pill;reverse_distillation;448x448;20;20;167;3;301;0.2861;0.7518;0.9156;0.0142;0.0213;0.7498;0.0665;0.8895;0.4915;500.4;2390
10/01/2026 6:28;mvtec_AD/screw;reverse_distillation;448x448;20;20;160;3;301;0.835;0.9408;0.8685;0.563;0.5882;0.9876;0.4327;0.9983;0.8807;498.4;2390
10/01/2026 6:39;mvtec_AD/tile;reverse_distillation;448x448;20;20;117;3;301;0.9827;0.9935;0.9581;0.8929;0.9524;0.9219;0.4435;0.972;0.8714;554;2390
10/01/2026 6:50;mvtec_AD/toothbrush;reverse_distillation;448x448;20;20;42;3;301;0.9778;0.9909;0.9677;0.8;0.9333;0.9478;0.3385;0.9309;0.7743;645.4;2390
10/01/2026 7:02;mvtec_AD/transistor;reverse_distillation;448x448;20;20;100;3;301;0.8933;0.8257;0.8315;0.475;0.7;0.7488;0.2999;0.7485;0.6365;677.1;2390
10/01/2026 7:14;mvtec_AD/wood;reverse_distillation;448x448;20;20;79;3;301;0.9877;0.9965;0.9831;0.9667;0.9667;0.944;0.525;0.9886;0.8614;668.8;2390
10/01/2026 7:23;mvtec_AD/zipper;reverse_distillation;448x448;20;20;151;3;301;0.9349;0.9801;0.9407;0.5042;0.8992;0.9586;0.4923;0.9934;0.8606;426.7;2390
10/01/2026 7:33;AutoVI/underbody_pipes;reverse_distillation;448x448;20;20;344;3;301;0.9822;0.9838;0.9412;0.8907;0.9617;0.9658;0.3821;0.9996;0.8928;433.1;2390
10/01/2026 7:43;AutoVI/underbody_screw;reverse_distillation;448x448;20;20;392;3;301;0.9118;0.2985;0.4211;0.2778;0.7222;0.9971;0.0796;1;0.8476;498.8;2390
10/01/2026 7:53;AutoVI/engine_wiring;reverse_distillation;448x448;20;20;574;3;301;0.5927;0.5973;0.6744;0.1003;0.1765;0.8419;0.1135;0.9399;0.6612;309.6;2390
10/01/2026 8:00;AutoVI/pipe_clip;reverse_distillation;448x448;20;20;337;3;301;0.5106;0.4152;0.5992;0.0282;0.0915;0.8389;0.0247;0.8731;0.5308;321.7;2390
10/01/2026 8:10;AutoVI/tank_screw;reverse_distillation;448x448;20;20;413;3;301;0.4797;0.2257;0.374;0.0526;0.0842;0.8661;0.0037;0.9224;0.643;421.4;2390
10/01/2026 8:31;mvtec_loco_AD/breakfast_box;reverse_distillation;448x448;20;20;275;3;301;0.6031;0.7766;0.7723;0.2832;0.3815;0.7871;0.2058;0.7758;0.5452;1058.6;2390
10/01/2026 8:44;mvtec_loco_AD/juice_bottle;reverse_distillation;448x448;20;20;330;3;301;0.7299;0.8922;0.8339;0.4703;0.4958;0.4438;0.0788;0.41;0.3044;632.1;2390
10/01/2026 9:01;mvtec_loco_AD/pushpins;reverse_distillation;448x448;20;20;310;3;301;0.6453;0.7126;0.7207;0.1686;0.2442;0.5895;0.0613;0.7051;0.4765;808.9;2390
10/01/2026 9:19;mvtec_loco_AD/screw_bag;reverse_distillation;448x448;20;20;341;3;301;0.5073;0.6921;0.7821;0.1233;0.2009;0.5109;0.0699;0.5841;0.3958;883.9;2390
10/01/2026 9:35;mvtec_loco_AD/splicing_connectors;reverse_distillation;448x448;20;20;312;3;301;0.698;0.8154;0.7644;0.3264;0.4145;0.5589;0.1379;0.8891;0.5717;774.4;2390
10/01/2026 9:43;VisA/candle;reverse_distillation;448x448;20;20;200;3;301;0.6127;0.6035;0.6912;0.13;0.18;0.9256;0.0536;0.9742;0.8417;377.9;2390
10/01/2026 9:51;VisA/capsules;reverse_distillation;448x448;20;20;160;3;301;0.9268;0.9534;0.8986;0.75;0.79;0.989;0.5787;0.9997;0.9637;375.7;2390
10/01/2026 9:59;VisA/cashew;reverse_distillation;448x448;20;20;150;3;301;0.8784;0.9485;0.8557;0.73;0.78;0.7597;0.2448;0.901;0.7599;426.7;2390
10/01/2026 10:08;VisA/chewinggum;reverse_distillation;448x448;20;20;150;3;301;0.9514;0.9782;0.9043;0.84;0.85;0.9852;0.5553;0.8424;0.7491;414.7;2390
10/01/2026 10:17;VisA/fryum;reverse_distillation;448x448;20;20;150;3;301;0.931;0.9713;0.8995;0.82;0.85;0.9402;0.306;0.9983;0.8927;404.1;2390
10/01/2026 10:26;VisA/macaroni1;reverse_distillation;448x448;20;20;200;3;301;0.9099;0.9103;0.8416;0.53;0.7;0.9941;0.2557;0.97;0.8508;400.3;2390
10/01/2026 10:35;VisA/macaroni2;reverse_distillation;448x448;20;20;200;3;301;0.7585;0.7676;0.7333;0.27;0.36;0.9848;0.1256;0.9396;0.7949;394;2390
10/01/2026 10:44;VisA/pcb1;reverse_distillation;448x448;20;20;200;3;301;0.9309;0.9;0.9091;0.46;0.73;0.9905;0.5015;0.9903;0.9335;439.5;2390
10/01/2026 10:53;VisA/pcb2;reverse_distillation;448x448;20;20;200;3;301;0.8932;0.9029;0.8377;0.74;0.77;0.9611;0.2626;0.9673;0.8355;445.9;2390
10/01/2026 11:02;VisA/pcb3;reverse_distillation;448x448;20;20;201;3;301;0.9283;0.9277;0.8517;0.66;0.79;0.9794;0.3639;0.9968;0.8526;415.5;2390
10/01/2026 11:11;VisA/pcb4;reverse_distillation;448x448;20;20;201;3;301;0.9723;0.9645;0.9429;0.83;0.98;0.9502;0.1825;0.9937;0.8861;424;2390
10/01/2026 11:20;VisA/pipe_fryum;reverse_distillation;448x448;20;20;150;3;301;0.5398;0.7446;0.8032;0.18;0.21;0.7241;0.1054;0.7001;0.4735;394.2;2390
10/01/2026 11:29;mvtec_AD/bottle;reverse_distillation;448x448;20;20;83;4;301;0.9897;0.9973;0.992;0.9841;0.9841;0.9464;0.6868;0.9791;0.8922;494.7;2390
10/01/2026 11:41;mvtec_AD/cable;reverse_distillation;448x448;20;20;150;4;301;0.8366;0.9085;0.8155;0.5978;0.663;0.9127;0.5062;0.945;0.8004;688.1;2390
10/01/2026 11:54;mvtec_AD/capsule;reverse_distillation;448x448;20;20;132;4;301;0.9234;0.9834;0.9339;0.7248;0.8349;0.9597;0.4082;0.9661;0.8687;662.8;2390
10/01/2026 12:06;mvtec_AD/carpet;reverse_distillation;448x448;20;20;117;4;301;0.9454;0.9847;0.9357;0.8539;0.8989;0.988;0.5926;0.9945;0.8732;654.5;2390
10/01/2026 12:14;mvtec_AD/grid;reverse_distillation;448x448;20;20;78;4;301;0.9749;0.9916;0.9558;0.8947;0.9474;0.9924;0.5218;0.9995;0.9589;438;2390
10/01/2026 12:26;mvtec_AD/hazelnut;reverse_distillation;448x448;20;20;110;4;301;0.9629;0.9828;0.9481;0.9143;0.9143;0.9285;0.3998;0.9182;0.85;640.6;2390
10/01/2026 12:37;mvtec_AD/leather;reverse_distillation;448x448;20;20;124;4;301;0.9918;0.9971;0.984;0.9348;1;0.9909;0.4744;0.9992;0.9777;601.6;2390
10/01/2026 12:45;mvtec_AD/metal_nut;reverse_distillation;448x448;20;20;115;4;301;0.8084;0.9507;0.902;0.4839;0.5484;0.7732;0.2449;0.9433;0.7107;426.6;2390
10/01/2026 12:55;mvtec_AD/pill;reverse_distillation;448x448;20;20;167;4;301;0.2951;0.752;0.9156;0.0142;0.0213;0.7477;0.0655;0.8996;0.4827;500.7;2390
10/01/2026 13:04;mvtec_AD/screw;reverse_distillation;448x448;20;20;160;4;301;0.7819;0.9055;0.8613;0.2353;0.5546;0.9855;0.298;0.9977;0.8439;490.3;2390
10/01/2026 13:15;mvtec_AD/tile;reverse_distillation;448x448;20;20;117;4;301;0.9683;0.9885;0.9405;0.869;0.869;0.9215;0.4378;0.9837;0.8615;550.6;2390
10/01/2026 13:26;mvtec_AD/toothbrush;reverse_distillation;448x448;20;20;42;4;301;0.9667;0.9874;0.9375;0.8667;0.8667;0.943;0.3362;0.9275;0.8056;649.3;2390
10/01/2026 13:38;mvtec_AD/transistor;reverse_distillation;448x448;20;20;100;4;301;0.9454;0.9521;0.9067;0.85;0.925;0.7614;0.3353;0.7575;0.6644;682;2390
10/01/2026 13:50;mvtec_AD/wood;reverse_distillation;448x448;20;20;79;4;301;0.9877;0.9965;0.9748;0.95;0.9667;0.9441;0.5367;0.9901;0.917;663.3;2390
10/01/2026 13:59;mvtec_AD/zipper;reverse_distillation;448x448;20;20;151;4;301;0.9068;0.9719;0.9256;0.5546;0.7395;0.9521;0.471;0.9886;0.9001;425.3;2390
10/01/2026 14:08;AutoVI/underbody_pipes;reverse_distillation;448x448;20;20;344;4;301;0.9797;0.9835;0.9405;0.9126;0.9508;0.9568;0.4;0.9991;0.9445;435.6;2390
10/01/2026 14:19;AutoVI/underbody_screw;reverse_distillation;448x448;20;20;392;4;301;0.8359;0.1253;0.26;0.0556;0.2222;0.9958;0.0443;1;0.9794;484.1;2390
10/01/2026 14:28;AutoVI/engine_wiring;reverse_distillation;448x448;20;20;574;4;301;0.5959;0.6205;0.6745;0.1384;0.2007;0.8328;0.1067;0.8969;0.5584;309.2;2390
10/01/2026 14:36;AutoVI/pipe_clip;reverse_distillation;448x448;20;20;337;4;301;0.5434;0.4455;0.6039;0.0352;0.0775;0.8452;0.0257;0.8866;0.5275;338.5;2390
10/01/2026 14:46;AutoVI/tank_screw;reverse_distillation;448x448;20;20;413;4;301;0.4061;0.1861;0.3768;0.0211;0.0421;0.9107;0.0061;0.9629;0.7145;447.2;2390
10/01/2026 15:07;mvtec_loco_AD/breakfast_box;reverse_distillation;448x448;20;20;275;4;301;0.58;0.7553;0.7723;0.2312;0.2601;0.782;0.196;0.771;0.5293;1059.1;2390
10/01/2026 15:20;mvtec_loco_AD/juice_bottle;reverse_distillation;448x448;20;20;330;4;301;0.7068;0.8811;0.8339;0.4237;0.4746;0.4187;0.0705;0.3888;0.3029;631.2;2390
10/01/2026 15:36;mvtec_loco_AD/pushpins;reverse_distillation;448x448;20;20;310;4;301;0.6341;0.7176;0.7152;0.2035;0.2733;0.5684;0.0593;0.684;0.4894;809.5;2390
10/01/2026 15:54;mvtec_loco_AD/screw_bag;reverse_distillation;448x448;20;20;341;4;301;0.5198;0.7097;0.7821;0.137;0.2009;0.4991;0.069;0.5683;0.3714;884.6;2390
10/01/2026 16:10;mvtec_loco_AD/splicing_connectors;reverse_distillation;448x448;20;20;312;4;301;0.7285;0.8436;0.7644;0.4197;0.4663;0.5572;0.1406;0.8917;0.5997;764.3;2390
10/01/2026 16:18;VisA/candle;reverse_distillation;448x448;20;20;200;4;301;0.6076;0.612;0.6791;0.11;0.18;0.9218;0.0494;0.9701;0.8538;361.4;2390
10/01/2026 16:26;VisA/capsules;reverse_distillation;448x448;20;20;160;4;301;0.9077;0.9322;0.8824;0.74;0.81;0.9889;0.5348;0.9992;0.8895;389.3;2390
10/01/2026 16:34;VisA/cashew;reverse_distillation;448x448;20;20;150;4;301;0.8608;0.9404;0.8497;0.64;0.73;0.7423;0.2378;0.8862;0.7822;392.5;2390
10/01/2026 16:42;VisA/chewinggum;reverse_distillation;448x448;20;20;150;4;301;0.957;0.9825;0.943;0.91;0.91;0.9844;0.5236;0.8305;0.6989;378.8;2390
10/01/2026 16:51;VisA/fryum;reverse_distillation;448x448;20;20;150;4;301;0.9414;0.9761;0.9198;0.86;0.88;0.9392;0.2995;0.9983;0.8716;401.6;2390
10/01/2026 17:00;VisA/macaroni1;reverse_distillation;448x448;20;20;200;4;301;0.8792;0.8891;0.812;0.49;0.65;0.9947;0.2351;0.9713;0.8826;399.2;2390
10/01/2026 17:09;VisA/macaroni2;reverse_distillation;448x448;20;20;200;4;301;0.7745;0.8016;0.736;0.38;0.49;0.9854;0.1278;0.9487;0.7547;419.5;2390
10/01/2026 17:18;VisA/pcb1;reverse_distillation;448x448;20;20;200;4;301;0.8949;0.872;0.8448;0.41;0.58;0.9778;0.301;0.9922;0.959;406.1;2390
10/01/2026 17:27;VisA/pcb2;reverse_distillation;448x448;20;20;200;4;301;0.91;0.9093;0.866;0.72;0.84;0.9643;0.2838;0.9733;0.8587;428.9;2390
10/01/2026 17:35;VisA/pcb3;reverse_distillation;448x448;20;20;201;4;301;0.9464;0.9446;0.9048;0.68;0.85;0.9814;0.3942;0.9946;0.8698;387.5;2390
10/01/2026 17:44;VisA/pcb4;reverse_distillation;448x448;20;20;201;4;301;0.9872;0.9863;0.9458;0.94;0.98;0.9421;0.2297;0.9838;0.793;399.4;2390
10/01/2026 17:53;VisA/pipe_fryum;reverse_distillation;448x448;20;20;150;4;301;0.5788;0.7783;0.8032;0.25;0.27;0.7183;0.094;0.7287;0.4917;390.2;2390
10/01/2026 18:02;mvtec_AD/bottle;reverse_distillation;448x448;50;50;83;0;117;0.9905;0.9973;0.9841;0.9841;0.9841;0.9287;0.6385;0.9732;0.8978;480.4;2390
10/01/2026 18:14;mvtec_AD/cable;reverse_distillation;448x448;50;50;150;0;117;0.7584;0.8702;0.7759;0.4565;0.587;0.9077;0.5067;0.938;0.7805;670.8;2393
10/01/2026 18:26;mvtec_AD/capsule;reverse_distillation;448x448;50;50;132;0;117;0.9202;0.9833;0.9391;0.7615;0.8165;0.9612;0.3749;0.9881;0.9264;650.5;2393
10/01/2026 18:38;mvtec_AD/carpet;reverse_distillation;448x448;50;50;117;0;117;0.9615;0.9895;0.9535;0.9213;0.9213;0.9892;0.5904;0.9953;0.8983;637.1;2393
10/01/2026 18:46;mvtec_AD/grid;reverse_distillation;448x448;50;50;78;0;117;0.9841;0.9949;0.9655;0.9474;0.9649;0.9943;0.524;0.9999;0.9447;427.7;2393
10/01/2026 18:57;mvtec_AD/hazelnut;reverse_distillation;448x448;50;50;110;0;117;0.8864;0.937;0.8784;0.6286;0.6571;0.9121;0.3151;0.9041;0.7627;621.8;2393
10/01/2026 19:08;mvtec_AD/leather;reverse_distillation;448x448;50;50;124;0;117;0.9963;0.9986;0.9946;1;1;0.9909;0.4742;0.9986;0.9446;592.6;2393
10/01/2026 19:16;mvtec_AD/metal_nut;reverse_distillation;448x448;50;50;115;0;117;0.696;0.9118;0.8986;0.2903;0.3333;0.7825;0.251;0.9488;0.6813;418.5;2393
10/01/2026 19:26;mvtec_AD/pill;reverse_distillation;448x448;50;50;167;0;117;0.3167;0.7748;0.9156;0.0071;0.0142;0.7336;0.059;0.7967;0.3615;478.9;2393
10/01/2026 19:35;mvtec_AD/screw;reverse_distillation;448x448;50;50;160;0;117;0.7426;0.9094;0.8561;0.479;0.5042;0.9897;0.4515;0.9956;0.8519;438.3;2393
10/01/2026 19:45;mvtec_AD/tile;reverse_distillation;448x448;50;50;117;0;117;0.9755;0.9904;0.9535;0.7976;0.9167;0.9285;0.4535;0.9747;0.8307;534.6;2393
10/01/2026 19:56;mvtec_AD/toothbrush;reverse_distillation;448x448;50;50;42;0;117;0.9528;0.9812;0.9524;0.7667;0.8333;0.8983;0.2087;0.8844;0.6874;629.7;2393
10/01/2026 20:07;mvtec_AD/transistor;reverse_distillation;448x448;50;50;100;0;117;0.9283;0.9332;0.8642;0.775;0.875;0.7567;0.3194;0.7511;0.6339;662.7;2393
10/01/2026 20:19;mvtec_AD/wood;reverse_distillation;448x448;50;50;79;0;117;0.9851;0.9957;0.9744;0.95;0.95;0.9474;0.5385;0.9927;0.9531;667.9;2393
10/01/2026 20:28;mvtec_AD/zipper;reverse_distillation;448x448;50;50;151;0;117;0.9467;0.9851;0.9431;0.6975;0.8151;0.9577;0.4828;0.9946;0.8752;420.5;2393
10/01/2026 20:38;AutoVI/underbody_pipes;reverse_distillation;448x448;50;50;344;0;117;0.9798;0.9834;0.9438;0.929;0.9399;0.9668;0.3822;0.9996;0.9379;423.4;2393
10/01/2026 20:47;AutoVI/underbody_screw;reverse_distillation;448x448;50;50;392;0;117;0.8899;0.2912;0.3684;0.3889;0.5;0.9978;0.1175;1;0.9574;437;2393
10/01/2026 20:56;AutoVI/engine_wiring;reverse_distillation;448x448;50;50;574;0;117;0.5771;0.5727;0.6832;0.0727;0.1557;0.8611;0.1034;0.8824;0.5652;282.8;2393
10/01/2026 21:04;AutoVI/pipe_clip;reverse_distillation;448x448;50;50;337;0;117;0.5821;0.4769;0.6269;0.0423;0.1056;0.8694;0.0334;0.9136;0.5853;309.2;2393
10/01/2026 21:14;AutoVI/tank_screw;reverse_distillation;448x448;50;50;413;0;117;0.5176;0.2348;0.3785;0.0211;0.0632;0.8951;0.005;0.953;0.6824;434.5;2393
10/01/2026 21:34;mvtec_loco_AD/breakfast_box;reverse_distillation;448x448;50;50;275;0;117;0.4866;0.6672;0.774;0.1445;0.1503;0.7799;0.1975;0.7742;0.523;1043.3;2393
10/01/2026 21:48;mvtec_loco_AD/juice_bottle;reverse_distillation;448x448;50;50;330;0;117;0.5865;0.8147;0.8339;0.2627;0.3136;0.3815;0.0521;0.307;0.2248;615.5;2393
10/01/2026 22:03;mvtec_loco_AD/pushpins;reverse_distillation;448x448;50;50;310;0;117;0.6059;0.6792;0.7137;0.1221;0.2209;0.5959;0.0555;0.6503;0.4017;778.5;2393
10/01/2026 22:19;mvtec_loco_AD/screw_bag;reverse_distillation;448x448;50;50;341;0;117;0.4594;0.6393;0.7821;0.0959;0.1187;0.4839;0.0655;0.5192;0.3307;812.8;2393
10/01/2026 22:35;mvtec_loco_AD/splicing_connectors;reverse_distillation;448x448;50;50;312;0;117;0.7583;0.8157;0.7955;0.1192;0.456;0.569;0.1399;0.8889;0.5766;750.7;2393
10/01/2026 22:43;VisA/candle;reverse_distillation;448x448;50;50;200;0;117;0.5513;0.5706;0.6762;0.15;0.15;0.9141;0.0272;0.9714;0.8461;356.5;2393
10/01/2026 22:50;VisA/capsules;reverse_distillation;448x448;50;50;160;0;117;0.9295;0.9497;0.902;0.73;0.86;0.9919;0.5739;0.9998;0.8949;378.2;2393
10/01/2026 22:58;VisA/cashew;reverse_distillation;448x448;50;50;150;0;117;0.7908;0.9098;0.8033;0.62;0.67;0.7566;0.2441;0.8665;0.7599;394.9;2393
10/01/2026 23:07;VisA/chewinggum;reverse_distillation;448x448;50;50;150;0;117;0.9296;0.9691;0.8922;0.78;0.82;0.9824;0.4968;0.8013;0.6934;380.3;2393
10/01/2026 23:15;VisA/fryum;reverse_distillation;448x448;50;50;150;0;117;0.9684;0.9862;0.9418;0.89;0.91;0.9456;0.3385;0.9983;0.9108;406.6;2393
10/01/2026 23:24;VisA/macaroni1;reverse_distillation;448x448;50;50;200;0;117;0.9587;0.9602;0.89;0.74;0.86;0.9956;0.2873;0.9824;0.8269;408.2;2393
10/01/2026 23:33;VisA/macaroni2;reverse_distillation;448x448;50;50;200;0;117;0.8569;0.8808;0.7864;0.6;0.62;0.9888;0.1764;0.949;0.7767;396.9;2393
10/01/2026 23:42;VisA/pcb1;reverse_distillation;448x448;50;50;200;0;117;0.9351;0.9135;0.902;0.63;0.89;0.9909;0.5719;0.987;0.8629;422.3;2393
10/01/2026 23:50;VisA/pcb2;reverse_distillation;448x448;50;50;200;0;117;0.9203;0.9239;0.8673;0.77;0.83;0.9634;0.2459;0.9708;0.9019;381.9;2393
10/01/2026 23:58;VisA/pcb3;reverse_distillation;448x448;50;50;201;0;117;0.9674;0.9714;0.9192;0.87;0.91;0.9831;0.3656;0.9982;0.931;382;2393
11/01/2026 0:07;VisA/pcb4;reverse_distillation;448x448;50;50;201;0;117;0.9923;0.9911;0.9709;0.99;1;0.9482;0.2265;0.9957;0.8919;394.9;2393
11/01/2026 0:16;VisA/pipe_fryum;reverse_distillation;448x448;50;50;150;0;117;0.4272;0.687;0.8032;0.15;0.15;0.6887;0.0685;0.5985;0.4075;408.7;2393
11/01/2026 0:24;mvtec_AD/bottle;reverse_distillation;448x448;50;50;83;1;117;0.9976;0.9993;0.992;0.9841;0.9841;0.9253;0.6295;0.9672;0.8542;488.4;2393
11/01/2026 0:37;mvtec_AD/cable;reverse_distillation;448x448;50;50;150;1;117;0.807;0.8906;0.7914;0.4783;0.5435;0.9095;0.505;0.9408;0.7744;662.9;2393
11/01/2026 0:49;mvtec_AD/capsule;reverse_distillation;448x448;50;50;132;1;117;0.935;0.9867;0.9395;0.7982;0.8807;0.9648;0.3852;0.9887;0.8986;648.9;2393
11/01/2026 1:01;mvtec_AD/carpet;reverse_distillation;448x448;50;50;117;1;117;0.9555;0.9878;0.9535;0.9213;0.9213;0.9884;0.5887;0.9937;0.8929;632.5;2393
11/01/2026 1:08;mvtec_AD/grid;reverse_distillation;448x448;50;50;78;1;117;0.9916;0.9973;0.9825;0.9825;0.9825;0.995;0.5631;1;0.9342;429;2393
11/01/2026 1:20;mvtec_AD/hazelnut;reverse_distillation;448x448;50;50;110;1;117;0.905;0.9553;0.8806;0.7571;0.7571;0.9129;0.3425;0.9105;0.7798;620.3;2393
11/01/2026 1:31;mvtec_AD/leather;reverse_distillation;448x448;50;50;124;1;117;0.998;0.9993;0.9892;0.9891;1;0.9922;0.4767;0.9995;0.9857;586.3;2393
11/01/2026 1:39;mvtec_AD/metal_nut;reverse_distillation;448x448;50;50;115;1;117;0.7488;0.9281;0.9064;0.4194;0.4946;0.7475;0.2142;0.9353;0.6494;418.8;2393
11/01/2026 1:48;mvtec_AD/pill;reverse_distillation;448x448;50;50;167;1;117;0.3287;0.7821;0.9156;0.0142;0.0142;0.7375;0.0598;0.8286;0.3809;483.7;2393
11/01/2026 1:57;mvtec_AD/screw;reverse_distillation;448x448;50;50;160;1;117;0.7643;0.9216;0.8551;0.5714;0.5966;0.9911;0.4821;0.9981;0.896;435.4;2393
11/01/2026 2:07;mvtec_AD/tile;reverse_distillation;448x448;50;50;117;1;117;0.9805;0.9928;0.9651;0.9167;0.9405;0.9323;0.4546;0.9791;0.8613;531.6;2393
11/01/2026 2:18;mvtec_AD/toothbrush;reverse_distillation;448x448;50;50;42;1;117;0.9472;0.9794;0.9333;0.7;0.9;0.9011;0.2198;0.8752;0.6428;625.9;2393
11/01/2026 2:30;mvtec_AD/transistor;reverse_distillation;448x448;50;50;100;1;117;0.8933;0.8854;0.8;0.65;0.75;0.7548;0.3119;0.7407;0.6138;664.3;2393
11/01/2026 2:42;mvtec_AD/wood;reverse_distillation;448x448;50;50;79;1;117;0.9895;0.9969;0.9744;0.95;0.95;0.9497;0.5372;0.9943;0.8681;662.9;2393
11/01/2026 2:50;mvtec_AD/zipper;reverse_distillation;448x448;50;50;151;1;117;0.9372;0.9828;0.9431;0.7143;0.7983;0.9586;0.459;0.9951;0.8221;415.1;2393
11/01/2026 3:00;AutoVI/underbody_pipes;reverse_distillation;448x448;50;50;344;1;117;0.9804;0.9847;0.9344;0.8798;0.9454;0.9657;0.3787;0.9994;0.9112;421.4;2393
11/01/2026 3:10;AutoVI/underbody_screw;reverse_distillation;448x448;50;50;392;1;117;0.9122;0.321;0.4231;0.4444;0.6667;0.9976;0.1429;1;0.9906;449.7;2393
11/01/2026 3:19;AutoVI/engine_wiring;reverse_distillation;448x448;50;50;574;1;117;0.5676;0.5695;0.6776;0.0692;0.1349;0.8522;0.093;0.8907;0.5702;280.4;2393
11/01/2026 3:26;AutoVI/pipe_clip;reverse_distillation;448x448;50;50;337;1;117;0.6228;0.496;0.6486;0.0563;0.1549;0.8643;0.0329;0.9057;0.5827;306.5;2393
11/01/2026 3:37;AutoVI/tank_screw;reverse_distillation;448x448;50;50;413;1;117;0.444;0.2012;0.3765;0;0.0421;0.8963;0.0052;0.945;0.6908;450.3;2393
11/01/2026 3:57;mvtec_loco_AD/breakfast_box;reverse_distillation;448x448;50;50;275;1;117;0.5094;0.6824;0.7723;0.1445;0.1676;0.786;0.2159;0.768;0.5404;1027.4;2393
11/01/2026 4:10;mvtec_loco_AD/juice_bottle;reverse_distillation;448x448;50;50;330;1;117;0.6017;0.8207;0.8339;0.2034;0.3008;0.3908;0.0572;0.3074;0.2219;613.4;2393
11/01/2026 4:26;mvtec_loco_AD/pushpins;reverse_distillation;448x448;50;50;310;1;117;0.6092;0.6854;0.7155;0.1512;0.2093;0.6042;0.058;0.6407;0.3784;778.6;2393
11/01/2026 4:43;mvtec_loco_AD/screw_bag;reverse_distillation;448x448;50;50;341;1;117;0.4653;0.6256;0.7821;0.0365;0.0685;0.4745;0.0643;0.5196;0.3239;834.2;2393
11/01/2026 4:59;mvtec_loco_AD/splicing_connectors;reverse_distillation;448x448;50;50;312;1;117;0.7451;0.8579;0.7644;0.4145;0.5285;0.5697;0.1459;0.8895;0.6133;761.8;2393
11/01/2026 5:07;VisA/candle;reverse_distillation;448x448;50;50;200;1;117;0.5914;0.5937;0.6743;0.1;0.15;0.9118;0.0282;0.9658;0.8093;366.3;2393
11/01/2026 5:15;VisA/capsules;reverse_distillation;448x448;50;50;160;1;117;0.9278;0.9524;0.8976;0.75;0.84;0.9914;0.5793;0.9991;0.8647;365.4;2393
11/01/2026 5:23;VisA/cashew;reverse_distillation;448x448;50;50;150;1;117;0.8276;0.9257;0.8197;0.62;0.67;0.7887;0.274;0.9029;0.7451;429;2393
11/01/2026 5:32;VisA/chewinggum;reverse_distillation;448x448;50;50;150;1;117;0.9354;0.972;0.9239;0.81;0.86;0.9834;0.4934;0.8175;0.6486;393.2;2393
11/01/2026 5:41;VisA/fryum;reverse_distillation;448x448;50;50;150;1;117;0.972;0.9876;0.9485;0.92;0.92;0.9456;0.3281;0.9984;0.9123;414.7;2393
11/01/2026 5:50;VisA/macaroni1;reverse_distillation;448x448;50;50;200;1;117;0.9492;0.9483;0.8839;0.68;0.82;0.9956;0.2739;0.9793;0.8344;382.6;2393
11/01/2026 5:58;VisA/macaroni2;reverse_distillation;448x448;50;50;200;1;117;0.8562;0.8727;0.786;0.53;0.62;0.9855;0.1686;0.9378;0.7541;383.2;2393
11/01/2026 6:07;VisA/pcb1;reverse_distillation;448x448;50;50;200;1;117;0.9485;0.9262;0.9208;0.6;0.93;0.9911;0.5688;0.9869;0.8188;394.9;2393
11/01/2026 6:15;VisA/pcb2;reverse_distillation;448x448;50;50;200;1;117;0.9054;0.9012;0.8513;0.68;0.78;0.9619;0.2312;0.9743;0.8814;385.6;2393
11/01/2026 6:23;VisA/pcb3;reverse_distillation;448x448;50;50;201;1;117;0.9394;0.9494;0.8844;0.81;0.86;0.982;0.388;0.9977;0.9135;387.7;2393
11/01/2026 6:32;VisA/pcb4;reverse_distillation;448x448;50;50;201;1;117;0.9907;0.9899;0.9655;0.98;1;0.944;0.2324;0.9836;0.8025;415.9;2393
11/01/2026 6:41;VisA/pipe_fryum;reverse_distillation;448x448;50;50;150;1;117;0.4426;0.6883;0.8032;0.12;0.13;0.6701;0.0649;0.6106;0.3821;380.7;2393
11/01/2026 6:50;mvtec_AD/bottle;reverse_distillation;448x448;50;50;83;2;117;0.9929;0.9979;0.9841;0.9841;0.9841;0.9264;0.6285;0.9713;0.8725;479.2;2393
11/01/2026 7:02;mvtec_AD/cable;reverse_distillation;448x448;50;50;150;2;117;0.8295;0.9076;0.8045;0.587;0.6848;0.9124;0.5359;0.9432;0.7934;668.6;2393
11/01/2026 7:14;mvtec_AD/capsule;reverse_distillation;448x448;50;50;132;2;117;0.9581;0.9916;0.9537;0.8991;0.8991;0.9625;0.3922;0.9797;0.8931;642.5;2393
11/01/2026 7:26;mvtec_AD/carpet;reverse_distillation;448x448;50;50;117;2;117;0.9535;0.9874;0.9425;0.8989;0.8989;0.989;0.5879;0.9964;0.9184;639.9;2393
11/01/2026 7:34;mvtec_AD/grid;reverse_distillation;448x448;50;50;78;2;117;0.9816;0.9942;0.9649;0.9474;0.9649;0.9948;0.5456;1;0.9751;426.2;2393
11/01/2026 7:45;mvtec_AD/hazelnut;reverse_distillation;448x448;50;50;110;2;117;0.8996;0.9489;0.8627;0.7286;0.7571;0.9106;0.302;0.9088;0.748;616.2;2393
11/01/2026 7:56;mvtec_AD/leather;reverse_distillation;448x448;50;50;124;2;117;0.7891;0.9193;0.8738;0.4239;0.5326;0.9891;0.4209;0.9991;0.8787;582.6;2393
11/01/2026 8:04;mvtec_AD/metal_nut;reverse_distillation;448x448;50;50;115;2;117;0.6613;0.9089;0.8942;0.3548;0.4516;0.7516;0.2118;0.9402;0.6503;414;2393
11/01/2026 8:14;mvtec_AD/pill;reverse_distillation;448x448;50;50;167;2;117;0.2905;0.7722;0.9156;0.0142;0.0142;0.7235;0.0571;0.8214;0.3831;484.3;2393
11/01/2026 8:22;mvtec_AD/screw;reverse_distillation;448x448;50;50;160;2;117;0.7672;0.9226;0.8592;0.563;0.5798;0.9894;0.4551;0.9976;0.8501;436.4;2393
11/01/2026 8:32;mvtec_AD/tile;reverse_distillation;448x448;50;50;117;2;117;0.9701;0.989;0.9375;0.8929;0.8929;0.9325;0.4523;0.9919;0.873;530.1;2393
11/01/2026 8:43;mvtec_AD/toothbrush;reverse_distillation;448x448;50;50;42;2;117;0.9083;0.9661;0.9153;0.7;0.7333;0.8973;0.2285;0.861;0.6756;631.7;2393
11/01/2026 8:56;mvtec_AD/transistor;reverse_distillation;448x448;50;50;100;2;117;0.9392;0.9382;0.9114;0.9;0.9;0.7576;0.3254;0.7493;0.6338;696.9;2393
11/01/2026 9:08;mvtec_AD/wood;reverse_distillation;448x448;50;50;79;2;117;0.9912;0.9974;0.9831;0.9667;0.9667;0.9459;0.5386;0.99;0.8939;661.7;2393
11/01/2026 9:16;mvtec_AD/zipper;reverse_distillation;448x448;50;50;151;2;117;0.9525;0.9878;0.9372;0.8655;0.8824;0.9567;0.4598;0.9954;0.8541;417.4;2393
11/01/2026 9:26;AutoVI/underbody_pipes;reverse_distillation;448x448;50;50;344;2;117;0.9817;0.9833;0.9425;0.8962;0.9508;0.9706;0.3681;0.9998;0.903;421.1;2393
11/01/2026 9:35;AutoVI/underbody_screw;reverse_distillation;448x448;50;50;392;2;117;0.9453;0.5151;0.5625;0.6667;0.7778;0.9978;0.2086;1;0.9175;436.9;2393
11/01/2026 9:44;AutoVI/engine_wiring;reverse_distillation;448x448;50;50;574;2;117;0.5882;0.5814;0.6813;0.0796;0.1972;0.8544;0.1094;0.8963;0.5789;291;2393
11/01/2026 9:52;AutoVI/pipe_clip;reverse_distillation;448x448;50;50;337;2;117;0.5811;0.4737;0.6347;0.0634;0.0986;0.8642;0.0314;0.9063;0.5728;335.3;2393
11/01/2026 10:03;AutoVI/tank_screw;reverse_distillation;448x448;50;50;413;2;117;0.4673;0.2096;0.377;0.0105;0.0421;0.8892;0.005;0.9344;0.6399;432.6;2393
11/01/2026 10:23;mvtec_loco_AD/breakfast_box;reverse_distillation;448x448;50;50;275;2;117;0.5423;0.7119;0.7723;0.185;0.2081;0.7874;0.2223;0.7698;0.5224;1026.3;2393
11/01/2026 10:36;mvtec_loco_AD/juice_bottle;reverse_distillation;448x448;50;50;330;2;117;0.5954;0.814;0.8339;0.1907;0.2669;0.3852;0.0556;0.3184;0.2394;613;2393
11/01/2026 10:52;mvtec_loco_AD/pushpins;reverse_distillation;448x448;50;50;310;2;117;0.5835;0.6444;0.7137;0.0756;0.1686;0.5956;0.0544;0.6286;0.3643;781.2;2393
11/01/2026 11:08;mvtec_loco_AD/screw_bag;reverse_distillation;448x448;50;50;341;2;117;0.4667;0.659;0.7821;0.0822;0.1324;0.4747;0.0643;0.5445;0.3476;814.1;2393
11/01/2026 11:24;mvtec_loco_AD/splicing_connectors;reverse_distillation;448x448;50;50;312;2;117;0.7626;0.8742;0.7644;0.513;0.5544;0.5528;0.1434;0.89;0.5789;743.4;2393
11/01/2026 11:32;VisA/candle;reverse_distillation;448x448;50;50;200;2;117;0.5694;0.5748;0.6713;0.07;0.14;0.9199;0.0285;0.9715;0.7543;370.3;2393
11/01/2026 11:39;VisA/capsules;reverse_distillation;448x448;50;50;160;2;117;0.9245;0.9398;0.9146;0.64;0.84;0.9923;0.5643;1;0.8929;373.6;2393
11/01/2026 11:47;VisA/cashew;reverse_distillation;448x448;50;50;150;2;117;0.84;0.9346;0.8362;0.71;0.75;0.7684;0.2562;0.9104;0.806;435.4;2393
11/01/2026 11:56;VisA/chewinggum;reverse_distillation;448x448;50;50;150;2;117;0.9352;0.9713;0.911;0.84;0.87;0.9827;0.506;0.8167;0.6415;396.4;2393
11/01/2026 12:04;VisA/fryum;reverse_distillation;448x448;50;50;150;2;117;0.9698;0.9866;0.932;0.87;0.89;0.9459;0.3316;0.9984;0.9044;384.6;2393
11/01/2026 12:13;VisA/macaroni1;reverse_distillation;448x448;50;50;200;2;117;0.9582;0.9598;0.893;0.74;0.85;0.9965;0.2944;0.9868;0.8882;390.9;2393
11/01/2026 12:22;VisA/macaroni2;reverse_distillation;448x448;50;50;200;2;117;0.8417;0.8626;0.7662;0.57;0.6;0.9885;0.1763;0.9453;0.7872;387.4;2393
11/01/2026 12:31;VisA/pcb1;reverse_distillation;448x448;50;50;200;2;117;0.94;0.9092;0.9231;0.61;0.92;0.9899;0.5687;0.9842;0.8182;410.4;2393
11/01/2026 12:40;VisA/pcb2;reverse_distillation;448x448;50;50;200;2;117;0.9217;0.9095;0.8528;0.65;0.8;0.9638;0.2362;0.9753;0.9154;419.9;2393
11/01/2026 12:48;VisA/pcb3;reverse_distillation;448x448;50;50;201;2;117;0.9489;0.9529;0.875;0.79;0.85;0.9834;0.3573;0.9987;0.9243;387.2;2393
11/01/2026 12:56;VisA/pcb4;reverse_distillation;448x448;50;50;201;2;117;0.9928;0.9925;0.9662;0.95;1;0.9491;0.2268;0.9894;0.8599;396.8;2393
11/01/2026 13:05;VisA/pipe_fryum;reverse_distillation;448x448;50;50;150;2;117;0.431;0.6843;0.8032;0.14;0.15;0.6871;0.0713;0.5946;0.3792;382.4;2393
11/01/2026 13:14;mvtec_AD/bottle;reverse_distillation;448x448;50;50;83;3;117;0.9944;0.9983;0.9841;0.9841;0.9841;0.9279;0.6281;0.9695;0.8526;479.2;2393
11/01/2026 13:26;mvtec_AD/cable;reverse_distillation;448x448;50;50;150;3;117;0.8386;0.9094;0.8202;0.5543;0.5978;0.9161;0.5472;0.9431;0.7783;659.9;2393
11/01/2026 13:38;mvtec_AD/capsule;reverse_distillation;448x448;50;50;132;3;117;0.9553;0.9912;0.9528;0.8991;0.9266;0.9598;0.3923;0.9854;0.8876;651.3;2393
11/01/2026 13:50;mvtec_AD/carpet;reverse_distillation;448x448;50;50;117;3;117;0.9655;0.9905;0.954;0.9101;0.9326;0.9882;0.5789;0.9951;0.9085;638.2;2393
11/01/2026 13:58;mvtec_AD/grid;reverse_distillation;448x448;50;50;78;3;117;0.9883;0.996;0.9735;0.9649;0.9649;0.9946;0.4806;1;0.916;426.3;2393
11/01/2026 14:09;mvtec_AD/hazelnut;reverse_distillation;448x448;50;50;110;3;117;0.94;0.97;0.922;0.7857;0.8286;0.9151;0.3479;0.9121;0.7842;621.7;2393
11/01/2026 14:20;mvtec_AD/leather;reverse_distillation;448x448;50;50;124;3;117;0.9963;0.9986;0.9946;1;1;0.9909;0.473;0.9983;0.8684;588.3;2393
11/01/2026 14:28;mvtec_AD/metal_nut;reverse_distillation;448x448;50;50;115;3;117;0.7097;0.9178;0.8942;0.3118;0.3226;0.776;0.2433;0.9483;0.6921;419.3;2393
11/01/2026 14:38;mvtec_AD/pill;reverse_distillation;448x448;50;50;167;3;117;0.3347;0.7811;0.9156;0.0071;0.0142;0.7327;0.0586;0.8116;0.3541;480.6;2393
11/01/2026 14:46;mvtec_AD/screw;reverse_distillation;448x448;50;50;160;3;117;0.8049;0.9352;0.8603;0.5966;0.6134;0.9904;0.4786;0.9981;0.9541;438.7;2393
11/01/2026 14:56;mvtec_AD/tile;reverse_distillation;448x448;50;50;117;3;117;0.9834;0.9934;0.9655;0.881;0.9405;0.9237;0.4469;0.9739;0.8701;548.1;2393
11/01/2026 15:07;mvtec_AD/toothbrush;reverse_distillation;448x448;50;50;42;3;117;0.9528;0.9817;0.9375;0.7667;0.8667;0.8956;0.2191;0.8649;0.6532;626.9;2393
11/01/2026 15:19;mvtec_AD/transistor;reverse_distillation;448x448;50;50;100;3;117;0.9158;0.8958;0.8267;0.725;0.8;0.7544;0.3122;0.7555;0.6589;659.8;2393
11/01/2026 15:31;mvtec_AD/wood;reverse_distillation;448x448;50;50;79;3;117;0.9904;0.9972;0.9752;0.95;0.95;0.9458;0.5334;0.9913;0.89;660;2393
11/01/2026 15:39;mvtec_AD/zipper;reverse_distillation;448x448;50;50;151;3;117;0.9131;0.975;0.9295;0.6639;0.7227;0.9497;0.4063;0.9936;0.8638;416.2;2393
11/01/2026 15:49;AutoVI/underbody_pipes;reverse_distillation;448x448;50;50;344;3;117;0.9837;0.9847;0.9465;0.9126;0.9672;0.9702;0.3743;0.9994;0.8788;421.5;2393
11/01/2026 15:59;AutoVI/underbody_screw;reverse_distillation;448x448;50;50;392;3;117;0.893;0.3046;0.4118;0.4444;0.6111;0.998;0.1165;1;0.9326;439.4;2393
11/01/2026 16:08;AutoVI/engine_wiring;reverse_distillation;448x448;50;50;574;3;117;0.5406;0.5405;0.6776;0.0657;0.1073;0.8599;0.1047;0.9081;0.5922;272.2;2393
11/01/2026 16:16;AutoVI/pipe_clip;reverse_distillation;448x448;50;50;337;3;117;0.577;0.4696;0.6167;0.0775;0.1268;0.8548;0.0309;0.8758;0.5316;333.8;2393
11/01/2026 16:26;AutoVI/tank_screw;reverse_distillation;448x448;50;50;413;3;117;0.4548;0.223;0.3762;0.0526;0.1053;0.8896;0.0048;0.9366;0.63;450.7;2393
11/01/2026 16:45;mvtec_loco_AD/breakfast_box;reverse_distillation;448x448;50;50;275;3;117;0.5173;0.7016;0.7793;0.1792;0.2023;0.7864;0.2098;0.7775;0.5595;1025.9;2393
11/01/2026 16:59;mvtec_loco_AD/juice_bottle;reverse_distillation;448x448;50;50;330;3;117;0.5872;0.8127;0.8339;0.1949;0.2669;0.3909;0.0562;0.3351;0.2508;615.9;2393
11/01/2026 17:15;mvtec_loco_AD/pushpins;reverse_distillation;448x448;50;50;310;3;117;0.6115;0.6884;0.7152;0.1337;0.2384;0.6002;0.058;0.6449;0.3998;776.3;2393
11/01/2026 17:32;mvtec_loco_AD/screw_bag;reverse_distillation;448x448;50;50;341;3;117;0.5037;0.6738;0.7821;0.0822;0.1187;0.474;0.0642;0.5158;0.308;818.8;2393
11/01/2026 17:47;mvtec_loco_AD/splicing_connectors;reverse_distillation;448x448;50;50;312;3;117;0.7441;0.8646;0.7644;0.487;0.5337;0.554;0.1452;0.8879;0.5719;745.4;2393
11/01/2026 17:55;VisA/candle;reverse_distillation;448x448;50;50;200;3;117;0.5603;0.5634;0.674;0.07;0.19;0.9184;0.0292;0.9688;0.7631;347.8;2393
11/01/2026 18:03;VisA/capsules;reverse_distillation;448x448;50;50;160;3;117;0.9328;0.9601;0.9045;0.68;0.8;0.9915;0.6224;0.9996;0.9778;375.2;2393
11/01/2026 18:10;VisA/cashew;reverse_distillation;448x448;50;50;150;3;117;0.796;0.9108;0.8089;0.63;0.63;0.7409;0.2371;0.8588;0.7081;371.4;2393
11/01/2026 18:19;VisA/chewinggum;reverse_distillation;448x448;50;50;150;3;117;0.9314;0.9717;0.9101;0.85;0.86;0.9831;0.4956;0.8102;0.6879;403.9;2393
11/01/2026 18:28;VisA/fryum;reverse_distillation;448x448;50;50;150;3;117;0.9656;0.985;0.9305;0.87;0.9;0.9442;0.327;0.9983;0.8803;415.5;2393
11/01/2026 18:37;VisA/macaroni1;reverse_distillation;448x448;50;50;200;3;117;0.9542;0.9536;0.8911;0.71;0.87;0.9956;0.2786;0.9736;0.8485;393.4;2393
11/01/2026 18:45;VisA/macaroni2;reverse_distillation;448x448;50;50;200;3;117;0.8248;0.8372;0.7623;0.45;0.53;0.9882;0.1574;0.9596;0.8256;386.2;2393
11/01/2026 18:54;VisA/pcb1;reverse_distillation;448x448;50;50;200;3;117;0.923;0.8999;0.8952;0.48;0.68;0.9902;0.5463;0.987;0.9552;428.5;2393
11/01/2026 19:03;VisA/pcb2;reverse_distillation;448x448;50;50;200;3;117;0.9237;0.9329;0.8587;0.79;0.82;0.9631;0.256;0.9716;0.9192;391.8;2393
11/01/2026 19:11;VisA/pcb3;reverse_distillation;448x448;50;50;201;3;117;0.954;0.9587;0.9032;0.84;0.88;0.9853;0.3813;0.9973;0.8841;378.3;2393
11/01/2026 19:20;VisA/pcb4;reverse_distillation;448x448;50;50;201;3;117;0.99;0.989;0.9655;0.98;1;0.9502;0.2241;0.9888;0.8702;396.5;2393
11/01/2026 19:29;VisA/pipe_fryum;reverse_distillation;448x448;50;50;150;3;117;0.4494;0.6961;0.8032;0.15;0.15;0.6828;0.0717;0.5801;0.3772;395.9;2393
11/01/2026 19:37;mvtec_AD/bottle;reverse_distillation;448x448;50;50;83;4;117;0.9944;0.9984;0.992;0.9841;0.9841;0.9298;0.6362;0.9698;0.8729;479.2;2393
11/01/2026 19:50;mvtec_AD/cable;reverse_distillation;448x448;50;50;150;4;117;0.8385;0.908;0.8195;0.5435;0.5761;0.9121;0.5168;0.943;0.7813;669.8;2393
11/01/2026 20:02;mvtec_AD/capsule;reverse_distillation;448x448;50;50;132;4;117;0.9537;0.9905;0.9493;0.8807;0.8899;0.9634;0.3973;0.9866;0.901;653.4;2393
11/01/2026 20:13;mvtec_AD/carpet;reverse_distillation;448x448;50;50;117;4;117;0.9482;0.9854;0.9412;0.8989;0.8989;0.9888;0.5794;0.9969;0.9033;638.8;2393
11/01/2026 20:21;mvtec_AD/grid;reverse_distillation;448x448;50;50;78;4;117;0.9398;0.9742;0.9483;0.5439;0.8947;0.9947;0.5308;0.9999;0.8309;425.1;2393
11/01/2026 20:33;mvtec_AD/hazelnut;reverse_distillation;448x448;50;50;110;4;117;0.8546;0.9243;0.8493;0.6143;0.6714;0.9101;0.3138;0.9105;0.7793;616;2393
11/01/2026 20:44;mvtec_AD/leather;reverse_distillation;448x448;50;50;124;4;117;0.9956;0.9984;0.9891;0.9891;1;0.9913;0.4768;0.9993;0.9222;583.5;2393
11/01/2026 20:52;mvtec_AD/metal_nut;reverse_distillation;448x448;50;50;115;4;117;0.65;0.8952;0.8942;0.3118;0.3118;0.7547;0.2178;0.9394;0.6373;428.9;2393
11/01/2026 21:02;mvtec_AD/pill;reverse_distillation;448x448;50;50;167;4;117;0.3074;0.7661;0.9156;0;0.0142;0.7219;0.0565;0.8049;0.3506;484.9;2393
11/01/2026 21:10;mvtec_AD/screw;reverse_distillation;448x448;50;50;160;4;117;0.7547;0.9183;0.8582;0.5798;0.5966;0.9893;0.458;0.9984;0.8866;429.7;2393
11/01/2026 21:20;mvtec_AD/tile;reverse_distillation;448x448;50;50;117;4;117;0.9769;0.9915;0.9576;0.9167;0.9405;0.9294;0.4536;0.9906;0.8881;541.7;2393
11/01/2026 21:31;mvtec_AD/toothbrush;reverse_distillation;448x448;50;50;42;4;117;0.925;0.9708;0.9206;0.7333;0.7667;0.8997;0.2414;0.8522;0.6422;635.3;2393
11/01/2026 21:43;mvtec_AD/transistor;reverse_distillation;448x448;50;50;100;4;117;0.9342;0.9121;0.8861;0.725;0.875;0.7581;0.3187;0.7572;0.6543;664.3;2393
11/01/2026 21:55;mvtec_AD/wood;reverse_distillation;448x448;50;50;79;4;117;0.9912;0.9974;0.9752;0.95;0.9667;0.9494;0.5429;0.9927;0.8313;665.2;2393
11/01/2026 22:03;mvtec_AD/zipper;reverse_distillation;448x448;50;50;151;4;117;0.9459;0.9856;0.9356;0.7815;0.8319;0.9538;0.4455;0.9936;0.8322;417.3;2393
11/01/2026 22:13;AutoVI/underbody_pipes;reverse_distillation;448x448;50;50;344;4;117;0.99;0.9917;0.9615;0.9563;0.9781;0.9639;0.3813;0.9994;0.9368;416.2;2393
11/01/2026 22:23;AutoVI/underbody_screw;reverse_distillation;448x448;50;50;392;4;117;0.8292;0.1201;0.2769;0.1111;0.1111;0.9953;0.0438;1;0.9159;435.8;2393
11/01/2026 22:32;AutoVI/engine_wiring;reverse_distillation;448x448;50;50;574;4;117;0.5662;0.5644;0.6824;0.0727;0.1384;0.8497;0.1013;0.9087;0.5904;290.1;2393
11/01/2026 22:40;AutoVI/pipe_clip;reverse_distillation;448x448;50;50;337;4;117;0.5679;0.4516;0.6261;0.0634;0.0845;0.8599;0.0313;0.8972;0.5563;327.5;2393
11/01/2026 22:49;AutoVI/tank_screw;reverse_distillation;448x448;50;50;413;4;117;0.4448;0.2109;0.3762;0.0316;0.0737;0.8925;0.0056;0.936;0.695;422.7;2393
11/01/2026 23:10;mvtec_loco_AD/breakfast_box;reverse_distillation;448x448;50;50;275;4;117;0.4931;0.6736;0.7723;0.1445;0.1561;0.7888;0.2118;0.7826;0.5239;1039.2;2393
11/01/2026 23:23;mvtec_loco_AD/juice_bottle;reverse_distillation;448x448;50;50;330;4;117;0.5984;0.8158;0.8354;0.2119;0.2669;0.3827;0.0515;0.3121;0.2245;610.6;2393
11/01/2026 23:39;mvtec_loco_AD/pushpins;reverse_distillation;448x448;50;50;310;4;117;0.6013;0.6692;0.7152;0.1163;0.2093;0.6021;0.0584;0.6321;0.3718;777.2;2393
11/01/2026 23:56;mvtec_loco_AD/screw_bag;reverse_distillation;448x448;50;50;341;4;117;0.4537;0.6431;0.7821;0.0502;0.1096;0.4757;0.0646;0.5236;0.3218;814;2393
12/01/2026 0:12;mvtec_loco_AD/splicing_connectors;reverse_distillation;448x448;50;50;312;4;117;0.7529;0.8653;0.7644;0.4301;0.5648;0.5558;0.1449;0.8913;0.6408;745.9;2393
12/01/2026 0:20;VisA/candle;reverse_distillation;448x448;50;50;200;4;117;0.575;0.5815;0.6691;0.09;0.17;0.9178;0.0303;0.9654;0.7668;367;2393
12/01/2026 0:28;VisA/capsules;reverse_distillation;448x448;50;50;160;4;117;0.929;0.9451;0.9128;0.79;0.89;0.991;0.5492;0.9997;0.9621;379.7;2393
12/01/2026 0:36;VisA/cashew;reverse_distillation;448x448;50;50;150;4;117;0.8272;0.9234;0.823;0.62;0.63;0.7649;0.2629;0.8842;0.7815;426.3;2393
12/01/2026 0:44;VisA/chewinggum;reverse_distillation;448x448;50;50;150;4;117;0.9484;0.9793;0.9312;0.88;0.89;0.986;0.5124;0.8346;0.6802;394.1;2393
12/01/2026 0:53;VisA/fryum;reverse_distillation;448x448;50;50;150;4;117;0.97;0.9873;0.9436;0.9;0.92;0.9449;0.3289;0.9983;0.924;389.5;2393
12/01/2026 1:02;VisA/macaroni1;reverse_distillation;448x448;50;50;200;4;117;0.9505;0.949;0.89;0.64;0.83;0.9958;0.2687;0.9748;0.9052;390.4;2393
12/01/2026 1:11;VisA/macaroni2;reverse_distillation;448x448;50;50;200;4;117;0.8756;0.8916;0.787;0.61;0.66;0.9897;0.1845;0.9595;0.8028;392.4;2393
12/01/2026 1:19;VisA/pcb1;reverse_distillation;448x448;50;50;200;4;117;0.9368;0.8965;0.9151;0.53;0.92;0.9902;0.5864;0.9875;0.9058;432.1;2393
12/01/2026 1:27;VisA/pcb2;reverse_distillation;448x448;50;50;200;4;117;0.9251;0.929;0.8599;0.73;0.77;0.9653;0.2515;0.9774;0.902;403.1;2393
12/01/2026 1:36;VisA/pcb3;reverse_distillation;448x448;50;50;201;4;117;0.9741;0.9742;0.9245;0.82;0.92;0.9842;0.3788;0.9981;0.9116;406.6;2393
12/01/2026 1:45;VisA/pcb4;reverse_distillation;448x448;50;50;201;4;117;0.9928;0.9921;0.97;0.98;1;0.9439;0.2536;0.9844;0.8446;393.3;2393
12/01/2026 1:53;VisA/pipe_fryum;reverse_distillation;448x448;50;50;150;4;117;0.422;0.6753;0.8032;0.13;0.14;0.6964;0.0741;0.6326;0.4001;386.6;2393
12/01/2026 13:20;mvtec_AD/hazelnut;dinomaly;448x448;10;10;110;3;301;0.9979;0.9988;0.9857;0.9857;1;0.9868;0.725;0.9409;0.7957;772.3;5171
12/01/2026 13:32;VisA/pcb2;dinomaly;448x448;10;10;200;3;301;0.9028;0.8769;0.8458;0.56;0.78;0.9749;0.2986;0.9469;0.7663;564.1;5171
12/01/2026 13:45;VisA/pcb4;dinomaly;448x448;10;10;201;3;301;0.991;0.9903;0.9662;0.94;1;0.9608;0.2702;0.968;0.8695;550.8;5171
12/01/2026 13:58;mvtec_AD/tile;dinomaly;448x448;10;10;117;4;301;0.9982;0.9993;0.9882;0.9762;1;0.9742;0.6482;0.9997;0.9356;654.8;5171
12/01/2026 14:19;mvtec_loco_AD/splicing_connectors;dinomaly;448x448;10;10;312;4;301;0.8288;0.9119;0.8043;0.601;0.6632;0.662;0.1798;0.7254;0.4374;964.8;5171
12/01/2026 14:41;mvtec_AD/toothbrush;dinomaly;448x448;20;20;42;0;301;0.9833;0.9938;0.9667;0.9;0.9667;0.9006;0.3321;0.8198;0.6523;1284.3;5174
12/01/2026 14:50;AutoVI/underbody_screw;dinomaly;448x448;20;20;392;0;301;0.6398;0.2005;0.2963;0.2222;0.2222;0.9841;0.0102;1;0.8568;427.8;5172
12/01/2026 15:06;mvtec_loco_AD/screw_bag;dinomaly;448x448;20;20;341;0;301;0.6713;0.7759;0.7821;0.1324;0.2694;0.4645;0.0637;0.3905;0.232;789.6;5172
12/01/2026 15:14;VisA/capsules;dinomaly;448x448;20;20;160;0;301;0.9493;0.9663;0.9366;0.68;0.89;0.987;0.4748;0.9981;0.9595;378.4;5172
12/01/2026 15:22;VisA/macaroni2;dinomaly;448x448;20;20;200;0;301;0.7094;0.7044;0.7232;0.19;0.28;0.9919;0.1072;0.9774;0.902;354.2;5172
12/01/2026 15:33;mvtec_AD/capsule;dinomaly;448x448;20;20;132;1;301;0.8081;0.9573;0.9068;0.578;0.5963;0.9605;0.3673;0.999;0.8767;629.7;5172
12/01/2026 15:46;mvtec_loco_AD/juice_bottle;dinomaly;448x448;20;20;330;1;301;0.6007;0.8211;0.8339;0.2585;0.2627;0.337;0.0442;0.1825;0.1354;608.8;5172
12/01/2026 15:53;VisA/macaroni1;dinomaly;448x448;20;20;200;1;301;0.8409;0.8309;0.8072;0.39;0.49;0.982;0.1026;0.8861;0.7996;344.6;5172
12/01/2026 16:04;mvtec_AD/hazelnut;dinomaly;448x448;20;20;110;2;301;0.9936;0.9971;0.9928;0.9857;0.9857;0.9875;0.7462;0.9374;0.7764;613.7;5172
12/01/2026 16:12;mvtec_AD/zipper;dinomaly;448x448;20;20;151;2;301;0.9916;0.9982;0.9916;0.9916;0.9916;0.9779;0.5321;0.9973;0.8888;408;5172
12/01/2026 16:21;AutoVI/tank_screw;dinomaly;448x448;20;20;413;2;301;0.3775;0.1828;0.374;0.0211;0.0526;0.8723;0.003;0.9344;0.4435;387.2;5172
12/01/2026 16:29;mvtec_AD/metal_nut;dinomaly;448x448;20;20;115;3;301;1;1;1;1;1;0.947;0.7103;0.9772;0.9299;405.3;5172
12/01/2026 16:40;mvtec_AD/toothbrush;dinomaly;448x448;20;20;42;3;301;1;1;1;1;1;0.8728;0.2985;0.808;0.6638;621.4;5172
12/01/2026 16:50;AutoVI/underbody_pipes;dinomaly;448x448;20;20;344;3;301;0.9819;0.965;0.9628;0.9344;0.9891;0.9929;0.6196;1;0.9622;417.3;5172
12/01/2026 17:06;mvtec_loco_AD/pushpins;dinomaly;448x448;20;20;310;3;301;0.5848;0.6446;0.7196;0.093;0.2209;0.5753;0.032;0.2635;0.1034;798.1;5172
12/01/2026 17:14;VisA/capsules;dinomaly;448x448;20;20;160;3;301;0.9348;0.9608;0.9;0.71;0.83;0.9861;0.445;0.9976;0.8639;374.5;5172
12/01/2026 17:22;VisA/pcb2;dinomaly;448x448;20;20;200;3;301;0.9087;0.8814;0.8502;0.59;0.77;0.9826;0.3041;0.9587;0.8701;374.1;5172
12/01/2026 17:30;mvtec_AD/grid;dinomaly;448x448;20;20;78;4;301;1;1;1;1;1;0.9943;0.4537;0.9927;0.9652;432;5172
12/01/2026 17:37;mvtec_AD/metal_nut;dinomaly;448x448;20;20;115;4;301;1;1;1;1;1;0.9483;0.714;0.9766;0.9061;408.4;5172
12/01/2026 17:46;AutoVI/engine_wiring;dinomaly;448x448;20;20;574;4;301;0.6065;0.596;0.6915;0.0969;0.1696;0.8873;0.5354;0.7965;0.3736;260;5172
12/01/2026 17:54;VisA/chewinggum;dinomaly;448x448;20;20;150;4;301;0.8618;0.9387;0.8447;0.69;0.69;0.9757;0.4727;0.779;0.6488;370.8;5172
12/01/2026 18:08;mvtec_AD/bottle;dinomaly;448x448;50;50;83;0;216;1;1;1;1;1;0.9894;0.8422;0.9999;0.9531;804.5;5171
12/01/2026 18:29;mvtec_AD/capsule;dinomaly;448x448;50;50;132;0;216;0.7974;0.9524;0.9052;0.5046;0.5413;0.9559;0.3518;0.9987;0.8717;1144.9;5171
12/01/2026 18:42;mvtec_AD/grid;dinomaly;448x448;50;50;78;0;216;0.9992;0.9997;0.9913;1;1;0.9941;0.4569;0.9944;0.9678;740.3;5171
12/01/2026 18:58;mvtec_AD/tile;dinomaly;448x448;50;50;117;0;216;0.9989;0.9996;0.9882;0.9881;1;0.9762;0.6449;0.9999;0.914;928.7;5171
12/01/2026 19:18;mvtec_AD/transistor;dinomaly;448x448;50;50;100;0;216;0.9517;0.9482;0.8767;0.825;0.825;0.8678;0.4305;0.8515;0.7039;1132;5171
12/01/2026 19:38;mvtec_AD/wood;dinomaly;448x448;50;50;79;0;216;0.9807;0.9942;0.9752;0.85;0.9333;0.9579;0.6096;0.9927;0.9627;1165.4;5171
12/01/2026 19:53;AutoVI/underbody_screw;dinomaly;448x448;50;50;392;0;216;0.5251;0.192;0.3478;0.2222;0.2222;0.98;0.0081;1;0.9132;737.4;5171
12/01/2026 20:04;AutoVI/engine_wiring;dinomaly;448x448;50;50;574;0;216;0.6027;0.5979;0.6789;0.1211;0.1557;0.8777;0.5064;0.7529;0.3416;453.2;5171
12/01/2026 20:19;AutoVI/tank_screw;dinomaly;448x448;50;50;413;0;216;0.3625;0.1799;0.374;0.0105;0.0421;0.8946;0.0037;0.9569;0.4871;691;5171
12/01/2026 20:31;VisA/capsules;dinomaly;448x448;50;50;160;0;216;0.9498;0.9669;0.9238;0.79;0.9;0.9881;0.4491;0.9979;0.8502;655.2;5171
12/01/2026 20:43;VisA/cashew;dinomaly;448x448;50;50;150;0;216;0.312;0.61;0.8;0.08;0.09;0.7102;0.1629;0.707;0.4116;680.9;5171
12/01/2026 20:56;VisA/pcb2;dinomaly;448x448;50;50;200;0;216;0.9303;0.882;0.8878;0.52;0.84;0.9862;0.2905;0.9646;0.8281;651.4;5171
12/01/2026 21:15;mvtec_AD/carpet;dinomaly;448x448;50;50;117;1;216;1;1;1;1;1;0.9946;0.6794;0.9998;0.8938;1122.8;5171
12/01/2026 21:28;mvtec_AD/grid;dinomaly;448x448;50;50;78;1;216;0.9992;0.9997;0.9913;1;1;0.9944;0.4801;0.9978;0.9364;739.8;5171
12/01/2026 21:47;mvtec_AD/toothbrush;dinomaly;448x448;50;50;42;1;216;0.9889;0.9961;0.9831;0.9667;0.9667;0.8435;0.2508;0.6719;0.5399;1087.1;5171
12/01/2026 22:07;mvtec_AD/transistor;dinomaly;448x448;50;50;100;1;216;0.95;0.9417;0.8533;0.8;0.825;0.8637;0.4294;0.8282;0.6531;1149.4;5171
12/01/2026 22:22;AutoVI/underbody_screw;dinomaly;448x448;50;50;392;1;216;0.6739;0.204;0.32;0.2222;0.2778;0.9819;0.0132;1;0.8773;744.2;5171
12/01/2026 22:33;AutoVI/engine_wiring;dinomaly;448x448;50;50;574;1;216;0.5496;0.5633;0.6715;0.0865;0.1453;0.8728;0.5414;0.7122;0.2855;455.9;5171
12/01/2026 22:54;mvtec_loco_AD/juice_bottle;dinomaly;448x448;50;50;330;1;216;0.5818;0.8105;0.8339;0.1907;0.2754;0.3187;0.0408;0.1555;0.1148;1095.1;5171
12/01/2026 23:20;mvtec_loco_AD/screw_bag;dinomaly;448x448;50;50;341;1;216;0.5916;0.7238;0.7821;0.1233;0.2192;0.4332;0.0592;0.3246;0.1522;1399.7;5171
12/01/2026 23:32;VisA/candle;dinomaly;448x448;50;50;200;1;216;0.605;0.6327;0.6667;0.14;0.26;0.9156;0.0521;0.8831;0.6853;626.4;5171
12/01/2026 23:44;VisA/cashew;dinomaly;448x448;50;50;150;1;216;0.3492;0.6272;0.8;0.07;0.09;0.6966;0.1598;0.6977;0.5592;664.4;5171
12/01/2026 23:56;VisA/pcb2;dinomaly;448x448;50;50;200;1;216;0.9351;0.8986;0.875;0.71;0.82;0.9886;0.3043;0.9645;0.7785;633.9;5171
13/01/2026 0:08;VisA/pipe_fryum;dinomaly;448x448;50;50;150;1;216;0.7084;0.8515;0.8065;0.41;0.44;0.6331;0.1788;0.7461;0.5696;613.6;5171
13/01/2026 0:28;mvtec_AD/cable;dinomaly;448x448;50;50;150;2;216;0.9747;0.9878;0.9503;0.9239;0.9348;0.9609;0.7192;0.9651;0.839;1125.7;5171
13/01/2026 0:41;mvtec_AD/grid;dinomaly;448x448;50;50;78;2;216;1;1;1;1;1;0.9942;0.4549;1;0.9455;730.4;5171
13/01/2026 1:01;mvtec_AD/wood;dinomaly;448x448;50;50;79;2;216;0.9798;0.9941;0.9752;0.8333;0.9667;0.9585;0.6025;0.9912;0.8408;1143.1;5171
13/01/2026 1:15;AutoVI/underbody_pipes;dinomaly;448x448;50;50;344;2;216;0.9821;0.9704;0.9462;0.929;0.9672;0.9921;0.5774;1;0.953;732.6;5171
13/01/2026 1:27;AutoVI/engine_wiring;dinomaly;448x448;50;50;574;2;216;0.5683;0.589;0.673;0.1038;0.1869;0.8797;0.5121;0.7373;0.3391;450.7;5171
13/01/2026 1:54;mvtec_loco_AD/screw_bag;dinomaly;448x448;50;50;341;2;216;0.6496;0.7579;0.7831;0.1324;0.2283;0.4331;0.059;0.3153;0.1475;1438.8;5171
13/01/2026 2:07;VisA/macaroni1;dinomaly;448x448;50;50;200;2;216;0.7696;0.7569;0.7545;0.22;0.38;0.9779;0.0993;0.8582;0.678;644.1;5171
13/01/2026 2:20;VisA/macaroni2;dinomaly;448x448;50;50;200;2;216;0.6608;0.6343;0.716;0.15;0.19;0.991;0.1086;0.9539;0.8012;624.2;5171
13/01/2026 2:41;mvtec_AD/cable;dinomaly;448x448;50;50;150;3;216;0.9762;0.9883;0.9663;0.9348;0.9348;0.9642;0.7245;0.9763;0.9181;1159.1;5171
13/01/2026 2:54;mvtec_AD/grid;dinomaly;448x448;50;50;78;3;216;0.9992;0.9997;0.9913;1;1;0.9944;0.476;1;0.9631;745.7;5171
13/01/2026 3:07;mvtec_AD/metal_nut;dinomaly;448x448;50;50;115;3;216;1;1;1;1;1;0.9496;0.7164;0.9735;0.9;713;5171
13/01/2026 3:27;mvtec_AD/transistor;dinomaly;448x448;50;50;100;3;216;0.9525;0.9467;0.88;0.825;0.875;0.8689;0.4368;0.8402;0.6722;1161.5;5171
13/01/2026 3:42;AutoVI/underbody_pipes;dinomaly;448x448;50;50;344;3;216;0.9807;0.9653;0.9596;0.9126;0.9836;0.9931;0.6097;1;0.9715;749.8;5171
13/01/2026 3:57;AutoVI/underbody_screw;dinomaly;448x448;50;50;392;3;216;0.6273;0.2154;0.3478;0.2222;0.3333;0.9788;0.0108;1;0.9095;759.6;5171
13/01/2026 4:09;VisA/capsules;dinomaly;448x448;50;50;160;3;216;0.9457;0.9692;0.9073;0.78;0.84;0.9889;0.5235;0.9939;0.8847;638.4;5171
13/01/2026 4:20;VisA/fryum;dinomaly;448x448;50;50;150;3;216;0.9716;0.9853;0.9434;0.78;0.91;0.9151;0.326;0.9821;0.9142;613.9;5171
13/01/2026 4:33;mvtec_AD/grid;dinomaly;448x448;50;50;78;4;216;0.9983;0.9994;0.9912;0.9825;1;0.9941;0.4403;1;0.9869;737.7;5171
13/01/2026 4:52;mvtec_AD/hazelnut;dinomaly;448x448;50;50;110;4;216;0.9954;0.9976;0.9855;0.9714;0.9714;0.9796;0.7183;0.8915;0.7686;1072.6;5171
13/01/2026 5:11;mvtec_AD/toothbrush;dinomaly;448x448;50;50;42;4;216;1;1;1;1;1;0.8446;0.2346;0.703;0.5816;1079.9;5171
13/01/2026 5:25;AutoVI/underbody_pipes;dinomaly;448x448;50;50;344;4;216;0.9839;0.9705;0.9534;0.9508;0.9727;0.9926;0.6217;0.9999;0.9217;736.4;5171
13/01/2026 5:37;AutoVI/engine_wiring;dinomaly;448x448;50;50;574;4;216;0.481;0.4955;0.6713;0.0381;0.0692;0.8737;0.512;0.7181;0.29;455.4;5171
13/01/2026 6:10;mvtec_loco_AD/breakfast_box;dinomaly;448x448;50;50;275;4;216;0.527;0.7232;0.7723;0.2081;0.2832;0.7188;0.1752;0.7505;0.3411;1809.8;5171
13/01/2026 6:31;mvtec_loco_AD/juice_bottle;dinomaly;448x448;50;50;330;4;216;0.5455;0.7844;0.8339;0.1441;0.1907;0.3192;0.04;0.1509;0.1053;1103.1;5171
13/01/2026 6:58;mvtec_loco_AD/screw_bag;dinomaly;448x448;50;50;341;4;216;0.5912;0.7161;0.7878;0.105;0.1918;0.4308;0.059;0.3143;0.1283;1427.3;5171
13/01/2026 7:23;mvtec_loco_AD/splicing_connectors;dinomaly;448x448;50;50;312;4;216;0.8479;0.9236;0.8182;0.6736;0.6943;0.6641;0.1924;0.4768;0.2986;1336.4;5171
13/01/2026 7:36;VisA/fryum;dinomaly;448x448;50;50;150;4;216;0.9796;0.9891;0.9612;0.89;0.94;0.8934;0.2943;0.9734;0.8375;641.9;5171
12/01/2026 13:37;VAD;padim;448x448;20;20;2000;0;1;0.6976;0.6919;0.6905;0.189;0.307;0.9228;0.1324;0.8734;0.6701;19.7;2536
12/01/2026 13:39;btad/01;padim;448x448;20;20;70;0;1;0.8231;0.9406;0.8667;0.7551;0.7959;0.961;0.5345;0.9712;0.8511;22.3;2536
12/01/2026 13:43;btad/02;padim;448x448;20;20;229;0;1;0.7645;0.9616;0.9299;0.5327;0.608;0.9475;0.5039;0.8346;0.7224;16.8;2536
12/01/2026 13:48;btad/03;padim;448x448;20;20;431;0;1;0.5399;0.1149;0.2143;0.1613;0.2581;0.797;0.0049;0.7009;0.2897;8.7;2536
12/01/2026 13:57;GoodsAD/cigarette_box;padim;448x448;20;20;429;0;1;0.5269;0.579;0.7321;0.0203;0.0976;0.7934;0.1388;0.7016;0.4301;30.7;2536
12/01/2026 14:14;GoodsAD/drink_bottle;padim;448x448;20;20;781;0;1;0.464;0.5225;0.706;0.04;0.0988;0.8582;0.0322;0.9741;0.6109;29.7;2536
12/01/2026 14:20;GoodsAD/drink_can;padim;448x448;20;20;293;0;1;0.507;0.5092;0.6651;0.0411;0.0959;0.8696;0.081;0.9648;0.4457;32.2;2536
12/01/2026 14:33;GoodsAD/food_bottle;padim;448x448;20;20;604;0;1;0.5796;0.6791;0.7513;0.1385;0.2133;0.8818;0.0591;0.9909;0.6847;29.6;2536
12/01/2026 14:41;GoodsAD/food_box;padim;448x448;20;20;397;0;1;0.5237;0.6532;0.7769;0.0398;0.1076;0.8243;0.0302;0.9648;0.5859;30.5;2536
12/01/2026 14:46;GoodsAD/food_package;padim;448x448;20;20;483;0;1;0.5186;0.4891;0.647;0.0435;0.0826;0.8703;0.0223;0.9258;0.5013;13.9;2536
12/01/2026 15:01;VAD;patchcore;448x448;20;20;2000;0;1;0.8343;0.8451;0.7591;0.456;0.594;0.9345;0.2735;0.9605;0.7616;8.3;1594
12/01/2026 15:02;btad/01;patchcore;448x448;20;20;70;0;1;0.9981;0.9992;0.9899;1;1;0.9829;0.6337;0.9914;0.9725;9.9;1592
12/01/2026 15:05;btad/02;patchcore;448x448;20;20;229;0;1;0.9045;0.9846;0.9426;0.6834;0.8191;0.9643;0.6238;0.931;0.7749;7.6;1592
12/01/2026 15:07;btad/03;patchcore;448x448;20;20;431;0;1;0.8765;0.7916;0.7636;0.8387;0.8387;0.959;0.234;0.9955;0.7934;7.1;1592
12/01/2026 15:12;GoodsAD/cigarette_box;patchcore;448x448;20;20;429;0;1;0.5944;0.6545;0.7652;0.1382;0.1911;0.8778;0.1542;0.9459;0.6305;14.2;1592
12/01/2026 15:20;GoodsAD/drink_bottle;patchcore;448x448;20;20;781;0;1;0.5523;0.5758;0.7103;0.0588;0.1106;0.914;0.0517;0.9917;0.6992;14.1;1592
12/01/2026 15:24;GoodsAD/drink_can;patchcore;448x448;20;20;293;0;1;0.5725;0.5664;0.6887;0.0959;0.1644;0.8943;0.0973;0.9852;0.6664;13.4;1592
12/01/2026 15:30;GoodsAD/food_bottle;patchcore;448x448;20;20;604;0;1;0.5661;0.6274;0.7543;0.0443;0.1136;0.9069;0.0843;0.984;0.6622;14.1;1592
12/01/2026 15:35;GoodsAD/food_box;patchcore;448x448;20;20;397;0;1;0.5607;0.6761;0.7837;0.0876;0.1554;0.8614;0.0353;0.982;0.585;13.8;1592
12/01/2026 15:40;GoodsAD/food_package;patchcore;448x448;20;20;483;0;1;0.5236;0.4832;0.6496;0.0391;0.0739;0.8902;0.0252;0.9715;0.5636;13.9;1592
12/01/2026 15:58;VAD;reverse_distillation;448x448;20;20;2000;0;301;0.7544;0.7429;0.7167;0.267;0.407;0.8977;0.1614;0.9494;0.8508;186;3669
12/01/2026 16:08;btad/01;reverse_distillation;448x448;20;20;70;0;301;0.9981;0.9992;0.9897;0.9796;1;0.9837;0.6525;0.9972;0.9781;571.6;3666
12/01/2026 16:14;btad/02;reverse_distillation;448x448;20;20;229;0;301;0.8342;0.9717;0.9333;0.5226;0.5377;0.9699;0.6878;0.9418;0.8537;234.8;3666
12/01/2026 16:21;btad/03;reverse_distillation;448x448;20;20;431;0;301;0.9996;0.9946;0.9841;1;1;0.98;0.4715;0.9707;0.8605;240.2;3666
12/01/2026 16:46;GoodsAD/cigarette_box;reverse_distillation;448x448;20;20;429;0;301;0.5728;0.602;0.7434;0.0407;0.061;0.8132;0.1147;0.8104;0.4817;1240.6;3666
12/01/2026 17:16;GoodsAD/drink_bottle;reverse_distillation;448x448;20;20;781;0;301;0.5898;0.6106;0.7095;0.0565;0.1459;0.8902;0.0434;0.9966;0.7177;1279;3666
12/01/2026 17:41;GoodsAD/drink_can;reverse_distillation;448x448;20;20;293;0;301;0.5902;0.5651;0.6682;0.1027;0.1301;0.882;0.0893;0.9844;0.66;1306.1;3666
12/01/2026 18:08;GoodsAD/food_bottle;reverse_distillation;448x448;20;20;604;0;301;0.4906;0.6084;0.749;0.0776;0.1219;0.7775;0.0313;0.8001;0.3835;1228.2;3666
12/01/2026 18:33;GoodsAD/food_box;reverse_distillation;448x448;20;20;397;0;301;0.5955;0.7086;0.7849;0.1116;0.1952;0.8458;0.0335;0.9825;0.6275;1245.9;3666
12/01/2026 18:59;GoodsAD/food_package;reverse_distillation;448x448;20;20;483;0;301;0.5574;0.5036;0.6506;0.0435;0.1043;0.9036;0.0327;0.9786;0.6516;1249.7;3666
12/01/2026 19:21;VAD;dinomaly;448x448;20;20;2000;0;301;0.5387;0.5272;0.6678;0.071;0.131;0.8532;0.0308;0.8867;0.5801;402;5174
12/01/2026 19:35;btad/01;dinomaly;448x448;20;20;70;0;301;1;1;1;1;1;0.9828;0.6485;0.9944;0.9444;789.6;5172
12/01/2026 19:45;btad/02;dinomaly;448x448;20;20;229;0;301;0.8079;0.9679;0.9365;0.5226;0.5678;0.9657;0.6639;0.9358;0.7865;446.6;5172
12/01/2026 19:55;btad/03;dinomaly;448x448;20;20;431;0;301;0.999;0.9853;0.9538;1;1;0.9887;0.7066;0.9817;0.8792;449.5;5172
12/01/2026 20:24;GoodsAD/cigarette_box;dinomaly;448x448;20;20;429;0;301;0.6204;0.6097;0.7677;0.0244;0.061;0.9273;0.2394;0.9849;0.7083;1410;5172
12/01/2026 20:55;GoodsAD/drink_bottle;dinomaly;448x448;20;20;781;0;301;0.5993;0.6202;0.7076;0.1012;0.1341;0.9398;0.0996;0.9977;0.6941;1416.1;5172
12/01/2026 21:22;GoodsAD/drink_can;dinomaly;448x448;20;20;293;0;301;0.5677;0.537;0.6809;0.0479;0.1027;0.9052;0.1097;0.9917;0.6475;1415.2;5172
12/01/2026 21:52;GoodsAD/food_bottle;dinomaly;448x448;20;20;604;0;301;0.6368;0.7054;0.7614;0.108;0.2216;0.945;0.1945;0.9942;0.7834;1364.5;5172
12/01/2026 22:19;GoodsAD/food_box;dinomaly;448x448;20;20;397;0;301;0.5758;0.6778;0.7834;0.0996;0.1394;0.9031;0.0562;0.9913;0.7096;1377;5172
12/01/2026 22:47;GoodsAD/food_package;dinomaly;448x448;20;20;483;0;301;0.5491;0.5136;0.6504;0.0609;0.1;0.9291;0.0431;0.9894;0.6785;1390.3;5172
12/01/2026 23:03;VAD;padim;448x448;20;20;2000;1;1;0.7175;0.6857;0.6981;0.148;0.284;0.9232;0.1262;0.8947;0.7609;8.1;2536
12/01/2026 23:04;btad/01;padim;448x448;20;20;70;1;1;0.7881;0.9269;0.8471;0.7347;0.7347;0.933;0.4005;0.9493;0.7509;10.5;2536
12/01/2026 23:06;btad/02;padim;448x448;20;20;229;1;1;0.6896;0.9482;0.9299;0.4975;0.5176;0.9461;0.4671;0.8883;0.7405;8.2;2536
12/01/2026 23:09;btad/03;padim;448x448;20;20;431;1;1;0.4378;0.1339;0.186;0.129;0.129;0.7989;0.0048;0.6876;0.1952;8.5;2536
12/01/2026 23:14;GoodsAD/cigarette_box;padim;448x448;20;20;429;1;1;0.4599;0.5357;0.7354;0.0407;0.0488;0.7787;0.1017;0.6534;0.3208;14.9;2536
12/01/2026 23:22;GoodsAD/drink_bottle;padim;448x448;20;20;781;1;1;0.4724;0.5185;0.7048;0.0329;0.0682;0.8578;0.0311;0.9884;0.6254;15.4;2536
12/01/2026 23:25;GoodsAD/drink_can;padim;448x448;20;20;293;1;1;0.5359;0.5324;0.6651;0.0342;0.1164;0.8873;0.1011;0.9602;0.5351;14.9;2536
12/01/2026 23:32;GoodsAD/food_bottle;padim;448x448;20;20;604;1;1;0.5504;0.6321;0.7541;0.0776;0.1053;0.8794;0.0586;0.9819;0.6594;14.4;2536
12/01/2026 23:36;GoodsAD/food_box;padim;448x448;20;20;397;1;1;0.5273;0.6579;0.7785;0.0478;0.1434;0.8345;0.0323;0.9759;0.5724;13.6;2536
12/01/2026 23:42;GoodsAD/food_package;padim;448x448;20;20;483;1;1;0.5406;0.5077;0.6514;0.0565;0.1043;0.8666;0.0208;0.9709;0.5635;14.6;2536
12/01/2026 23:57;VAD;patchcore;448x448;20;20;2000;1;1;0.8424;0.8616;0.7702;0.506;0.638;0.9369;0.2904;0.9691;0.8983;9;1592
12/01/2026 23:58;btad/01;patchcore;448x448;20;20;70;1;1;0.9951;0.998;0.9796;0.9796;0.9796;0.9829;0.6382;0.9914;0.9826;11.4;1592
13/01/2026 0:00;btad/02;patchcore;448x448;20;20;229;1;1;0.8988;0.9832;0.9489;0.5829;0.7337;0.9654;0.6411;0.937;0.8337;9.2;1592
13/01/2026 0:03;btad/03;patchcore;448x448;20;20;431;1;1;0.8882;0.8013;0.8077;0.8065;0.8387;0.9611;0.2446;0.9965;0.8126;9.3;1592
13/01/2026 0:07;GoodsAD/cigarette_box;patchcore;448x448;20;20;429;1;1;0.5736;0.6397;0.7581;0.1179;0.1463;0.8781;0.1493;0.9504;0.6055;16;1592
13/01/2026 0:16;GoodsAD/drink_bottle;patchcore;448x448;20;20;781;1;1;0.5514;0.5797;0.7105;0.0541;0.1106;0.9147;0.0531;0.9964;0.7166;15.3;1592
13/01/2026 0:19;GoodsAD/drink_can;patchcore;448x448;20;20;293;1;1;0.5665;0.5666;0.6763;0.0616;0.1781;0.9033;0.1053;0.9211;0.6024;15.8;1592
13/01/2026 0:26;GoodsAD/food_bottle;patchcore;448x448;20;20;604;1;1;0.5598;0.6263;0.7513;0.0499;0.097;0.914;0.0935;0.9693;0.6551;15.8;1592
13/01/2026 0:31;GoodsAD/food_box;patchcore;448x448;20;20;397;1;1;0.5705;0.6764;0.7825;0.0637;0.0916;0.8485;0.033;0.9525;0.5558;15.7;1592
13/01/2026 0:36;GoodsAD/food_package;patchcore;448x448;20;20;483;1;1;0.5257;0.4884;0.6561;0.0435;0.0696;0.895;0.0262;0.9652;0.5511;15.6;1592
13/01/2026 0:56;VAD;reverse_distillation;448x448;20;20;2000;1;301;0.7872;0.7883;0.7407;0.313;0.452;0.8943;0.1715;0.9453;0.7832;253.3;3665
13/01/2026 1:07;btad/01;reverse_distillation;448x448;20;20;70;1;301;0.9981;0.9992;0.9899;1;1;0.9836;0.6629;0.9972;0.9821;627.3;3665
13/01/2026 1:14;btad/02;reverse_distillation;448x448;20;20;229;1;301;0.8429;0.9718;0.9461;0.5176;0.5327;0.9689;0.6769;0.947;0.8556;301.4;3665
13/01/2026 1:22;btad/03;reverse_distillation;448x448;20;20;431;1;301;0.9998;0.997;0.9688;1;1;0.9751;0.4655;0.9844;0.8519;302.1;3665
13/01/2026 1:48;GoodsAD/cigarette_box;reverse_distillation;448x448;20;20;429;1;301;0.5296;0.5828;0.7496;0.065;0.0894;0.7923;0.099;0.7964;0.4805;1279.7;3665
13/01/2026 2:18;GoodsAD/drink_bottle;reverse_distillation;448x448;20;20;781;1;301;0.6113;0.6357;0.7129;0.0659;0.1694;0.9011;0.0494;0.999;0.7341;1271.5;3665
13/01/2026 2:42;GoodsAD/drink_can;reverse_distillation;448x448;20;20;293;1;301;0.5729;0.5652;0.6698;0.0685;0.137;0.8886;0.0931;0.9883;0.6518;1289;3665
13/01/2026 3:09;GoodsAD/food_bottle;reverse_distillation;448x448;20;20;604;1;301;0.5912;0.6656;0.751;0.072;0.1302;0.8958;0.0795;0.9724;0.7034;1214.4;3665
13/01/2026 3:34;GoodsAD/food_box;reverse_distillation;448x448;20;20;397;1;301;0.5546;0.6815;0.7793;0.0637;0.1116;0.846;0.0348;0.9679;0.6216;1241.2;3665
13/01/2026 4:00;GoodsAD/food_package;reverse_distillation;448x448;20;20;483;1;301;0.5486;0.5109;0.6506;0.0652;0.113;0.9038;0.0335;0.9642;0.6461;1253.9;3665
13/01/2026 4:23;VAD;dinomaly;448x448;20;20;2000;1;301;0.5395;0.5292;0.6669;0.062;0.128;0.8567;0.0327;0.8956;0.6243;402.4;5172
13/01/2026 4:37;btad/01;dinomaly;448x448;20;20;70;1;301;0.999;0.9996;0.9899;1;1;0.9819;0.6214;0.9906;0.9029;787.1;5172
13/01/2026 4:46;btad/02;dinomaly;448x448;20;20;229;1;301;0.8375;0.9741;0.9299;0.608;0.7085;0.9654;0.6702;0.931;0.7801;447.6;5172
13/01/2026 4:57;btad/03;dinomaly;448x448;20;20;431;1;301;0.9993;0.9899;0.9688;1;1;0.9892;0.7107;0.983;0.9282;449.6;5172
13/01/2026 5:25;GoodsAD/cigarette_box;dinomaly;448x448;20;20;429;1;301;0.6569;0.649;0.7749;0.0569;0.1301;0.9251;0.2492;0.9762;0.6916;1416;5172
13/01/2026 5:57;GoodsAD/drink_bottle;dinomaly;448x448;20;20;781;1;301;0.6053;0.619;0.7071;0.0847;0.1647;0.9407;0.1079;0.9954;0.6853;1403.4;5172
13/01/2026 6:24;GoodsAD/drink_can;dinomaly;448x448;20;20;293;1;301;0.5875;0.5618;0.6842;0.0685;0.1781;0.9224;0.1337;0.9711;0.6311;1430.5;5172
13/01/2026 6:53;GoodsAD/food_bottle;dinomaly;448x448;20;20;604;1;301;0.6292;0.7055;0.757;0.1136;0.2078;0.9463;0.2142;0.9882;0.7757;1369.4;5172
13/01/2026 7:21;GoodsAD/food_box;dinomaly;448x448;20;20;397;1;301;0.5545;0.655;0.7813;0.0478;0.1235;0.895;0.0505;0.9902;0.6712;1378.4;5172
13/01/2026 7:48;GoodsAD/food_package;dinomaly;448x448;20;20;483;1;301;0.5352;0.5011;0.652;0.0522;0.0913;0.9278;0.0435;0.9837;0.6624;1370.6;5172
13/01/2026 7:59;VAD;padim;448x448;20;20;2000;2;1;0.7151;0.6905;0.6936;0.227;0.345;0.9314;0.1208;0.9241;0.7743;6.5;2536
13/01/2026 8:00;btad/01;padim;448x448;20;20;70;2;1;0.9427;0.9789;0.9247;0.8776;0.8776;0.9257;0.4308;0.9476;0.7359;9;2536
13/01/2026 8:02;btad/02;padim;448x448;20;20;229;2;1;0.6997;0.9501;0.9299;0.5075;0.5276;0.9386;0.4334;0.8727;0.7328;7;2536
13/01/2026 8:04;btad/03;padim;448x448;20;20;431;2;1;0.3569;0.0533;0.1342;0;0;0.7473;0.0039;0.6489;0.1092;6.6;2536
13/01/2026 8:08;GoodsAD/cigarette_box;padim;448x448;20;20;429;2;1;0.4435;0.5193;0.7397;0.0325;0.0447;0.7614;0.1017;0.6195;0.3136;13;2536
13/01/2026 8:15;GoodsAD/drink_bottle;padim;448x448;20;20;781;2;1;0.4582;0.5111;0.7048;0.0376;0.0659;0.8751;0.0356;0.9929;0.6945;14;2536
13/01/2026 8:18;GoodsAD/drink_can;padim;448x448;20;20;293;2;1;0.5442;0.5466;0.67;0.0822;0.1575;0.8812;0.0982;0.9562;0.5963;13.1;2536
13/01/2026 8:24;GoodsAD/food_bottle;padim;448x448;20;20;604;2;1;0.5732;0.6546;0.7518;0.0609;0.1496;0.8789;0.0585;0.9708;0.6319;13.8;2536
13/01/2026 8:29;GoodsAD/food_box;padim;448x448;20;20;397;2;1;0.5269;0.6405;0.7747;0.0319;0.0996;0.8297;0.0319;0.9399;0.5342;14.6;2536
13/01/2026 8:34;GoodsAD/food_package;padim;448x448;20;20;483;2;1;0.5148;0.5176;0.6461;0.0739;0.1435;0.8732;0.0223;0.9493;0.5168;14.9;2536
13/01/2026 8:49;VAD;patchcore;448x448;20;20;2000;2;1;0.8353;0.8491;0.7656;0.463;0.592;0.9382;0.2811;0.9683;0.8505;7.3;1592
13/01/2026 8:50;btad/01;patchcore;448x448;20;20;70;2;1;0.9951;0.9981;0.9897;0.9796;0.9796;0.9826;0.6382;0.99;0.9216;9.1;1592
13/01/2026 8:52;btad/02;patchcore;448x448;20;20;229;2;1;0.9275;0.9882;0.955;0.6231;0.8342;0.9649;0.6338;0.9355;0.8156;7.6;1592
13/01/2026 8:55;btad/03;patchcore;448x448;20;20;431;2;1;0.952;0.8163;0.7931;0.7742;0.8387;0.9596;0.2403;0.9963;0.7855;7.5;1592
13/01/2026 8:59;GoodsAD/cigarette_box;patchcore;448x448;20;20;429;2;1;0.566;0.6263;0.7562;0.1016;0.1341;0.8821;0.1547;0.9579;0.6077;14.4;1592
13/01/2026 9:07;GoodsAD/drink_bottle;patchcore;448x448;20;20;781;2;1;0.5472;0.5833;0.7056;0.0682;0.1106;0.9252;0.0623;0.9962;0.6927;14.4;1592
13/01/2026 9:11;GoodsAD/drink_can;patchcore;448x448;20;20;293;2;1;0.5592;0.561;0.691;0.089;0.1233;0.8857;0.0887;0.9643;0.6426;14.8;1592
13/01/2026 9:17;GoodsAD/food_bottle;patchcore;448x448;20;20;604;2;1;0.5796;0.6555;0.7529;0.0526;0.1053;0.9146;0.1064;0.9605;0.6368;14.2;1592
13/01/2026 9:22;GoodsAD/food_box;patchcore;448x448;20;20;397;2;1;0.5713;0.7011;0.7803;0.1036;0.1833;0.849;0.0327;0.968;0.5514;13.2;1592
13/01/2026 9:27;GoodsAD/food_package;patchcore;448x448;20;20;483;2;1;0.5243;0.489;0.6506;0.0261;0.1217;0.8939;0.0275;0.9529;0.5517;14.4;1592
13/01/2026 12:01;VAD;reverse_distillation;448x448;20;20;2000;2;301;0.7661;0.7581;0.7315;0.266;0.391;0.8989;0.1658;0.9524;0.8449;287.5;3673
13/01/2026 12:12;btad/01;reverse_distillation;448x448;20;20;70;2;301;1;1;1;1;1;0.9832;0.6645;0.9967;0.9375;644.1;3668
13/01/2026 12:20;btad/02;reverse_distillation;448x448;20;20;229;2;301;0.8422;0.9727;0.9378;0.5477;0.5528;0.9701;0.6986;0.9358;0.7994;303.6;3668
13/01/2026 12:27;btad/03;reverse_distillation;448x448;20;20;431;2;301;0.9986;0.988;0.9677;1;1;0.9704;0.4203;0.9844;0.8074;306.2;3668
13/01/2026 12:54;GoodsAD/cigarette_box;reverse_distillation;448x448;20;20;429;2;301;0.5326;0.5924;0.7524;0.0569;0.0772;0.8017;0.1062;0.7794;0.4372;1303.3;3668
13/01/2026 13:24;GoodsAD/drink_bottle;reverse_distillation;448x448;20;20;781;2;301;0.5836;0.6135;0.7118;0.0753;0.1365;0.9042;0.0527;0.9976;0.7102;1337.5;3668
13/01/2026 13:50;GoodsAD/drink_can;reverse_distillation;448x448;20;20;293;2;301;0.5908;0.5651;0.6713;0.0685;0.0822;0.8863;0.0939;0.9811;0.6879;1337.8;3668
13/01/2026 14:18;GoodsAD/food_bottle;reverse_distillation;448x448;20;20;604;2;301;0.6012;0.6748;0.7513;0.0942;0.1607;0.8959;0.0834;0.9705;0.6933;1257.8;3668
13/01/2026 14:45;GoodsAD/food_box;reverse_distillation;448x448;20;20;397;2;301;0.5621;0.6837;0.7837;0.1036;0.1594;0.8474;0.0344;0.9857;0.647;1322.2;3668
13/01/2026 15:12;GoodsAD/food_package;reverse_distillation;448x448;20;20;483;2;301;0.5695;0.5302;0.6522;0.0609;0.1391;0.9095;0.0372;0.9843;0.691;1353.9;3668
13/01/2026 15:35;VAD;dinomaly;448x448;20;20;2000;2;301;0.5832;0.5607;0.6691;0.078;0.161;0.8551;0.041;0.9025;0.6595;398.8;5175
13/01/2026 15:49;btad/01;dinomaly;448x448;20;20;70;2;301;1;1;1;1;1;0.9832;0.6455;0.9973;0.9037;814.3;5172
13/01/2026 15:59;btad/02;dinomaly;448x448;20;20;229;2;301;0.8246;0.9703;0.934;0.5276;0.608;0.9664;0.6808;0.9402;0.8074;450;5172
13/01/2026 16:09;btad/03;dinomaly;448x448;20;20;431;2;301;0.9987;0.9818;0.9538;1;1;0.9888;0.7064;0.9977;0.9159;453.7;5172
13/01/2026 16:38;GoodsAD/cigarette_box;dinomaly;448x448;20;20;429;2;301;0.6669;0.6759;0.7667;0.0772;0.187;0.9241;0.2535;0.9792;0.7162;1459.7;5172
13/01/2026 17:11;GoodsAD/drink_bottle;dinomaly;448x448;20;20;781;2;301;0.6096;0.618;0.7084;0.0612;0.1459;0.9499;0.1235;0.9974;0.7322;1482.4;5172
13/01/2026 17:39;GoodsAD/drink_can;dinomaly;448x448;20;20;293;2;301;0.5913;0.5615;0.6923;0.089;0.1027;0.9031;0.116;0.9797;0.6717;1470.2;5172
13/01/2026 18:09;GoodsAD/food_bottle;dinomaly;448x448;20;20;604;2;301;0.6542;0.7186;0.7505;0.072;0.2853;0.9505;0.2254;0.9893;0.7531;1382.7;5172
13/01/2026 18:38;GoodsAD/food_box;dinomaly;448x448;20;20;397;2;301;0.5612;0.6472;0.7836;0.0279;0.0558;0.8982;0.0513;0.9904;0.65;1444.4;5172
13/01/2026 19:07;GoodsAD/food_package;dinomaly;448x448;20;20;483;2;301;0.5507;0.5241;0.6534;0.0609;0.1391;0.9377;0.0523;0.9875;0.6993;1459.5;5172
13/01/2026 19:22;VAD;padim;448x448;20;20;2000;3;1;0.7136;0.7158;0.6996;0.224;0.335;0.9242;0.1576;0.9046;0.7245;6.6;2536
13/01/2026 19:23;btad/01;padim;448x448;20;20;70;3;1;0.9368;0.9794;0.9574;0.9184;0.9184;0.9703;0.585;0.9854;0.8931;11.1;2536
13/01/2026 19:25;btad/02;padim;448x448;20;20;229;3;1;0.6727;0.9453;0.9299;0.4975;0.5427;0.9385;0.4223;0.842;0.6904;8.6;2536
13/01/2026 19:28;btad/03;padim;448x448;20;20;431;3;1;0.6317;0.2034;0.2667;0.1935;0.2903;0.8193;0.0054;0.8465;0.3171;8.3;2536
13/01/2026 19:33;GoodsAD/cigarette_box;padim;448x448;20;20;429;3;1;0.5819;0.6244;0.7395;0.0691;0.126;0.7761;0.1089;0.6781;0.4194;15.9;2536
13/01/2026 19:42;GoodsAD/drink_bottle;padim;448x448;20;20;781;3;1;0.4975;0.5436;0.7048;0.0612;0.0871;0.8728;0.0339;0.9897;0.6269;15.6;2536
13/01/2026 19:45;GoodsAD/drink_can;padim;448x448;20;20;293;3;1;0.5323;0.5143;0.6682;0.0479;0.0753;0.8777;0.0893;0.9842;0.5726;14.9;2536
13/01/2026 19:52;GoodsAD/food_bottle;padim;448x448;20;20;604;3;1;0.5443;0.6358;0.7521;0.072;0.1413;0.8847;0.0613;0.9883;0.6601;12.6;2536
13/01/2026 19:57;GoodsAD/food_box;padim;448x448;20;20;397;3;1;0.5563;0.6708;0.7783;0.0677;0.1434;0.8166;0.0278;0.9715;0.575;14.9;2536
13/01/2026 20:02;GoodsAD/food_package;padim;448x448;20;20;483;3;1;0.4869;0.4711;0.6478;0.0522;0.113;0.8801;0.0233;0.9677;0.5362;13;2536
13/01/2026 20:17;VAD;patchcore;448x448;20;20;2000;3;1;0.8407;0.8544;0.7678;0.497;0.615;0.943;0.2838;0.9619;0.8046;9.3;1592
13/01/2026 20:18;btad/01;patchcore;448x448;20;20;70;3;1;1;1;1;1;1;0.9833;0.6351;0.992;0.9295;10.7;1592
13/01/2026 20:20;btad/02;patchcore;448x448;20;20;229;3;1;0.8955;0.9826;0.9515;0.6281;0.7337;0.9647;0.6399;0.9387;0.8255;8.7;1592
13/01/2026 20:22;btad/03;patchcore;448x448;20;20;431;3;1;0.8677;0.7764;0.76;0.7742;0.8387;0.9589;0.2228;0.9955;0.7731;8.8;1592
13/01/2026 20:27;GoodsAD/cigarette_box;patchcore;448x448;20;20;429;3;1;0.5779;0.6229;0.7621;0.061;0.1179;0.8739;0.1471;0.9482;0.6136;15.9;1592
13/01/2026 20:36;GoodsAD/drink_bottle;patchcore;448x448;20;20;781;3;1;0.5321;0.5647;0.7095;0.0494;0.1153;0.9144;0.0535;0.99;0.7102;16.2;1592
13/01/2026 20:40;GoodsAD/drink_can;patchcore;448x448;20;20;293;3;1;0.5603;0.5634;0.681;0.0753;0.1507;0.8981;0.0991;0.9522;0.6046;16.7;1592
13/01/2026 20:47;GoodsAD/food_bottle;patchcore;448x448;20;20;604;3;1;0.5395;0.6149;0.7482;0.0388;0.1025;0.9085;0.0889;0.9816;0.6635;15.4;1592
13/01/2026 20:51;GoodsAD/food_box;patchcore;448x448;20;20;397;3;1;0.5615;0.6647;0.7769;0.0677;0.0956;0.8457;0.032;0.961;0.5356;15.7;1592
13/01/2026 20:57;GoodsAD/food_package;patchcore;448x448;20;20;483;3;1;0.5328;0.4886;0.6562;0.0435;0.0739;0.8934;0.0255;0.9431;0.532;16.5;1592
13/01/2026 21:18;VAD;reverse_distillation;448x448;20;20;2000;3;301;0.774;0.7696;0.7269;0.266;0.421;0.9059;0.1753;0.9487;0.8198;257.8;3669
13/01/2026 21:30;btad/01;reverse_distillation;448x448;20;20;70;3;301;1;1;1;1;1;0.9847;0.6463;0.9977;0.9723;653.8;3669
13/01/2026 21:37;btad/02;reverse_distillation;448x448;20;20;229;3;301;0.8236;0.9697;0.9321;0.5126;0.5226;0.9694;0.6935;0.9385;0.7841;306.3;3669
13/01/2026 21:45;btad/03;reverse_distillation;448x448;20;20;431;3;301;0.9998;0.998;0.9841;1;1;0.974;0.4505;0.9846;0.8248;309.7;3669
13/01/2026 22:12;GoodsAD/cigarette_box;reverse_distillation;448x448;20;20;429;3;301;0.5508;0.5882;0.7548;0.0569;0.0976;0.7745;0.0982;0.7385;0.4591;1354.9;3669
13/01/2026 22:43;GoodsAD/drink_bottle;reverse_distillation;448x448;20;20;781;3;301;0.5827;0.6037;0.7048;0.0659;0.1294;0.8938;0.0471;0.9893;0.6884;1297.8;3669
13/01/2026 23:09;GoodsAD/drink_can;reverse_distillation;448x448;20;20;293;3;301;0.5959;0.5794;0.6697;0.0616;0.1438;0.8886;0.0937;0.9901;0.6806;1380.3;3669
13/01/2026 23:38;GoodsAD/food_bottle;reverse_distillation;448x448;20;20;604;3;301;0.5788;0.6562;0.7526;0.0831;0.1884;0.8996;0.0823;0.9748;0.6973;1313.5;3669
14/01/2026 0:04;GoodsAD/food_box;reverse_distillation;448x448;20;20;397;3;301;0.5786;0.716;0.7823;0.1315;0.1912;0.8483;0.0345;0.9811;0.643;1315.8;3669
14/01/2026 0:31;GoodsAD/food_package;reverse_distillation;448x448;20;20;483;3;301;0.5472;0.5015;0.6506;0.0478;0.1087;0.9034;0.032;0.972;0.673;1344.3;3669
14/01/2026 0:55;VAD;dinomaly;448x448;20;20;2000;3;301;0.5741;0.5468;0.6688;0.071;0.139;0.8595;0.038;0.9032;0.6722;393.6;5172
14/01/2026 1:09;btad/01;dinomaly;448x448;20;20;70;3;301;1;1;1;1;1;0.9825;0.6389;0.995;0.9072;816.1;5172
14/01/2026 1:19;btad/02;dinomaly;448x448;20;20;229;3;301;0.794;0.9655;0.9321;0.5226;0.5879;0.9665;0.6527;0.9426;0.8277;454.1;5172
14/01/2026 1:30;btad/03;dinomaly;448x448;20;20;431;3;301;0.9992;0.9886;0.9688;1;1;0.9897;0.7237;0.9835;0.8909;456.5;5172
14/01/2026 1:59;GoodsAD/cigarette_box;dinomaly;448x448;20;20;429;3;301;0.6466;0.6562;0.7574;0.0569;0.1423;0.9232;0.2499;0.9817;0.6956;1488.9;5172
14/01/2026 2:32;GoodsAD/drink_bottle;dinomaly;448x448;20;20;781;3;301;0.605;0.6292;0.7076;0.0941;0.2;0.9433;0.1218;0.997;0.756;1449.3;5172
14/01/2026 3:00;GoodsAD/drink_can;dinomaly;448x448;20;20;293;3;301;0.5779;0.5614;0.6843;0.089;0.1233;0.9187;0.128;0.9646;0.6102;1462.3;5172
14/01/2026 3:32;GoodsAD/food_bottle;dinomaly;448x448;20;20;604;3;301;0.6022;0.6704;0.7561;0.0748;0.1496;0.944;0.1762;0.9904;0.7197;1475.2;5172
14/01/2026 4:00;GoodsAD/food_box;dinomaly;448x448;20;20;397;3;301;0.5902;0.6733;0.7799;0.0319;0.0876;0.8998;0.0537;0.993;0.6734;1444.1;5172
14/01/2026 4:30;GoodsAD/food_package;dinomaly;448x448;20;20;483;3;301;0.4968;0.4717;0.6534;0.0348;0.0826;0.9235;0.0366;0.9932;0.6597;1486.8;5172
14/01/2026 4:46;VAD;padim;448x448;20;20;2000;4;1;0.6772;0.6536;0.6735;0.156;0.284;0.9157;0.0857;0.8968;0.6733;7.7;2536
14/01/2026 4:47;btad/01;padim;448x448;20;20;70;4;1;0.9592;0.9854;0.9574;0.9184;0.9184;0.9498;0.4692;0.9658;0.8769;10.1;2536
14/01/2026 4:49;btad/02;padim;448x448;20;20;229;4;1;0.7246;0.9542;0.9299;0.5126;0.5578;0.944;0.4822;0.8457;0.7426;7.5;2536
14/01/2026 4:51;btad/03;padim;448x448;20;20;431;4;1;0.58;0.2591;0.2778;0.2258;0.2581;0.7399;0.0038;0.6717;0.1358;8;2536
14/01/2026 4:56;GoodsAD/cigarette_box;padim;448x448;20;20;429;4;1;0.4905;0.5387;0.7446;0.0325;0.0366;0.7535;0.0974;0.669;0.4;14;2536
14/01/2026 5:04;GoodsAD/drink_bottle;padim;448x448;20;20;781;4;1;0.4917;0.5239;0.7054;0.0282;0.0706;0.8793;0.0362;0.9925;0.6742;15;2536
14/01/2026 5:08;GoodsAD/drink_can;padim;448x448;20;20;293;4;1;0.5116;0.5363;0.6651;0.089;0.1438;0.8861;0.1001;0.9714;0.5472;14.9;2536
14/01/2026 5:15;GoodsAD/food_bottle;padim;448x448;20;20;604;4;1;0.5648;0.6234;0.7484;0.0277;0.0776;0.8756;0.0563;0.9712;0.5939;14.7;2536
14/01/2026 5:20;GoodsAD/food_box;padim;448x448;20;20;397;4;1;0.5325;0.6709;0.7757;0.1394;0.1554;0.8226;0.0294;0.9721;0.5656;14.9;2536
14/01/2026 5:25;GoodsAD/food_package;padim;448x448;20;20;483;4;1;0.5231;0.5138;0.6461;0.0696;0.1348;0.8694;0.0226;0.9586;0.5608;14.9;2536
14/01/2026 5:41;VAD;patchcore;448x448;20;20;2000;4;1;0.832;0.8488;0.7615;0.472;0.584;0.9344;0.2655;0.9628;0.8071;8.9;1592
14/01/2026 5:42;btad/01;patchcore;448x448;20;20;70;4;1;0.999;0.9996;0.9899;1;1;0.9824;0.6359;0.9905;0.8766;11.7;1592
14/01/2026 5:45;btad/02;patchcore;448x448;20;20;229;4;1;0.8936;0.9826;0.9494;0.6181;0.7236;0.9637;0.6242;0.9344;0.8707;9.4;1592
14/01/2026 5:47;btad/03;patchcore;448x448;20;20;431;4;1;0.9194;0.8161;0.8077;0.8065;0.9032;0.9574;0.2641;0.995;0.7719;9.6;1592
14/01/2026 5:52;GoodsAD/cigarette_box;patchcore;448x448;20;20;429;4;1;0.5736;0.627;0.7586;0.0894;0.1341;0.8872;0.1585;0.9635;0.6017;16;1592
14/01/2026 6:01;GoodsAD/drink_bottle;patchcore;448x448;20;20;781;4;1;0.5448;0.5814;0.7096;0.0612;0.1106;0.9179;0.0566;0.9917;0.701;15.8;1592
14/01/2026 6:05;GoodsAD/drink_can;patchcore;448x448;20;20;293;4;1;0.5585;0.5555;0.6793;0.0959;0.1096;0.8998;0.0994;0.9707;0.6348;16;1592
14/01/2026 6:12;GoodsAD/food_bottle;patchcore;448x448;20;20;604;4;1;0.5621;0.6369;0.7482;0.0332;0.1468;0.9127;0.0901;0.9636;0.63;15.6;1592
14/01/2026 6:16;GoodsAD/food_box;patchcore;448x448;20;20;397;4;1;0.5398;0.6564;0.7776;0.0598;0.1275;0.8567;0.0353;0.9708;0.544;15.6;1592
14/01/2026 6:22;GoodsAD/food_package;patchcore;448x448;20;20;483;4;1;0.5459;0.5051;0.6506;0.0435;0.1087;0.8957;0.0283;0.9581;0.5533;16.3;1592
14/01/2026 6:42;VAD;reverse_distillation;448x448;20;20;2000;4;301;0.7731;0.7335;0.7356;0.216;0.428;0.896;0.1349;0.9385;0.7624;256.3;3669
14/01/2026 6:54;btad/01;reverse_distillation;448x448;20;20;70;4;301;0.999;0.9996;0.9899;1;1;0.9833;0.6215;0.9985;0.9181;641;3669
14/01/2026 7:01;btad/02;reverse_distillation;448x448;20;20;229;4;301;0.8186;0.9693;0.9321;0.5176;0.5528;0.9681;0.6685;0.9433;0.843;296.9;3669
14/01/2026 7:09;btad/03;reverse_distillation;448x448;20;20;431;4;301;0.9993;0.9899;0.9688;1;1;0.9769;0.4791;0.9965;0.8384;310.3;3669
14/01/2026 7:36;GoodsAD/cigarette_box;reverse_distillation;448x448;20;20;429;4;301;0.553;0.5937;0.7614;0.0691;0.0854;0.7951;0.1057;0.7768;0.4564;1361.6;3669
14/01/2026 8:06;GoodsAD/drink_bottle;reverse_distillation;448x448;20;20;781;4;301;0.5815;0.6152;0.706;0.0753;0.1741;0.8939;0.0469;0.9963;0.7129;1273.1;3669
16/01/2026 10:48;GoodsAD/drink_can;reverse_distillation;448x448;20;20;293;4;301;0.5691;0.5506;0.6744;0.0753;0.1507;0.8861;0.0926;0.9872;0.6541;1329.4;3673
16/01/2026 11:16;GoodsAD/food_bottle;reverse_distillation;448x448;20;20;604;4;301;0.6134;0.6808;0.7494;0.108;0.1607;0.8948;0.0842;0.9659;0.6773;1245.1;3668
16/01/2026 11:41;GoodsAD/food_box;reverse_distillation;448x448;20;20;397;4;301;0.5606;0.6843;0.7806;0.0757;0.1952;0.8398;0.0322;0.978;0.6259;1254.1;3668
16/01/2026 12:08;GoodsAD/food_package;reverse_distillation;448x448;20;20;483;4;301;0.5782;0.5495;0.6562;0.1;0.1696;0.9059;0.0354;0.977;0.6684;1274.9;3668
16/01/2026 12:31;VAD;dinomaly;448x448;20;20;2000;4;301;0.5264;0.5159;0.6669;0.061;0.117;0.8437;0.0273;0.8737;0.5694;405.2;5175
16/01/2026 12:43;btad/01;dinomaly;448x448;20;20;70;4;301;0.999;0.9996;0.9899;1;1;0.9822;0.6228;0.9943;0.9622;663.3;5172
16/01/2026 12:50;btad/02;dinomaly;448x448;20;20;229;4;301;0.792;0.9647;0.9321;0.5176;0.5678;0.9649;0.6484;0.9433;0.8485;338.7;5172
16/01/2026 12:59;btad/03;dinomaly;448x448;20;20;431;4;301;0.9983;0.9785;0.9508;1;1;0.9872;0.7115;0.9811;0.8702;344.5;5172
16/01/2026 13:26;GoodsAD/cigarette_box;dinomaly;448x448;20;20;429;4;301;0.708;0.6894;0.7823;0.0569;0.0813;0.9268;0.2676;0.9806;0.6998;1349.8;5172
16/01/2026 13:59;GoodsAD/drink_bottle;dinomaly;448x448;20;20;781;4;301;0.5932;0.6166;0.7108;0.0776;0.16;0.9483;0.1326;0.9998;0.7686;1456.1;5172
16/01/2026 14:27;GoodsAD/drink_can;dinomaly;448x448;20;20;293;4;301;0.5874;0.5735;0.6825;0.0616;0.1027;0.9233;0.1356;0.9837;0.642;1454.8;5172
16/01/2026 14:57;GoodsAD/food_bottle;dinomaly;448x448;20;20;604;4;301;0.6116;0.6764;0.749;0.0582;0.1884;0.9497;0.2109;0.9897;0.7365;1396.2;5172
16/01/2026 15:25;GoodsAD/food_box;dinomaly;448x448;20;20;397;4;301;0.5764;0.6802;0.7813;0.0637;0.1116;0.9032;0.0581;0.9903;0.6854;1402.6;5172
16/01/2026 15:54;GoodsAD/food_package;dinomaly;448x448;20;20;483;4;301;0.5494;0.5192;0.6525;0.0696;0.1087;0.9333;0.0477;0.992;0.6952;1426.8;5172
16/01/2026 16:11;VAD;padim;448x448;50;50;2000;0;1;0.6992;0.6947;0.6874;0.207;0.282;0.9309;0.1494;0.863;0.5996;10.6;2680
16/01/2026 16:12;btad/01;padim;448x448;50;50;70;0;1;0.4519;0.7664;0.8235;0.2653;0.3061;0.8741;0.1945;0.8643;0.5641;16.9;2680
16/01/2026 16:14;btad/02;padim;448x448;50;50;229;0;1;0.7121;0.952;0.9299;0.5427;0.5477;0.9509;0.5265;0.8567;0.7073;10.6;2680
16/01/2026 16:17;btad/03;padim;448x448;50;50;431;0;1;0.5341;0.113;0.225;0.129;0.2903;0.7547;0.0039;0.6078;0.1531;10.1;2680
16/01/2026 16:21;GoodsAD/cigarette_box;padim;448x448;50;50;429;0;1;0.5965;0.6243;0.7429;0.0366;0.1301;0.8181;0.1744;0.7494;0.4827;24.9;2680
16/01/2026 16:29;GoodsAD/drink_bottle;padim;448x448;50;50;781;0;1;0.4588;0.5105;0.706;0.0212;0.0753;0.8767;0.0381;0.9889;0.6649;26.8;2680
16/01/2026 16:33;GoodsAD/drink_can;padim;448x448;50;50;293;0;1;0.4866;0.4925;0.6651;0.0342;0.0959;0.8869;0.1017;0.9595;0.5135;28.5;2680
16/01/2026 16:40;GoodsAD/food_bottle;padim;448x448;50;50;604;0;1;0.5992;0.6908;0.755;0.1357;0.2382;0.8983;0.073;0.9898;0.6847;27.4;2680
16/01/2026 16:45;GoodsAD/food_box;padim;448x448;50;50;397;0;1;0.5227;0.6586;0.7771;0.0637;0.0956;0.84;0.0342;0.96;0.5558;27.7;2680
16/01/2026 16:51;GoodsAD/food_package;padim;448x448;50;50;483;0;1;0.5504;0.5099;0.6461;0.0304;0.087;0.8838;0.0263;0.9687;0.598;27.7;2680
16/01/2026 17:08;VAD;patchcore;448x448;50;50;2000;0;1;0.8453;0.8634;0.7747;0.52;0.63;0.9419;0.293;0.9678;0.8221;32.7;3479
16/01/2026 17:09;btad/01;patchcore;448x448;50;50;70;0;1;0.999;0.9996;0.9899;1;1;0.9834;0.636;0.9927;0.8968;39.3;3479
16/01/2026 17:12;btad/02;patchcore;448x448;50;50;229;0;1;0.8888;0.9819;0.9429;0.6131;0.7387;0.9647;0.6291;0.9398;0.8236;33.1;3479
16/01/2026 17:15;btad/03;patchcore;448x448;50;50;431;0;1;0.9518;0.8755;0.8148;0.871;0.9032;0.9569;0.2653;0.9964;0.7985;33.2;3479
16/01/2026 17:21;GoodsAD/cigarette_box;patchcore;448x448;50;50;429;0;1;0.6419;0.6568;0.7967;0.0935;0.1382;0.9148;0.2108;0.9817;0.7347;50.6;3479
16/01/2026 17:31;GoodsAD/drink_bottle;patchcore;448x448;50;50;781;0;1;0.562;0.5819;0.7166;0.0447;0.1294;0.9254;0.0657;0.9921;0.7148;50.5;3479
16/01/2026 17:35;GoodsAD/drink_can;patchcore;448x448;50;50;293;0;1;0.5829;0.5678;0.6983;0.0616;0.1575;0.9074;0.1122;0.9898;0.6502;51.2;3479
16/01/2026 17:43;GoodsAD/food_bottle;patchcore;448x448;50;50;604;0;1;0.6073;0.6616;0.7572;0.0693;0.1357;0.9258;0.1244;0.9782;0.6838;49.9;3479
16/01/2026 17:48;GoodsAD/food_box;patchcore;448x448;50;50;397;0;1;0.6011;0.7069;0.7907;0.1155;0.1594;0.8943;0.0476;0.9931;0.6722;49.8;3479
16/01/2026 17:54;GoodsAD/food_package;patchcore;448x448;50;50;483;0;1;0.5244;0.4869;0.656;0.0348;0.113;0.9042;0.0301;0.958;0.5556;50;3479
16/01/2026 18:18;VAD;reverse_distillation;448x448;50;50;2000;0;216;0.7887;0.7974;0.7291;0.342;0.489;0.8966;0.1649;0.9478;0.8334;455.9;3671
16/01/2026 18:39;btad/01;reverse_distillation;448x448;50;50;70;0;216;1;1;1;1;1;0.9849;0.6634;0.9975;0.9456;1165;3668
16/01/2026 18:50;btad/02;reverse_distillation;448x448;50;50;229;0;216;0.8482;0.9741;0.9321;0.5377;0.5477;0.9704;0.7089;0.9497;0.808;547.5;3668
16/01/2026 19:02;btad/03;reverse_distillation;448x448;50;50;431;0;216;0.949;0.8977;0.8852;0.9032;0.9032;0.9569;0.305;0.9983;0.791;552.8;3668
16/01/2026 19:46;GoodsAD/cigarette_box;reverse_distillation;448x448;50;50;429;0;216;0.5665;0.5847;0.742;0.0163;0.0528;0.8198;0.122;0.8387;0.5472;2336.6;3668
16/01/2026 20:33;GoodsAD/drink_bottle;reverse_distillation;448x448;50;50;781;0;216;0.6033;0.6426;0.7084;0.1271;0.1929;0.8941;0.0487;0.9977;0.7253;2299.9;3668
16/01/2026 21:16;GoodsAD/drink_can;reverse_distillation;448x448;50;50;293;0;216;0.5587;0.5436;0.676;0.0822;0.1644;0.8869;0.0939;0.9845;0.6361;2351.8;3668
16/01/2026 22:00;GoodsAD/food_bottle;reverse_distillation;448x448;50;50;604;0;216;0.608;0.6695;0.7557;0.0637;0.1607;0.9003;0.092;0.9719;0.7103;2258.1;3668
16/01/2026 22:42;GoodsAD/food_box;reverse_distillation;448x448;50;50;397;0;216;0.6137;0.718;0.7832;0.1076;0.1992;0.8572;0.0376;0.9873;0.6601;2267.5;3668
16/01/2026 23:26;GoodsAD/food_package;reverse_distillation;448x448;50;50;483;0;216;0.5583;0.5242;0.6543;0.0522;0.1261;0.9074;0.0352;0.9765;0.6685;2305;3668
16/01/2026 23:53;VAD;dinomaly;448x448;50;50;2000;0;216;0.5498;0.535;0.6678;0.071;0.124;0.8522;0.03;0.8964;0.6277;707.2;5171
17/01/2026 0:18;btad/01;dinomaly;448x448;50;50;70;0;216;0.9981;0.9992;0.9897;0.9796;1;0.9825;0.6574;0.9942;0.9393;1438.9;5170
17/01/2026 0:34;btad/02;dinomaly;448x448;50;50;229;0;216;0.828;0.9708;0.9321;0.5025;0.5829;0.9646;0.659;0.9369;0.8358;804.2;5170
17/01/2026 0:50;btad/03;dinomaly;448x448;50;50;431;0;216;0.9978;0.9727;0.9091;1;1;0.9779;0.6546;0.9815;0.8093;810;5170
17/01/2026 1:38;GoodsAD/cigarette_box;dinomaly;448x448;50;50;429;0;216;0.738;0.688;0.8294;0.0488;0.0976;0.9438;0.3249;0.9855;0.761;2598.6;5170
17/01/2026 2:30;GoodsAD/drink_bottle;dinomaly;448x448;50;50;781;0;216;0.6117;0.6315;0.7133;0.0918;0.1694;0.9519;0.1426;0.9995;0.7915;2579.2;5170
17/01/2026 3:17;GoodsAD/drink_can;dinomaly;448x448;50;50;293;0;216;0.6057;0.5714;0.7016;0.0753;0.1164;0.9191;0.1327;0.9948;0.6621;2603.1;5170
17/01/2026 4:01;GoodsAD/food_bottle;dinomaly;448x448;50;50;604;0;216;0.667;0.7359;0.7669;0.1634;0.241;0.9557;0.2689;0.9937;0.7887;2353.4;5170
17/01/2026 4:44;GoodsAD/food_box;dinomaly;448x448;50;50;397;0;216;0.6479;0.729;0.7921;0.0956;0.1434;0.9256;0.0799;0.9939;0.7564;2375.9;5170
17/01/2026 5:29;GoodsAD/food_package;dinomaly;448x448;50;50;483;0;216;0.5437;0.5154;0.6568;0.0565;0.1391;0.9378;0.0548;0.9916;0.6967;2409;5170
17/01/2026 5:41;VAD;padim;448x448;50;50;2000;1;1;0.7013;0.6814;0.6848;0.164;0.324;0.9256;0.1314;0.8795;0.6251;7.8;2680
17/01/2026 5:42;btad/01;padim;448x448;50;50;70;1;1;0.378;0.7257;0.8235;0.2449;0.2449;0.7912;0.0901;0.6558;0.3749;14.5;2680
17/01/2026 5:44;btad/02;padim;448x448;50;50;229;1;1;0.7028;0.9513;0.9299;0.5226;0.5729;0.9416;0.4424;0.8886;0.7216;8.8;2680
17/01/2026 5:46;btad/03;padim;448x448;50;50;431;1;1;0.4362;0.0856;0.1667;0.129;0.1613;0.7506;0.0039;0.6718;0.1615;8.5;2680
17/01/2026 5:50;GoodsAD/cigarette_box;padim;448x448;50;50;429;1;1;0.4486;0.5211;0.7376;0.0325;0.0407;0.8131;0.1302;0.7517;0.4313;24.4;2680
17/01/2026 5:57;GoodsAD/drink_bottle;padim;448x448;50;50;781;1;1;0.5116;0.5362;0.7055;0.0306;0.0753;0.8747;0.0374;0.9913;0.6414;25.1;2680
17/01/2026 6:00;GoodsAD/drink_can;padim;448x448;50;50;293;1;1;0.5629;0.5457;0.6682;0.089;0.1301;0.8945;0.1204;0.9496;0.5051;25.1;2680
17/01/2026 6:06;GoodsAD/food_bottle;padim;448x448;50;50;604;1;1;0.5968;0.6727;0.7516;0.1108;0.1745;0.8996;0.0774;0.9871;0.7081;24.1;2680
17/01/2026 6:10;GoodsAD/food_box;padim;448x448;50;50;397;1;1;0.5176;0.6575;0.7837;0.0797;0.0996;0.8458;0.0361;0.9559;0.5518;24.6;2680
17/01/2026 6:14;GoodsAD/food_package;padim;448x448;50;50;483;1;1;0.5591;0.5327;0.6487;0.0609;0.1478;0.8849;0.0255;0.9844;0.621;24.4;2680
17/01/2026 6:27;VAD;patchcore;448x448;50;50;2000;1;1;0.8593;0.8752;0.7856;0.542;0.656;0.9407;0.2975;0.9672;0.7915;31.9;3479
17/01/2026 6:28;btad/01;patchcore;448x448;50;50;70;1;1;0.9981;0.9992;0.9897;0.9796;1;0.9838;0.6414;0.9917;0.9416;38.4;3479
17/01/2026 6:30;btad/02;patchcore;448x448;50;50;229;1;1;0.8826;0.98;0.9469;0.5879;0.6734;0.9654;0.6432;0.9328;0.7611;33;3479
17/01/2026 6:33;btad/03;patchcore;448x448;50;50;431;1;1;0.8681;0.7648;0.8077;0.7419;0.7419;0.9593;0.281;0.9963;0.7508;33.1;3479
17/01/2026 6:37;GoodsAD/cigarette_box;patchcore;448x448;50;50;429;1;1;0.6592;0.6763;0.7967;0.1179;0.1707;0.9177;0.2105;0.985;0.7241;49;3479
17/01/2026 6:45;GoodsAD/drink_bottle;patchcore;448x448;50;50;781;1;1;0.5755;0.596;0.7114;0.0541;0.1647;0.9297;0.0713;0.9938;0.7335;49.1;3479
17/01/2026 6:48;GoodsAD/drink_can;patchcore;448x448;50;50;293;1;1;0.5964;0.586;0.6853;0.0959;0.1164;0.9;0.1083;0.9734;0.647;49.3;3479
17/01/2026 6:54;GoodsAD/food_bottle;patchcore;448x448;50;50;604;1;1;0.6175;0.6807;0.7518;0.072;0.1967;0.9309;0.1529;0.9748;0.7052;48.9;3479
17/01/2026 6:59;GoodsAD/food_box;patchcore;448x448;50;50;397;1;1;0.5802;0.6848;0.7764;0.0438;0.1355;0.8775;0.0419;0.9495;0.5872;48.6;3479
17/01/2026 7:04;GoodsAD/food_package;patchcore;448x448;50;50;483;1;1;0.549;0.5055;0.6677;0.0435;0.113;0.9123;0.0325;0.9835;0.6216;48.8;3479
17/01/2026 7:24;VAD;reverse_distillation;448x448;50;50;2000;1;216;0.7837;0.779;0.7273;0.327;0.469;0.8964;0.1495;0.9488;0.8174;442.8;3668
17/01/2026 7:43;btad/01;reverse_distillation;448x448;50;50;70;1;216;0.9961;0.9984;0.98;0.9796;1;0.9837;0.6431;0.9981;0.9731;1115.8;3668
17/01/2026 7:53;btad/02;reverse_distillation;448x448;50;50;229;1;216;0.8362;0.9716;0.935;0.5025;0.5377;0.9692;0.6953;0.9504;0.8208;536.9;3668
17/01/2026 8:04;btad/03;reverse_distillation;448x448;50;50;431;1;216;0.9579;0.9202;0.931;0.9032;0.9032;0.9614;0.3218;0.9986;0.7957;540.4;3668
17/01/2026 8:45;GoodsAD/cigarette_box;reverse_distillation;448x448;50;50;429;1;216;0.573;0.596;0.7516;0.0366;0.0691;0.819;0.12;0.8316;0.5296;2182.4;3668
17/01/2026 9:28;GoodsAD/drink_bottle;reverse_distillation;448x448;50;50;781;1;216;0.6053;0.6389;0.706;0.0988;0.1953;0.8981;0.0506;0.997;0.7043;2204.1;3668
17/01/2026 10:08;GoodsAD/drink_can;reverse_distillation;448x448;50;50;293;1;216;0.5999;0.5722;0.6773;0.0274;0.1644;0.8879;0.097;0.9857;0.6573;2206.2;3668
17/01/2026 10:48;GoodsAD/food_bottle;reverse_distillation;448x448;50;50;604;1;216;0.6258;0.6941;0.7492;0.108;0.1856;0.9042;0.0974;0.9703;0.7188;2114.2;3668
17/01/2026 11:28;GoodsAD/food_box;reverse_distillation;448x448;50;50;397;1;216;0.5849;0.7071;0.7814;0.0876;0.1394;0.8549;0.0378;0.9744;0.6401;2145.8;3668
17/01/2026 12:08;GoodsAD/food_package;reverse_distillation;448x448;50;50;483;1;216;0.5761;0.5317;0.6497;0.0652;0.1261;0.9071;0.0361;0.9759;0.6769;2175.5;3668
17/01/2026 12:32;VAD;dinomaly;448x448;50;50;2000;1;216;0.5642;0.5415;0.6676;0.073;0.139;0.8573;0.0371;0.8996;0.6657;691;5170
17/01/2026 12:56;btad/01;dinomaly;448x448;50;50;70;1;216;0.999;0.9996;0.9899;1;1;0.9826;0.6617;0.9946;0.9441;1360.3;5170
17/01/2026 13:10;btad/02;dinomaly;448x448;50;50;229;1;216;0.824;0.9704;0.9299;0.5226;0.5779;0.9642;0.6521;0.939;0.8341;767.9;5170
17/01/2026 13:25;btad/03;dinomaly;448x448;50;50;431;1;216;0.9989;0.9832;0.9688;1;1;0.9841;0.6992;0.9968;0.904;772.6;5170
17/01/2026 14:10;GoodsAD/cigarette_box;dinomaly;448x448;50;50;429;1;216;0.6855;0.6791;0.7822;0.065;0.1504;0.9313;0.289;0.9829;0.7342;2438.4;5170
17/01/2026 14:57;GoodsAD/drink_bottle;dinomaly;448x448;50;50;781;1;216;0.6242;0.6282;0.7079;0.0659;0.1482;0.9502;0.142;0.9993;0.7906;2441.8;5170
17/01/2026 15:41;GoodsAD/drink_can;dinomaly;448x448;50;50;293;1;216;0.6125;0.5752;0.6898;0.1027;0.1507;0.9188;0.1363;0.9941;0.653;2450.5;5170
17/01/2026 16:25;GoodsAD/food_bottle;dinomaly;448x448;50;50;604;1;216;0.6758;0.7634;0.7566;0.1994;0.2992;0.9566;0.3244;0.9923;0.7975;2353.6;5170
17/01/2026 17:09;GoodsAD/food_box;dinomaly;448x448;50;50;397;1;216;0.5867;0.6777;0.7823;0.0677;0.1195;0.9186;0.0728;0.9901;0.6788;2383.4;5170
17/01/2026 17:53;GoodsAD/food_package;dinomaly;448x448;50;50;483;1;216;0.582;0.5296;0.6584;0.0435;0.1087;0.9437;0.0563;0.9875;0.7137;2405.8;5170
17/01/2026 18:05;VAD;padim;448x448;50;50;2000;2;1;0.6258;0.619;0.6776;0.179;0.236;0.9352;0.1169;0.9113;0.6362;7.4;2680
17/01/2026 18:06;btad/01;padim;448x448;50;50;70;2;1;0.7551;0.8937;0.8411;0.4694;0.4694;0.8054;0.0911;0.8452;0.4177;14.3;2680
17/01/2026 18:08;btad/02;padim;448x448;50;50;229;2;1;0.6794;0.9472;0.9299;0.5075;0.5427;0.9397;0.438;0.8715;0.6927;7.9;2680
17/01/2026 18:10;btad/03;padim;448x448;50;50;431;2;1;0.3685;0.0546;0.1342;0;0.0323;0.738;0.0038;0.7452;0.1381;8.3;2680
17/01/2026 18:14;GoodsAD/cigarette_box;padim;448x448;50;50;429;2;1;0.4736;0.5283;0.7481;0.0285;0.0366;0.7626;0.1121;0.6411;0.3981;24.2;2680
17/01/2026 18:21;GoodsAD/drink_bottle;padim;448x448;50;50;781;2;1;0.4814;0.5228;0.7048;0.0282;0.0682;0.873;0.0376;0.9843;0.6512;25;2680
17/01/2026 18:24;GoodsAD/drink_can;padim;448x448;50;50;293;2;1;0.5706;0.5565;0.6667;0.0822;0.0959;0.8808;0.1149;0.9279;0.5723;25.1;2680
17/01/2026 18:30;GoodsAD/food_bottle;padim;448x448;50;50;604;2;1;0.5867;0.6494;0.7562;0.0526;0.133;0.8872;0.071;0.9624;0.6505;23.8;2680
17/01/2026 18:34;GoodsAD/food_box;padim;448x448;50;50;397;2;1;0.5174;0.6387;0.7747;0.0478;0.0837;0.8406;0.0367;0.9323;0.5562;24.1;2680
17/01/2026 18:39;GoodsAD/food_package;padim;448x448;50;50;483;2;1;0.526;0.5226;0.6452;0.0435;0.1435;0.8823;0.0257;0.936;0.5425;24.6;2680
17/01/2026 18:51;VAD;patchcore;448x448;50;50;2000;2;1;0.856;0.8717;0.784;0.54;0.641;0.9437;0.2958;0.9704;0.8293;32.8;3479
17/01/2026 18:53;btad/01;patchcore;448x448;50;50;70;2;1;0.999;0.9996;0.9899;1;1;0.9834;0.6396;0.991;0.9428;38.7;3479
17/01/2026 18:55;btad/02;patchcore;448x448;50;50;229;2;1;0.8945;0.9826;0.9474;0.5879;0.7789;0.965;0.6367;0.9366;0.807;33.1;3479
17/01/2026 18:57;btad/03;patchcore;448x448;50;50;431;2;1;0.903;0.8367;0.8929;0.8065;0.8065;0.9577;0.2939;0.9968;0.7401;33.3;3479
17/01/2026 19:02;GoodsAD/cigarette_box;patchcore;448x448;50;50;429;2;1;0.6477;0.6645;0.7942;0.1057;0.1626;0.9156;0.2243;0.9758;0.7189;49.4;3479
17/01/2026 19:10;GoodsAD/drink_bottle;patchcore;448x448;50;50;781;2;1;0.5632;0.5878;0.7123;0.0682;0.1106;0.9287;0.0686;0.9925;0.706;49.4;3479
17/01/2026 19:13;GoodsAD/drink_can;patchcore;448x448;50;50;293;2;1;0.6053;0.5708;0.7085;0.0548;0.1164;0.9038;0.106;0.9694;0.6661;49.8;3479
17/01/2026 19:19;GoodsAD/food_bottle;patchcore;448x448;50;50;604;2;1;0.6237;0.6831;0.758;0.0416;0.1773;0.9304;0.1487;0.9679;0.665;48.3;3479
17/01/2026 19:24;GoodsAD/food_box;patchcore;448x448;50;50;397;2;1;0.5724;0.702;0.7853;0.1275;0.1713;0.8794;0.042;0.9692;0.6131;48.8;3479
17/01/2026 19:29;GoodsAD/food_package;patchcore;448x448;50;50;483;2;1;0.5464;0.5035;0.6571;0.0391;0.1043;0.9129;0.0356;0.9741;0.5824;48.9;3479
17/01/2026 19:48;VAD;reverse_distillation;448x448;50;50;2000;2;216;0.7802;0.762;0.7306;0.285;0.448;0.8986;0.1526;0.9485;0.8368;441.6;3668
17/01/2026 20:08;btad/01;reverse_distillation;448x448;50;50;70;2;216;0.999;0.9996;0.9899;1;1;0.9836;0.6595;0.9984;0.931;1123.2;3668
17/01/2026 20:18;btad/02;reverse_distillation;448x448;50;50;229;2;216;0.8452;0.9733;0.9299;0.5276;0.5377;0.9695;0.6945;0.9486;0.8151;537.4;3668
17/01/2026 20:30;btad/03;reverse_distillation;448x448;50;50;431;2;216;0.9788;0.9307;0.9333;0.9355;0.9355;0.9586;0.3265;0.9839;0.75;540.5;3668
17/01/2026 21:10;GoodsAD/cigarette_box;reverse_distillation;448x448;50;50;429;2;216;0.5705;0.5975;0.7567;0.0244;0.065;0.8139;0.1205;0.8126;0.5023;2184.1;3668
17/01/2026 21:54;GoodsAD/drink_bottle;reverse_distillation;448x448;50;50;781;2;216;0.5907;0.6168;0.7097;0.0824;0.1624;0.9005;0.051;0.9947;0.7026;2208.8;3668
17/01/2026 22:33;GoodsAD/drink_can;reverse_distillation;448x448;50;50;293;2;216;0.5962;0.5667;0.679;0.0685;0.1164;0.8871;0.0972;0.9838;0.6459;2217.6;3668
17/01/2026 23:14;GoodsAD/food_bottle;reverse_distillation;448x448;50;50;604;2;216;0.6268;0.6822;0.7555;0.0776;0.1302;0.8981;0.0886;0.966;0.7;2107.9;3668
17/01/2026 23:53;GoodsAD/food_box;reverse_distillation;448x448;50;50;397;2;216;0.5849;0.6959;0.7815;0.1116;0.1594;0.8568;0.0384;0.9858;0.6654;2148.8;3668
18/01/2026 0:34;GoodsAD/food_package;reverse_distillation;448x448;50;50;483;2;216;0.5732;0.533;0.6599;0.0696;0.113;0.9114;0.0384;0.9777;0.6772;2180.9;3668
18/01/2026 0:58;VAD;dinomaly;448x448;50;50;2000;2;216;0.5522;0.5379;0.6669;0.067;0.142;0.8564;0.0314;0.907;0.6491;692;5170
18/01/2026 1:21;btad/01;dinomaly;448x448;50;50;70;2;216;1;1;1;1;1;0.9827;0.6611;0.9951;0.8784;1363.6;5170
18/01/2026 1:35;btad/02;dinomaly;448x448;50;50;229;2;216;0.8208;0.9709;0.9343;0.593;0.6281;0.9642;0.6489;0.9365;0.7922;768.6;5170
18/01/2026 1:51;btad/03;dinomaly;448x448;50;50;431;2;216;0.9985;0.9794;0.9524;1;1;0.9851;0.6938;0.997;0.8637;775.3;5170
18/01/2026 2:35;GoodsAD/cigarette_box;dinomaly;448x448;50;50;429;2;216;0.7882;0.7587;0.831;0.1057;0.2561;0.9452;0.3719;0.985;0.7581;2444.7;5170
18/01/2026 3:23;GoodsAD/drink_bottle;dinomaly;448x448;50;50;781;2;216;0.6266;0.6343;0.7187;0.0871;0.1765;0.9507;0.1348;0.9965;0.7779;2427.1;5170
18/01/2026 4:06;GoodsAD/drink_can;dinomaly;448x448;50;50;293;2;216;0.6211;0.5823;0.705;0.0685;0.1164;0.9185;0.1386;0.988;0.6826;2460;5170
18/01/2026 4:51;GoodsAD/food_bottle;dinomaly;448x448;50;50;604;2;216;0.6898;0.7602;0.7644;0.1911;0.2687;0.9566;0.3105;0.9939;0.7802;2356.4;5170
18/01/2026 5:35;GoodsAD/food_box;dinomaly;448x448;50;50;397;2;216;0.617;0.689;0.7922;0.0398;0.1195;0.9218;0.0728;0.9843;0.7204;2392.7;5170
18/01/2026 6:19;GoodsAD/food_package;dinomaly;448x448;50;50;483;2;216;0.5599;0.5252;0.6579;0.0522;0.1565;0.9454;0.0603;0.9907;0.7143;2417.4;5170
18/01/2026 6:31;VAD;padim;448x448;50;50;2000;3;1;0.7104;0.6993;0.6974;0.182;0.334;0.9304;0.1796;0.9023;0.6909;7.9;2680
18/01/2026 6:32;btad/01;padim;448x448;50;50;70;3;1;0.6667;0.8639;0.8235;0.449;0.4898;0.9001;0.2719;0.8668;0.583;14.8;2680
18/01/2026 6:34;btad/02;padim;448x448;50;50;229;3;1;0.6466;0.9408;0.9299;0.4724;0.5176;0.938;0.4094;0.8559;0.7359;8.6;2680
18/01/2026 6:36;btad/03;padim;448x448;50;50;431;3;1;0.6321;0.2003;0.25;0.1935;0.2903;0.7731;0.0042;0.7528;0.1746;8.9;2680
18/01/2026 6:40;GoodsAD/cigarette_box;padim;448x448;50;50;429;3;1;0.6478;0.6795;0.7504;0.1016;0.1829;0.8209;0.1601;0.7789;0.5212;24.8;2680
18/01/2026 6:48;GoodsAD/drink_bottle;padim;448x448;50;50;781;3;1;0.5012;0.5523;0.7055;0.0588;0.0965;0.8848;0.0396;0.9929;0.6487;25.3;2680
18/01/2026 6:51;GoodsAD/drink_can;padim;448x448;50;50;293;3;1;0.5515;0.532;0.6682;0.0479;0.1301;0.8826;0.1013;0.965;0.558;25.1;2680
18/01/2026 6:56;GoodsAD/food_bottle;padim;448x448;50;50;604;3;1;0.5759;0.6506;0.7577;0.0748;0.1357;0.9003;0.077;0.9803;0.6074;24.5;2680
18/01/2026 7:00;GoodsAD/food_box;padim;448x448;50;50;397;3;1;0.5675;0.6743;0.7771;0.0478;0.1116;0.8403;0.033;0.9691;0.5816;24.4;2680
18/01/2026 7:05;GoodsAD/food_package;padim;448x448;50;50;483;3;1;0.5152;0.4819;0.647;0.0435;0.1174;0.8899;0.0263;0.9426;0.4882;24.5;2680
18/01/2026 7:18;VAD;patchcore;448x448;50;50;2000;3;1;0.8506;0.8678;0.7697;0.538;0.634;0.9468;0.2922;0.9708;0.9004;32.4;3479
18/01/2026 7:19;btad/01;patchcore;448x448;50;50;70;3;1;0.999;0.9996;0.9899;1;1;0.9834;0.6383;0.9913;0.9654;39.3;3479
18/01/2026 7:21;btad/02;patchcore;448x448;50;50;229;3;1;0.8878;0.9815;0.9415;0.6231;0.6784;0.9654;0.6457;0.9406;0.8841;32.9;3479
18/01/2026 7:24;btad/03;patchcore;448x448;50;50;431;3;1;0.9055;0.8382;0.8621;0.8065;0.8387;0.9597;0.2397;0.9956;0.7532;33;3479
18/01/2026 7:28;GoodsAD/cigarette_box;patchcore;448x448;50;50;429;3;1;0.6521;0.6777;0.798;0.1179;0.1585;0.9118;0.2158;0.9773;0.6975;49.7;3479
18/01/2026 7:36;GoodsAD/drink_bottle;patchcore;448x448;50;50;781;3;1;0.5464;0.5788;0.7159;0.0706;0.1035;0.9331;0.0749;0.9951;0.6958;49.7;3479
18/01/2026 7:39;GoodsAD/drink_can;patchcore;448x448;50;50;293;3;1;0.6016;0.5812;0.7047;0.137;0.1712;0.901;0.1025;0.9735;0.6613;49.9;3479
18/01/2026 7:46;GoodsAD/food_bottle;patchcore;448x448;50;50;604;3;1;0.6021;0.6832;0.7518;0.0997;0.1773;0.9257;0.1281;0.9767;0.7005;48.5;3479
18/01/2026 7:50;GoodsAD/food_box;patchcore;448x448;50;50;397;3;1;0.5585;0.6763;0.7769;0.0518;0.1594;0.8796;0.0417;0.9633;0.5895;49.3;3479
18/01/2026 7:55;GoodsAD/food_package;patchcore;448x448;50;50;483;3;1;0.5381;0.4918;0.6555;0.0348;0.0913;0.9069;0.03;0.9701;0.5644;49.6;3479
18/01/2026 8:15;VAD;reverse_distillation;448x448;50;50;2000;3;216;0.7718;0.7581;0.7229;0.308;0.472;0.9007;0.1523;0.9442;0.7719;443;3668
18/01/2026 8:34;btad/01;reverse_distillation;448x448;50;50;70;3;216;1;1;1;1;1;0.9845;0.6712;0.9975;0.9672;1118.5;3668
18/01/2026 8:45;btad/02;reverse_distillation;448x448;50;50;229;3;216;0.8278;0.9704;0.9333;0.5276;0.5276;0.9685;0.6911;0.9438;0.7981;534.8;3668
18/01/2026 8:56;btad/03;reverse_distillation;448x448;50;50;431;3;216;0.9498;0.9178;0.9492;0.9032;0.9032;0.9642;0.3451;0.9844;0.7746;539.2;3668
18/01/2026 9:36;GoodsAD/cigarette_box;reverse_distillation;448x448;50;50;429;3;216;0.5702;0.604;0.7604;0.0447;0.1016;0.7974;0.111;0.7606;0.4429;2188.6;3668
18/01/2026 10:19;GoodsAD/drink_bottle;reverse_distillation;448x448;50;50;781;3;216;0.5956;0.6199;0.7053;0.0918;0.1671;0.8966;0.0511;0.9903;0.6937;2194.7;3668
18/01/2026 10:59;GoodsAD/drink_can;reverse_distillation;448x448;50;50;293;3;216;0.5889;0.5629;0.681;0.0822;0.1233;0.8867;0.0939;0.9902;0.6852;2235.6;3668
18/01/2026 11:40;GoodsAD/food_bottle;reverse_distillation;448x448;50;50;604;3;216;0.5951;0.6565;0.7573;0.0526;0.1468;0.8979;0.0829;0.9769;0.7089;2114.2;3668
18/01/2026 12:19;GoodsAD/food_box;reverse_distillation;448x448;50;50;397;3;216;0.5835;0.7036;0.78;0.0837;0.1673;0.8554;0.0368;0.9782;0.6331;2150.4;3668
18/01/2026 13:00;GoodsAD/food_package;reverse_distillation;448x448;50;50;483;3;216;0.5669;0.5304;0.6529;0.0957;0.1478;0.9054;0.0359;0.9684;0.6667;2186.9;3668
18/01/2026 13:24;VAD;dinomaly;448x448;50;50;2000;3;216;0.552;0.5357;0.6669;0.069;0.138;0.8604;0.0338;0.8854;0.5781;694.3;5170
18/01/2026 13:47;btad/01;dinomaly;448x448;50;50;70;3;216;1;1;1;1;1;0.983;0.6616;0.9934;0.9187;1361.7;5170
18/01/2026 14:02;btad/02;dinomaly;448x448;50;50;229;3;216;0.7968;0.9656;0.9299;0.5126;0.5477;0.9645;0.6549;0.9364;0.7852;774.8;5170
18/01/2026 14:17;btad/03;dinomaly;448x448;50;50;431;3;216;0.9981;0.9737;0.9375;1;1;0.9828;0.6602;0.9818;0.9001;776;5170
18/01/2026 15:02;GoodsAD/cigarette_box;dinomaly;448x448;50;50;429;3;216;0.6592;0.6701;0.7707;0.0407;0.2317;0.9303;0.3017;0.9813;0.7361;2440.3;5170
18/01/2026 15:49;GoodsAD/drink_bottle;dinomaly;448x448;50;50;781;3;216;0.6089;0.6428;0.7139;0.0847;0.2188;0.9548;0.1767;0.9997;0.7997;2422.7;5170
18/01/2026 16:33;GoodsAD/drink_can;dinomaly;448x448;50;50;293;3;216;0.6171;0.5667;0.6974;0.0548;0.1096;0.9139;0.1269;0.985;0.6412;2448.5;5170
18/01/2026 17:18;GoodsAD/food_bottle;dinomaly;448x448;50;50;604;3;216;0.6773;0.7329;0.7707;0.1496;0.2687;0.954;0.2518;0.9936;0.7822;2367.9;5170
18/01/2026 18:01;GoodsAD/food_box;dinomaly;448x448;50;50;397;3;216;0.6138;0.6996;0.7862;0.0478;0.1275;0.9232;0.0775;0.9934;0.7473;2398.8;5170
18/01/2026 18:46;GoodsAD/food_package;dinomaly;448x448;50;50;483;3;216;0.5568;0.5162;0.6571;0.0565;0.1043;0.9394;0.0526;0.9915;0.6989;2423.4;5170
18/01/2026 18:58;VAD;padim;448x448;50;50;2000;4;1;0.6305;0.6171;0.6773;0.17;0.24;0.9189;0.0889;0.9013;0.7363;7.8;2680
18/01/2026 18:59;btad/01;padim;448x448;50;50;70;4;1;0.6987;0.8737;0.8348;0.4898;0.4898;0.845;0.157;0.877;0.5201;14.6;2680
18/01/2026 19:01;btad/02;padim;448x448;50;50;229;4;1;0.7003;0.95;0.9299;0.5176;0.5477;0.9451;0.4865;0.8519;0.6744;8.6;2680
18/01/2026 19:03;btad/03;padim;448x448;50;50;431;4;1;0.5884;0.2589;0.2778;0.2258;0.2903;0.7252;0.0036;0.6166;0.0869;8.4;2680
18/01/2026 19:07;GoodsAD/cigarette_box;padim;448x448;50;50;429;4;1;0.492;0.5373;0.7591;0.0285;0.0366;0.7565;0.1121;0.607;0.3247;24.5;2680
18/01/2026 19:14;GoodsAD/drink_bottle;padim;448x448;50;50;781;4;1;0.5127;0.5427;0.7054;0.0376;0.0753;0.8696;0.0369;0.9784;0.6433;24.9;2680
18/01/2026 19:17;GoodsAD/drink_can;padim;448x448;50;50;293;4;1;0.4986;0.5328;0.6667;0.1164;0.1507;0.8893;0.1149;0.8861;0.4625;24.8;2680
18/01/2026 19:23;GoodsAD/food_bottle;padim;448x448;50;50;604;4;1;0.615;0.659;0.75;0.0305;0.1219;0.8861;0.0695;0.9677;0.6415;24.3;2680
18/01/2026 19:27;GoodsAD/food_box;padim;448x448;50;50;397;4;1;0.5751;0.6923;0.7759;0.0637;0.1514;0.8435;0.0364;0.9612;0.5792;24.4;2680
18/01/2026 19:31;GoodsAD/food_package;padim;448x448;50;50;483;4;1;0.5245;0.5181;0.6461;0.087;0.1478;0.8798;0.0255;0.9659;0.5704;24.6;2680
18/01/2026 19:44;VAD;patchcore;448x448;50;50;2000;4;1;0.8541;0.8683;0.7821;0.513;0.636;0.9391;0.2881;0.9679;0.8406;32.1;3479
18/01/2026 19:45;btad/01;patchcore;448x448;50;50;70;4;1;0.9981;0.9992;0.9897;0.9796;1;0.9831;0.6405;0.9906;0.8927;38.8;3479
18/01/2026 19:47;btad/02;patchcore;448x448;50;50;229;4;1;0.8925;0.982;0.951;0.598;0.6683;0.9645;0.6328;0.9331;0.8385;33;3479
18/01/2026 19:50;btad/03;patchcore;448x448;50;50;431;4;1;0.8306;0.7625;0.7719;0.7419;0.7742;0.9575;0.2451;0.9956;0.759;32.8;3479
18/01/2026 19:54;GoodsAD/cigarette_box;patchcore;448x448;50;50;429;4;1;0.6621;0.6761;0.7915;0.1057;0.1504;0.9001;0.1926;0.9606;0.6934;49.7;3479
18/01/2026 20:02;GoodsAD/drink_bottle;patchcore;448x448;50;50;781;4;1;0.5492;0.5796;0.7169;0.0494;0.1271;0.9285;0.0676;0.9971;0.7172;49.6;3479
18/01/2026 20:06;GoodsAD/drink_can;patchcore;448x448;50;50;293;4;1;0.6015;0.5881;0.6895;0.0822;0.1575;0.9083;0.1093;0.9563;0.6077;49.9;3479
18/01/2026 20:12;GoodsAD/food_bottle;patchcore;448x448;50;50;604;4;1;0.5825;0.6527;0.7482;0.0637;0.1108;0.9271;0.1264;0.9708;0.6615;49;3479
18/01/2026 20:16;GoodsAD/food_box;patchcore;448x448;50;50;397;4;1;0.5631;0.6695;0.7848;0.0558;0.1155;0.889;0.0463;0.969;0.6165;50.2;3479
18/01/2026 20:21;GoodsAD/food_package;patchcore;448x448;50;50;483;4;1;0.5511;0.5076;0.6571;0.0435;0.1348;0.9111;0.0349;0.9689;0.5816;49.3;3479
18/01/2026 20:41;VAD;reverse_distillation;448x448;50;50;2000;4;216;0.7796;0.7426;0.7356;0.231;0.447;0.8971;0.1353;0.9458;0.7938;443.1;3668
18/01/2026 21:00;btad/01;reverse_distillation;448x448;50;50;70;4;216;0.9981;0.9992;0.9899;1;1;0.9839;0.6609;0.9962;0.9267;1115.8;3668
18/01/2026 21:11;btad/02;reverse_distillation;448x448;50;50;229;4;216;0.8258;0.97;0.9333;0.5126;0.5477;0.9683;0.6765;0.9436;0.7445;535.9;3668
18/01/2026 21:22;btad/03;reverse_distillation;448x448;50;50;431;4;216;0.9977;0.9795;0.9508;0.9677;1;0.9587;0.3441;0.9706;0.7601;539;3668
18/01/2026 22:02;GoodsAD/cigarette_box;reverse_distillation;448x448;50;50;429;4;216;0.5633;0.5858;0.7473;0.0244;0.0488;0.8197;0.1227;0.7988;0.4807;2194.5;3668
18/01/2026 22:46;GoodsAD/drink_bottle;reverse_distillation;448x448;50;50;781;4;216;0.5885;0.6102;0.7079;0.0659;0.1671;0.8987;0.0517;0.9981;0.7473;2207.9;3668
18/01/2026 23:25;GoodsAD/drink_can;reverse_distillation;448x448;50;50;293;4;216;0.5903;0.5542;0.6804;0.0685;0.1301;0.8867;0.0948;0.9785;0.6633;2198.9;3668
19/01/2026 0:06;GoodsAD/food_bottle;reverse_distillation;448x448;50;50;604;4;216;0.5974;0.6805;0.7497;0.108;0.1884;0.8976;0.0879;0.9692;0.697;2114.4;3668
19/01/2026 0:45;GoodsAD/food_box;reverse_distillation;448x448;50;50;397;4;216;0.5835;0.6823;0.7829;0.0717;0.0876;0.861;0.0388;0.9713;0.6441;2133;3668
19/01/2026 1:25;GoodsAD/food_package;reverse_distillation;448x448;50;50;483;4;216;0.5706;0.525;0.6596;0.1043;0.1348;0.9051;0.0348;0.9714;0.6543;2167.4;3668
19/01/2026 1:49;VAD;dinomaly;448x448;50;50;2000;4;216;0.5489;0.5322;0.6667;0.064;0.126;0.851;0.0312;0.8781;0.579;693.5;5170
19/01/2026 2:13;btad/01;dinomaly;448x448;50;50;70;4;216;1;1;1;1;1;0.9835;0.6667;0.9883;0.9244;1359.8;5170
19/01/2026 2:27;btad/02;dinomaly;448x448;50;50;229;4;216;0.8226;0.9695;0.9365;0.5226;0.5477;0.9653;0.6644;0.9335;0.7648;774.1;5170
19/01/2026 2:42;btad/03;dinomaly;448x448;50;50;431;4;216;0.9985;0.9801;0.9375;1;1;0.9784;0.6357;0.983;0.8496;777;5170
19/01/2026 3:27;GoodsAD/cigarette_box;dinomaly;448x448;50;50;429;4;216;0.6667;0.6574;0.7797;0.0244;0.1341;0.9286;0.2642;0.9863;0.7642;2451.7;5170
19/01/2026 4:15;GoodsAD/drink_bottle;dinomaly;448x448;50;50;781;4;216;0.6126;0.6358;0.7172;0.0824;0.1812;0.9534;0.1571;0.9992;0.7961;2451.4;5170
19/01/2026 4:58;GoodsAD/drink_can;dinomaly;448x448;50;50;293;4;216;0.6341;0.5936;0.6982;0.0822;0.1438;0.9226;0.1373;0.97;0.6142;2424.2;5170
19/01/2026 5:43;GoodsAD/food_bottle;dinomaly;448x448;50;50;604;4;216;0.6809;0.7697;0.7575;0.1884;0.338;0.9603;0.3336;0.9922;0.7849;2370.1;5170
19/01/2026 6:27;GoodsAD/food_box;dinomaly;448x448;50;50;397;4;216;0.5961;0.6774;0.7941;0.0359;0.0956;0.9188;0.0721;0.9799;0.6982;2388.1;5170
19/01/2026 7:11;GoodsAD/food_package;dinomaly;448x448;50;50;483;4;216;0.5805;0.535;0.6589;0.0696;0.1478;0.9445;0.0582;0.9915;0.7109;2423;5170
13/01/2026 8:13;MPDD/bracket_black;padim;448x448;5;5;79;0;1;0.4129;0.5371;0.746;0;0.0638;0.9153;0.0048;1;0.6571;7.7;2464
13/01/2026 8:13;MPDD/bracket_brown;padim;448x448;5;5;77;0;1;0.6357;0.7432;0.8136;0.098;0.1569;0.9475;0.0646;0.9972;0.8048;6;2464
13/01/2026 8:14;MPDD/bracket_white;padim;448x448;5;5;60;0;1;0.7611;0.6923;0.7647;0.0667;0.2667;0.8454;0.0028;0.7985;0.3161;6;2464
13/01/2026 8:14;MPDD/connector;padim;448x448;5;5;44;0;1;0.6214;0.3698;0.6;0;0;0.9489;0.0668;0.9974;0.7994;5.8;2464
13/01/2026 8:15;MPDD/metal_plate;padim;448x448;5;5;97;0;1;0.4361;0.6907;0.8452;0.0282;0.0423;0.826;0.2788;0.8514;0.4751;5.5;2464
13/01/2026 8:16;MPDD/tubes;padim;448x448;5;5;101;0;1;0.6173;0.7838;0.8293;0.1739;0.2609;0.9224;0.0562;1;0.7651;6.8;2464
13/01/2026 8:17;MPDD/bracket_black;patchcore;448x448;5;5;79;0;1;0.4455;0.5491;0.752;0;0.0426;0.9555;0.0166;0.9985;0.71;3.4;631
13/01/2026 8:17;MPDD/bracket_brown;patchcore;448x448;5;5;77;0;1;0.681;0.8073;0.8167;0.2157;0.2549;0.9422;0.0979;0.9955;0.8664;2.7;454
13/01/2026 8:18;MPDD/bracket_white;patchcore;448x448;5;5;60;0;1;0.6711;0.5719;0.7778;0;0.0667;0.9647;0.0084;1;0.8096;2.6;454
13/01/2026 8:18;MPDD/connector;patchcore;448x448;5;5;44;0;1;0.9452;0.8887;0.8966;0.7857;0.9286;0.9661;0.243;0.9956;0.8456;2.8;454
13/01/2026 8:19;MPDD/metal_plate;patchcore;448x448;5;5;97;0;1;0.8527;0.9316;0.9211;0.2958;0.507;0.8896;0.6089;0.8945;0.6844;2.8;454
13/01/2026 8:20;MPDD/tubes;patchcore;448x448;5;5;101;0;1;0.976;0.9893;0.9437;0.8696;0.9275;0.9894;0.7337;1;0.9209;3.1;454
13/01/2026 8:23;MPDD/bracket_black;reverse_distillation;448x448;5;5;79;0;301;0.4202;0.539;0.746;0;0.0426;0.9298;0.014;0.9939;0.7613;134.8;2706
13/01/2026 8:26;MPDD/bracket_brown;reverse_distillation;448x448;5;5;77;0;301;0.5573;0.7255;0.8095;0.098;0.1176;0.9524;0.1053;0.9958;0.8392;138.9;2706
13/01/2026 8:29;MPDD/bracket_white;reverse_distillation;448x448;5;5;60;0;301;0.7422;0.7394;0.7536;0.1667;0.3333;0.9746;0.0065;0.9933;0.8071;131.7;2706
13/01/2026 8:32;MPDD/connector;reverse_distillation;448x448;5;5;44;0;301;0.8429;0.7467;0.7273;0.4286;0.5;0.9676;0.2253;0.9967;0.8342;141.5;2706
13/01/2026 8:34;MPDD/metal_plate;reverse_distillation;448x448;5;5;97;0;301;0.8164;0.9283;0.8608;0.493;0.662;0.9495;0.7093;0.9885;0.9041;109.3;2706
13/01/2026 8:37;MPDD/tubes;reverse_distillation;448x448;5;5;101;0;301;0.8786;0.9445;0.8667;0.6522;0.7246;0.9848;0.6034;1;0.9377;132.3;2706
13/01/2026 8:40;MPDD/bracket_black;dinomaly;448x448;5;5;79;0;301;0.5492;0.6493;0.7642;0.0213;0.1915;0.9659;0.0694;0.9989;0.8831;155.9;3836
13/01/2026 8:43;MPDD/bracket_brown;dinomaly;448x448;5;5;77;0;301;0.5943;0.7027;0.8095;0.0196;0.0588;0.9535;0.1019;0.998;0.8979;160.5;3836
13/01/2026 8:47;MPDD/bracket_white;dinomaly;448x448;5;5;60;0;301;0.7556;0.7216;0.8;0.1333;0.2667;0.9854;0.0221;0.9933;0.9258;157;3836
13/01/2026 8:50;MPDD/connector;dinomaly;448x448;5;5;44;0;301;0.9905;0.9805;0.9333;0.9286;1;0.9757;0.4632;0.9958;0.8449;160.8;3836
13/01/2026 8:52;MPDD/metal_plate;dinomaly;448x448;5;5;97;0;301;1;1;1;1;1;0.9851;0.9139;0.9821;0.9404;132.1;3836
13/01/2026 8:56;MPDD/tubes;dinomaly;448x448;5;5;101;0;301;0.9062;0.966;0.916;0.8551;0.8696;0.9889;0.7303;0.9984;0.9128;154.8;3836
13/01/2026 8:57;MPDD/bracket_black;padim;448x448;5;5;79;1;1;0.5086;0.61;0.7603;0.0426;0.1064;0.9448;0.0083;1;0.7608;7.7;2464
13/01/2026 8:57;MPDD/bracket_brown;padim;448x448;5;5;77;1;1;0.365;0.6102;0.7969;0.0784;0.098;0.9578;0.0706;0.9994;0.8114;7.8;2464
13/01/2026 8:58;MPDD/bracket_white;padim;448x448;5;5;60;1;1;0.56;0.5687;0.6747;0.1;0.2;0.8667;0.0047;0.6421;0.3169;6.1;2464
13/01/2026 8:58;MPDD/connector;padim;448x448;5;5;44;1;1;0.5762;0.421;0.5714;0.0714;0.1429;0.9478;0.0636;0.9981;0.798;6.2;2464
13/01/2026 8:59;MPDD/metal_plate;padim;448x448;5;5;97;1;1;0.4193;0.6768;0.8452;0.0141;0.0282;0.8684;0.3427;0.9598;0.5947;5.7;2464
13/01/2026 9:00;MPDD/tubes;padim;448x448;5;5;101;1;1;0.5915;0.789;0.8415;0.2319;0.2754;0.9313;0.0699;1;0.7774;6.9;2464
13/01/2026 9:01;MPDD/bracket_black;patchcore;448x448;5;5;79;1;1;0.5266;0.6314;0.7642;0.0638;0.0851;0.9628;0.0344;1;0.779;3;454
13/01/2026 9:02;MPDD/bracket_brown;patchcore;448x448;5;5;77;1;1;0.7662;0.8429;0.8522;0.2941;0.3725;0.9305;0.0866;0.9874;0.848;3;454
13/01/2026 9:02;MPDD/bracket_white;patchcore;448x448;5;5;60;1;1;0.3956;0.4247;0.6742;0;0;0.9552;0.0156;0.9546;0.6271;2.9;454
13/01/2026 9:03;MPDD/connector;patchcore;448x448;5;5;44;1;1;0.9476;0.8938;0.8485;0.5714;0.7857;0.9588;0.316;0.9904;0.8657;3;454
13/01/2026 9:03;MPDD/metal_plate;patchcore;448x448;5;5;97;1;1;0.8283;0.9256;0.902;0.3521;0.4648;0.8884;0.6012;0.9038;0.7006;2.6;454
13/01/2026 9:04;MPDD/tubes;patchcore;448x448;5;5;101;1;1;0.9389;0.9743;0.9041;0.7826;0.8261;0.9908;0.735;1;0.9527;2.6;454
13/01/2026 9:07;MPDD/bracket_black;reverse_distillation;448x448;5;5;79;1;301;0.5758;0.6491;0.7603;0.0638;0.0638;0.9515;0.0211;0.9994;0.7823;132.2;2705
13/01/2026 9:10;MPDD/bracket_brown;reverse_distillation;448x448;5;5;77;1;301;0.6275;0.7698;0.8205;0.2549;0.2549;0.9562;0.1098;0.9979;0.8435;137.2;2705
13/01/2026 9:13;MPDD/bracket_white;reverse_distillation;448x448;5;5;60;1;301;0.3956;0.4308;0.7059;0.0333;0.0333;0.9783;0.0108;0.9696;0.744;137.2;2705
13/01/2026 9:15;MPDD/connector;reverse_distillation;448x448;5;5;44;1;301;0.7952;0.6722;0.6667;0.3571;0.5;0.9701;0.2881;0.9951;0.8093;138.5;2705
13/01/2026 9:18;MPDD/metal_plate;reverse_distillation;448x448;5;5;97;1;301;0.8662;0.9467;0.8961;0.5211;0.5775;0.9316;0.6635;0.9793;0.8651;109.7;2705
13/01/2026 9:21;MPDD/tubes;reverse_distillation;448x448;5;5;101;1;301;0.8718;0.9449;0.8649;0.6087;0.7826;0.987;0.6175;1;0.912;135.1;2705
13/01/2026 9:24;MPDD/bracket_black;dinomaly;448x448;5;5;79;1;301;0.6981;0.8073;0.7769;0.383;0.4043;0.9822;0.1444;0.9997;0.8987;159.3;3836
13/01/2026 9:28;MPDD/bracket_brown;dinomaly;448x448;5;5;77;1;301;0.5739;0.7242;0.8031;0.0588;0.1569;0.9495;0.0627;0.999;0.8315;156.5;3836
13/01/2026 9:31;MPDD/bracket_white;dinomaly;448x448;5;5;60;1;301;0.5044;0.6165;0.6742;0.2;0.3;0.9897;0.0583;0.9733;0.8874;160.4;3836
13/01/2026 9:34;MPDD/connector;dinomaly;448x448;5;5;44;1;301;0.9714;0.9392;0.9032;0.7143;1;0.968;0.4418;0.9938;0.8402;159.7;3836
13/01/2026 9:37;MPDD/metal_plate;dinomaly;448x448;5;5;97;1;301;1;1;1;1;1;0.9831;0.9013;0.9788;0.8819;132;3836
13/01/2026 9:40;MPDD/tubes;dinomaly;448x448;5;5;101;1;301;0.928;0.9741;0.9242;0.8696;0.8841;0.9895;0.7487;0.9986;0.9233;153.1;3836
13/01/2026 9:41;MPDD/bracket_black;padim;448x448;5;5;79;2;1;0.4854;0.5703;0.7581;0;0.0851;0.9278;0.006;1;0.6984;6.2;2464
13/01/2026 9:41;MPDD/bracket_brown;padim;448x448;5;5;77;2;1;0.6531;0.7533;0.8257;0.1176;0.1569;0.9528;0.0836;0.9961;0.7985;9.4;2464
13/01/2026 11:31;MPDD/bracket_white;padim;448x448;5;5;60;2;1;0.3067;0.3879;0.6667;0;0;0.8645;0.0013;0.7327;0.2482;9.3;2464
13/01/2026 11:31;MPDD/connector;padim;448x448;5;5;44;2;1;0.45;0.3774;0.4912;0.0714;0.2143;0.9678;0.1001;1;0.8587;7.3;2464
13/01/2026 11:32;MPDD/metal_plate;padim;448x448;5;5;97;2;1;0.2259;0.5973;0.8452;0;0.0282;0.6758;0.204;0.674;0.4301;7.2;2464
13/01/2026 11:33;MPDD/tubes;padim;448x448;5;5;101;2;1;0.51;0.755;0.8118;0.2029;0.2609;0.9287;0.0586;1;0.7556;7.3;2464
13/01/2026 11:34;MPDD/bracket_black;patchcore;448x448;5;5;79;2;1;0.6602;0.721;0.7895;0.1064;0.1489;0.9703;0.0212;1;0.883;3.5;631
13/01/2026 11:36;MPDD/bracket_brown;patchcore;448x448;5;5;77;2;1;0.7112;0.8211;0.8421;0.2549;0.3333;0.9525;0.0923;0.9967;0.878;6.9;454
13/01/2026 11:37;MPDD/bracket_white;patchcore;448x448;5;5;60;2;1;0.4411;0.4445;0.6818;0;0;0.9626;0.0153;0.9865;0.6714;7.2;454
13/01/2026 11:38;MPDD/connector;patchcore;448x448;5;5;44;2;1;0.9905;0.9841;0.963;0.9286;0.9286;0.9697;0.3405;1;0.9298;7.9;454
13/01/2026 11:39;MPDD/metal_plate;patchcore;448x448;5;5;97;2;1;0.8359;0.8989;0.9139;0.2817;0.3099;0.8832;0.5862;0.897;0.6978;5.9;454
13/01/2026 11:41;MPDD/tubes;patchcore;448x448;5;5;101;2;1;0.9592;0.9835;0.9323;0.8551;0.8986;0.9882;0.7252;1;0.9251;6.5;454
13/01/2026 11:48;MPDD/bracket_black;reverse_distillation;448x448;5;5;79;2;301;0.5718;0.6779;0.7642;0.0851;0.1915;0.9651;0.0197;1;0.8389;344.4;2706
13/01/2026 11:55;MPDD/bracket_brown;reverse_distillation;448x448;5;5;77;2;301;0.6244;0.7111;0.8361;0.0588;0.0784;0.9546;0.0972;0.9974;0.8385;328.4;2706
13/01/2026 11:58;MPDD/bracket_white;reverse_distillation;448x448;5;5;60;2;301;0.5167;0.4999;0.6761;0;0.0667;0.9747;0.009;0.9362;0.6867;191.3;2706
13/01/2026 12:01;MPDD/connector;reverse_distillation;448x448;5;5;44;2;301;0.8262;0.6961;0.6667;0.5;0.5714;0.9681;0.2553;0.9969;0.8365;135.1;2706
13/01/2026 12:04;MPDD/metal_plate;reverse_distillation;448x448;5;5;97;2;301;0.9312;0.9736;0.9342;0.6901;0.6901;0.9321;0.6716;0.9733;0.854;117.7;2706
13/01/2026 12:07;MPDD/tubes;reverse_distillation;448x448;5;5;101;2;301;0.9293;0.9694;0.8951;0.7971;0.8116;0.983;0.5758;1;0.9189;134.3;2706
13/01/2026 12:10;MPDD/bracket_black;dinomaly;448x448;5;5;79;2;301;0.6868;0.7392;0.8257;0.1277;0.234;0.9837;0.0694;1;0.8954;156.4;3836
13/01/2026 12:14;MPDD/bracket_brown;dinomaly;448x448;5;5;77;2;301;0.6357;0.7522;0.8361;0.0784;0.1373;0.9523;0.073;0.9975;0.8529;159.9;3836
13/01/2026 12:17;MPDD/bracket_white;dinomaly;448x448;5;5;60;2;301;0.4878;0.4939;0.6897;0;0;0.9863;0.0338;0.9667;0.8526;157;3836
13/01/2026 12:20;MPDD/connector;dinomaly;448x448;5;5;44;2;301;1;1;1;1;1;0.9783;0.4945;0.998;0.9373;158.2;3836
13/01/2026 12:23;MPDD/metal_plate;dinomaly;448x448;5;5;97;2;301;1;1;1;1;1;0.9891;0.9275;0.9846;0.9015;136.1;3836
13/01/2026 12:27;MPDD/tubes;dinomaly;448x448;5;5;101;2;301;0.9461;0.98;0.9275;0.8696;0.8841;0.9899;0.7471;0.9987;0.9005;154.5;3836
13/01/2026 12:27;MPDD/bracket_black;padim;448x448;5;5;79;3;1;0.5033;0.6049;0.7667;0.0213;0.0851;0.9493;0.0104;1;0.7861;5.7;2464
13/01/2026 12:28;MPDD/bracket_brown;padim;448x448;5;5;77;3;1;0.5083;0.7392;0.7969;0.1961;0.2157;0.9482;0.0618;0.9979;0.8856;5.8;2464
13/01/2026 12:29;MPDD/bracket_white;padim;448x448;5;5;60;3;1;0.5367;0.5302;0.6824;0;0.2333;0.7645;0.0008;0.3201;0.2056;7.5;2464
13/01/2026 12:29;MPDD/connector;padim;448x448;5;5;44;3;1;0.4667;0.2949;0.56;0;0;0.9559;0.0669;0.9997;0.8044;7.3;2464
13/01/2026 12:30;MPDD/metal_plate;padim;448x448;5;5;97;3;1;0.4236;0.6977;0.8452;0.0282;0.0423;0.8835;0.369;0.9489;0.6033;7.4;2464
13/01/2026 12:31;MPDD/tubes;padim;448x448;5;5;101;3;1;0.5566;0.7648;0.8118;0.1884;0.2464;0.9304;0.0628;1;0.7457;7.5;2464
13/01/2026 12:32;MPDD/bracket_black;patchcore;448x448;5;5;79;3;1;0.5638;0.6584;0.752;0.0638;0.0851;0.9555;0.0254;0.9969;0.8395;3.1;454
13/01/2026 12:33;MPDD/bracket_brown;patchcore;448x448;5;5;77;3;1;0.7707;0.8189;0.8909;0.0784;0.2941;0.9267;0.0834;0.9897;0.8473;3;454
13/01/2026 12:34;MPDD/bracket_white;patchcore;448x448;5;5;60;3;1;0.44;0.4556;0.6742;0;0.0333;0.947;0.0213;0.9195;0.5827;3;454
13/01/2026 12:34;MPDD/connector;patchcore;448x448;5;5;44;3;1;0.7762;0.5113;0.7222;0.0714;0.1429;0.9625;0.1729;0.9937;0.8744;3;454
13/01/2026 12:35;MPDD/metal_plate;patchcore;448x448;5;5;97;3;1;0.8044;0.9014;0.9221;0.2817;0.2958;0.885;0.5881;0.9226;0.7424;2.8;454
13/01/2026 12:36;MPDD/tubes;patchcore;448x448;5;5;101;3;1;0.9438;0.9777;0.9323;0.8551;0.8986;0.9869;0.6927;0.9999;0.9294;2.9;454
13/01/2026 12:39;MPDD/bracket_black;reverse_distillation;448x448;5;5;79;3;301;0.5678;0.6902;0.7797;0.1489;0.1915;0.947;0.0269;0.9911;0.8419;139.8;2705
13/01/2026 12:42;MPDD/bracket_brown;reverse_distillation;448x448;5;5;77;3;301;0.543;0.6438;0.8099;0;0;0.9463;0.0692;0.9989;0.8802;142.4;2705
13/01/2026 12:45;MPDD/bracket_white;reverse_distillation;448x448;5;5;60;3;301;0.54;0.5279;0.6667;0;0.1;0.9705;0.0106;0.9117;0.7324;138.8;2705
13/01/2026 12:48;MPDD/connector;reverse_distillation;448x448;5;5;44;3;301;0.8762;0.8508;0.8;0.7143;0.7143;0.9702;0.2422;0.9965;0.9121;142.5;2705
13/01/2026 12:51;MPDD/metal_plate;reverse_distillation;448x448;5;5;97;3;301;0.8364;0.9288;0.9103;0.4789;0.5352;0.9518;0.7044;0.9798;0.8061;114.8;2705
13/01/2026 12:54;MPDD/tubes;reverse_distillation;448x448;5;5;101;3;301;0.813;0.9141;0.8451;0.3913;0.6377;0.9844;0.6047;1;0.9065;127.3;2705
13/01/2026 12:57;MPDD/bracket_black;dinomaly;448x448;5;5;79;3;301;0.6935;0.8082;0.7642;0.3191;0.4043;0.9677;0.107;0.9993;0.9434;160;3836
13/01/2026 13:00;MPDD/bracket_brown;dinomaly;448x448;5;5;77;3;301;0.6599;0.7554;0.8393;0.1176;0.1176;0.9539;0.0717;0.9989;0.8812;164.8;3836
13/01/2026 13:04;MPDD/bracket_white;dinomaly;448x448;5;5;60;3;301;0.5044;0.4969;0.6824;0;0;0.98;0.0162;0.9533;0.8399;161;3836
13/01/2026 13:07;MPDD/connector;dinomaly;448x448;5;5;44;3;301;0.969;0.933;0.875;0.7857;0.9286;0.9744;0.3637;0.9967;0.8787;166.2;3836
13/01/2026 13:10;MPDD/metal_plate;dinomaly;448x448;5;5;97;3;301;1;1;1;1;1;0.9873;0.9132;0.9869;0.8942;136.1;3836
13/01/2026 13:14;MPDD/tubes;dinomaly;448x448;5;5;101;3;301;0.9085;0.9691;0.9242;0.8696;0.8841;0.9894;0.7367;0.9992;0.8869;156.8;3836
13/01/2026 13:15;MPDD/bracket_black;padim;448x448;5;5;79;4;1;0.4441;0.5759;0.752;0.0426;0.1277;0.9484;0.0098;1;0.8659;7.3;2464
13/01/2026 13:15;MPDD/bracket_brown;padim;448x448;5;5;77;4;1;0.4155;0.6084;0.8095;0.0392;0.0392;0.9422;0.0584;0.9972;0.8508;7.5;2464
13/01/2026 13:16;MPDD/bracket_white;padim;448x448;5;5;60;4;1;0.3489;0.4007;0.6742;0;0;0.8513;0.0026;0.732;0.317;7.6;2464
13/01/2026 13:17;MPDD/connector;padim;448x448;5;5;44;4;1;0.4143;0.2773;0.5;0;0;0.9435;0.0575;0.9947;0.7234;7;2464
13/01/2026 13:18;MPDD/metal_plate;padim;448x448;5;5;97;4;1;0.2638;0.6067;0.8452;0;0.0141;0.7938;0.2772;0.8438;0.5369;7.1;2464
13/01/2026 13:18;MPDD/tubes;padim;448x448;5;5;101;4;1;0.5367;0.7729;0.8118;0.1739;0.2464;0.9156;0.0464;1;0.6987;7.6;2464
13/01/2026 13:19;MPDD/bracket_black;patchcore;448x448;5;5;79;4;1;0.5352;0.668;0.752;0.0851;0.1489;0.953;0.031;0.9926;0.8052;2.9;454
13/01/2026 13:20;MPDD/bracket_brown;patchcore;448x448;5;5;77;4;1;0.8839;0.928;0.8889;0.6471;0.6471;0.9308;0.135;0.9882;0.8474;2.9;454
13/01/2026 13:20;MPDD/bracket_white;patchcore;448x448;5;5;60;4;1;0.5578;0.5152;0.6897;0;0;0.963;0.0083;1;0.7974;2.7;454
13/01/2026 13:21;MPDD/connector;patchcore;448x448;5;5;44;4;1;0.9643;0.9041;0.9032;0.7143;1;0.96;0.2992;0.9841;0.8658;2.7;454
13/01/2026 13:21;MPDD/metal_plate;patchcore;448x448;5;5;97;4;1;0.8142;0.8714;0.9252;0.1127;0.169;0.9029;0.6194;0.9258;0.7557;2.6;454
13/01/2026 13:22;MPDD/tubes;patchcore;448x448;5;5;101;4;1;0.9452;0.9762;0.922;0.7391;0.8696;0.9876;0.7032;1;0.9254;2.7;454
13/01/2026 13:25;MPDD/bracket_black;reverse_distillation;448x448;5;5;79;4;301;0.5977;0.6579;0.7541;0.0426;0.1702;0.9343;0.0494;0.9851;0.8108;132.1;2705
13/01/2026 13:28;MPDD/bracket_brown;reverse_distillation;448x448;5;5;77;4;301;0.8115;0.8923;0.8571;0.3725;0.3725;0.9501;0.1413;0.9971;0.9016;143;2705
13/01/2026 13:31;MPDD/bracket_white;reverse_distillation;448x448;5;5;60;4;301;0.6889;0.6789;0.72;0.1;0.2333;0.9715;0.006;0.96;0.8282;134.2;2705
13/01/2026 13:34;MPDD/connector;reverse_distillation;448x448;5;5;44;4;301;0.8238;0.6869;0.7027;0.2857;0.4286;0.9665;0.2568;0.9893;0.8687;144;2705
13/01/2026 13:37;MPDD/metal_plate;reverse_distillation;448x448;5;5;97;4;301;0.8586;0.9405;0.902;0.3803;0.5352;0.9537;0.7164;0.9816;0.8374;114.1;2705
13/01/2026 13:40;MPDD/tubes;reverse_distillation;448x448;5;5;101;4;301;0.8537;0.9355;0.8592;0.5507;0.6812;0.9804;0.5299;1;0.9015;135.8;2705
13/01/2026 13:43;MPDD/bracket_black;dinomaly;448x448;5;5;79;4;301;0.6609;0.765;0.7833;0.1277;0.3617;0.9696;0.0894;0.9993;0.8836;161.6;3836
13/01/2026 13:47;MPDD/bracket_brown;dinomaly;448x448;5;5;77;4;301;0.7459;0.8236;0.8547;0.2157;0.2157;0.9584;0.081;0.9996;0.9084;165.1;3836
13/01/2026 13:50;MPDD/bracket_white;dinomaly;448x448;5;5;60;4;301;0.6389;0.6715;0.6835;0.2;0.2667;0.9701;0.0059;0.96;0.8547;152.2;3836
13/01/2026 13:53;MPDD/connector;dinomaly;448x448;5;5;44;4;301;0.9929;0.986;0.9333;0.9286;1;0.9766;0.5024;0.9961;0.8354;165.5;3836
13/01/2026 13:56;MPDD/metal_plate;dinomaly;448x448;5;5;97;4;301;1;1;1;1;1;0.9872;0.9176;0.9851;0.9289;138.3;3836
13/01/2026 14:00;MPDD/tubes;dinomaly;448x448;5;5;101;4;301;0.9257;0.9719;0.916;0.8551;0.8696;0.9899;0.7539;0.9976;0.9053;160.2;3836
13/01/2026 14:01;MPDD/bracket_black;padim;448x448;10;10;79;0;1;0.4727;0.5924;0.746;0.0213;0.1064;0.9184;0.0052;1;0.7355;8.9;2488
13/01/2026 14:02;MPDD/bracket_brown;padim;448x448;10;10;77;0;1;0.5219;0.688;0.8095;0.1176;0.1373;0.9547;0.0838;0.9985;0.8401;8.6;2488
13/01/2026 14:03;MPDD/bracket_white;padim;448x448;10;10;60;0;1;0.7533;0.7114;0.75;0.0333;0.5667;0.862;0.0043;0.8283;0.3444;8.6;2488
13/01/2026 14:03;MPDD/connector;padim;448x448;10;10;44;0;1;0.6738;0.4131;0.6222;0;0;0.9582;0.0943;0.9976;0.7652;8.3;2488
13/01/2026 14:04;MPDD/metal_plate;padim;448x448;10;10;97;0;1;0.3938;0.6738;0.8452;0.0282;0.0282;0.8325;0.2844;0.8601;0.4739;7.9;2488
13/01/2026 14:05;MPDD/tubes;padim;448x448;10;10;101;0;1;0.606;0.7736;0.8323;0.1449;0.2174;0.9269;0.0577;1;0.7641;8.4;2488
13/01/2026 14:06;MPDD/bracket_black;patchcore;448x448;10;10;79;0;1;0.5658;0.6477;0.7563;0.0426;0.1064;0.9652;0.0345;0.9993;0.7778;5.2;964
13/01/2026 14:07;MPDD/bracket_brown;patchcore;448x448;10;10;77;0;1;0.819;0.9018;0.8496;0.3922;0.5098;0.9405;0.1624;0.9954;0.8167;5.1;965
13/01/2026 14:07;MPDD/bracket_white;patchcore;448x448;10;10;60;0;1;0.5556;0.5145;0.6818;0;0.0333;0.9572;0.0169;0.9838;0.7392;4.9;965
13/01/2026 14:08;MPDD/connector;patchcore;448x448;10;10;44;0;1;0.95;0.8535;0.875;0.5714;0.9286;0.9608;0.2867;0.9925;0.9058;5;965
13/01/2026 14:09;MPDD/metal_plate;patchcore;448x448;10;10;97;0;1;0.9187;0.9599;0.9342;0.6056;0.7465;0.8918;0.6169;0.9119;0.7224;4.5;965
13/01/2026 14:10;MPDD/tubes;patchcore;448x448;10;10;101;0;1;0.9783;0.9915;0.9701;0.942;0.9565;0.9897;0.7639;1;0.936;5;965
13/01/2026 14:15;MPDD/bracket_black;reverse_distillation;448x448;10;10;79;0;301;0.4441;0.5726;0.746;0.0426;0.0426;0.9515;0.0287;0.9977;0.818;276.5;3674
13/01/2026 14:20;MPDD/bracket_brown;reverse_distillation;448x448;10;10;77;0;301;0.6591;0.7616;0.8235;0.0784;0.098;0.9518;0.1315;0.9977;0.9335;276.3;3668
13/01/2026 14:26;MPDD/bracket_white;reverse_distillation;448x448;10;10;60;0;301;0.61;0.6326;0.6977;0.1333;0.1667;0.9734;0.0073;0.9595;0.7999;276.5;3668
13/01/2026 14:31;MPDD/connector;reverse_distillation;448x448;10;10;44;0;301;0.8595;0.6381;0.7879;0;0.6429;0.9704;0.2121;0.9951;0.8806;284.4;3668
13/01/2026 14:36;MPDD/metal_plate;reverse_distillation;448x448;10;10;97;0;301;0.883;0.9548;0.898;0.5493;0.5915;0.9657;0.7791;0.9929;0.8782;228.2;3668
13/01/2026 14:41;MPDD/tubes;reverse_distillation;448x448;10;10;101;0;301;0.8764;0.949;0.8676;0.6812;0.7101;0.9865;0.6477;1;0.9248;272.4;3668
13/01/2026 14:47;MPDD/bracket_black;dinomaly;448x448;10;10;79;0;301;0.5871;0.7;0.7833;0.1064;0.234;0.9709;0.1183;0.999;0.8792;317.5;5171
13/01/2026 14:54;MPDD/bracket_brown;dinomaly;448x448;10;10;77;0;301;0.727;0.8624;0.813;0.3725;0.3922;0.9649;0.1771;0.9986;0.8489;333;5172
13/01/2026 15:00;MPDD/bracket_white;dinomaly;448x448;10;10;60;0;301;0.7478;0.7834;0.7302;0.2667;0.5;0.986;0.0605;0.96;0.8323;325.2;5172
13/01/2026 15:06;MPDD/connector;dinomaly;448x448;10;10;44;0;301;0.9762;0.9484;0.9333;0.6429;1;0.9701;0.4513;0.9945;0.9087;332.6;5172
13/01/2026 15:11;MPDD/metal_plate;dinomaly;448x448;10;10;97;0;301;1;1;1;1;1;0.9874;0.9203;0.9844;0.9394;272.2;5172
13/01/2026 15:17;MPDD/tubes;dinomaly;448x448;10;10;101;0;301;0.9158;0.9702;0.9209;0.8261;0.8696;0.9905;0.734;0.9991;0.8982;307.6;5172
13/01/2026 15:18;MPDD/bracket_black;padim;448x448;10;10;79;1;1;0.6117;0.7227;0.7642;0.1277;0.1915;0.9481;0.0086;1;0.7922;7.8;2488
13/01/2026 15:18;MPDD/bracket_brown;padim;448x448;10;10;77;1;1;0.4306;0.6174;0.7969;0.0392;0.0392;0.9542;0.0693;0.999;0.8028;7.9;2488
13/01/2026 15:19;MPDD/bracket_white;padim;448x448;10;10;60;1;1;0.4922;0.5362;0.6818;0.0333;0.1333;0.8396;0.0261;0.4555;0.2851;7.8;2488
13/01/2026 15:20;MPDD/connector;padim;448x448;10;10;44;1;1;0.6619;0.4282;0.5833;0.0714;0.0714;0.9604;0.1055;0.9977;0.8061;7.7;2488
13/01/2026 15:21;MPDD/metal_plate;padim;448x448;10;10;97;1;1;0.3055;0.6451;0.8452;0.0282;0.0704;0.892;0.381;0.9659;0.6351;7.6;2488
13/01/2026 15:21;MPDD/tubes;padim;448x448;10;10;101;1;1;0.62;0.7758;0.8375;0.1594;0.1739;0.9372;0.075;1;0.7889;8;2488
13/01/2026 15:22;MPDD/bracket_black;patchcore;448x448;10;10;79;1;1;0.6024;0.7072;0.7642;0.1702;0.2128;0.965;0.0476;0.9997;0.8479;4.5;965
13/01/2026 15:23;MPDD/bracket_brown;patchcore;448x448;10;10;77;1;1;0.8122;0.8707;0.8547;0.1373;0.3922;0.9343;0.0979;0.9918;0.8777;4.3;965
13/01/2026 15:23;MPDD/bracket_white;patchcore;448x448;10;10;60;1;1;0.4944;0.485;0.6818;0;0;0.9525;0.0324;0.9553;0.6502;4.5;965
13/01/2026 15:23;MPDD/connector;patchcore;448x448;10;10;44;1;1;0.9738;0.9118;0.9655;1;1;0.9686;0.4469;0.9948;0.9186;4.5;965
13/01/2026 15:24;MPDD/metal_plate;patchcore;448x448;10;10;97;1;1;0.8998;0.9537;0.9241;0.5352;0.5352;0.8682;0.5559;0.8867;0.6927;4.1;965
13/01/2026 15:25;MPDD/tubes;patchcore;448x448;10;10;101;1;1;0.9561;0.9819;0.9343;0.8116;0.913;0.9898;0.7431;1;0.9287;4.5;965
13/01/2026 15:30;MPDD/bracket_black;reverse_distillation;448x448;10;10;79;1;301;0.5884;0.6901;0.7611;0.1702;0.234;0.9585;0.0304;0.999;0.8155;262.7;3668
13/01/2026 15:35;MPDD/bracket_brown;reverse_distillation;448x448;10;10;77;1;301;0.5965;0.7111;0.8197;0.0588;0.0588;0.9477;0.0803;0.9983;0.8761;267.6;3668
13/01/2026 15:40;MPDD/bracket_white;reverse_distillation;448x448;10;10;60;1;301;0.4856;0.553;0.6742;0.1333;0.1333;0.9824;0.0141;0.9835;0.8548;273.8;3668
13/01/2026 15:45;MPDD/connector;reverse_distillation;448x448;10;10;44;1;301;0.8524;0.7655;0.7407;0.3571;0.7143;0.9717;0.3932;0.9944;0.8095;281.6;3668
13/01/2026 15:50;MPDD/metal_plate;reverse_distillation;448x448;10;10;97;1;301;0.8976;0.9561;0.9306;0.5211;0.6056;0.9432;0.6963;0.9877;0.865;219.8;3668
13/01/2026 15:55;MPDD/tubes;reverse_distillation;448x448;10;10;101;1;301;0.8954;0.9605;0.8971;0.7246;0.8261;0.9848;0.6327;1;0.9368;265;3668
13/01/2026 16:01;MPDD/bracket_black;dinomaly;448x448;10;10;79;1;301;0.6915;0.7932;0.7731;0.2979;0.383;0.9799;0.1547;0.9993;0.926;312.9;5172
13/01/2026 16:07;MPDD/bracket_brown;dinomaly;448x448;10;10;77;1;301;0.6041;0.7146;0.8099;0.0588;0.1373;0.9538;0.0777;0.9985;0.8054;320;5172
13/01/2026 16:13;MPDD/bracket_white;dinomaly;448x448;10;10;60;1;301;0.5278;0.5935;0.6818;0.1;0.2667;0.9843;0.0639;0.9533;0.8199;315.1;5172
13/01/2026 16:19;MPDD/connector;dinomaly;448x448;10;10;44;1;301;0.9976;0.9952;0.9655;1;1;0.9693;0.5204;0.9945;0.8425;329.9;5172
13/01/2026 16:24;MPDD/metal_plate;dinomaly;448x448;10;10;97;1;301;1;1;1;1;1;0.9865;0.9138;0.982;0.915;275.4;5172
13/01/2026 16:31;MPDD/tubes;dinomaly;448x448;10;10;101;1;301;0.9149;0.9695;0.9143;0.8261;0.8696;0.9902;0.753;0.9981;0.867;318.1;5172
13/01/2026 16:31;MPDD/bracket_black;padim;448x448;10;10;79;2;1;0.5977;0.6521;0.7642;0.0213;0.0851;0.9219;0.0051;1;0.6889;7.9;2488
13/01/2026 16:32;MPDD/bracket_brown;padim;448x448;10;10;77;2;1;0.6704;0.7701;0.8136;0.1765;0.1765;0.957;0.1106;0.9955;0.738;8;2488
13/01/2026 16:33;MPDD/bracket_white;padim;448x448;10;10;60;2;1;0.3844;0.4161;0.6742;0;0;0.8754;0.0016;0.9175;0.3898;7.9;2488
13/01/2026 16:33;MPDD/connector;padim;448x448;10;10;44;2;1;0.7167;0.4943;0.6512;0.0714;0.1429;0.9708;0.1218;0.9994;0.8965;8.2;2488
13/01/2026 16:34;MPDD/metal_plate;padim;448x448;10;10;97;2;1;0.3548;0.6647;0.8452;0;0.0423;0.6745;0.2051;0.6589;0.4329;7.5;2488
13/01/2026 16:35;MPDD/tubes;padim;448x448;10;10;101;2;1;0.4728;0.7313;0.8166;0.1739;0.2029;0.9358;0.0663;1;0.7733;8;2488
13/01/2026 16:36;MPDD/bracket_black;patchcore;448x448;10;10;79;2;1;0.7101;0.7498;0.7797;0.0638;0.1915;0.9743;0.0297;1;0.8974;4.3;965
13/01/2026 16:37;MPDD/bracket_brown;patchcore;448x448;10;10;77;2;1;0.7436;0.8191;0.8679;0.2157;0.2549;0.934;0.092;0.9911;0.8417;4.5;965
13/01/2026 16:37;MPDD/bracket_white;patchcore;448x448;10;10;60;2;1;0.4956;0.4788;0.6824;0;0;0.9644;0.0185;0.9933;0.7131;4.4;965
13/01/2026 16:38;MPDD/connector;patchcore;448x448;10;10;44;2;1;0.9976;0.9952;0.9655;1;1;0.9699;0.3734;0.9991;0.9375;4.5;965
13/01/2026 16:38;MPDD/metal_plate;patchcore;448x448;10;10;97;2;1;0.864;0.9344;0.9161;0.4366;0.4789;0.8782;0.57;0.9007;0.7068;4.5;965
13/01/2026 16:39;MPDD/tubes;patchcore;448x448;10;10;101;2;1;0.9592;0.983;0.9265;0.8551;0.8841;0.9869;0.7282;1;0.9127;4.6;965
13/01/2026 16:45;MPDD/bracket_black;reverse_distillation;448x448;10;10;79;2;301;0.5505;0.6859;0.7581;0.1702;0.1702;0.9609;0.0242;1;0.8318;270;3668
13/01/2026 16:50;MPDD/bracket_brown;reverse_distillation;448x448;10;10;77;2;301;0.632;0.7289;0.8099;0.0392;0.0588;0.9533;0.0849;0.9993;0.879;282.3;3668
13/01/2026 16:55;MPDD/bracket_white;reverse_distillation;448x448;10;10;60;2;301;0.4889;0.4736;0.6849;0;0.0667;0.9705;0.0061;0.9394;0.7198;272.7;3668
13/01/2026 17:00;MPDD/connector;reverse_distillation;448x448;10;10;44;2;301;0.9524;0.93;0.8462;0.7857;0.8571;0.9741;0.3105;0.9957;0.9359;283.9;3668
13/01/2026 17:05;MPDD/metal_plate;reverse_distillation;448x448;10;10;97;2;301;0.9193;0.9663;0.9404;0.6197;0.6338;0.9461;0.7164;0.9783;0.8675;234.8;3668
13/01/2026 17:10;MPDD/tubes;reverse_distillation;448x448;10;10;101;2;301;0.9049;0.9645;0.8992;0.8261;0.8406;0.986;0.6696;1;0.9405;258.5;3668
13/01/2026 17:16;MPDD/bracket_black;dinomaly;448x448;10;10;79;2;301;0.7188;0.78;0.8;0.1277;0.383;0.9854;0.1158;1;0.9338;317.3;5172
13/01/2026 17:23;MPDD/bracket_brown;dinomaly;448x448;10;10;77;2;301;0.6569;0.7623;0.8214;0.098;0.1176;0.9627;0.0982;0.9999;0.898;330.6;5172
13/01/2026 17:29;MPDD/bracket_white;dinomaly;448x448;10;10;60;2;301;0.5522;0.5937;0.6897;0.1333;0.1333;0.9903;0.0518;0.98;0.9154;320.8;5172
13/01/2026 17:35;MPDD/connector;dinomaly;448x448;10;10;44;2;301;1;1;1;1;1;0.9783;0.4858;0.9965;0.94;332.1;5172
13/01/2026 17:40;MPDD/metal_plate;dinomaly;448x448;10;10;97;2;301;1;1;1;1;1;0.9888;0.9295;0.9841;0.8781;271.7;5172
13/01/2026 17:46;MPDD/tubes;dinomaly;448x448;10;10;101;2;301;0.9479;0.9805;0.9385;0.8841;0.8986;0.9911;0.7594;0.9983;0.8888;318.9;5172
13/01/2026 17:47;MPDD/bracket_black;padim;448x448;10;10;79;3;1;0.5;0.6106;0.7667;0.0213;0.1489;0.9586;0.0125;1;0.8422;8.1;2488
13/01/2026 17:48;MPDD/bracket_brown;padim;448x448;10;10;77;3;1;0.5784;0.771;0.7969;0.2549;0.2549;0.9505;0.0642;0.9984;0.8767;7.9;2488
13/01/2026 17:49;MPDD/bracket_white;padim;448x448;10;10;60;3;1;0.5489;0.5798;0.6667;0.1333;0.1667;0.8159;0.0011;0.3674;0.2064;8;2488
13/01/2026 17:49;MPDD/connector;padim;448x448;10;10;44;3;1;0.5762;0.3637;0.5833;0.0714;0.0714;0.9583;0.079;0.9977;0.8467;8.1;2488
13/01/2026 17:50;MPDD/metal_plate;padim;448x448;10;10;97;3;1;0.4859;0.751;0.8452;0.0282;0.1831;0.9014;0.413;0.9579;0.6308;7.6;2488
13/01/2026 17:51;MPDD/tubes;padim;448x448;10;10;101;3;1;0.4543;0.6947;0.8118;0.1159;0.1449;0.9368;0.0687;1;0.7737;7.9;2488
13/01/2026 17:52;MPDD/bracket_black;patchcore;448x448;10;10;79;3;1;0.5938;0.7205;0.7642;0.1277;0.2553;0.958;0.0399;0.9994;0.8539;4.8;965
13/01/2026 17:53;MPDD/bracket_brown;patchcore;448x448;10;10;77;3;1;0.8198;0.8776;0.8762;0.2745;0.2745;0.9244;0.1154;0.9872;0.8006;4.8;965
13/01/2026 17:53;MPDD/bracket_white;patchcore;448x448;10;10;60;3;1;0.53;0.5117;0.6824;0;0;0.9536;0.0413;0.9292;0.5811;4.9;965
13/01/2026 17:54;MPDD/connector;patchcore;448x448;10;10;44;3;1;0.7429;0.5239;0.7179;0.1429;0.1429;0.9652;0.2135;0.9931;0.8304;4.9;965
13/01/2026 17:55;MPDD/metal_plate;patchcore;448x448;10;10;97;3;1;0.8597;0.9349;0.9221;0.4366;0.4789;0.8834;0.5784;0.927;0.7143;4.5;965
13/01/2026 17:56;MPDD/tubes;patchcore;448x448;10;10;101;3;1;0.9416;0.9771;0.916;0.8551;0.8696;0.9884;0.7333;0.9999;0.9459;4.7;965
13/01/2026 18:01;MPDD/bracket_black;reverse_distillation;448x448;10;10;79;3;301;0.623;0.7299;0.7705;0.1702;0.2128;0.9371;0.0342;0.9907;0.8498;275.3;3668
13/01/2026 18:06;MPDD/bracket_brown;reverse_distillation;448x448;10;10;77;3;301;0.6516;0.7056;0.8376;0;0.0196;0.9424;0.093;0.9974;0.889;279.7;3668
13/01/2026 18:11;MPDD/bracket_white;reverse_distillation;448x448;10;10;60;3;301;0.4611;0.4974;0.6742;0.0333;0.1;0.9723;0.008;0.9533;0.7221;266.1;3668
13/01/2026 18:16;MPDD/connector;reverse_distillation;448x448;10;10;44;3;301;0.8976;0.8019;0.7407;0.5714;0.7143;0.9703;0.2257;0.993;0.8349;281.7;3668
13/01/2026 18:21;MPDD/metal_plate;reverse_distillation;448x448;10;10;97;3;301;0.9512;0.9767;0.9452;0.8169;0.8592;0.9647;0.7861;0.9922;0.8672;226.6;3668
13/01/2026 18:26;MPDD/tubes;reverse_distillation;448x448;10;10;101;3;301;0.8922;0.9574;0.9037;0.6087;0.8261;0.9836;0.6027;1;0.8987;266;3668
13/01/2026 18:32;MPDD/bracket_black;dinomaly;448x448;10;10;79;3;301;0.7453;0.8399;0.7833;0.3191;0.4468;0.9722;0.1321;0.9995;0.9053;324.6;5172
13/01/2026 18:39;MPDD/bracket_brown;dinomaly;448x448;10;10;77;3;301;0.632;0.7328;0.8276;0.0784;0.098;0.954;0.0825;0.9977;0.8475;319.2;5172
13/01/2026 18:45;MPDD/bracket_white;dinomaly;448x448;10;10;60;3;301;0.6422;0.6514;0.6824;0.1333;0.2;0.9885;0.0709;0.96;0.8662;321;5172
13/01/2026 18:50;MPDD/connector;dinomaly;448x448;10;10;44;3;301;0.969;0.9128;0.9333;0.7857;1;0.9688;0.3791;0.993;0.8513;330.6;5172
13/01/2026 18:56;MPDD/metal_plate;dinomaly;448x448;10;10;97;3;301;1;1;1;1;1;0.9883;0.9226;0.9853;0.8893;275.3;5172
13/01/2026 19:02;MPDD/tubes;dinomaly;448x448;10;10;101;3;301;0.9067;0.968;0.9254;0.8551;0.8986;0.9898;0.731;0.9989;0.8716;314.5;5172
13/01/2026 19:03;MPDD/bracket_black;padim;448x448;10;10;79;4;1;0.5027;0.6094;0.752;0.0426;0.0851;0.9393;0.0079;1;0.7699;8.2;2488
13/01/2026 19:04;MPDD/bracket_brown;padim;448x448;10;10;77;4;1;0.4532;0.6234;0.8065;0.0392;0.0784;0.9443;0.0666;0.9941;0.7476;8.2;2488
13/01/2026 19:04;MPDD/bracket_white;padim;448x448;10;10;60;4;1;0.39;0.4161;0.7073;0;0;0.8651;0.0039;0.75;0.3269;7.9;2488
13/01/2026 19:05;MPDD/connector;padim;448x448;10;10;44;4;1;0.5548;0.3591;0.5263;0;0.0714;0.9607;0.1077;0.9989;0.8242;6.6;2488
13/01/2026 19:05;MPDD/metal_plate;padim;448x448;10;10;97;4;1;0.3873;0.6822;0.8452;0;0.0141;0.7884;0.2794;0.8406;0.5464;6.3;2488
13/01/2026 19:06;MPDD/tubes;padim;448x448;10;10;101;4;1;0.5095;0.7517;0.8118;0.2029;0.2754;0.921;0.0491;1;0.7101;6.5;2488
13/01/2026 19:07;MPDD/bracket_black;patchcore;448x448;10;10;79;4;1;0.7081;0.7923;0.7642;0.2766;0.4043;0.9649;0.0422;0.9987;0.8841;4.4;965
13/01/2026 19:08;MPDD/bracket_brown;patchcore;448x448;10;10;77;4;1;0.871;0.9144;0.8991;0.5098;0.5098;0.9272;0.1296;0.9921;0.8514;5;965
13/01/2026 19:08;MPDD/bracket_white;patchcore;448x448;10;10;60;4;1;0.5533;0.5246;0.675;0.0333;0.0333;0.9558;0.0181;0.9597;0.6272;4.3;965
13/01/2026 19:09;MPDD/connector;patchcore;448x448;10;10;44;4;1;1;1;1;1;1;0.9755;0.457;0.9993;0.9341;4.4;965
13/01/2026 19:09;MPDD/metal_plate;patchcore;448x448;10;10;97;4;1;0.928;0.9623;0.953;0.5634;0.5775;0.8989;0.6384;0.9159;0.734;3.9;965
13/01/2026 19:10;MPDD/tubes;patchcore;448x448;10;10;101;4;1;0.9633;0.985;0.9481;0.8551;0.9275;0.9878;0.7416;1;0.9368;4.2;965
13/01/2026 19:15;MPDD/bracket_black;reverse_distillation;448x448;10;10;79;4;301;0.5612;0.6537;0.7731;0.0851;0.1064;0.9561;0.0496;0.9998;0.8867;261.8;3668
13/01/2026 19:20;MPDD/bracket_brown;reverse_distillation;448x448;10;10;77;4;301;0.6041;0.77;0.8167;0.1765;0.2157;0.9431;0.1374;0.995;0.8811;270.3;3668
13/01/2026 19:25;MPDD/bracket_white;reverse_distillation;448x448;10;10;60;4;301;0.5633;0.5555;0.6897;0;0.3;0.9603;0.0057;0.9287;0.719;260.8;3668
13/01/2026 19:30;MPDD/connector;reverse_distillation;448x448;10;10;44;4;301;0.9357;0.9003;0.8667;0.6429;0.9286;0.9734;0.3507;0.9955;0.8347;276.1;3668
13/01/2026 19:35;MPDD/metal_plate;reverse_distillation;448x448;10;10;97;4;301;0.5607;0.804;0.8606;0.1972;0.1972;0.9664;0.7713;0.9923;0.8163;216.9;3668
13/01/2026 19:40;MPDD/tubes;reverse_distillation;448x448;10;10;101;4;301;0.9099;0.9657;0.8992;0.8116;0.8406;0.9856;0.6553;1;0.9257;261.5;3668
13/01/2026 19:45;MPDD/bracket_black;dinomaly;448x448;10;10;79;4;301;0.7453;0.831;0.7788;0.2553;0.4468;0.9784;0.1495;0.9997;0.9514;312.1;5172
13/01/2026 19:51;MPDD/bracket_brown;dinomaly;448x448;10;10;77;4;301;0.7964;0.8574;0.8673;0.2941;0.3725;0.9655;0.1358;0.9996;0.9151;320.9;5172
13/01/2026 19:57;MPDD/bracket_white;dinomaly;448x448;10;10;60;4;301;0.5056;0.5762;0.6742;0.1;0.2;0.9808;0.0278;0.9483;0.8106;309;5172
13/01/2026 20:03;MPDD/connector;dinomaly;448x448;10;10;44;4;301;1;1;1;1;1;0.9784;0.5492;0.9977;0.9007;318.9;5172
13/01/2026 20:08;MPDD/metal_plate;dinomaly;448x448;10;10;97;4;301;1;1;1;1;1;0.9893;0.9333;0.9839;0.8759;262.9;5172
13/01/2026 20:14;MPDD/tubes;dinomaly;448x448;10;10;101;4;301;0.923;0.9707;0.9091;0.8116;0.8696;0.9896;0.7464;0.9971;0.9452;301.1;5172
13/01/2026 20:14;MPDD/bracket_black;padim;448x448;20;20;79;0;1;0.4827;0.6057;0.752;0.0213;0.1702;0.9252;0.0058;1;0.7063;8.1;2536
13/01/2026 20:15;MPDD/bracket_brown;padim;448x448;20;20;77;0;1;0.6161;0.753;0.8226;0.1176;0.1765;0.9587;0.108;0.9989;0.8589;8.1;2536
13/01/2026 20:16;MPDD/bracket_white;padim;448x448;20;20;60;0;1;0.6533;0.5703;0.7407;0.0333;0.0333;0.8687;0.0258;0.6911;0.3231;8.2;2536
13/01/2026 20:16;MPDD/connector;padim;448x448;20;20;44;0;1;0.7;0.4215;0.6486;0;0;0.966;0.133;0.9968;0.739;8.4;2536
13/01/2026 20:17;MPDD/metal_plate;padim;448x448;20;20;97;0;1;0.3808;0.6862;0.8452;0.0282;0.1127;0.8386;0.3058;0.8538;0.5028;7.5;2536
13/01/2026 20:18;MPDD/tubes;padim;448x448;20;20;101;0;1;0.6839;0.8162;0.825;0.1159;0.3478;0.9347;0.0664;1;0.7985;7.8;2536
13/01/2026 20:18;MPDD/bracket_black;patchcore;448x448;20;20;79;0;1;0.6396;0.6804;0.8;0.0426;0.1064;0.974;0.0374;1;0.8521;8.7;1592
13/01/2026 20:19;MPDD/bracket_brown;patchcore;448x448;20;20;77;0;1;0.8492;0.9345;0.8842;0.7451;0.8235;0.9337;0.2085;0.9948;0.8727;8.7;1592
13/01/2026 20:20;MPDD/bracket_white;patchcore;448x448;20;20;60;0;1;0.6333;0.7083;0.6818;0.3;0.3667;0.9588;0.0899;0.9852;0.6902;8.6;1592
13/01/2026 20:20;MPDD/connector;patchcore;448x448;20;20;44;0;1;0.9976;0.9952;0.9655;1;1;0.9688;0.3721;0.9992;0.9282;9;1592
13/01/2026 20:21;MPDD/metal_plate;patchcore;448x448;20;20;97;0;1;0.9437;0.9746;0.9467;0.5211;0.8592;0.867;0.5461;0.8987;0.688;7.9;1592
13/01/2026 20:22;MPDD/tubes;patchcore;448x448;20;20;101;0;1;0.9697;0.9883;0.9552;0.9275;0.942;0.991;0.7802;1;0.9444;8.4;1592
13/01/2026 20:31;MPDD/bracket_black;reverse_distillation;448x448;20;20;79;0;301;0.4508;0.5713;0.746;0.0638;0.0851;0.9545;0.0193;0.9992;0.8654;522.7;3674
13/01/2026 20:40;MPDD/bracket_brown;reverse_distillation;448x448;20;20;77;0;301;0.6931;0.79;0.8257;0.1569;0.1765;0.9401;0.1311;0.9969;0.8814;517.6;3671
13/01/2026 20:50;MPDD/bracket_white;reverse_distillation;448x448;20;20;60;0;301;0.5611;0.5843;0.6905;0.1;0.2;0.9515;0.0052;0.9296;0.7486;515.1;3671
13/01/2026 20:59;MPDD/connector;reverse_distillation;448x448;20;20;44;0;301;0.9452;0.9089;0.8889;0.8571;0.9286;0.9752;0.4811;0.9932;0.8908;527;3671
13/01/2026 21:06;MPDD/metal_plate;reverse_distillation;448x448;20;20;97;0;301;0.9697;0.9879;0.9722;0.7746;0.8028;0.9368;0.7069;0.9776;0.8407;414.4;3671
13/01/2026 21:15;MPDD/tubes;reverse_distillation;448x448;20;20;101;0;301;0.8922;0.9589;0.8872;0.7391;0.8261;0.9865;0.666;1;0.9036;487;3671
13/01/2026 21:26;MPDD/bracket_black;dinomaly;448x448;20;20;79;0;301;0.6456;0.7409;0.7931;0.1915;0.234;0.9761;0.1391;0.9994;0.9433;615.2;5175
13/01/2026 21:37;MPDD/bracket_brown;dinomaly;448x448;20;20;77;0;301;0.7647;0.8745;0.8302;0.3922;0.5098;0.9676;0.2401;0.9998;0.892;618.6;5172
13/01/2026 21:48;MPDD/bracket_white;dinomaly;448x448;20;20;60;0;301;0.6933;0.7639;0.6957;0.4333;0.4333;0.987;0.06;0.9667;0.8957;605.6;5172
13/01/2026 21:59;MPDD/connector;dinomaly;448x448;20;20;44;0;301;1;1;1;1;1;0.973;0.5214;0.9946;0.8516;635;5172
13/01/2026 22:09;MPDD/metal_plate;dinomaly;448x448;20;20;97;0;301;1;1;1;1;1;0.9887;0.9329;0.9836;0.9116;524.6;5172
13/01/2026 22:19;MPDD/tubes;dinomaly;448x448;20;20;101;0;301;0.9298;0.9752;0.9302;0.8696;0.8841;0.9918;0.7644;0.9989;0.8997;596.1;5172
13/01/2026 22:20;MPDD/bracket_black;padim;448x448;20;20;79;1;1;0.6336;0.7118;0.7899;0.1277;0.1702;0.9474;0.0086;1;0.7893;9.6;2536
13/01/2026 22:21;MPDD/bracket_brown;padim;448x448;20;20;77;1;1;0.4291;0.6297;0.7969;0.0392;0.0392;0.9587;0.0829;0.9992;0.897;9.9;2536
13/01/2026 22:22;MPDD/bracket_white;padim;448x448;20;20;60;1;1;0.5756;0.6153;0.6742;0.1;0.2333;0.8477;0.0381;0.4052;0.2903;9.7;2536
13/01/2026 22:22;MPDD/connector;padim;448x448;20;20;44;1;1;0.7524;0.52;0.625;0.0714;0.2143;0.9693;0.1533;0.9992;0.8847;9.9;2536
13/01/2026 22:24;MPDD/metal_plate;padim;448x448;20;20;97;1;1;0.4231;0.7202;0.8452;0.0704;0.1268;0.8899;0.3939;0.9593;0.6914;9.1;2536
13/01/2026 22:25;MPDD/tubes;padim;448x448;20;20;101;1;1;0.5643;0.7528;0.8118;0.1449;0.1449;0.9467;0.0937;1;0.8079;9.8;2536
13/01/2026 22:25;MPDD/bracket_black;patchcore;448x448;20;20;79;1;1;0.625;0.7054;0.7581;0.0638;0.234;0.9705;0.0535;0.9999;0.8811;9.5;1592
13/01/2026 22:26;MPDD/bracket_brown;patchcore;448x448;20;20;77;1;1;0.8454;0.918;0.8462;0.7059;0.7059;0.9297;0.1562;0.9895;0.7997;9.3;1592
13/01/2026 22:27;MPDD/bracket_white;patchcore;448x448;20;20;60;1;1;0.5911;0.6716;0.6835;0.2667;0.3333;0.9571;0.0785;0.9381;0.6629;9.6;1592
13/01/2026 22:28;MPDD/connector;patchcore;448x448;20;20;44;1;1;0.9786;0.938;0.9655;1;1;0.9702;0.4257;0.9976;0.8547;9.7;1592
13/01/2026 22:29;MPDD/metal_plate;patchcore;448x448;20;20;97;1;1;0.9388;0.9725;0.9404;0.507;0.8451;0.8557;0.5182;0.8979;0.6607;8.8;1592
13/01/2026 22:30;MPDD/tubes;patchcore;448x448;20;20;101;1;1;0.9706;0.9881;0.9466;0.8986;0.9275;0.9904;0.7698;1;0.9501;9.4;1592
13/01/2026 22:39;MPDD/bracket_black;reverse_distillation;448x448;20;20;79;1;301;0.496;0.5676;0.7627;0;0.0426;0.9537;0.0248;0.9985;0.8759;529;3671
13/01/2026 22:49;MPDD/bracket_brown;reverse_distillation;448x448;20;20;77;1;301;0.6448;0.75;0.8167;0.1176;0.1176;0.9241;0.102;0.9937;0.8757;531.1;3671
13/01/2026 22:58;MPDD/bracket_white;reverse_distillation;448x448;20;20;60;1;301;0.5911;0.5702;0.7013;0.0333;0.2;0.9633;0.0064;0.9419;0.7197;529.9;3671
13/01/2026 23:08;MPDD/connector;reverse_distillation;448x448;20;20;44;1;301;0.9286;0.876;0.8276;0.5714;0.8571;0.9722;0.4886;0.9945;0.8993;544.7;3671
13/01/2026 23:16;MPDD/metal_plate;reverse_distillation;448x448;20;20;97;1;301;0.9068;0.9622;0.9315;0.5493;0.5634;0.9434;0.718;0.9822;0.8416;437.7;3671
13/01/2026 23:26;MPDD/tubes;reverse_distillation;448x448;20;20;101;1;301;0.9049;0.9628;0.9104;0.7391;0.8406;0.9872;0.6866;1;0.9165;518.9;3671
13/01/2026 23:36;MPDD/bracket_black;dinomaly;448x448;20;20;79;1;301;0.7507;0.8305;0.7736;0.2979;0.4043;0.9829;0.175;0.9995;0.8863;610.8;5172
13/01/2026 23:48;MPDD/bracket_brown;dinomaly;448x448;20;20;77;1;301;0.6629;0.7727;0.8031;0.098;0.1176;0.9582;0.1418;0.9972;0.8396;627.8;5172
13/01/2026 23:59;MPDD/bracket_white;dinomaly;448x448;20;20;60;1;301;0.6689;0.7572;0.6824;0.4333;0.4333;0.9836;0.057;0.95;0.7971;618.6;5172
14/01/2026 0:09;MPDD/connector;dinomaly;448x448;20;20;44;1;301;1;1;1;1;1;0.9711;0.5488;0.9954;0.9197;623.2;5172
14/01/2026 0:19;MPDD/metal_plate;dinomaly;448x448;20;20;97;1;301;1;1;1;1;1;0.9889;0.9304;0.9838;0.9654;528.7;5172
14/01/2026 0:30;MPDD/tubes;dinomaly;448x448;20;20;101;1;301;0.9226;0.9729;0.9394;0.8986;0.8986;0.9914;0.7785;0.9983;0.8833;606;5172
14/01/2026 0:30;MPDD/bracket_black;padim;448x448;20;20;79;2;1;0.5459;0.621;0.752;0.0213;0.1064;0.9267;0.0056;1;0.7742;8.1;2536
14/01/2026 0:31;MPDD/bracket_brown;padim;448x448;20;20;77;2;1;0.7134;0.8212;0.8197;0.1176;0.3725;0.9566;0.1112;0.9961;0.758;8.3;2536
14/01/2026 0:32;MPDD/bracket_white;padim;448x448;20;20;60;2;1;0.4456;0.4399;0.6988;0;0;0.8971;0.002;0.9502;0.3993;8.1;2536
14/01/2026 0:32;MPDD/connector;padim;448x448;20;20;44;2;1;0.8357;0.5846;0.7368;0.0714;0.3571;0.9753;0.1659;0.9992;0.876;9.5;2536
14/01/2026 0:33;MPDD/metal_plate;padim;448x448;20;20;97;2;1;0.4637;0.7233;0.8452;0.0141;0.1408;0.6058;0.1695;0.5628;0.3675;8.6;2536
14/01/2026 0:34;MPDD/tubes;padim;448x448;20;20;101;2;1;0.5027;0.7351;0.8166;0.1594;0.1594;0.9415;0.0724;1;0.8084;9.3;2536
14/01/2026 0:35;MPDD/bracket_black;patchcore;448x448;20;20;79;2;1;0.7088;0.7637;0.785;0.0851;0.4043;0.9763;0.0481;1;0.9028;9;1592
14/01/2026 0:36;MPDD/bracket_brown;patchcore;448x448;20;20;77;2;1;0.8017;0.9039;0.8381;0.4314;0.4902;0.9303;0.1875;0.9888;0.8295;9.1;1592
14/01/2026 0:37;MPDD/bracket_white;patchcore;448x448;20;20;60;2;1;0.75;0.803;0.7317;0.4;0.5333;0.965;0.0884;0.9933;0.7379;9;1592
14/01/2026 0:37;MPDD/connector;patchcore;448x448;20;20;44;2;1;1;1;1;1;1;0.9714;0.3876;0.9989;0.8863;9;1592
14/01/2026 0:38;MPDD/metal_plate;patchcore;448x448;20;20;97;2;1;0.961;0.9858;0.9437;0.7606;0.8873;0.8657;0.5495;0.8953;0.6993;8.5;1592
14/01/2026 0:39;MPDD/tubes;patchcore;448x448;20;20;101;2;1;0.9697;0.9872;0.9571;0.8696;0.9275;0.9897;0.7629;1;0.9553;9.1;1592
14/01/2026 0:48;MPDD/bracket_black;reverse_distillation;448x448;20;20;79;2;301;0.6051;0.668;0.7581;0.0638;0.0638;0.9675;0.0329;0.9999;0.8972;500.9;3671
14/01/2026 0:58;MPDD/bracket_brown;reverse_distillation;448x448;20;20;77;2;301;0.6501;0.7789;0.8305;0.1373;0.1569;0.9539;0.1295;0.9979;0.849;522;3671
14/01/2026 1:07;MPDD/bracket_white;reverse_distillation;448x448;20;20;60;2;301;0.5978;0.6001;0.6818;0.1;0.1333;0.9704;0.0065;0.9768;0.8023;518.1;3671
14/01/2026 1:16;MPDD/connector;reverse_distillation;448x448;20;20;44;2;301;0.9667;0.928;0.875;0.7143;0.9286;0.9787;0.4476;0.9971;0.8614;529.4;3671
14/01/2026 1:24;MPDD/metal_plate;reverse_distillation;448x448;20;20;97;2;301;0.8489;0.9334;0.8961;0.4366;0.5352;0.9323;0.6774;0.9721;0.8625;422.9;3671
14/01/2026 1:33;MPDD/tubes;reverse_distillation;448x448;20;20;101;2;301;0.9425;0.9767;0.9209;0.7826;0.8841;0.9872;0.691;1;0.9196;505.8;3671
14/01/2026 1:44;MPDD/bracket_black;dinomaly;448x448;20;20;79;2;301;0.7633;0.7917;0.8182;0.1489;0.2128;0.9856;0.1565;0.9999;0.9248;616.6;5172
14/01/2026 1:56;MPDD/bracket_brown;dinomaly;448x448;20;20;77;2;301;0.6621;0.7639;0.8103;0.0588;0.1176;0.9634;0.1341;0.9994;0.8102;627.8;5172
14/01/2026 2:06;MPDD/bracket_white;dinomaly;448x448;20;20;60;2;301;0.7422;0.7355;0.75;0.1333;0.5333;0.9937;0.0961;0.9933;0.9248;597.1;5172
14/01/2026 2:17;MPDD/connector;dinomaly;448x448;20;20;44;2;301;1;1;1;1;1;0.9748;0.5412;0.9955;0.8351;628.3;5172
14/01/2026 2:27;MPDD/metal_plate;dinomaly;448x448;20;20;97;2;301;1;1;1;1;1;0.9891;0.9353;0.9838;0.9273;522.9;5172
14/01/2026 2:37;MPDD/tubes;dinomaly;448x448;20;20;101;2;301;0.9493;0.9821;0.9481;0.913;0.9275;0.9927;0.7914;0.999;0.9056;585.5;5172
14/01/2026 2:38;MPDD/bracket_black;padim;448x448;20;20;79;3;1;0.5219;0.5935;0.7652;0.0213;0.0638;0.9572;0.0122;1;0.7826;9.5;2536
14/01/2026 2:39;MPDD/bracket_brown;padim;448x448;20;20;77;3;1;0.4578;0.6704;0.7969;0.0784;0.0784;0.9506;0.0692;0.9965;0.7748;9.7;2536
14/01/2026 2:40;MPDD/bracket_white;padim;448x448;20;20;60;3;1;0.6689;0.7037;0.6923;0.1667;0.3333;0.8049;0.0012;0.4777;0.276;9.8;2536
14/01/2026 2:40;MPDD/connector;padim;448x448;20;20;44;3;1;0.7381;0.5032;0.6829;0.0714;0.0714;0.969;0.1198;0.9981;0.7654;9.7;2536
14/01/2026 2:41;MPDD/metal_plate;padim;448x448;20;20;97;3;1;0.5163;0.7764;0.8452;0.0845;0.2113;0.9072;0.4407;0.9612;0.7159;8.9;2536
14/01/2026 2:42;MPDD/tubes;padim;448x448;20;20;101;3;1;0.3659;0.6272;0.8118;0.0725;0.0725;0.9484;0.0881;1;0.8134;9.5;2536
14/01/2026 2:43;MPDD/bracket_black;patchcore;448x448;20;20;79;3;1;0.5951;0.6976;0.752;0.1277;0.2553;0.952;0.0348;0.99;0.8825;9.3;1592
14/01/2026 2:44;MPDD/bracket_brown;patchcore;448x448;20;20;77;3;1;0.8831;0.9434;0.8952;0.5686;0.6667;0.9231;0.2035;0.9873;0.8045;9.3;1592
14/01/2026 2:45;MPDD/bracket_white;patchcore;448x448;20;20;60;3;1;0.7333;0.8023;0.7123;0.5333;0.5333;0.9531;0.1226;0.98;0.674;9.2;1592
14/01/2026 2:45;MPDD/connector;patchcore;448x448;20;20;44;3;1;1;1;1;1;1;0.972;0.4168;0.997;0.8476;9.3;1592
14/01/2026 2:46;MPDD/metal_plate;patchcore;448x448;20;20;97;3;1;0.9697;0.9888;0.951;0.8169;0.831;0.8808;0.5798;0.9111;0.6922;8.6;1592
14/01/2026 2:47;MPDD/tubes;patchcore;448x448;20;20;101;3;1;0.9688;0.9877;0.9559;0.8841;0.942;0.991;0.7751;0.9999;0.921;9.2;1592
14/01/2026 2:57;MPDD/bracket_black;reverse_distillation;448x448;20;20;79;3;301;0.5771;0.6856;0.7581;0.0851;0.1915;0.937;0.0213;0.9881;0.8687;531;3671
14/01/2026 3:06;MPDD/bracket_brown;reverse_distillation;448x448;20;20;77;3;301;0.6584;0.7654;0.8235;0.098;0.098;0.9401;0.1209;0.9972;0.9175;535.7;3671
14/01/2026 3:16;MPDD/bracket_white;reverse_distillation;448x448;20;20;60;3;301;0.6533;0.6987;0.678;0.2;0.3;0.9452;0.0052;0.9278;0.654;527.1;3671
14/01/2026 3:25;MPDD/connector;reverse_distillation;448x448;20;20;44;3;301;0.9095;0.778;0.7692;0.5;0.7143;0.975;0.4042;0.9952;0.8802;545.5;3671
14/01/2026 3:33;MPDD/metal_plate;reverse_distillation;448x448;20;20;97;3;301;0.9382;0.9731;0.9524;0.5493;0.5775;0.9359;0.6985;0.9816;0.8698;417.4;3671
14/01/2026 3:43;MPDD/tubes;reverse_distillation;448x448;20;20;101;3;301;0.9239;0.9717;0.9147;0.8551;0.8551;0.9865;0.678;1;0.9386;512.2;3671
14/01/2026 3:54;MPDD/bracket_black;dinomaly;448x448;20;20;79;3;301;0.7533;0.8516;0.7647;0.3617;0.5532;0.9738;0.1536;0.9996;0.9478;616.8;5172
14/01/2026 4:05;MPDD/bracket_brown;dinomaly;448x448;20;20;77;3;301;0.6184;0.7492;0.807;0.1176;0.1373;0.9583;0.1163;0.9983;0.863;619.2;5172
14/01/2026 4:16;MPDD/bracket_white;dinomaly;448x448;20;20;60;3;301;0.69;0.7854;0.6824;0.4667;0.5;0.9788;0.0391;0.9466;0.8234;614.6;5172
14/01/2026 4:27;MPDD/connector;dinomaly;448x448;20;20;44;3;301;1;1;1;1;1;0.9751;0.5446;0.9969;0.9297;629;5172
14/01/2026 4:35;MPDD/metal_plate;dinomaly;448x448;20;20;97;3;301;1;1;1;1;1;0.9881;0.9248;0.9837;0.9154;495.1;5172
14/01/2026 4:46;MPDD/tubes;dinomaly;448x448;20;20;101;3;301;0.9289;0.975;0.9394;0.8986;0.8986;0.9921;0.7602;0.999;0.9159;567.4;5172
14/01/2026 4:46;MPDD/bracket_black;padim;448x448;20;20;79;4;1;0.5047;0.6211;0.7667;0.0638;0.1064;0.9456;0.0089;1;0.8526;8.2;2536
14/01/2026 4:47;MPDD/bracket_brown;padim;448x448;20;20;77;4;1;0.5362;0.6658;0.8031;0.0588;0.0588;0.9396;0.0644;0.9933;0.7606;8.8;2536
14/01/2026 4:48;MPDD/bracket_white;padim;448x448;20;20;60;4;1;0.4144;0.4263;0.6905;0;0;0.8711;0.0049;0.842;0.3916;8;2536
14/01/2026 4:48;MPDD/connector;padim;448x448;20;20;44;4;1;0.7214;0.472;0.6667;0.0714;0.1429;0.9678;0.1551;0.9991;0.7946;8.3;2536
14/01/2026 4:49;MPDD/metal_plate;padim;448x448;20;20;97;4;1;0.4399;0.7258;0.8452;0.0282;0.0986;0.7264;0.2418;0.7698;0.5023;7.3;2536
14/01/2026 4:50;MPDD/tubes;padim;448x448;20;20;101;4;1;0.4321;0.6937;0.8118;0.1159;0.2029;0.9286;0.0549;1;0.7422;8;2536
14/01/2026 4:50;MPDD/bracket_black;patchcore;448x448;20;20;79;4;1;0.742;0.8101;0.7705;0.4894;0.5106;0.9691;0.0518;0.9983;0.9154;8.4;1592
14/01/2026 4:51;MPDD/bracket_brown;patchcore;448x448;20;20;77;4;1;0.9344;0.9571;0.9434;0.5294;0.6471;0.9277;0.1925;0.9927;0.8787;8.5;1592
14/01/2026 4:52;MPDD/bracket_white;patchcore;448x448;20;20;60;4;1;0.5733;0.5867;0.6824;0.0333;0.3;0.959;0.0399;0.9866;0.7074;8.8;1592
14/01/2026 4:52;MPDD/connector;patchcore;448x448;20;20;44;4;1;1;1;1;1;1;0.9757;0.4684;1;0.8966;9.6;1592
14/01/2026 4:53;MPDD/metal_plate;patchcore;448x448;20;20;97;4;1;0.9296;0.9627;0.9589;0.507;0.5493;0.8892;0.6079;0.9171;0.705;8.9;1592
14/01/2026 4:54;MPDD/tubes;patchcore;448x448;20;20;101;4;1;0.9665;0.9868;0.9466;0.8986;0.8986;0.9904;0.7768;1;0.9332;8.5;1592
14/01/2026 5:03;MPDD/bracket_black;reverse_distillation;448x448;20;20;79;4;301;0.639;0.7305;0.7788;0.1489;0.2553;0.963;0.0915;0.9997;0.9136;509.9;3671
14/01/2026 5:13;MPDD/bracket_brown;reverse_distillation;448x448;20;20;77;4;301;0.6282;0.7385;0.8293;0.0588;0.098;0.9463;0.1502;0.9973;0.921;528.6;3671
14/01/2026 5:22;MPDD/bracket_white;reverse_distillation;448x448;20;20;60;4;301;0.5278;0.5762;0.6744;0.1333;0.1667;0.9607;0.0053;0.9333;0.7545;506;3671
14/01/2026 5:31;MPDD/connector;reverse_distillation;448x448;20;20;44;4;301;0.9238;0.8431;0.8889;0.8571;0.8571;0.9743;0.3908;0.9928;0.8384;516.6;3671
14/01/2026 5:38;MPDD/metal_plate;reverse_distillation;448x448;20;20;97;4;301;0.8299;0.9288;0.9045;0.4225;0.4507;0.9685;0.799;0.9931;0.923;401;3671
14/01/2026 5:47;MPDD/tubes;reverse_distillation;448x448;20;20;101;4;301;0.9121;0.9685;0.9134;0.8406;0.8696;0.987;0.6824;0.9999;0.9065;494.1;3671
14/01/2026 5:58;MPDD/bracket_black;dinomaly;448x448;20;20;79;4;301;0.7826;0.8622;0.7788;0.4894;0.6383;0.9833;0.1805;0.9996;0.9208;599.7;5172
14/01/2026 6:08;MPDD/bracket_brown;dinomaly;448x448;20;20;77;4;301;0.7896;0.8615;0.8522;0.2745;0.4706;0.9657;0.1746;0.9996;0.9018;611;5172
14/01/2026 6:19;MPDD/bracket_white;dinomaly;448x448;20;20;60;4;301;0.4922;0.6086;0.6667;0.2333;0.3;0.9845;0.0485;0.9533;0.8145;587.6;5172
14/01/2026 6:29;MPDD/connector;dinomaly;448x448;20;20;44;4;301;1;1;1;1;1;0.973;0.5216;0.9964;0.9419;609.3;5172
14/01/2026 6:38;MPDD/metal_plate;dinomaly;448x448;20;20;97;4;301;1;1;1;1;1;0.9899;0.9338;0.9839;0.8599;489.7;5172
14/01/2026 6:49;MPDD/tubes;dinomaly;448x448;20;20;101;4;301;0.9158;0.9697;0.916;0.8551;0.8696;0.991;0.7631;0.9978;0.8612;593.4;5172
14/01/2026 6:50;MPDD/bracket_black;padim;448x448;50;50;79;0;1;0.5738;0.705;0.752;0.1064;0.2766;0.94;0.0082;1;0.7949;15;2680
14/01/2026 6:51;MPDD/bracket_brown;padim;448x448;50;50;77;0;1;0.7617;0.8228;0.8519;0.1961;0.1961;0.9544;0.1053;0.9968;0.7052;15.5;2680
14/01/2026 6:52;MPDD/bracket_white;padim;448x448;50;50;60;0;1;0.6667;0.6418;0.7568;0.2667;0.3;0.8719;0.0662;0.6838;0.3529;15.3;2680
14/01/2026 6:52;MPDD/connector;padim;448x448;50;50;44;0;1;0.8143;0.5777;0.7568;0.2143;0.2143;0.9719;0.1603;0.9963;0.7279;14.6;2680
14/01/2026 6:53;MPDD/metal_plate;padim;448x448;50;50;97;0;1;0.4594;0.7778;0.8452;0.1831;0.2113;0.7768;0.2465;0.7597;0.4522;12.4;2680
14/01/2026 6:54;MPDD/tubes;padim;448x448;50;50;101;0;1;0.7464;0.8501;0.8254;0.087;0.4203;0.9402;0.0719;1;0.8298;12.5;2680
14/01/2026 6:56;MPDD/bracket_black;patchcore;448x448;50;50;79;0;1;0.7606;0.8443;0.7833;0.3617;0.5745;0.9797;0.0761;1;0.9008;29;3479
14/01/2026 6:57;MPDD/bracket_brown;patchcore;448x448;50;50;77;0;1;0.9155;0.967;0.9167;0.8627;0.8627;0.9325;0.2388;0.9931;0.8336;29.3;3479
14/01/2026 6:58;MPDD/bracket_white;patchcore;448x448;50;50;60;0;1;0.7433;0.8077;0.7027;0.5333;0.5333;0.9617;0.1121;0.9652;0.6864;29.1;3479
14/01/2026 6:59;MPDD/connector;patchcore;448x448;50;50;44;0;1;0.9976;0.9952;0.9655;1;1;0.9726;0.4107;0.9994;0.942;29.1;3479
14/01/2026 7:00;MPDD/metal_plate;patchcore;448x448;50;50;97;0;1;0.9789;0.9919;0.9726;0.8169;0.8732;0.8667;0.5415;0.9058;0.6974;26.6;3479
14/01/2026 7:01;MPDD/tubes;patchcore;448x448;50;50;101;0;1;0.9805;0.9922;0.963;0.942;0.9565;0.9921;0.7962;1;0.9671;28.8;3479
14/01/2026 7:18;MPDD/bracket_black;reverse_distillation;448x448;50;50;79;0;216;0.6802;0.7142;0.7863;0.0426;0.1064;0.9656;0.0579;0.9999;0.8726;938.2;3668
14/01/2026 7:34;MPDD/bracket_brown;reverse_distillation;448x448;50;50;77;0;216;0.7979;0.8601;0.8718;0.1765;0.2745;0.9317;0.1583;0.9952;0.9332;973.5;3668
14/01/2026 7:51;MPDD/bracket_white;reverse_distillation;448x448;50;50;60;0;216;0.78;0.7612;0.7742;0.1333;0.4667;0.9666;0.008;0.963;0.7451;928.9;3668
14/01/2026 8:07;MPDD/connector;reverse_distillation;448x448;50;50;44;0;216;0.9786;0.9561;0.9032;0.8571;1;0.9757;0.551;0.9931;0.862;956.9;3668
16/01/2026 10:34;MPDD/metal_plate;reverse_distillation;448x448;50;50;97;0;216;0.981;0.9925;0.979;0.8028;0.9859;0.9387;0.7119;0.9808;0.8177;776.2;3677
16/01/2026 10:50;MPDD/tubes;reverse_distillation;448x448;50;50;101;0;216;0.9194;0.9686;0.9077;0.7681;0.8551;0.9901;0.7076;1;0.9529;916.8;3671
16/01/2026 11:09;MPDD/bracket_black;dinomaly;448x448;50;50;79;0;216;0.7812;0.8436;0.8224;0.3191;0.383;0.9872;0.1942;0.9998;0.9412;1093.6;5171
16/01/2026 11:28;MPDD/bracket_brown;dinomaly;448x448;50;50;77;0;216;0.7097;0.8471;0.7969;0.4314;0.451;0.9633;0.2122;0.999;0.8434;1106.9;5171
16/01/2026 11:47;MPDD/bracket_white;dinomaly;448x448;50;50;60;0;216;0.6789;0.7562;0.6914;0.4;0.4;0.9872;0.0594;0.96;0.8168;1079.6;5171
16/01/2026 12:06;MPDD/connector;dinomaly;448x448;50;50;44;0;216;1;1;1;1;1;0.972;0.5471;0.9953;0.8987;1112;5171
16/01/2026 12:21;MPDD/metal_plate;dinomaly;448x448;50;50;97;0;216;1;1;1;1;1;0.9886;0.9328;0.9835;0.9117;899.4;5171
16/01/2026 12:39;MPDD/tubes;dinomaly;448x448;50;50;101;0;216;0.9416;0.9795;0.9403;0.8986;0.913;0.9929;0.7953;0.9982;0.8867;1035.2;5171
16/01/2026 12:40;MPDD/bracket_black;padim;448x448;50;50;79;1;1;0.5964;0.6995;0.748;0.1915;0.2553;0.9468;0.0088;0.9998;0.8341;15.3;2680
16/01/2026 12:41;MPDD/bracket_brown;padim;448x448;50;50;77;1;1;0.4887;0.6748;0.7969;0.1176;0.1569;0.9446;0.0908;0.9927;0.8242;15.1;2680
16/01/2026 12:42;MPDD/bracket_white;padim;448x448;50;50;60;1;1;0.6456;0.6763;0.7073;0.2667;0.3;0.8301;0.0612;0.3817;0.264;14.4;2680
16/01/2026 12:43;MPDD/connector;padim;448x448;50;50;44;1;1;0.8714;0.677;0.7568;0.3571;0.5714;0.9799;0.2557;0.9969;0.7876;13.8;2680
16/01/2026 12:44;MPDD/metal_plate;padim;448x448;50;50;97;1;1;0.5114;0.7811;0.8452;0.1268;0.1408;0.8044;0.3071;0.8249;0.5001;12.7;2680
16/01/2026 12:45;MPDD/tubes;padim;448x448;50;50;101;1;1;0.5983;0.7657;0.8214;0.1449;0.1739;0.9501;0.1002;0.9997;0.8302;14.1;2680
16/01/2026 12:46;MPDD/bracket_black;patchcore;448x448;50;50;79;1;1;0.6795;0.8212;0.7581;0.4255;0.5106;0.974;0.1179;1;0.8917;29.5;3479
16/01/2026 12:48;MPDD/bracket_brown;patchcore;448x448;50;50;77;1;1;0.8658;0.9455;0.8667;0.7647;0.7843;0.9263;0.2072;0.9932;0.8171;29.4;3479
16/01/2026 12:49;MPDD/bracket_white;patchcore;448x448;50;50;60;1;1;0.71;0.7826;0.6939;0.4;0.5667;0.9613;0.1049;0.9743;0.7257;29.1;3479
16/01/2026 12:49;MPDD/connector;patchcore;448x448;50;50;44;1;1;1;1;1;1;1;0.9743;0.4322;1;0.8972;28.1;3479
16/01/2026 12:51;MPDD/metal_plate;patchcore;448x448;50;50;97;1;1;0.9762;0.9912;0.966;0.8592;0.8732;0.8582;0.5155;0.8989;0.6846;26.4;3479
16/01/2026 12:52;MPDD/tubes;patchcore;448x448;50;50;101;1;1;0.9832;0.9933;0.9701;0.942;0.942;0.9915;0.7896;1;0.9577;28.9;3479
16/01/2026 13:08;MPDD/bracket_black;reverse_distillation;448x448;50;50;79;1;216;0.5253;0.621;0.752;0.0426;0.0851;0.9675;0.0904;0.9983;0.9212;919;3669
16/01/2026 13:24;MPDD/bracket_brown;reverse_distillation;448x448;50;50;77;1;216;0.8183;0.9033;0.8468;0.451;0.5294;0.9233;0.1726;0.9949;0.9339;942.1;3669
16/01/2026 13:40;MPDD/bracket_white;reverse_distillation;448x448;50;50;60;1;216;0.7267;0.6767;0.7353;0.1333;0.2;0.9659;0.0084;0.9749;0.76;919.5;3669
16/01/2026 13:58;MPDD/connector;reverse_distillation;448x448;50;50;44;1;216;0.9881;0.9722;0.9655;1;1;0.9777;0.5441;0.9972;0.9334;965.1;3669
16/01/2026 14:11;MPDD/metal_plate;reverse_distillation;448x448;50;50;97;1;216;0.9886;0.9958;0.9793;0.8873;0.9437;0.9572;0.7764;0.9851;0.8622;766.4;3669
16/01/2026 14:27;MPDD/tubes;reverse_distillation;448x448;50;50;101;1;216;0.9393;0.9749;0.913;0.8116;0.8551;0.991;0.7251;1;0.9452;913.1;3669
16/01/2026 14:46;MPDD/bracket_black;dinomaly;448x448;50;50;79;1;216;0.8165;0.8907;0.8043;0.4894;0.5957;0.9871;0.2191;0.9994;0.9418;1095.6;5171
16/01/2026 15:06;MPDD/bracket_brown;dinomaly;448x448;50;50;77;1;216;0.7609;0.8854;0.8214;0.5098;0.5098;0.9657;0.2935;0.9981;0.8205;1106.4;5171
16/01/2026 15:24;MPDD/bracket_white;dinomaly;448x448;50;50;60;1;216;0.6933;0.7553;0.6905;0.3333;0.3667;0.9856;0.0805;0.95;0.8624;1085.2;5171
16/01/2026 15:43;MPDD/connector;dinomaly;448x448;50;50;44;1;216;1;1;1;1;1;0.9664;0.5355;0.9956;0.8874;1119;5171
16/01/2026 15:59;MPDD/metal_plate;dinomaly;448x448;50;50;97;1;216;1;1;1;1;1;0.9874;0.9279;0.9833;0.9376;911.9;5171
16/01/2026 16:17;MPDD/tubes;dinomaly;448x448;50;50;101;1;216;0.9325;0.9764;0.9474;0.913;0.913;0.9922;0.7848;0.9984;0.899;1045.5;5171
16/01/2026 16:18;MPDD/bracket_black;padim;448x448;50;50;79;2;1;0.5572;0.6812;0.746;0.0638;0.4043;0.9374;0.0075;1;0.8192;14.9;2680
16/01/2026 16:19;MPDD/bracket_brown;padim;448x448;50;50;77;2;1;0.7081;0.8213;0.8077;0.1569;0.1961;0.9485;0.1103;0.9939;0.8932;15.5;2680
16/01/2026 16:20;MPDD/bracket_white;padim;448x448;50;50;60;2;1;0.4244;0.4377;0.6897;0;0;0.8531;0.0018;0.5734;0.2632;13;2680
16/01/2026 16:20;MPDD/connector;padim;448x448;50;50;44;2;1;0.8095;0.5774;0.7568;0.0714;0.0714;0.9768;0.2173;0.9989;0.9274;13.4;2680
16/01/2026 16:21;MPDD/metal_plate;padim;448x448;50;50;97;2;1;0.4735;0.7288;0.8452;0.0563;0.0845;0.4152;0.1;0.3276;0.2218;11.6;2680
16/01/2026 16:22;MPDD/tubes;padim;448x448;50;50;101;2;1;0.4733;0.6987;0.8193;0.087;0.1739;0.9411;0.0713;1;0.8036;14.5;2680
16/01/2026 16:24;MPDD/bracket_black;patchcore;448x448;50;50;79;2;1;0.6922;0.7987;0.7705;0.3617;0.4894;0.9738;0.075;0.9996;0.8775;30;3479
16/01/2026 16:25;MPDD/bracket_brown;patchcore;448x448;50;50;77;2;1;0.7526;0.891;0.8261;0.451;0.4902;0.918;0.1745;0.9903;0.7985;30.4;3479
16/01/2026 16:26;MPDD/bracket_white;patchcore;448x448;50;50;60;2;1;0.7711;0.8194;0.7353;0.5333;0.5333;0.9642;0.0981;0.9924;0.7622;28.1;3479
16/01/2026 16:27;MPDD/connector;patchcore;448x448;50;50;44;2;1;1;1;1;1;1;0.9727;0.4098;0.9997;0.9511;28.6;3479
16/01/2026 16:28;MPDD/metal_plate;patchcore;448x448;50;50;97;2;1;0.9886;0.9958;0.9726;0.9155;0.9437;0.8573;0.5167;0.8947;0.6787;26.9;3479
16/01/2026 16:29;MPDD/tubes;patchcore;448x448;50;50;101;2;1;0.971;0.9885;0.9559;0.8696;0.942;0.9909;0.7824;1;0.9408;28;3479
16/01/2026 16:45;MPDD/bracket_black;reverse_distillation;448x448;50;50;79;2;216;0.6922;0.7417;0.7788;0.0851;0.2128;0.9523;0.0614;0.9938;0.8224;934.8;3669
16/01/2026 17:01;MPDD/bracket_brown;reverse_distillation;448x448;50;50;77;2;216;0.8273;0.8395;0.885;0.1373;0.1765;0.92;0.1323;0.9936;0.8331;945.6;3669
16/01/2026 17:18;MPDD/bracket_white;reverse_distillation;448x448;50;50;60;2;216;0.8322;0.8405;0.7733;0.5333;0.6333;0.9596;0.0065;0.9295;0.7145;920.7;3669
16/01/2026 17:34;MPDD/connector;reverse_distillation;448x448;50;50;44;2;216;0.9952;0.9911;0.963;0.9286;1;0.9723;0.5211;0.9938;0.9378;956.7;3669
16/01/2026 17:47;MPDD/metal_plate;reverse_distillation;448x448;50;50;97;2;216;0.9832;0.9934;0.9726;0.8873;0.9577;0.9257;0.669;0.9738;0.8106;756;3669
16/01/2026 18:03;MPDD/tubes;reverse_distillation;448x448;50;50;101;2;216;0.9185;0.9679;0.9008;0.7971;0.8551;0.9889;0.7171;0.9999;0.9323;903.6;3669
16/01/2026 18:22;MPDD/bracket_black;dinomaly;448x448;50;50;79;2;216;0.7739;0.8229;0.7879;0.1277;0.5319;0.9876;0.1968;0.9999;0.9626;1077.3;5171
16/01/2026 18:41;MPDD/bracket_brown;dinomaly;448x448;50;50;77;2;216;0.6855;0.7702;0.8;0.0392;0.1765;0.9622;0.1876;0.9979;0.9099;1120.6;5171
16/01/2026 19:00;MPDD/bracket_white;dinomaly;448x448;50;50;60;2;216;0.7167;0.7915;0.6875;0.4;0.4667;0.9838;0.067;0.98;0.8836;1077.5;5171
16/01/2026 19:19;MPDD/connector;dinomaly;448x448;50;50;44;2;216;1;1;1;1;1;0.9645;0.5255;0.9891;0.8922;1119.7;5171
16/01/2026 19:35;MPDD/metal_plate;dinomaly;448x448;50;50;97;2;216;1;1;1;1;1;0.9887;0.9339;0.9827;0.9029;927.1;5171
16/01/2026 19:54;MPDD/tubes;dinomaly;448x448;50;50;101;2;216;0.9402;0.9792;0.9474;0.913;0.913;0.9928;0.7981;0.9986;0.9205;1068.1;5171
16/01/2026 19:55;MPDD/bracket_black;padim;448x448;50;50;79;3;1;0.5738;0.629;0.7797;0.0213;0.0851;0.961;0.0142;1;0.7539;15.3;2680
16/01/2026 19:56;MPDD/bracket_brown;padim;448x448;50;50;77;3;1;0.5739;0.7168;0.8167;0.1373;0.1373;0.9451;0.0767;0.9908;0.7031;15.4;2680
16/01/2026 19:57;MPDD/bracket_white;padim;448x448;50;50;60;3;1;0.5233;0.5644;0.6742;0.1333;0.1667;0.7494;0.0014;0.3142;0.1891;14.6;2680
16/01/2026 19:57;MPDD/connector;padim;448x448;50;50;44;3;1;0.831;0.6038;0.7647;0.0714;0.2857;0.968;0.1497;0.9903;0.8714;15.1;2680
16/01/2026 19:58;MPDD/metal_plate;padim;448x448;50;50;97;3;1;0.558;0.8209;0.8503;0.1972;0.3239;0.8408;0.3531;0.8727;0.5916;13;2680
16/01/2026 19:59;MPDD/tubes;padim;448x448;50;50;101;3;1;0.5254;0.7026;0.8166;0.0145;0.0435;0.953;0.0999;1;0.8222;15;2680
16/01/2026 20:01;MPDD/bracket_black;patchcore;448x448;50;50;79;3;1;0.7081;0.8333;0.7769;0.5106;0.5106;0.9687;0.1314;0.9993;0.8768;30;3479
16/01/2026 20:02;MPDD/bracket_brown;patchcore;448x448;50;50;77;3;1;0.8235;0.9331;0.8667;0.7647;0.7647;0.9167;0.1991;0.991;0.7745;30.2;3479
16/01/2026 20:03;MPDD/bracket_white;patchcore;448x448;50;50;60;3;1;0.7544;0.8035;0.7297;0.5;0.5;0.958;0.1148;0.9733;0.6744;29.7;3479
16/01/2026 20:04;MPDD/connector;patchcore;448x448;50;50;44;3;1;0.9952;0.9901;0.9655;1;1;0.9695;0.385;0.9967;0.8773;30.2;3479
16/01/2026 20:05;MPDD/metal_plate;patchcore;448x448;50;50;97;3;1;0.9892;0.9958;0.9793;0.9437;0.9718;0.8637;0.5391;0.9069;0.6955;28.2;3479
16/01/2026 20:07;MPDD/tubes;patchcore;448x448;50;50;101;3;1;0.9819;0.9932;0.9781;0.971;0.971;0.9919;0.7907;1;0.9511;29.7;3479
16/01/2026 20:23;MPDD/bracket_black;reverse_distillation;448x448;50;50;79;3;216;0.7593;0.8281;0.7818;0.2766;0.4043;0.962;0.078;0.9976;0.8722;946.8;3669
16/01/2026 20:40;MPDD/bracket_brown;reverse_distillation;448x448;50;50;77;3;216;0.8107;0.8768;0.8596;0.3137;0.3529;0.9215;0.1742;0.9924;0.9123;965.8;3669
16/01/2026 20:57;MPDD/bracket_white;reverse_distillation;448x448;50;50;60;3;216;0.7256;0.7043;0.7213;0.1;0.2;0.9613;0.0074;0.9473;0.7436;939.3;3669
16/01/2026 21:13;MPDD/connector;reverse_distillation;448x448;50;50;44;3;216;0.9786;0.9582;0.9286;0.9286;0.9286;0.971;0.5258;0.9918;0.8713;973.6;3669
16/01/2026 21:27;MPDD/metal_plate;reverse_distillation;448x448;50;50;97;3;216;0.9848;0.9946;0.966;0.9014;0.9296;0.9513;0.7528;0.9847;0.8882;766.2;3669
16/01/2026 21:43;MPDD/tubes;reverse_distillation;448x448;50;50;101;3;216;0.9366;0.9734;0.913;0.8116;0.8696;0.9905;0.7224;1;0.9379;921.6;3669
16/01/2026 22:02;MPDD/bracket_black;dinomaly;448x448;50;50;79;3;216;0.766;0.8679;0.7573;0.5106;0.617;0.9859;0.1946;0.9998;0.9097;1095.5;5171
16/01/2026 22:22;MPDD/bracket_brown;dinomaly;448x448;50;50;77;3;216;0.7021;0.8521;0.8;0.4314;0.4706;0.9632;0.2275;0.998;0.8765;1124.4;5171
16/01/2026 22:40;MPDD/bracket_white;dinomaly;448x448;50;50;60;3;216;0.6833;0.7388;0.7077;0.3;0.4;0.9847;0.0523;0.9633;0.8671;1086.6;5171
16/01/2026 23:00;MPDD/connector;dinomaly;448x448;50;50;44;3;216;1;1;1;1;1;0.9654;0.5361;0.9943;0.8597;1124;5171
16/01/2026 23:16;MPDD/metal_plate;dinomaly;448x448;50;50;97;3;216;1;1;1;1;1;0.989;0.9368;0.9824;0.8872;927.4;5171
16/01/2026 23:34;MPDD/tubes;dinomaly;448x448;50;50;101;3;216;0.9389;0.9781;0.9385;0.8841;0.8986;0.9925;0.7984;0.9979;0.882;1059.9;5171
16/01/2026 23:35;MPDD/bracket_black;padim;448x448;50;50;79;4;1;0.5173;0.6745;0.746;0.1702;0.1702;0.9499;0.0105;1;0.8726;14.6;2680
16/01/2026 23:36;MPDD/bracket_brown;padim;448x448;50;50;77;4;1;0.46;0.6333;0.816;0.0196;0.0196;0.9162;0.0529;0.9922;0.8873;14.9;2680
16/01/2026 23:37;MPDD/bracket_white;padim;448x448;50;50;60;4;1;0.5522;0.4888;0.7397;0;0;0.8359;0.0041;0.6957;0.2974;13.7;2680
16/01/2026 23:38;MPDD/connector;padim;448x448;50;50;44;4;1;0.7762;0.5579;0.7027;0.0714;0.1429;0.9568;0.1651;0.9762;0.7449;14.4;2680
16/01/2026 23:39;MPDD/metal_plate;padim;448x448;50;50;97;4;1;0.5282;0.8122;0.8452;0.2113;0.2958;0.4992;0.1244;0.4563;0.3236;12.1;2680
16/01/2026 23:40;MPDD/tubes;padim;448x448;50;50;101;4;1;0.5435;0.7569;0.8166;0.2609;0.2899;0.9421;0.0694;1;0.7885;14.7;2680
16/01/2026 23:41;MPDD/bracket_black;patchcore;448x448;50;50;79;4;1;0.736;0.8483;0.7705;0.5106;0.5106;0.9755;0.09;0.9994;0.8522;28.3;3479
16/01/2026 23:42;MPDD/bracket_brown;patchcore;448x448;50;50;77;4;1;0.8786;0.953;0.8842;0.7843;0.8235;0.9215;0.2137;0.9931;0.8148;28.7;3479
16/01/2026 23:43;MPDD/bracket_white;patchcore;448x448;50;50;60;4;1;0.75;0.7907;0.7273;0.4;0.4;0.9573;0.0988;0.9686;0.7307;28;3479
16/01/2026 23:44;MPDD/connector;patchcore;448x448;50;50;44;4;1;1;1;1;1;1;0.9709;0.3351;0.9995;0.921;29.1;3479
16/01/2026 23:45;MPDD/metal_plate;patchcore;448x448;50;50;97;4;1;0.9848;0.9943;0.9726;0.9014;0.9014;0.8656;0.5394;0.892;0.6739;26.6;3479
16/01/2026 23:46;MPDD/tubes;patchcore;448x448;50;50;101;4;1;0.9851;0.9939;0.9706;0.9565;0.9565;0.9913;0.7856;1;0.9482;28.6;3479
17/01/2026 0:02;MPDD/bracket_black;reverse_distillation;448x448;50;50;79;4;216;0.6802;0.7242;0.7677;0.0851;0.2979;0.9621;0.0817;0.9959;0.8312;942;3669
17/01/2026 0:19;MPDD/bracket_brown;reverse_distillation;448x448;50;50;77;4;216;0.7677;0.8133;0.8673;0.0588;0.0784;0.9404;0.1579;0.9962;0.9029;970;3669
17/01/2026 0:35;MPDD/bracket_white;reverse_distillation;448x448;50;50;60;4;216;0.7411;0.6811;0.7714;0.1333;0.2333;0.9628;0.0073;0.959;0.7056;922.3;3669
17/01/2026 0:52;MPDD/connector;reverse_distillation;448x448;50;50;44;4;216;0.9833;0.9717;0.9231;0.8571;0.9286;0.9789;0.5847;0.9925;0.8689;959.5;3669
17/01/2026 1:06;MPDD/metal_plate;reverse_distillation;448x448;50;50;97;4;216;0.961;0.9818;0.9726;0.8028;0.8732;0.9219;0.6648;0.973;0.8259;775.5;3669
17/01/2026 1:22;MPDD/tubes;reverse_distillation;448x448;50;50;101;4;216;0.9185;0.9701;0.9173;0.8406;0.8841;0.99;0.7193;1;0.9527;919.8;3669
17/01/2026 1:41;MPDD/bracket_black;dinomaly;448x448;50;50;79;4;216;0.8078;0.8819;0.8182;0.5319;0.5745;0.989;0.232;0.9999;0.9229;1095.6;5171
17/01/2026 2:00;MPDD/bracket_brown;dinomaly;448x448;50;50;77;4;216;0.7881;0.892;0.8376;0.4118;0.4706;0.9673;0.3076;0.9997;0.8586;1123.9;5171
17/01/2026 2:19;MPDD/bracket_white;dinomaly;448x448;50;50;60;4;216;0.6244;0.7168;0.6667;0.3;0.4;0.9797;0.0505;0.9467;0.8378;1086.2;5171
17/01/2026 2:38;MPDD/connector;dinomaly;448x448;50;50;44;4;216;1;1;1;1;1;0.962;0.5221;0.9906;0.8421;1110.9;5171
17/01/2026 2:54;MPDD/metal_plate;dinomaly;448x448;50;50;97;4;216;1;1;1;1;1;0.9894;0.9381;0.984;0.9641;923.3;5171
17/01/2026 3:13;MPDD/tubes;dinomaly;448x448;50;50;101;4;216;0.9334;0.977;0.9545;0.913;0.913;0.9924;0.79;0.9984;0.914;1068.2;5171
19/01/2026 10:08;GoodsAD/drink_can;dinomaly;448x448;10;10;293;3;301;0.5549;0.5552;0.676;0.0822;0.1164;0.9166;0.1232;0.9904;0.5708;703.6;5171
20/01/2026 8:35;mvtec_AD/bottle;patchcore;448x448;2;2;83;0;1;0.9944;0.9983;0.9841;0.9841;0.9841;0.9577;0.7353;0.9928;0.9276;3;577
20/01/2026 8:36;mvtec_AD/cable;patchcore;448x448;2;2;150;0;1;0.8334;0.9146;0.8249;0.6304;0.6739;0.9449;0.6109;0.969;0.8084;2.2;207
20/01/2026 8:37;mvtec_AD/capsule;patchcore;448x448;2;2;132;0;1;0.7232;0.9184;0.9121;0.1927;0.2477;0.9621;0.2804;0.9837;0.85;1.8;207
20/01/2026 8:38;mvtec_AD/carpet;patchcore;448x448;2;2;117;0;1;0.9856;0.9958;0.9667;0.9213;0.9551;0.9914;0.6396;0.9986;0.9026;2.2;207
20/01/2026 8:39;mvtec_AD/grid;patchcore;448x448;2;2;78;0;1;0.7001;0.8264;0.878;0.0877;0.2105;0.7884;0.0258;0.4949;0.2389;1.6;207
20/01/2026 8:39;mvtec_AD/hazelnut;patchcore;448x448;2;2;110;0;1;0.9514;0.9726;0.9353;0.8571;0.9286;0.9482;0.4417;0.9465;0.8777;1.7;207
20/01/2026 8:40;mvtec_AD/leather;patchcore;448x448;2;2;124;0;1;0.9844;0.9955;0.9783;0.9674;0.9783;0.9902;0.5046;0.9977;0.9138;2.1;207
20/01/2026 8:41;mvtec_AD/metal_nut;patchcore;448x448;2;2;115;0;1;0.9526;0.9891;0.9442;0.8495;0.8925;0.9;0.5947;0.956;0.7975;2;207
20/01/2026 8:42;mvtec_AD/pill;patchcore;448x448;2;2;167;0;1;0.4427;0.8462;0.9156;0.0709;0.1064;0.8007;0.0976;0.9419;0.5896;1.7;207
20/01/2026 8:43;mvtec_AD/screw;patchcore;448x448;2;2;160;0;1;0.4968;0.741;0.8667;0.042;0.0504;0.9388;0.0221;0.9779;0.695;2;207
20/01/2026 8:44;mvtec_AD/tile;patchcore;448x448;2;2;117;0;1;0.9823;0.9927;0.9651;0.8929;0.9643;0.9439;0.4998;0.9883;0.9537;1.7;207
20/01/2026 8:44;mvtec_AD/toothbrush;patchcore;448x448;2;2;42;0;1;0.9111;0.9654;0.9231;0.7;0.7667;0.7943;0.2033;0.3443;0.213;2.2;207
20/01/2026 8:45;mvtec_AD/transistor;patchcore;448x448;2;2;100;0;1;0.6379;0.5861;0.6186;0.2;0.2;0.7742;0.2737;0.7572;0.608;2.2;207
20/01/2026 8:46;mvtec_AD/wood;patchcore;448x448;2;2;79;0;1;0.9816;0.9943;0.9672;0.8333;0.95;0.9187;0.4807;0.9792;0.9356;1.8;207
20/01/2026 8:46;mvtec_AD/zipper;patchcore;448x448;2;2;151;0;1;0.8808;0.9492;0.95;0.1933;0.3529;0.9796;0.629;0.99;0.7985;1.7;207
20/01/2026 8:48;AutoVI/underbody_pipes;patchcore;448x448;2;2;344;0;1;0.9799;0.9816;0.9437;0.9126;0.9617;0.9684;0.3517;0.9985;0.9007;1.6;207
20/01/2026 8:50;AutoVI/underbody_screw;patchcore;448x448;2;2;392;0;1;0.7598;0.0884;0.1923;0;0;0.9792;0.0054;1;0.8271;2;207
20/01/2026 8:53;AutoVI/engine_wiring;patchcore;448x448;2;2;574;0;1;0.5665;0.5749;0.6724;0.0969;0.1384;0.8275;0.1373;0.7359;0.3807;1.5;207
20/01/2026 8:55;AutoVI/pipe_clip;patchcore;448x448;2;2;337;0;1;0.5476;0.4772;0.615;0.1056;0.1408;0.7543;0.0146;0.7033;0.2666;2;207
20/01/2026 8:57;AutoVI/tank_screw;patchcore;448x448;2;2;413;0;1;0.4382;0.2065;0.3815;0.0316;0.0526;0.8754;0.0039;0.7722;0.4849;1.6;207
20/01/2026 8:59;mvtec_loco_AD/breakfast_box;patchcore;448x448;2;2;275;0;1;0.7411;0.8422;0.7859;0.3179;0.4277;0.861;0.4664;0.8841;0.6816;2;207
20/01/2026 9:01;mvtec_loco_AD/juice_bottle;patchcore;448x448;2;2;330;0;1;0.4571;0.7227;0.8339;0.0763;0.1144;0.4487;0.047;0.1901;0.0661;2.1;207
20/01/2026 9:04;mvtec_loco_AD/pushpins;patchcore;448x448;2;2;310;0;1;0.4763;0.595;0.7137;0.0988;0.1453;0.6454;0.0645;0.7216;0.4168;1.8;207
20/01/2026 9:06;mvtec_loco_AD/screw_bag;patchcore;448x448;2;2;341;0;1;0.5734;0.7082;0.7821;0.105;0.1553;0.6578;0.1102;0.7859;0.5335;2.2;207
20/01/2026 9:08;mvtec_loco_AD/splicing_connectors;patchcore;448x448;2;2;312;0;1;0.6236;0.7208;0.7644;0.1295;0.1865;0.563;0.1238;0.6089;0.3719;1.8;207
20/01/2026 9:10;VisA/candle;patchcore;448x448;2;2;200;0;1;0.7774;0.7988;0.7319;0.38;0.48;0.9246;0.1275;0.9594;0.8138;2;207
20/01/2026 9:11;VisA/capsules;patchcore;448x448;2;2;160;0;1;0.651;0.7952;0.7692;0.27;0.39;0.9732;0.3778;0.9597;0.8184;1.6;207
20/01/2026 9:12;VisA/cashew;patchcore;448x448;2;2;150;0;1;0.7314;0.8774;0.8032;0.49;0.52;0.8548;0.3214;0.7531;0.5955;1.6;207
20/01/2026 9:13;VisA/chewinggum;patchcore;448x448;2;2;150;0;1;0.9836;0.9934;0.9744;0.96;0.96;0.9927;0.7019;0.9354;0.8195;1.9;207
20/01/2026 9:15;VisA/fryum;patchcore;448x448;2;2;150;0;1;0.8752;0.9401;0.8756;0.61;0.69;0.883;0.1929;0.971;0.7803;1.6;207
20/01/2026 9:16;VisA/macaroni1;patchcore;448x448;2;2;200;0;1;0.7191;0.7147;0.7132;0.26;0.36;0.9573;0.0684;0.7968;0.5595;1.9;207
20/01/2026 9:18;VisA/macaroni2;patchcore;448x448;2;2;200;0;1;0.6063;0.6101;0.6712;0.13;0.18;0.9311;0.0197;0.8994;0.6579;1.9;207
20/01/2026 9:19;VisA/pcb1;patchcore;448x448;2;2;200;0;1;0.893;0.8825;0.8448;0.47;0.6;0.9718;0.237;0.9926;0.871;1.6;207
20/01/2026 9:20;VisA/pcb2;patchcore;448x448;2;2;200;0;1;0.8508;0.859;0.8022;0.62;0.73;0.9656;0.1888;0.958;0.8233;2;207
20/01/2026 9:22;VisA/pcb3;patchcore;448x448;2;2;201;0;1;0.8714;0.8857;0.8;0.54;0.6;0.9834;0.41;0.9949;0.7982;1.6;207
20/01/2026 9:23;VisA/pcb4;patchcore;448x448;2;2;201;0;1;0.8877;0.887;0.8041;0.64;0.72;0.9367;0.2952;0.9455;0.791;2;207
20/01/2026 9:25;VisA/pipe_fryum;patchcore;448x448;2;2;150;0;1;0.6838;0.8463;0.8097;0.38;0.42;0.6854;0.0456;0.6137;0.3357;1.7;207
20/01/2026 9:36;VAD;patchcore;448x448;2;2;2000;0;1;0.7376;0.756;0.7022;0.292;0.378;0.8971;0.1715;0.9156;0.6791;1.6;207
20/01/2026 9:37;btad/01;patchcore;448x448;2;2;70;0;1;0.9971;0.9988;0.9897;0.9796;0.9796;0.9795;0.6145;0.9905;0.9615;1.8;207
20/01/2026 9:38;btad/02;patchcore;448x448;2;2;229;0;1;0.8585;0.9765;0.9365;0.5578;0.6231;0.9616;0.6195;0.9243;0.8458;1.9;207
20/01/2026 9:40;btad/03;patchcore;448x448;2;2;431;0;1;0.9735;0.8112;0.7797;0.8387;0.871;0.9648;0.2314;0.9781;0.7343;1.6;207
20/01/2026 9:45;GoodsAD/cigarette_box;patchcore;448x448;2;2;429;0;1;0.5266;0.6056;0.7354;0.0691;0.1545;0.8114;0.1005;0.8085;0.423;2.5;207
20/01/2026 9:51;GoodsAD/drink_bottle;patchcore;448x448;2;2;781;0;1;0.5027;0.5492;0.7066;0.0588;0.0847;0.9008;0.041;0.9987;0.7028;2.2;207
20/01/2026 9:54;GoodsAD/drink_can;patchcore;448x448;2;2;293;0;1;0.5395;0.5526;0.6682;0.1096;0.1233;0.8746;0.076;0.9944;0.5894;2.6;207
20/01/2026 9:59;GoodsAD/food_bottle;patchcore;448x448;2;2;604;0;1;0.4976;0.5935;0.7516;0.0277;0.1108;0.8685;0.0517;0.9651;0.5793;2.6;207
20/01/2026 10:03;GoodsAD/food_box;patchcore;448x448;2;2;397;0;1;0.5295;0.6495;0.7771;0.0398;0.1235;0.8195;0.0272;0.969;0.49;2.3;207
20/01/2026 10:07;GoodsAD/food_package;patchcore;448x448;2;2;483;0;1;0.522;0.4781;0.6466;0.0304;0.0826;0.8514;0.0171;0.8985;0.4278;2.2;207
20/01/2026 10:07;MPDD/bracket_black;patchcore;448x448;2;2;79;0;1;0.3411;0.4905;0.746;0;0;0.9373;0.0085;0.9903;0.7453;1.8;207
20/01/2026 10:08;MPDD/bracket_brown;patchcore;448x448;2;2;77;0;1;0.5845;0.7502;0.8197;0.1765;0.1765;0.9427;0.0755;0.9943;0.8238;2;207
20/01/2026 10:08;MPDD/bracket_white;patchcore;448x448;2;2;60;0;1;0.5867;0.5318;0.7273;0;0.1667;0.9555;0.0057;0.9999;0.7558;2.2;207
20/01/2026 10:09;MPDD/connector;patchcore;448x448;2;2;44;0;1;0.8595;0.6472;0.7742;0.2143;0.4286;0.962;0.1908;0.9921;0.816;1.8;207
20/01/2026 10:09;MPDD/metal_plate;patchcore;448x448;2;2;97;0;1;0.7622;0.8688;0.8805;0.2676;0.338;0.9017;0.63;0.9105;0.7392;2.2;207
20/01/2026 10:10;MPDD/tubes;patchcore;448x448;2;2;101;0;1;0.8813;0.9513;0.8608;0.7101;0.7536;0.9883;0.6517;1;0.951;1.7;207
20/01/2026 10:12;mvtec_AD/bottle;reverse_distillation;448x448;2;2;83;0;301;0.9889;0.9962;0.9844;0.9683;1;0.9607;0.7184;0.9877;0.9394;51.5;1750
20/01/2026 10:14;mvtec_AD/cable;reverse_distillation;448x448;2;2;150;0;301;0.8585;0.9163;0.8475;0.6196;0.7391;0.9275;0.5402;0.9479;0.7799;78.6;1756
20/01/2026 10:16;mvtec_AD/capsule;reverse_distillation;448x448;2;2;132;0;301;0.7423;0.9306;0.9153;0.2661;0.3761;0.9608;0.31;0.9354;0.8429;74.4;1756
20/01/2026 10:18;mvtec_AD/carpet;reverse_distillation;448x448;2;2;117;0;301;0.9743;0.993;0.9659;0.9326;0.9551;0.9909;0.6499;0.9981;0.9035;72;1756
20/01/2026 10:20;mvtec_AD/grid;reverse_distillation;448x448;2;2;78;0;301;0.8605;0.9499;0.8852;0.7018;0.7368;0.9063;0.2761;0.7234;0.5914;46.3;1756
20/01/2026 10:22;mvtec_AD/hazelnut;reverse_distillation;448x448;2;2;110;0;301;0.9611;0.9805;0.9403;0.9;0.9143;0.9479;0.4658;0.9465;0.8501;70.8;1756
20/01/2026 10:23;mvtec_AD/leather;reverse_distillation;448x448;2;2;124;0;301;0.9942;0.9978;0.9946;1;1;0.9882;0.5013;0.9974;0.9068;65.1;1756
20/01/2026 10:25;mvtec_AD/metal_nut;reverse_distillation;448x448;2;2;115;0;301;0.8715;0.9424;0.9223;0.7204;0.7634;0.7676;0.2582;0.9151;0.6926;43.8;1756
20/01/2026 10:27;mvtec_AD/pill;reverse_distillation;448x448;2;2;167;0;301;0.3674;0.7931;0.9156;0.0142;0.0284;0.7605;0.0779;0.9215;0.6312;51;1756
20/01/2026 10:29;mvtec_AD/screw;reverse_distillation;448x448;2;2;160;0;301;0.461;0.7155;0.8686;0.0336;0.0504;0.9497;0.027;0.988;0.7585;45.5;1756
20/01/2026 10:30;mvtec_AD/tile;reverse_distillation;448x448;2;2;117;0;301;0.9538;0.9823;0.9259;0.8333;0.8929;0.9284;0.4607;0.9894;0.9226;62.3;1756
20/01/2026 10:32;mvtec_AD/toothbrush;reverse_distillation;448x448;2;2;42;0;301;0.9389;0.9773;0.9333;0.7667;0.8;0.9526;0.404;0.8745;0.6968;70.3;1756
20/01/2026 10:34;mvtec_AD/transistor;reverse_distillation;448x448;2;2;100;0;301;0.7229;0.6294;0.6667;0.25;0.35;0.6838;0.2201;0.7062;0.5876;74.7;1756
20/01/2026 10:36;mvtec_AD/wood;reverse_distillation;448x448;2;2;79;0;301;0.9842;0.9955;0.9744;0.95;0.95;0.9398;0.5435;0.9901;0.9545;75.4;1756
20/01/2026 10:38;mvtec_AD/zipper;reverse_distillation;448x448;2;2;151;0;301;0.8262;0.9395;0.8917;0.2185;0.4454;0.9626;0.4454;0.9933;0.8446;44.8;1756
20/01/2026 10:40;AutoVI/underbody_pipes;reverse_distillation;448x448;2;2;344;0;301;0.9089;0.913;0.8651;0.5519;0.6721;0.9448;0.3334;0.9975;0.9138;45.8;1756
20/01/2026 10:43;AutoVI/underbody_screw;reverse_distillation;448x448;2;2;392;0;301;0.6282;0.0658;0.1404;0.0556;0.1667;0.9694;0.0033;1;0.8745;44.8;1756
20/01/2026 10:46;AutoVI/engine_wiring;reverse_distillation;448x448;2;2;574;0;301;0.5736;0.5634;0.6883;0.0727;0.128;0.8217;0.113;0.9131;0.6516;28.9;1756
20/01/2026 10:49;AutoVI/pipe_clip;reverse_distillation;448x448;2;2;337;0;301;0.5217;0.4435;0.6044;0.0775;0.1338;0.7638;0.0157;0.6716;0.2944;33.1;1756
20/01/2026 10:51;AutoVI/tank_screw;reverse_distillation;448x448;2;2;413;0;301;0.4367;0.2347;0.3796;0.0632;0.1053;0.8132;0.0027;0.6936;0.3742;42.1;1756
20/01/2026 10:56;mvtec_loco_AD/breakfast_box;reverse_distillation;448x448;2;2;275;0;301;0.5243;0.7089;0.7723;0.1503;0.2081;0.8006;0.1983;0.8473;0.5712;116.1;1756
20/01/2026 10:59;mvtec_loco_AD/juice_bottle;reverse_distillation;448x448;2;2;330;0;301;0.6067;0.8004;0.8391;0.1271;0.2034;0.4948;0.0914;0.4934;0.3911;71.2;1756
20/01/2026 11:03;mvtec_loco_AD/pushpins;reverse_distillation;448x448;2;2;310;0;301;0.6086;0.6309;0.7172;0.0581;0.1337;0.534;0.0393;0.724;0.5439;87.3;1756
20/01/2026 11:08;mvtec_loco_AD/screw_bag;reverse_distillation;448x448;2;2;341;0;301;0.4818;0.6459;0.7821;0.0457;0.1096;0.5631;0.0833;0.7;0.4827;90.6;1756
20/01/2026 11:12;mvtec_loco_AD/splicing_connectors;reverse_distillation;448x448;2;2;312;0;301;0.5248;0.6469;0.7644;0.057;0.1036;0.5444;0.1007;0.8866;0.6311;118.3;1756
20/01/2026 11:15;VisA/candle;reverse_distillation;448x448;2;2;200;0;301;0.7442;0.7297;0.7431;0.26;0.35;0.9368;0.1036;0.9743;0.8562;69.9;1756
20/01/2026 11:18;VisA/capsules;reverse_distillation;448x448;2;2;160;0;301;0.5773;0.7271;0.7765;0.16;0.26;0.9668;0.2328;0.9959;0.8147;66.5;1756
20/01/2026 11:20;VisA/cashew;reverse_distillation;448x448;2;2;150;0;301;0.8386;0.9298;0.8333;0.62;0.65;0.7727;0.2099;0.8646;0.7102;68.3;1756
20/01/2026 11:22;VisA/chewinggum;reverse_distillation;448x448;2;2;150;0;301;0.9512;0.9784;0.9146;0.83;0.86;0.9882;0.5767;0.8714;0.7391;40.7;1756
20/01/2026 11:25;VisA/fryum;reverse_distillation;448x448;2;2;150;0;301;0.7956;0.9012;0.8213;0.44;0.55;0.9288;0.2175;0.9984;0.7831;61.9;1756
20/01/2026 11:27;VisA/macaroni1;reverse_distillation;448x448;2;2;200;0;301;0.6334;0.6387;0.6826;0.1;0.19;0.9761;0.0877;0.9114;0.6825;69.5;1756
20/01/2026 11:30;VisA/macaroni2;reverse_distillation;448x448;2;2;200;0;301;0.5846;0.5727;0.6711;0.09;0.17;0.9554;0.0112;0.9156;0.6356;69.1;1756
20/01/2026 11:32;VisA/pcb1;reverse_distillation;448x448;2;2;200;0;301;0.7886;0.7395;0.8017;0.17;0.31;0.9444;0.0732;0.9902;0.8643;41.5;1756
20/01/2026 11:35;VisA/pcb2;reverse_distillation;448x448;2;2;200;0;301;0.8112;0.8341;0.7686;0.48;0.55;0.9423;0.1923;0.9577;0.8053;41.1;1756
20/01/2026 11:37;VisA/pcb3;reverse_distillation;448x448;2;2;201;0;301;0.7544;0.7274;0.754;0.22;0.31;0.9648;0.1728;0.9988;0.8768;63.6;1756
20/01/2026 11:40;VisA/pcb4;reverse_distillation;448x448;2;2;201;0;301;0.8334;0.8232;0.7946;0.3;0.5;0.9052;0.1126;0.9931;0.7005;56.4;1756
20/01/2026 11:43;VisA/pipe_fryum;reverse_distillation;448x448;2;2;150;0;301;0.74;0.8787;0.8032;0.5;0.53;0.7231;0.1103;0.7602;0.5167;71.7;1756
20/01/2026 11:56;VAD;reverse_distillation;448x448;2;2;2000;0;301;0.5277;0.5304;0.6682;0.061;0.116;0.862;0.0358;0.9238;0.7524;32.1;1756
20/01/2026 11:59;btad/01;reverse_distillation;448x448;2;2;70;0;301;0.9961;0.9985;0.9897;0.9796;0.9796;0.9845;0.6782;0.9949;0.9405;98.1;1756
20/01/2026 12:01;btad/02;reverse_distillation;448x448;2;2;229;0;301;0.8687;0.9779;0.9474;0.5578;0.6533;0.9675;0.6433;0.9341;0.8119;66.8;1756
20/01/2026 12:05;btad/03;reverse_distillation;448x448;2;2;431;0;301;0.9977;0.976;0.918;1;1;0.9882;0.4168;0.9689;0.8967;65.1;1756
20/01/2026 12:12;GoodsAD/cigarette_box;reverse_distillation;448x448;2;2;429;0;301;0.5126;0.5932;0.7364;0.0854;0.1098;0.7672;0.0845;0.7307;0.3754;175.5;1756
20/01/2026 12:22;GoodsAD/drink_bottle;reverse_distillation;448x448;2;2;781;0;301;0.5321;0.5693;0.7048;0.0612;0.1059;0.8843;0.0371;0.9987;0.6861;158.2;1756
20/01/2026 12:28;GoodsAD/drink_can;reverse_distillation;448x448;2;2;293;0;301;0.522;0.5195;0.6667;0.0411;0.0753;0.8761;0.0801;0.9945;0.608;161.5;1756
20/01/2026 12:37;GoodsAD/food_bottle;reverse_distillation;448x448;2;2;604;0;301;0.5755;0.6366;0.7513;0.0388;0.1247;0.874;0.0595;0.9752;0.6864;157.8;1756
20/01/2026 12:44;GoodsAD/food_box;reverse_distillation;448x448;2;2;397;0;301;0.5157;0.6451;0.7771;0.0558;0.1275;0.8136;0.0264;0.9831;0.5322;159.6;1756
20/01/2026 12:51;GoodsAD/food_package;reverse_distillation;448x448;2;2;483;0;301;0.5006;0.4844;0.6452;0.0783;0.1261;0.8719;0.0218;0.9866;0.5894;159.3;1756
20/01/2026 12:53;MPDD/bracket_black;reverse_distillation;448x448;2;2;79;0;301;0.4189;0.5627;0.752;0.0426;0.0638;0.9;0.0094;0.9517;0.7554;94.9;1756
20/01/2026 12:56;MPDD/bracket_brown;reverse_distillation;448x448;2;2;77;0;301;0.4351;0.6153;0.8031;0.0196;0.0392;0.9522;0.0926;0.9949;0.8926;90.9;1756
20/01/2026 12:58;MPDD/bracket_white;reverse_distillation;448x448;2;2;60;0;301;0.6033;0.574;0.7143;0;0.2333;0.9706;0.0054;0.9933;0.7516;91.8;1756
20/01/2026 12:59;MPDD/connector;reverse_distillation;448x448;2;2;44;0;301;0.5595;0.3684;0.5306;0;0.1429;0.9567;0.1269;0.9858;0.8305;87.6;1756
20/01/2026 13:02;MPDD/metal_plate;reverse_distillation;448x448;2;2;97;0;301;0.6582;0.8355;0.8485;0.1408;0.2535;0.9495;0.6663;0.9872;0.8019;88.2;1756
20/01/2026 13:04;MPDD/tubes;reverse_distillation;448x448;2;2;101;0;301;0.8216;0.8629;0.902;0.0725;0.5072;0.9814;0.4494;1;0.9104;71;1756
20/01/2026 13:05;mvtec_AD/bottle;patchcore;448x448;2;2;83;1;1;0.996;0.9988;0.9839;0.9683;0.9841;0.9504;0.7164;0.986;0.8596;2.1;207
20/01/2026 13:06;mvtec_AD/cable;patchcore;448x448;2;2;150;1;1;0.8686;0.9325;0.8556;0.663;0.6957;0.9464;0.6187;0.9599;0.8537;1.8;207
20/01/2026 13:07;mvtec_AD/capsule;patchcore;448x448;2;2;132;1;1;0.6075;0.87;0.9121;0.0917;0.1193;0.9569;0.1636;0.9887;0.7343;1.9;207
20/01/2026 13:08;mvtec_AD/carpet;patchcore;448x448;2;2;117;1;1;0.9884;0.9965;0.9667;0.9326;0.9551;0.9914;0.656;0.9975;0.8948;1.8;207
20/01/2026 13:08;mvtec_AD/grid;patchcore;448x448;2;2;78;1;1;0.8338;0.9255;0.8976;0.3333;0.614;0.8589;0.1265;0.7287;0.487;2;207
20/01/2026 13:09;mvtec_AD/hazelnut;patchcore;448x448;2;2;110;1;1;0.9896;0.9948;0.971;0.9571;0.9571;0.9626;0.5254;0.9393;0.8613;2.2;207
20/01/2026 13:10;mvtec_AD/leather;patchcore;448x448;2;2;124;1;1;0.9837;0.9952;0.9778;0.9565;0.9674;0.9922;0.524;0.9996;0.9452;2.8;207
20/01/2026 13:11;mvtec_AD/metal_nut;patchcore;448x448;2;2;115;1;1;0.977;0.9947;0.9583;0.9032;0.914;0.8913;0.5865;0.9537;0.8231;2;207
20/01/2026 13:12;mvtec_AD/pill;patchcore;448x448;2;2;167;1;1;0.4324;0.829;0.9156;0.0426;0.1277;0.7798;0.0812;0.9156;0.5408;2.1;207
20/01/2026 13:13;mvtec_AD/screw;patchcore;448x448;2;2;160;1;1;0.5647;0.7719;0.8676;0.042;0.0588;0.9509;0.0298;0.9793;0.7013;2;207
20/01/2026 13:14;mvtec_AD/tile;patchcore;448x448;2;2;117;1;1;0.987;0.9946;0.9762;0.9405;0.9762;0.9453;0.5032;0.991;0.9453;2.1;207
20/01/2026 13:14;mvtec_AD/toothbrush;patchcore;448x448;2;2;42;1;1;0.8972;0.9647;0.8929;0.7667;0.8333;0.8223;0.2344;0.3783;0.2483;1.8;207
20/01/2026 13:15;mvtec_AD/transistor;patchcore;448x448;2;2;100;1;1;0.7242;0.7018;0.6422;0.375;0.475;0.7887;0.3081;0.8035;0.628;1.8;207
20/01/2026 13:16;mvtec_AD/wood;patchcore;448x448;2;2;79;1;1;0.9895;0.997;0.9831;0.9667;0.9667;0.9228;0.4821;0.9843;0.8452;1.8;207
20/01/2026 13:17;mvtec_AD/zipper;patchcore;448x448;2;2;151;1;1;0.9751;0.9942;0.9697;0.9412;0.9496;0.9784;0.6442;0.9912;0.8813;1.6;207
20/01/2026 13:20;AutoVI/underbody_pipes;patchcore;448x448;2;2;344;1;1;0.9779;0.9776;0.9462;0.8907;0.9672;0.9654;0.3456;0.9986;0.9873;2.1;207
20/01/2026 13:21;AutoVI/underbody_screw;patchcore;448x448;2;2;392;1;1;0.7212;0.078;0.1989;0;0;0.971;0.0049;1;0.7933;2.3;207
20/01/2026 13:25;AutoVI/engine_wiring;patchcore;448x448;2;2;574;1;1;0.5007;0.5302;0.6698;0.0727;0.1315;0.8732;0.2242;0.6977;0.3058;1.9;207
20/01/2026 13:26;AutoVI/pipe_clip;patchcore;448x448;2;2;337;1;1;0.5358;0.4738;0.6114;0.0915;0.1338;0.7696;0.0161;0.7442;0.2642;1.6;207
20/01/2026 13:29;AutoVI/tank_screw;patchcore;448x448;2;2;413;1;1;0.4906;0.2368;0.3823;0.0421;0.0526;0.9022;0.0044;0.9613;0.5876;2.5;207
20/01/2026 13:31;mvtec_loco_AD/breakfast_box;patchcore;448x448;2;2;275;1;1;0.7074;0.8299;0.7816;0.3353;0.4104;0.8557;0.4611;0.8748;0.6424;2.4;207
20/01/2026 13:33;mvtec_loco_AD/juice_bottle;patchcore;448x448;2;2;330;1;1;0.4876;0.7648;0.8339;0.1525;0.2034;0.4565;0.048;0.2285;0.0837;4.5;207
20/01/2026 13:36;mvtec_loco_AD/pushpins;patchcore;448x448;2;2;310;1;1;0.541;0.6056;0.7137;0.0698;0.1279;0.6294;0.0594;0.7248;0.4589;2.2;207
20/01/2026 13:39;mvtec_loco_AD/screw_bag;patchcore;448x448;2;2;341;1;1;0.6268;0.7171;0.7935;0.0548;0.1324;0.6443;0.1056;0.7856;0.5705;6.4;207
20/01/2026 13:42;mvtec_loco_AD/splicing_connectors;patchcore;448x448;2;2;312;1;1;0.6869;0.773;0.7644;0.1399;0.2124;0.5707;0.1335;0.5376;0.3411;2.3;207
20/01/2026 13:44;VisA/candle;patchcore;448x448;2;2;200;1;1;0.8235;0.8342;0.7654;0.49;0.57;0.9359;0.163;0.9812;0.892;2.4;207
20/01/2026 13:45;VisA/capsules;patchcore;448x448;2;2;160;1;1;0.7832;0.8733;0.7857;0.5;0.54;0.9774;0.4815;0.9736;0.7412;1.6;207
20/01/2026 13:46;VisA/cashew;patchcore;448x448;2;2;150;1;1;0.8102;0.9145;0.8133;0.56;0.63;0.788;0.2772;0.7289;0.59;2.1;207
20/01/2026 13:48;VisA/chewinggum;patchcore;448x448;2;2;150;1;1;0.9854;0.9939;0.97;0.96;0.97;0.993;0.6952;0.9162;0.7505;2;207
20/01/2026 13:49;VisA/fryum;patchcore;448x448;2;2;150;1;1;0.9294;0.9671;0.9072;0.77;0.85;0.8612;0.1526;0.9194;0.6942;2;207
20/01/2026 13:51;VisA/macaroni1;patchcore;448x448;2;2;200;1;1;0.7348;0.7633;0.6996;0.31;0.37;0.9796;0.1113;0.9403;0.8001;2;207
20/01/2026 13:53;VisA/macaroni2;patchcore;448x448;2;2;200;1;1;0.638;0.6795;0.696;0.24;0.32;0.9408;0.0398;0.8098;0.6319;2;207
20/01/2026 13:55;VisA/pcb1;patchcore;448x448;2;2;200;1;1;0.8967;0.8783;0.8612;0.52;0.72;0.994;0.778;0.9873;0.9048;1.7;207
20/01/2026 13:57;VisA/pcb2;patchcore;448x448;2;2;200;1;1;0.831;0.834;0.7826;0.6;0.63;0.9701;0.1915;0.9615;0.8157;2;207
20/01/2026 13:58;VisA/pcb3;patchcore;448x448;2;2;201;1;1;0.8729;0.8863;0.8039;0.53;0.58;0.9827;0.4058;0.9755;0.7912;2;207
20/01/2026 13:59;VisA/pcb4;patchcore;448x448;2;2;201;1;1;0.9676;0.9597;0.9245;0.85;0.93;0.9404;0.1893;0.9668;0.814;2;207
20/01/2026 14:01;VisA/pipe_fryum;patchcore;448x448;2;2;150;1;1;0.6816;0.8452;0.8032;0.38;0.4;0.7812;0.0699;0.7499;0.4547;3.5;207
20/01/2026 14:15;VAD;patchcore;448x448;2;2;2000;1;1;0.7838;0.7981;0.7261;0.398;0.489;0.9204;0.215;0.9319;0.7551;1.6;207
20/01/2026 14:15;btad/01;patchcore;448x448;2;2;70;1;1;0.9981;0.9992;0.9897;0.9796;1;0.9817;0.6278;0.9937;0.9402;1.8;207
20/01/2026 14:17;btad/02;patchcore;448x448;2;2;229;1;1;0.862;0.9765;0.942;0.593;0.603;0.9615;0.6221;0.9311;0.8581;1.6;207
20/01/2026 14:19;btad/03;patchcore;448x448;2;2;431;1;1;0.9684;0.7285;0.7636;0.7419;0.9032;0.9527;0.2469;0.9901;0.7736;2.2;207
20/01/2026 14:23;GoodsAD/cigarette_box;patchcore;448x448;2;2;429;1;1;0.546;0.6216;0.7324;0.0772;0.1707;0.7983;0.0968;0.7393;0.3998;2.7;207
20/01/2026 14:31;GoodsAD/drink_bottle;patchcore;448x448;2;2;781;1;1;0.5055;0.5548;0.7048;0.0565;0.1224;0.8965;0.0396;0.9932;0.675;2.7;207
20/01/2026 14:33;GoodsAD/drink_can;patchcore;448x448;2;2;293;1;1;0.5313;0.5508;0.6745;0.1027;0.1644;0.8873;0.0862;0.9915;0.5976;2.6;207
20/01/2026 14:39;GoodsAD/food_bottle;patchcore;448x448;2;2;604;1;1;0.5273;0.6316;0.7482;0.0665;0.1163;0.8743;0.053;0.9507;0.5658;2.6;207
20/01/2026 14:43;GoodsAD/food_box;patchcore;448x448;2;2;397;1;1;0.5567;0.6613;0.7759;0.0319;0.1155;0.8109;0.0257;0.9734;0.5011;2.3;207
20/01/2026 14:47;GoodsAD/food_package;patchcore;448x448;2;2;483;1;1;0.5046;0.475;0.647;0.0348;0.1;0.8675;0.0197;0.9378;0.4716;2.2;207
20/01/2026 14:48;MPDD/bracket_black;patchcore;448x448;2;2;79;1;1;0.6496;0.7272;0.7769;0.1064;0.1489;0.958;0.0125;0.9985;0.8028;2.1;207
20/01/2026 14:49;MPDD/bracket_brown;patchcore;448x448;2;2;77;1;1;0.635;0.7418;0.8136;0.0588;0.098;0.9194;0.0726;0.9782;0.8089;1.7;207
20/01/2026 14:49;MPDD/bracket_white;patchcore;448x448;2;2;60;1;1;0.3178;0.3962;0.6667;0;0;0.9592;0.0106;0.972;0.6184;1.8;207
20/01/2026 14:50;MPDD/connector;patchcore;448x448;2;2;44;1;1;0.6905;0.4795;0.6061;0.0714;0.0714;0.958;0.1254;0.9952;0.819;2.3;207
20/01/2026 14:50;MPDD/metal_plate;patchcore;448x448;2;2;97;1;1;0.7378;0.8721;0.8642;0.2254;0.3803;0.8816;0.571;0.9059;0.754;2.1;207
20/01/2026 14:51;MPDD/tubes;patchcore;448x448;2;2;101;1;1;0.8881;0.9537;0.864;0.7246;0.7826;0.9849;0.5748;1;0.9283;2.2;207
20/01/2026 14:53;mvtec_AD/bottle;reverse_distillation;448x448;2;2;83;1;301;0.996;0.9987;0.9921;1;1;0.9531;0.7078;0.9799;0.9097;50.4;1756
20/01/2026 14:55;mvtec_AD/cable;reverse_distillation;448x448;2;2;150;1;301;0.8639;0.9259;0.8421;0.6196;0.6848;0.9321;0.5419;0.9573;0.8098;91;1756
20/01/2026 14:57;mvtec_AD/capsule;reverse_distillation;448x448;2;2;132;1;301;0.6789;0.9054;0.9106;0.1835;0.2661;0.965;0.2011;0.9625;0.8179;73.2;1756
20/01/2026 15:00;mvtec_AD/carpet;reverse_distillation;448x448;2;2;117;1;301;0.9807;0.9944;0.9655;0.9438;0.9438;0.9917;0.6551;0.9986;0.9808;72.8;1756
20/01/2026 15:01;mvtec_AD/grid;reverse_distillation;448x448;2;2;78;1;301;0.9131;0.9687;0.9048;0.7193;0.7719;0.9444;0.3434;0.9165;0.7418;46.3;1756
20/01/2026 15:03;mvtec_AD/hazelnut;reverse_distillation;448x448;2;2;110;1;301;0.9886;0.9955;0.9928;0.9857;0.9857;0.958;0.512;0.9293;0.8865;71.8;1756
20/01/2026 15:05;mvtec_AD/leather;reverse_distillation;448x448;2;2;124;1;301;0.9905;0.9971;0.9836;0.9783;0.9891;0.9834;0.496;0.9957;0.9257;63.4;1756
20/01/2026 15:07;mvtec_AD/metal_nut;reverse_distillation;448x448;2;2;115;1;301;0.9306;0.9823;0.9474;0.7742;0.871;0.7854;0.32;0.9237;0.715;43.6;1756
20/01/2026 15:09;mvtec_AD/pill;reverse_distillation;448x448;2;2;167;1;301;0.3129;0.7631;0.9156;0.0142;0.0142;0.7313;0.066;0.9086;0.5857;52.3;1756
20/01/2026 15:11;mvtec_AD/screw;reverse_distillation;448x448;2;2;160;1;301;0.544;0.7529;0.8561;0.0336;0.0672;0.9589;0.0514;0.9765;0.8014;46;1756
20/01/2026 15:12;mvtec_AD/tile;reverse_distillation;448x448;2;2;117;1;301;0.9383;0.9755;0.9121;0.8095;0.8214;0.9261;0.4526;0.9857;0.8322;62.1;1756
20/01/2026 15:14;mvtec_AD/toothbrush;reverse_distillation;448x448;2;2;42;1;301;0.9444;0.9801;0.9286;0.8667;0.8667;0.9626;0.4098;0.9495;0.8179;70.7;1756
20/01/2026 15:16;mvtec_AD/transistor;reverse_distillation;448x448;2;2;100;1;301;0.74;0.6601;0.6667;0.25;0.3;0.7178;0.226;0.7267;0.6114;98.5;1756
20/01/2026 15:18;mvtec_AD/wood;reverse_distillation;448x448;2;2;79;1;301;0.9851;0.9959;0.9831;0.9667;0.9667;0.9374;0.5203;0.9917;0.944;96.5;1756
20/01/2026 15:21;mvtec_AD/zipper;reverse_distillation;448x448;2;2;151;1;301;0.8311;0.9487;0.8976;0.3782;0.6471;0.9592;0.4458;0.9895;0.8245;72.2;1756
20/01/2026 15:24;AutoVI/underbody_pipes;reverse_distillation;448x448;2;2;344;1;301;0.9357;0.9426;0.8865;0.6284;0.8361;0.9547;0.4095;0.9986;0.9673;76.5;1756
20/01/2026 15:27;AutoVI/underbody_screw;reverse_distillation;448x448;2;2;392;1;301;0.7117;0.0808;0.18;0.0556;0.2222;0.9743;0.0047;1;0.901;47.2;1756
20/01/2026 15:31;AutoVI/engine_wiring;reverse_distillation;448x448;2;2;574;1;301;0.5111;0.5663;0.6698;0.1107;0.1869;0.8536;0.0789;0.8838;0.5499;61;1756
20/01/2026 15:33;AutoVI/pipe_clip;reverse_distillation;448x448;2;2;337;1;301;0.5532;0.4624;0.6032;0.0634;0.1479;0.7234;0.0128;0.5933;0.2597;32.6;1756
20/01/2026 15:36;AutoVI/tank_screw;reverse_distillation;448x448;2;2;413;1;301;0.4654;0.2146;0.38;0.0421;0.1053;0.816;0.0024;0.8241;0.4432;65.1;1756
20/01/2026 15:41;mvtec_loco_AD/breakfast_box;reverse_distillation;448x448;2;2;275;1;301;0.5402;0.721;0.7723;0.1792;0.2428;0.803;0.1988;0.8506;0.5676;129.9;1756
20/01/2026 15:44;mvtec_loco_AD/juice_bottle;reverse_distillation;448x448;2;2;330;1;301;0.5988;0.7808;0.837;0.0805;0.1271;0.5696;0.1238;0.617;0.4925;96.9;1756
20/01/2026 15:49;mvtec_loco_AD/pushpins;reverse_distillation;448x448;2;2;310;1;301;0.4981;0.6242;0.7137;0.1628;0.1802;0.524;0.0401;0.6864;0.4803;105.5;1756
20/01/2026 15:53;mvtec_loco_AD/screw_bag;reverse_distillation;448x448;2;2;341;1;301;0.5932;0.693;0.7881;0.0868;0.137;0.6235;0.0997;0.7896;0.5847;89.1;1756
20/01/2026 15:57;mvtec_loco_AD/splicing_connectors;reverse_distillation;448x448;2;2;312;1;301;0.6154;0.733;0.7644;0.1762;0.228;0.5532;0.1073;0.8937;0.649;84.5;1756
20/01/2026 15:59;VisA/candle;reverse_distillation;448x448;2;2;200;1;301;0.7206;0.6867;0.7289;0.18;0.27;0.9318;0.0881;0.9846;0.817;40;1756
20/01/2026 16:00;VisA/capsules;reverse_distillation;448x448;2;2;160;1;301;0.657;0.7583;0.7692;0.2;0.25;0.9749;0.3227;0.9911;0.852;43.4;1756
20/01/2026 16:02;VisA/cashew;reverse_distillation;448x448;2;2;150;1;301;0.8074;0.9162;0.8108;0.58;0.65;0.6957;0.1786;0.8374;0.7094;42.1;1756
20/01/2026 16:04;VisA/chewinggum;reverse_distillation;448x448;2;2;150;1;301;0.9482;0.977;0.9353;0.8;0.91;0.9879;0.5814;0.9057;0.8249;43.7;1756
20/01/2026 16:06;VisA/fryum;reverse_distillation;448x448;2;2;150;1;301;0.8062;0.9056;0.827;0.46;0.57;0.9356;0.2373;0.9982;0.7743;40.7;1756
20/01/2026 16:09;VisA/macaroni1;reverse_distillation;448x448;2;2;200;1;301;0.512;0.5233;0.6803;0.09;0.16;0.9806;0.0565;0.961;0.7282;40;1756
20/01/2026 16:11;VisA/macaroni2;reverse_distillation;448x448;2;2;200;1;301;0.5095;0.5101;0.6803;0.07;0.09;0.9518;0.0088;0.8582;0.6394;42;1756
20/01/2026 16:13;VisA/pcb1;reverse_distillation;448x448;2;2;200;1;301;0.8243;0.8277;0.7733;0.37;0.57;0.9693;0.2456;0.9828;0.8519;41.5;1756
20/01/2026 16:15;VisA/pcb2;reverse_distillation;448x448;2;2;200;1;301;0.7852;0.7939;0.7419;0.39;0.51;0.9331;0.1541;0.9638;0.7888;40.9;1756
20/01/2026 16:18;VisA/pcb3;reverse_distillation;448x448;2;2;201;1;301;0.7138;0.7067;0.7288;0.19;0.24;0.9638;0.2363;0.9958;0.7895;67.9;1756
20/01/2026 16:20;VisA/pcb4;reverse_distillation;448x448;2;2;201;1;301;0.865;0.822;0.8435;0.31;0.37;0.8932;0.0585;0.9973;0.6789;42.2;1756
20/01/2026 16:22;VisA/pipe_fryum;reverse_distillation;448x448;2;2;150;1;301;0.7792;0.8992;0.8079;0.54;0.58;0.8191;0.1895;0.7935;0.5886;39.3;1756
20/01/2026 16:35;VAD;reverse_distillation;448x448;2;2;2000;1;301;0.6125;0.6026;0.6702;0.108;0.178;0.8574;0.0561;0.7925;0.5666;32.5;1756
20/01/2026 16:37;btad/01;reverse_distillation;448x448;2;2;70;1;301;1;1;1;1;1;0.9832;0.6696;0.9953;0.9678;75.7;1756
20/01/2026 16:40;btad/02;reverse_distillation;448x448;2;2;229;1;301;0.839;0.9719;0.9448;0.5025;0.5377;0.9666;0.6553;0.9429;0.8779;36.9;1756
20/01/2026 16:42;btad/03;reverse_distillation;448x448;2;2;431;1;301;0.9973;0.9739;0.9375;0.9677;1;0.9889;0.4887;0.9835;0.9221;37.7;1756
20/01/2026 16:49;GoodsAD/cigarette_box;reverse_distillation;448x448;2;2;429;1;301;0.5867;0.652;0.7416;0.0772;0.1626;0.7815;0.0967;0.756;0.3915;149.9;1756
20/01/2026 16:58;GoodsAD/drink_bottle;reverse_distillation;448x448;2;2;781;1;301;0.5306;0.5568;0.7048;0.0424;0.0706;0.8777;0.0353;0.9771;0.6384;146.4;1756
20/01/2026 17:04;GoodsAD/drink_can;reverse_distillation;448x448;2;2;293;1;301;0.5813;0.557;0.6763;0.0685;0.1301;0.8847;0.0884;0.9938;0.6185;152.6;1756
20/01/2026 17:11;GoodsAD/food_bottle;reverse_distillation;448x448;2;2;604;1;301;0.5672;0.6465;0.7522;0.0942;0.1274;0.8812;0.0602;0.9699;0.6424;145.1;1756
20/01/2026 17:18;GoodsAD/food_box;reverse_distillation;448x448;2;2;397;1;301;0.5439;0.68;0.7776;0.0996;0.1076;0.8364;0.0314;0.9854;0.6213;140.5;1756
20/01/2026 17:24;GoodsAD/food_package;reverse_distillation;448x448;2;2;483;1;301;0.5599;0.5108;0.6461;0.0522;0.1;0.8837;0.0227;0.9895;0.6096;150.3;1756
20/01/2026 17:27;MPDD/bracket_black;reverse_distillation;448x448;2;2;79;1;301;0.5731;0.6775;0.7603;0.1064;0.1064;0.9684;0.0293;1;0.8826;89.9;1756
20/01/2026 17:29;MPDD/bracket_brown;reverse_distillation;448x448;2;2;77;1;301;0.5513;0.6828;0.8226;0.0392;0.0392;0.9434;0.0766;0.9948;0.8788;90.5;1756
20/01/2026 17:31;MPDD/bracket_white;reverse_distillation;448x448;2;2;60;1;301;0.4222;0.4644;0.6667;0;0.1333;0.9723;0.0115;0.9004;0.7151;96.8;1756
20/01/2026 17:33;MPDD/connector;reverse_distillation;448x448;2;2;44;1;301;0.5738;0.491;0.5263;0.2143;0.2143;0.9467;0.1071;0.9836;0.8135;89.9;1756
20/01/2026 17:34;MPDD/metal_plate;reverse_distillation;448x448;2;2;97;1;301;0.701;0.8642;0.8679;0.2958;0.3239;0.9179;0.5755;0.976;0.8597;58.1;1756
20/01/2026 17:36;MPDD/tubes;reverse_distillation;448x448;2;2;101;1;301;0.7849;0.8928;0.869;0.3913;0.4638;0.9791;0.3962;1;0.8757;69.3;1756
20/01/2026 17:37;mvtec_AD/bottle;patchcore;448x448;2;2;83;2;1;0.9984;0.9995;0.9921;1;1;0.9503;0.7088;0.9867;0.9256;2.1;207
20/01/2026 17:38;mvtec_AD/cable;patchcore;448x448;2;2;150;2;1;0.9284;0.9578;0.884;0.7065;0.8043;0.9525;0.6319;0.9888;0.831;1.8;207
20/01/2026 17:39;mvtec_AD/capsule;patchcore;448x448;2;2;132;2;1;0.7583;0.9259;0.9177;0.1468;0.3394;0.9597;0.2852;0.9814;0.7539;1.8;207
20/01/2026 17:40;mvtec_AD/carpet;patchcore;448x448;2;2;117;2;1;0.9896;0.9968;0.9674;0.9326;0.9551;0.9921;0.6454;0.9989;0.951;2.1;207
20/01/2026 17:40;mvtec_AD/grid;patchcore;448x448;2;2;78;2;1;0.8622;0.9415;0.8889;0.5614;0.7193;0.8637;0.1161;0.8258;0.5444;2.1;207
20/01/2026 17:41;mvtec_AD/hazelnut;patchcore;448x448;2;2;110;2;1;0.9796;0.99;0.9496;0.9143;0.9429;0.9659;0.4898;0.9444;0.8392;2.1;207
20/01/2026 17:42;mvtec_AD/leather;patchcore;448x448;2;2;124;2;1;0.9925;0.9977;0.989;0.9783;0.9783;0.9924;0.524;0.9996;0.9105;2.2;207
20/01/2026 17:43;mvtec_AD/metal_nut;patchcore;448x448;2;2;115;2;1;0.871;0.9624;0.9381;0.5161;0.6237;0.9048;0.5785;0.9393;0.7313;1.6;207
20/01/2026 17:44;mvtec_AD/pill;patchcore;448x448;2;2;167;2;1;0.4326;0.8338;0.9156;0.078;0.1206;0.7549;0.0721;0.9177;0.5283;2.1;207
20/01/2026 17:45;mvtec_AD/screw;patchcore;448x448;2;2;160;2;1;0.4966;0.7266;0.8561;0.0504;0.0588;0.9467;0.0263;0.9867;0.7897;4.6;207
20/01/2026 17:46;mvtec_AD/tile;patchcore;448x448;2;2;117;2;1;0.9888;0.9951;0.9822;0.9405;0.9881;0.9474;0.5104;0.9863;0.9311;1.7;207
20/01/2026 17:46;mvtec_AD/toothbrush;patchcore;448x448;2;2;42;2;1;0.925;0.973;0.931;0.6667;0.9;0.7997;0.2494;0.3561;0.2303;2.2;207
20/01/2026 17:47;mvtec_AD/transistor;patchcore;448x448;2;2;100;2;1;0.7208;0.6733;0.6531;0.225;0.275;0.7989;0.3043;0.8315;0.6667;2.2;207
20/01/2026 17:47;mvtec_AD/wood;patchcore;448x448;2;2;79;2;1;0.9781;0.9935;0.9748;0.85;0.9667;0.9001;0.4609;0.9617;0.8446;1.8;207
20/01/2026 17:49;mvtec_AD/zipper;patchcore;448x448;2;2;151;2;1;0.9018;0.9585;0.9623;0.2017;0.521;0.9789;0.6332;0.9901;0.8225;1.7;207
20/01/2026 17:51;AutoVI/underbody_pipes;patchcore;448x448;2;2;344;2;1;0.9762;0.9803;0.9214;0.8634;0.929;0.9457;0.3633;0.9973;0.9026;2;207
20/01/2026 17:52;AutoVI/underbody_screw;patchcore;448x448;2;2;392;2;1;0.758;0.0867;0.2194;0;0;0.9639;0.0033;0.993;0.8737;2;207
20/01/2026 17:55;AutoVI/engine_wiring;patchcore;448x448;2;2;574;2;1;0.4967;0.5286;0.6706;0.0657;0.1315;0.8418;0.1425;0.7522;0.3424;1.9;207
20/01/2026 17:58;AutoVI/pipe_clip;patchcore;448x448;2;2;337;2;1;0.5314;0.4587;0.594;0.0493;0.1338;0.7123;0.0129;0.5478;0.2659;1.9;207
20/01/2026 18:00;AutoVI/tank_screw;patchcore;448x448;2;2;413;2;1;0.4562;0.2093;0.3755;0.0316;0.0842;0.8969;0.006;0.8171;0.5528;1.6;207
20/01/2026 18:02;mvtec_loco_AD/breakfast_box;patchcore;448x448;2;2;275;2;1;0.725;0.8257;0.7886;0.2775;0.3642;0.8618;0.4443;0.8863;0.6635;2.4;207
20/01/2026 18:05;mvtec_loco_AD/juice_bottle;patchcore;448x448;2;2;330;2;1;0.4961;0.7315;0.8354;0.0847;0.1102;0.4554;0.0484;0.2328;0.0934;4.4;207
20/01/2026 18:07;mvtec_loco_AD/pushpins;patchcore;448x448;2;2;310;2;1;0.5346;0.6113;0.7137;0.0872;0.1395;0.6046;0.0513;0.7015;0.4172;2.3;207
20/01/2026 18:10;mvtec_loco_AD/screw_bag;patchcore;448x448;2;2;341;2;1;0.6091;0.7049;0.7835;0.0502;0.1416;0.652;0.1084;0.7692;0.5318;1.9;207
20/01/2026 18:12;mvtec_loco_AD/splicing_connectors;patchcore;448x448;2;2;312;2;1;0.6377;0.7309;0.7644;0.0777;0.2021;0.5631;0.1275;0.4868;0.3215;1.8;207
20/01/2026 18:14;VisA/candle;patchcore;448x448;2;2;200;2;1;0.7893;0.8002;0.7534;0.43;0.49;0.9345;0.135;0.9723;0.876;1.9;207
20/01/2026 18:15;VisA/capsules;patchcore;448x448;2;2;160;2;1;0.7842;0.8653;0.8;0.39;0.51;0.9759;0.499;0.9678;0.8597;1.6;207
20/01/2026 18:16;VisA/cashew;patchcore;448x448;2;2;150;2;1;0.6918;0.8628;0.8;0.48;0.5;0.8562;0.3107;0.7942;0.7048;2.3;207
20/01/2026 18:17;VisA/chewinggum;patchcore;448x448;2;2;150;2;1;0.9738;0.9894;0.9543;0.93;0.94;0.9913;0.6635;0.9194;0.8586;1.6;207
20/01/2026 18:18;VisA/fryum;patchcore;448x448;2;2;150;2;1;0.912;0.9571;0.8889;0.66;0.81;0.8758;0.1963;0.9644;0.7424;2;207
20/01/2026 18:20;VisA/macaroni1;patchcore;448x448;2;2;200;2;1;0.7002;0.7307;0.6982;0.33;0.36;0.9527;0.0737;0.861;0.6353;1.6;207
20/01/2026 18:22;VisA/macaroni2;patchcore;448x448;2;2;200;2;1;0.6635;0.6549;0.6904;0.2;0.27;0.9268;0.0188;0.8848;0.6734;2.1;207
20/01/2026 18:23;VisA/pcb1;patchcore;448x448;2;2;200;2;1;0.8984;0.8794;0.8426;0.44;0.66;0.9719;0.2562;0.9954;0.8984;1.6;207
20/01/2026 18:25;VisA/pcb2;patchcore;448x448;2;2;200;2;1;0.8099;0.8195;0.7766;0.34;0.65;0.9666;0.1864;0.9643;0.8555;1.6;207
20/01/2026 18:26;VisA/pcb3;patchcore;448x448;2;2;201;2;1;0.804;0.789;0.793;0.27;0.39;0.9809;0.4077;0.9777;0.8273;1.6;207
20/01/2026 18:27;VisA/pcb4;patchcore;448x448;2;2;201;2;1;0.7354;0.8115;0.6784;0.51;0.55;0.9327;0.263;0.932;0.6959;2;207
20/01/2026 18:29;VisA/pipe_fryum;patchcore;448x448;2;2;150;2;1;0.7116;0.862;0.8065;0.41;0.49;0.7248;0.0707;0.7159;0.4482;1.6;207
20/01/2026 18:42;VAD;patchcore;448x448;2;2;2000;2;1;0.7542;0.7693;0.7132;0.31;0.428;0.9199;0.2142;0.9305;0.7408;1.9;207
20/01/2026 18:43;btad/01;patchcore;448x448;2;2;70;2;1;0.9932;0.9974;0.9897;0.9796;0.9796;0.9776;0.6044;0.9862;0.9215;1.9;207
20/01/2026 18:44;btad/02;patchcore;448x448;2;2;229;2;1;0.8789;0.9809;0.9343;0.6734;0.7286;0.9626;0.6238;0.9251;0.7513;2;207
20/01/2026 18:46;btad/03;patchcore;448x448;2;2;431;2;1;0.9389;0.7621;0.7931;0.7742;0.8065;0.9623;0.2635;0.9768;0.8096;1.6;207
20/01/2026 18:50;GoodsAD/cigarette_box;patchcore;448x448;2;2;429;2;1;0.5199;0.6051;0.7321;0.0894;0.1301;0.8194;0.1026;0.8218;0.4245;2.3;207
20/01/2026 18:57;GoodsAD/drink_bottle;patchcore;448x448;2;2;781;2;1;0.5402;0.582;0.7066;0.0824;0.1365;0.9008;0.0416;0.987;0.6763;2.6;207
20/01/2026 19:00;GoodsAD/drink_can;patchcore;448x448;2;2;293;2;1;0.4969;0.512;0.6682;0.0548;0.0753;0.8453;0.0621;0.9757;0.6138;2.7;207
20/01/2026 19:06;GoodsAD/food_bottle;patchcore;448x448;2;2;604;2;1;0.5227;0.6086;0.751;0.0443;0.0831;0.8667;0.0477;0.9737;0.5541;2.2;207
20/01/2026 19:09;GoodsAD/food_box;patchcore;448x448;2;2;397;2;1;0.5701;0.7056;0.7776;0.1155;0.1912;0.8161;0.0267;0.9774;0.5076;2.6;207
20/01/2026 19:14;GoodsAD/food_package;patchcore;448x448;2;2;483;2;1;0.5037;0.4763;0.6479;0.0435;0.1087;0.8688;0.0197;0.9161;0.4433;2.2;207
20/01/2026 19:14;MPDD/bracket_black;patchcore;448x448;2;2;79;2;1;0.6463;0.7013;0.7833;0.0851;0.1277;0.9725;0.0293;1;0.8362;2.1;207
20/01/2026 19:15;MPDD/bracket_brown;patchcore;448x448;2;2;77;2;1;0.6425;0.7612;0.8305;0.1569;0.1569;0.9345;0.0676;0.9929;0.8757;1.7;207
20/01/2026 19:15;MPDD/bracket_white;patchcore;448x448;2;2;60;2;1;0.3567;0.41;0.6667;0;0;0.9666;0.0077;0.9856;0.7619;1.7;207
20/01/2026 19:16;MPDD/connector;patchcore;448x448;2;2;44;2;1;0.8286;0.5741;0.75;0.0714;0.2143;0.9539;0.1728;0.9876;0.8439;1.8;207
20/01/2026 19:16;MPDD/metal_plate;patchcore;448x448;2;2;97;2;1;0.6961;0.8078;0.875;0.1127;0.1268;0.8831;0.5708;0.8862;0.7063;2.1;207
20/01/2026 19:17;MPDD/tubes;patchcore;448x448;2;2;101;2;1;0.9665;0.9854;0.9496;0.7681;0.9275;0.9861;0.6809;1;0.9194;1.8;207
20/01/2026 19:19;mvtec_AD/bottle;reverse_distillation;448x448;2;2;83;2;301;0.9968;0.999;0.9844;0.9683;1;0.9511;0.7044;0.9768;0.8935;76.5;1756
20/01/2026 19:21;mvtec_AD/cable;reverse_distillation;448x448;2;2;150;2;301;0.8793;0.9233;0.8687;0.4674;0.5;0.9334;0.5379;0.963;0.8086;75.6;1756
20/01/2026 19:23;mvtec_AD/capsule;reverse_distillation;448x448;2;2;132;2;301;0.7647;0.9335;0.9198;0.2385;0.3853;0.9631;0.3026;0.9423;0.799;73.8;1756
20/01/2026 19:25;mvtec_AD/carpet;reverse_distillation;448x448;2;2;117;2;301;0.9848;0.9959;0.9773;0.9663;0.9663;0.9908;0.6531;0.9972;0.9725;73.1;1756
20/01/2026 19:27;mvtec_AD/grid;reverse_distillation;448x448;2;2;78;2;301;0.9014;0.9623;0.9138;0.6842;0.7368;0.9346;0.327;0.9155;0.7289;69.9;1756
20/01/2026 19:30;mvtec_AD/hazelnut;reverse_distillation;448x448;2;2;110;2;301;0.9771;0.9894;0.9559;0.9286;0.9429;0.9463;0.4681;0.9334;0.8519;91.9;1756
20/01/2026 19:32;mvtec_AD/leather;reverse_distillation;448x448;2;2;124;2;301;0.9942;0.9979;0.9891;0.9891;0.9891;0.99;0.4997;0.9992;0.9587;64.7;1756
20/01/2026 19:33;mvtec_AD/metal_nut;reverse_distillation;448x448;2;2;115;2;301;0.9037;0.9696;0.9462;0.4409;0.8817;0.7913;0.3103;0.9108;0.7098;43.9;1756
20/01/2026 19:36;mvtec_AD/pill;reverse_distillation;448x448;2;2;167;2;301;0.2747;0.7481;0.9156;0.0213;0.0213;0.7201;0.0629;0.8761;0.5106;74.6;1756
20/01/2026 19:38;mvtec_AD/screw;reverse_distillation;448x448;2;2;160;2;301;0.5118;0.7469;0.853;0.1092;0.1092;0.9566;0.032;0.9916;0.7545;69.7;1756
20/01/2026 19:40;mvtec_AD/tile;reverse_distillation;448x448;2;2;117;2;301;0.9646;0.9856;0.9461;0.7738;0.9286;0.9405;0.4881;0.992;0.8162;63.2;1756
20/01/2026 19:42;mvtec_AD/toothbrush;reverse_distillation;448x448;2;2;42;2;301;0.9389;0.9787;0.9286;0.8667;0.8667;0.9557;0.4038;0.9244;0.8004;71.3;1756
20/01/2026 19:44;mvtec_AD/transistor;reverse_distillation;448x448;2;2;100;2;301;0.7708;0.6919;0.6753;0.35;0.55;0.7136;0.2107;0.7363;0.6081;93.3;1756
20/01/2026 19:46;mvtec_AD/wood;reverse_distillation;448x448;2;2;79;2;301;0.9772;0.9938;0.9744;0.95;0.95;0.9216;0.5221;0.9788;0.94;97.6;1756
20/01/2026 19:48;mvtec_AD/zipper;reverse_distillation;448x448;2;2;151;2;301;0.7581;0.9165;0.8947;0.1849;0.2773;0.9583;0.4185;0.9904;0.7888;46.5;1756
20/01/2026 19:51;AutoVI/underbody_pipes;reverse_distillation;448x448;2;2;344;2;301;0.9229;0.9007;0.8995;0.5574;0.7377;0.9081;0.3467;0.9895;0.9322;45.7;1756
20/01/2026 19:53;AutoVI/underbody_screw;reverse_distillation;448x448;2;2;392;2;301;0.4796;0.049;0.1081;0.0556;0.0556;0.9692;0.0032;1;0.874;46.4;1756
20/01/2026 19:57;AutoVI/engine_wiring;reverse_distillation;448x448;2;2;574;2;301;0.5389;0.5721;0.6721;0.1211;0.1592;0.8407;0.0915;0.9002;0.6043;29.7;1756
20/01/2026 19:59;AutoVI/pipe_clip;reverse_distillation;448x448;2;2;337;2;301;0.539;0.446;0.5975;0.0493;0.1268;0.6824;0.0108;0.5507;0.2494;32.9;1756
20/01/2026 20:02;AutoVI/tank_screw;reverse_distillation;448x448;2;2;413;2;301;0.4071;0.1901;0.3768;0.0211;0.0421;0.8014;0.002;0.6693;0.28;43.1;1756
20/01/2026 20:07;mvtec_loco_AD/breakfast_box;reverse_distillation;448x448;2;2;275;2;301;0.6135;0.7662;0.7723;0.2601;0.3006;0.8119;0.2086;0.8772;0.6147;126.7;1756
20/01/2026 20:10;mvtec_loco_AD/juice_bottle;reverse_distillation;448x448;2;2;330;2;301;0.5518;0.7525;0.8342;0.0805;0.1144;0.491;0.0883;0.4762;0.3606;93.9;1756
20/01/2026 20:15;mvtec_loco_AD/pushpins;reverse_distillation;448x448;2;2;310;2;301;0.5265;0.5868;0.7137;0.0465;0.1047;0.5271;0.0416;0.7046;0.5054;105.4;1756
20/01/2026 20:19;mvtec_loco_AD/screw_bag;reverse_distillation;448x448;2;2;341;2;301;0.5881;0.7086;0.7821;0.1005;0.1553;0.5696;0.0848;0.6983;0.4733;90.5;1756
20/01/2026 20:23;mvtec_loco_AD/splicing_connectors;reverse_distillation;448x448;2;2;312;2;301;0.5993;0.7323;0.7644;0.1451;0.2694;0.5399;0.1093;0.8878;0.6014;101.2;1756
20/01/2026 20:26;VisA/candle;reverse_distillation;448x448;2;2;200;2;301;0.7338;0.7017;0.7333;0.2;0.29;0.9382;0.0895;0.9841;0.8644;70.9;1756
20/01/2026 20:28;VisA/capsules;reverse_distillation;448x448;2;2;160;2;301;0.683;0.7867;0.7837;0.28;0.36;0.9774;0.3176;0.9992;0.8545;41.3;1756
20/01/2026 20:29;VisA/cashew;reverse_distillation;448x448;2;2;150;2;301;0.819;0.9198;0.8205;0.6;0.66;0.7796;0.2194;0.8754;0.7902;41.7;1756
20/01/2026 20:31;VisA/chewinggum;reverse_distillation;448x448;2;2;150;2;301;0.9476;0.9772;0.9118;0.84;0.86;0.986;0.566;0.8804;0.7667;39.6;1756
20/01/2026 20:34;VisA/fryum;reverse_distillation;448x448;2;2;150;2;301;0.7702;0.8868;0.8099;0.45;0.56;0.9242;0.2084;1;0.8044;40.9;1756
20/01/2026 20:36;VisA/macaroni1;reverse_distillation;448x448;2;2;200;2;301;0.6266;0.623;0.6752;0.14;0.2;0.9707;0.043;0.9277;0.6617;40;1756
20/01/2026 20:39;VisA/macaroni2;reverse_distillation;448x448;2;2;200;2;301;0.5759;0.5522;0.6879;0.04;0.07;0.9501;0.0072;0.891;0.6075;69;1756
20/01/2026 20:41;VisA/pcb1;reverse_distillation;448x448;2;2;200;2;301;0.7793;0.7468;0.7851;0.17;0.28;0.9513;0.1283;0.9896;0.8646;41.5;1756
20/01/2026 20:44;VisA/pcb2;reverse_distillation;448x448;2;2;200;2;301;0.7865;0.8331;0.7576;0.46;0.56;0.945;0.2037;0.9546;0.7968;45.8;1756
20/01/2026 20:46;VisA/pcb3;reverse_distillation;448x448;2;2;201;2;301;0.7548;0.7532;0.7249;0.28;0.4;0.964;0.2242;0.9901;0.8188;45.6;1756
20/01/2026 20:48;VisA/pcb4;reverse_distillation;448x448;2;2;201;2;301;0.5531;0.6239;0.6711;0.19;0.24;0.8854;0.0879;0.943;0.5641;63.9;1756
20/01/2026 20:51;VisA/pipe_fryum;reverse_distillation;448x448;2;2;150;2;301;0.7654;0.8892;0.8152;0.53;0.56;0.7416;0.1155;0.7802;0.5676;63.5;1756
20/01/2026 21:04;VAD;reverse_distillation;448x448;2;2;2000;2;301;0.5977;0.5674;0.6795;0.069;0.128;0.8937;0.0853;0.932;0.7604;32.6;1756
20/01/2026 21:06;btad/01;reverse_distillation;448x448;2;2;70;2;301;0.9893;0.9963;0.9897;0.9796;0.9796;0.9842;0.6886;0.9955;0.917;92.5;1756
20/01/2026 21:09;btad/02;reverse_distillation;448x448;2;2;229;2;301;0.8891;0.9815;0.9455;0.5879;0.6683;0.9692;0.6659;0.9407;0.8066;56.8;1756
20/01/2026 21:12;btad/03;reverse_distillation;448x448;2;2;431;2;301;0.9983;0.9811;0.9333;1;1;0.9871;0.5477;0.9807;0.8677;38.2;1756
20/01/2026 21:19;GoodsAD/cigarette_box;reverse_distillation;448x448;2;2;429;2;301;0.5386;0.6129;0.7436;0.0732;0.1057;0.7913;0.0959;0.7753;0.414;150.8;1756
20/01/2026 21:29;GoodsAD/drink_bottle;reverse_distillation;448x448;2;2;781;2;301;0.5194;0.5506;0.7054;0.0376;0.0824;0.8913;0.0391;0.9737;0.6507;154.4;1756
20/01/2026 21:34;GoodsAD/drink_can;reverse_distillation;448x448;2;2;293;2;301;0.5041;0.5134;0.6697;0.0616;0.1233;0.855;0.068;0.978;0.6051;165.3;1756
20/01/2026 21:42;GoodsAD/food_bottle;reverse_distillation;448x448;2;2;604;2;301;0.5908;0.6733;0.7508;0.1108;0.1884;0.8636;0.05;0.9682;0.6232;161.7;1756
20/01/2026 21:49;GoodsAD/food_box;reverse_distillation;448x448;2;2;397;2;301;0.5766;0.7006;0.7764;0.1275;0.1474;0.8302;0.0306;0.9864;0.6524;165.6;1756
20/01/2026 21:56;GoodsAD/food_package;reverse_distillation;448x448;2;2;483;2;301;0.5436;0.5055;0.6509;0.0739;0.1;0.901;0.0291;0.9938;0.6829;149.7;1756
20/01/2026 21:58;MPDD/bracket_black;reverse_distillation;448x448;2;2;79;2;301;0.7407;0.79;0.7959;0.1702;0.234;0.975;0.0569;1;0.8924;69.5;1756
20/01/2026 21:59;MPDD/bracket_brown;reverse_distillation;448x448;2;2;77;2;301;0.4646;0.6561;0.7969;0.0784;0.0784;0.9523;0.0749;0.9971;0.8744;72.8;1756
20/01/2026 22:01;MPDD/bracket_white;reverse_distillation;448x448;2;2;60;2;301;0.4344;0.4613;0.6667;0;0.0333;0.9769;0.007;0.9833;0.7284;71.1;1756
20/01/2026 22:03;MPDD/connector;reverse_distillation;448x448;2;2;44;2;301;0.5;0.3167;0.52;0;0;0.9555;0.1249;0.9876;0.7843;88.9;1756
20/01/2026 22:05;MPDD/metal_plate;reverse_distillation;448x448;2;2;97;2;301;0.4171;0.7103;0.8452;0.0423;0.0845;0.9292;0.6053;0.9664;0.8238;82.9;1756
20/01/2026 22:07;MPDD/tubes;reverse_distillation;448x448;2;2;101;2;301;0.8361;0.9132;0.8676;0.3043;0.5362;0.9801;0.4727;1;0.9103;72;1756
20/01/2026 22:08;mvtec_AD/bottle;patchcore;448x448;2;2;83;3;1;0.996;0.9988;0.992;0.9841;0.9841;0.9525;0.7237;0.9869;0.9237;2.1;207
20/01/2026 22:09;mvtec_AD/cable;patchcore;448x448;2;2;150;3;1;0.86;0.9207;0.8398;0.5435;0.587;0.944;0.6081;0.9717;0.8591;2.1;207
20/01/2026 22:10;mvtec_AD/capsule;patchcore;448x448;2;2;132;3;1;0.7304;0.9208;0.9191;0.2752;0.2936;0.96;0.2335;0.9796;0.7915;1.8;207
20/01/2026 22:11;mvtec_AD/carpet;patchcore;448x448;2;2;117;3;1;0.9928;0.9978;0.9778;0.9326;0.9551;0.9911;0.652;0.9975;0.9381;1.8;207
20/01/2026 22:11;mvtec_AD/grid;patchcore;448x448;2;2;78;3;1;0.6708;0.8034;0.8819;0.0526;0.1754;0.7734;0.0216;0.4422;0.2367;1.7;207
20/01/2026 22:12;mvtec_AD/hazelnut;patchcore;448x448;2;2;110;3;1;0.9771;0.9881;0.9388;0.9;0.9286;0.9662;0.4904;0.9515;0.8733;2.2;207
20/01/2026 22:13;mvtec_AD/leather;patchcore;448x448;2;2;124;3;1;0.9898;0.9968;0.9778;0.9565;0.9783;0.9928;0.5295;1;0.8975;4.1;207
20/01/2026 22:14;mvtec_AD/metal_nut;patchcore;448x448;2;2;115;3;1;0.8631;0.964;0.9326;0.5699;0.6452;0.8726;0.5083;0.9075;0.7081;1.6;207
20/01/2026 22:16;mvtec_AD/pill;patchcore;448x448;2;2;167;3;1;0.4604;0.8446;0.9156;0.0709;0.0922;0.7827;0.0849;0.9335;0.5978;1.7;207
20/01/2026 22:17;mvtec_AD/screw;patchcore;448x448;2;2;160;3;1;0.4995;0.7486;0.8613;0.0588;0.084;0.9388;0.0209;0.9799;0.6571;2;207
20/01/2026 22:17;mvtec_AD/tile;patchcore;448x448;2;2;117;3;1;0.9848;0.9937;0.9704;0.9405;0.9762;0.9467;0.5031;0.9915;0.9028;2.1;207
20/01/2026 22:18;mvtec_AD/toothbrush;patchcore;448x448;2;2;42;3;1;0.9111;0.9667;0.918;0.7;0.7;0.8163;0.2382;0.3615;0.248;1.7;207
20/01/2026 22:18;mvtec_AD/transistor;patchcore;448x448;2;2;100;3;1;0.7575;0.7374;0.6571;0.45;0.525;0.8101;0.3563;0.8295;0.6656;2.1;207
20/01/2026 22:19;mvtec_AD/wood;patchcore;448x448;2;2;79;3;1;0.9851;0.9958;0.9748;0.9333;0.9667;0.9134;0.468;0.9805;0.9448;2.1;207
20/01/2026 22:20;mvtec_AD/zipper;patchcore;448x448;2;2;151;3;1;0.9252;0.9698;0.954;0.2437;0.8655;0.9818;0.6748;0.9908;0.9568;2.1;207
20/01/2026 22:22;AutoVI/underbody_pipes;patchcore;448x448;2;2;344;3;1;0.9832;0.9858;0.9505;0.9454;0.9563;0.9759;0.3703;0.999;0.8883;2;207
20/01/2026 22:24;AutoVI/underbody_screw;patchcore;448x448;2;2;392;3;1;0.7491;0.0847;0.2034;0;0;0.9721;0.0052;1;0.8127;1.7;207
20/01/2026 22:27;AutoVI/engine_wiring;patchcore;448x448;2;2;574;3;1;0.5426;0.5424;0.6713;0.0657;0.1176;0.8287;0.1254;0.7447;0.3464;1.5;207
20/01/2026 22:29;AutoVI/pipe_clip;patchcore;448x448;2;2;337;3;1;0.5366;0.4734;0.603;0.1127;0.1268;0.7921;0.0172;0.7906;0.3092;2.1;207
20/01/2026 22:31;AutoVI/tank_screw;patchcore;448x448;2;2;413;3;1;0.4078;0.1879;0.3875;0.0105;0.0316;0.9441;0.01;0.9662;0.6498;2.1;207
20/01/2026 22:33;mvtec_loco_AD/breakfast_box;patchcore;448x448;2;2;275;3;1;0.741;0.8564;0.7793;0.4393;0.5087;0.8529;0.4291;0.8543;0.6368;2;207
20/01/2026 22:35;mvtec_loco_AD/juice_bottle;patchcore;448x448;2;2;330;3;1;0.5032;0.7604;0.8339;0.1695;0.1949;0.4608;0.0495;0.2495;0.1026;2.2;207
20/01/2026 22:38;mvtec_loco_AD/pushpins;patchcore;448x448;2;2;310;3;1;0.5002;0.5871;0.7137;0.1105;0.1279;0.6286;0.0548;0.7078;0.4412;2.2;207
20/01/2026 22:41;mvtec_loco_AD/screw_bag;patchcore;448x448;2;2;341;3;1;0.6207;0.7293;0.7924;0.1187;0.1461;0.652;0.1092;0.7674;0.54;1.8;207
20/01/2026 22:43;mvtec_loco_AD/splicing_connectors;patchcore;448x448;2;2;312;3;1;0.7137;0.8274;0.7644;0.2902;0.4041;0.5602;0.1369;0.5938;0.3471;2.2;207
20/01/2026 22:45;VisA/candle;patchcore;448x448;2;2;200;3;1;0.7982;0.8101;0.7436;0.48;0.5;0.9405;0.1585;0.9782;0.8898;1.9;207
20/01/2026 22:46;VisA/capsules;patchcore;448x448;2;2;160;3;1;0.7668;0.8567;0.8016;0.47;0.48;0.971;0.4882;0.9523;0.748;1.6;207
20/01/2026 22:47;VisA/cashew;patchcore;448x448;2;2;150;3;1;0.7918;0.9061;0.8125;0.52;0.64;0.7893;0.289;0.7325;0.6118;2;207
20/01/2026 22:48;VisA/chewinggum;patchcore;448x448;2;2;150;3;1;0.9936;0.9971;0.9751;0.97;0.98;0.9932;0.6837;0.9258;0.8337;2.1;207
20/01/2026 22:50;VisA/fryum;patchcore;448x448;2;2;150;3;1;0.8976;0.9537;0.8854;0.65;0.79;0.8412;0.1285;0.9318;0.6601;2;207
20/01/2026 22:51;VisA/macaroni1;patchcore;448x448;2;2;200;3;1;0.7142;0.721;0.7148;0.27;0.33;0.9507;0.0667;0.8532;0.653;1.6;207
20/01/2026 22:53;VisA/macaroni2;patchcore;448x448;2;2;200;3;1;0.5619;0.5508;0.6735;0.08;0.12;0.8999;0.0073;0.7511;0.5172;1.9;207
20/01/2026 22:55;VisA/pcb1;patchcore;448x448;2;2;200;3;1;0.8699;0.8678;0.8241;0.53;0.71;0.9937;0.7672;0.9916;0.8959;2;207
20/01/2026 22:56;VisA/pcb2;patchcore;448x448;2;2;200;3;1;0.8682;0.8574;0.8317;0.38;0.73;0.9726;0.2041;0.9736;0.8947;2;207
20/01/2026 22:57;VisA/pcb3;patchcore;448x448;2;2;201;3;1;0.8452;0.8596;0.7778;0.5;0.58;0.9828;0.4154;0.9816;0.8444;1.7;207
20/01/2026 22:59;VisA/pcb4;patchcore;448x448;2;2;201;3;1;0.9717;0.9654;0.9384;0.82;0.95;0.947;0.1828;0.9795;0.7927;2;207
20/01/2026 23:00;VisA/pipe_fryum;patchcore;448x448;2;2;150;3;1;0.6788;0.8449;0.8016;0.34;0.4;0.6862;0.0489;0.6703;0.3872;1.6;207
20/01/2026 23:13;VAD;patchcore;448x448;2;2;2000;3;1;0.7659;0.7933;0.7049;0.39;0.483;0.9107;0.2108;0.9285;0.7694;1.9;207
20/01/2026 23:14;btad/01;patchcore;448x448;2;2;70;3;1;0.9971;0.9988;0.98;0.9796;1;0.9802;0.6157;0.9893;0.9609;2.5;207
20/01/2026 23:15;btad/02;patchcore;448x448;2;2;229;3;1;0.8559;0.9764;0.9365;0.5427;0.6734;0.9614;0.6142;0.9336;0.8679;1.5;207
20/01/2026 23:17;btad/03;patchcore;448x448;2;2;431;3;1;0.9916;0.9097;0.8333;0.9677;1;0.9675;0.3419;0.9942;0.8515;1.9;207
20/01/2026 23:21;GoodsAD/cigarette_box;patchcore;448x448;2;2;429;3;1;0.5447;0.6028;0.7335;0.0488;0.1016;0.802;0.0993;0.7374;0.3923;2.6;207
20/01/2026 23:29;GoodsAD/drink_bottle;patchcore;448x448;2;2;781;3;1;0.4895;0.5357;0.7054;0.0447;0.0965;0.9006;0.041;0.9869;0.6513;2.7;207
20/01/2026 23:32;GoodsAD/drink_can;patchcore;448x448;2;2;293;3;1;0.5458;0.5337;0.6682;0.0685;0.1027;0.8842;0.0839;0.9561;0.5868;2.3;207
20/01/2026 23:37;GoodsAD/food_bottle;patchcore;448x448;2;2;604;3;1;0.5125;0.6072;0.7482;0.0305;0.1136;0.887;0.0635;0.9706;0.5889;2.1;207
20/01/2026 23:41;GoodsAD/food_box;patchcore;448x448;2;2;397;3;1;0.5515;0.6675;0.7844;0.0717;0.1474;0.8247;0.0279;0.9728;0.5505;2.7;207
20/01/2026 23:46;GoodsAD/food_package;patchcore;448x448;2;2;483;3;1;0.5269;0.4832;0.6476;0.0304;0.087;0.8769;0.0221;0.8945;0.4455;2.7;207
20/01/2026 23:46;MPDD/bracket_black;patchcore;448x448;2;2;79;3;1;0.6097;0.6959;0.7833;0.0851;0.1489;0.9572;0.0213;0.9943;0.8696;2.1;207
20/01/2026 23:47;MPDD/bracket_brown;patchcore;448x448;2;2;77;3;1;0.7519;0.8248;0.8475;0.0784;0.2745;0.94;0.0793;0.9928;0.8671;2.1;207
20/01/2026 23:47;MPDD/bracket_white;patchcore;448x448;2;2;60;3;1;0.7567;0.6926;0.75;0;0.4333;0.9624;0.0054;1;0.7567;3.1;207
20/01/2026 23:48;MPDD/connector;patchcore;448x448;2;2;44;3;1;0.7381;0.4743;0.7027;0.0714;0.0714;0.9609;0.1304;0.9955;0.8064;1.7;207
20/01/2026 23:48;MPDD/metal_plate;patchcore;448x448;2;2;97;3;1;0.6111;0.7955;0.8554;0.0845;0.1127;0.8972;0.5873;0.926;0.7447;1.7;207
20/01/2026 23:49;MPDD/tubes;patchcore;448x448;2;2;101;3;1;0.8967;0.9583;0.8759;0.7391;0.7391;0.9841;0.616;0.9999;0.9336;2.2;207
20/01/2026 23:51;mvtec_AD/bottle;reverse_distillation;448x448;2;2;83;3;301;0.9937;0.9981;0.9841;0.9841;0.9841;0.9573;0.717;0.9823;0.9316;75.6;1756
20/01/2026 23:54;mvtec_AD/cable;reverse_distillation;448x448;2;2;150;3;301;0.8611;0.9095;0.8513;0.4457;0.6739;0.9289;0.5259;0.9572;0.7877;103.7;1756
20/01/2026 23:56;mvtec_AD/capsule;reverse_distillation;448x448;2;2;132;3;301;0.7164;0.9263;0.9046;0.3394;0.3761;0.9648;0.2779;0.9476;0.8566;73.3;1756
20/01/2026 23:59;mvtec_AD/carpet;reverse_distillation;448x448;2;2;117;3;301;0.9803;0.9944;0.9659;0.9438;0.9551;0.9908;0.6398;0.9988;0.9571;98.2;1756
21/01/2026 0:00;mvtec_AD/grid;reverse_distillation;448x448;2;2;78;3;301;0.8104;0.9328;0.855;0.5789;0.6316;0.9243;0.3119;0.7936;0.6503;71.8;1756
21/01/2026 0:03;mvtec_AD/hazelnut;reverse_distillation;448x448;2;2;110;3;301;0.9811;0.9907;0.9577;0.9286;0.9714;0.9461;0.4795;0.9272;0.8842;96.2;1756
21/01/2026 0:05;mvtec_AD/leather;reverse_distillation;448x448;2;2;124;3;301;0.9942;0.998;0.9785;0.9674;0.9891;0.9909;0.4997;0.9986;0.994;92.8;1756
21/01/2026 0:07;mvtec_AD/metal_nut;reverse_distillation;448x448;2;2;115;3;301;0.9555;0.9894;0.9529;0.914;0.914;0.7756;0.3219;0.9062;0.7422;51.3;1756
21/01/2026 0:09;mvtec_AD/pill;reverse_distillation;448x448;2;2;167;3;301;0.3388;0.7721;0.9156;0.0142;0.0213;0.731;0.0648;0.8926;0.5542;63.5;1756
21/01/2026 0:11;mvtec_AD/screw;reverse_distillation;448x448;2;2;160;3;301;0.4815;0.7297;0.8623;0.0588;0.0756;0.9461;0.024;0.9882;0.7539;46.6;1756
21/01/2026 0:13;mvtec_AD/tile;reverse_distillation;448x448;2;2;117;3;301;0.9672;0.9863;0.96;0.8095;0.8452;0.928;0.4604;0.9878;0.8658;63.2;1756
21/01/2026 0:15;mvtec_AD/toothbrush;reverse_distillation;448x448;2;2;42;3;301;0.9;0.9588;0.9153;0.6;0.6;0.9704;0.4502;0.9526;0.8085;86.6;1756
21/01/2026 0:17;mvtec_AD/transistor;reverse_distillation;448x448;2;2;100;3;301;0.7037;0.5908;0.6667;0.25;0.275;0.7313;0.2139;0.733;0.5836;75.9;1756
21/01/2026 0:19;mvtec_AD/wood;reverse_distillation;448x448;2;2;79;3;301;0.986;0.9961;0.9831;0.9667;0.9667;0.9326;0.5165;0.9887;0.8801;68;1756
21/01/2026 0:21;mvtec_AD/zipper;reverse_distillation;448x448;2;2;151;3;301;0.8201;0.9441;0.9042;0.4034;0.5966;0.9562;0.3967;0.9927;0.9123;46.7;1756
21/01/2026 0:24;AutoVI/underbody_pipes;reverse_distillation;448x448;2;2;344;3;301;0.9413;0.9546;0.8705;0.7541;0.7978;0.9495;0.3819;0.9977;0.8953;45.9;1756
21/01/2026 0:27;AutoVI/underbody_screw;reverse_distillation;448x448;2;2;392;3;301;0.6194;0.0691;0.1622;0;0.1667;0.951;0.0018;1;0.824;48.2;1756
21/01/2026 0:31;AutoVI/engine_wiring;reverse_distillation;448x448;2;2;574;3;301;0.5721;0.5901;0.6834;0.1176;0.1557;0.8077;0.1018;0.9211;0.5889;55.1;1756
21/01/2026 0:33;AutoVI/pipe_clip;reverse_distillation;448x448;2;2;337;3;301;0.5018;0.4253;0.6017;0.0352;0.1268;0.7425;0.014;0.6395;0.2925;33.6;1756
21/01/2026 0:36;AutoVI/tank_screw;reverse_distillation;448x448;2;2;413;3;301;0.4125;0.1944;0.3748;0.0211;0.0632;0.8193;0.0025;0.8363;0.4539;43.4;1756
21/01/2026 0:41;mvtec_loco_AD/breakfast_box;reverse_distillation;448x448;2;2;275;3;301;0.5656;0.7237;0.7723;0.2023;0.2312;0.809;0.2019;0.8549;0.5587;131;1756
21/01/2026 0:45;mvtec_loco_AD/juice_bottle;reverse_distillation;448x448;2;2;330;3;301;0.5756;0.79;0.8339;0.1441;0.1864;0.4812;0.0826;0.5025;0.4139;97.5;1756
21/01/2026 0:49;mvtec_loco_AD/pushpins;reverse_distillation;448x448;2;2;310;3;301;0.5139;0.5722;0.7137;0.0523;0.0872;0.5265;0.0382;0.7049;0.4929;107.6;1756
21/01/2026 0:53;mvtec_loco_AD/screw_bag;reverse_distillation;448x448;2;2;341;3;301;0.588;0.7322;0.7848;0.1324;0.242;0.5759;0.0854;0.7244;0.4881;106.3;1756
21/01/2026 0:57;mvtec_loco_AD/splicing_connectors;reverse_distillation;448x448;2;2;312;3;301;0.5267;0.6665;0.7644;0.0518;0.1917;0.5396;0.1062;0.8896;0.6257;85.7;1756
21/01/2026 1:00;VisA/candle;reverse_distillation;448x448;2;2;200;3;301;0.7022;0.6741;0.712;0.15;0.26;0.9297;0.0867;0.9735;0.8434;39.4;1756
21/01/2026 1:01;VisA/capsules;reverse_distillation;448x448;2;2;160;3;301;0.5962;0.7101;0.7778;0.12;0.16;0.9627;0.2706;0.9944;0.8382;41.2;1756
21/01/2026 1:03;VisA/cashew;reverse_distillation;448x448;2;2;150;3;301;0.8388;0.9255;0.8421;0.59;0.66;0.7182;0.1884;0.8483;0.6825;42;1756
21/01/2026 1:05;VisA/chewinggum;reverse_distillation;448x448;2;2;150;3;301;0.9688;0.9868;0.9368;0.89;0.92;0.9861;0.5914;0.8644;0.6898;39.8;1756
21/01/2026 1:07;VisA/fryum;reverse_distillation;448x448;2;2;150;3;301;0.7114;0.8593;0.8;0.42;0.45;0.9281;0.2017;1;0.7352;40.7;1756
21/01/2026 1:09;VisA/macaroni1;reverse_distillation;448x448;2;2;200;3;301;0.5191;0.5321;0.6781;0.08;0.13;0.9665;0.0521;0.887;0.6313;40.2;1756
21/01/2026 1:12;VisA/macaroni2;reverse_distillation;448x448;2;2;200;3;301;0.4897;0.5065;0.6809;0.1;0.11;0.9455;0.0134;0.8684;0.6018;58.4;1756
21/01/2026 1:14;VisA/pcb1;reverse_distillation;448x448;2;2;200;3;301;0.6266;0.6395;0.6966;0.14;0.17;0.9766;0.2876;0.9835;0.8122;41.4;1756
21/01/2026 1:16;VisA/pcb2;reverse_distillation;448x448;2;2;200;3;301;0.7734;0.8017;0.7311;0.4;0.47;0.9394;0.1417;0.9546;0.779;41.3;1756
21/01/2026 1:18;VisA/pcb3;reverse_distillation;448x448;2;2;201;3;301;0.7168;0.6939;0.7232;0.15;0.24;0.9625;0.1476;0.9987;0.8008;40;1756
21/01/2026 1:20;VisA/pcb4;reverse_distillation;448x448;2;2;201;3;301;0.8624;0.8055;0.8522;0.25;0.32;0.9016;0.0683;0.9859;0.6714;41.1;1756
21/01/2026 1:22;VisA/pipe_fryum;reverse_distillation;448x448;2;2;150;3;301;0.8284;0.9224;0.8241;0.56;0.66;0.7472;0.1225;0.8226;0.6459;39.7;1756
21/01/2026 1:36;VAD;reverse_distillation;448x448;2;2;2000;3;301;0.706;0.6891;0.6922;0.154;0.323;0.8875;0.1308;0.9215;0.7947;65.5;1756
21/01/2026 1:38;btad/01;reverse_distillation;448x448;2;2;70;3;301;0.9932;0.9974;0.9796;0.9796;0.9796;0.9848;0.6892;0.9957;0.9736;108.9;1756
21/01/2026 1:40;btad/02;reverse_distillation;448x448;2;2;229;3;301;0.8169;0.9672;0.9366;0.4724;0.4774;0.9672;0.6501;0.9378;0.7894;36.7;1756
21/01/2026 1:43;btad/03;reverse_distillation;448x448;2;2;431;3;301;0.9996;0.9953;0.9677;1;1;0.9916;0.5638;0.9981;0.9281;36.9;1756
21/01/2026 1:49;GoodsAD/cigarette_box;reverse_distillation;448x448;2;2;429;3;301;0.5697;0.6317;0.7357;0.0894;0.1138;0.7926;0.1019;0.787;0.4416;138.4;1756
21/01/2026 1:58;GoodsAD/drink_bottle;reverse_distillation;448x448;2;2;781;3;301;0.524;0.5687;0.7048;0.0588;0.1106;0.8859;0.0375;0.9862;0.6774;159.9;1756
21/01/2026 2:03;GoodsAD/drink_can;reverse_distillation;448x448;2;2;293;3;301;0.5632;0.5428;0.6683;0.0137;0.1233;0.8783;0.0823;0.9872;0.6323;138;1756
21/01/2026 2:11;GoodsAD/food_bottle;reverse_distillation;448x448;2;2;604;3;301;0.5606;0.6368;0.7505;0.072;0.1163;0.8927;0.0738;0.9815;0.6762;160.8;1756
21/01/2026 2:17;GoodsAD/food_box;reverse_distillation;448x448;2;2;397;3;301;0.5595;0.6676;0.7819;0.0637;0.1116;0.8211;0.0278;0.9779;0.5737;134;1756
21/01/2026 2:24;GoodsAD/food_package;reverse_distillation;448x448;2;2;483;3;301;0.5525;0.5024;0.6579;0.0348;0.1304;0.9007;0.0285;0.9965;0.6567;138.3;1756
21/01/2026 2:25;MPDD/bracket_black;reverse_distillation;448x448;2;2;79;3;301;0.5884;0.6798;0.7833;0.0851;0.2128;0.9618;0.0373;0.9988;0.9108;69.8;1756
21/01/2026 2:27;MPDD/bracket_brown;reverse_distillation;448x448;2;2;77;3;301;0.5543;0.6558;0.8095;0;0.0196;0.9535;0.0765;0.9987;0.8589;71.6;1756
21/01/2026 2:29;MPDD/bracket_white;reverse_distillation;448x448;2;2;60;3;301;0.6244;0.5835;0.7059;0;0.2;0.9734;0.0081;0.9725;0.7213;70.8;1756
21/01/2026 2:30;MPDD/connector;reverse_distillation;448x448;2;2;44;3;301;0.7786;0.54;0.6512;0;0.4286;0.9548;0.1073;0.9903;0.8177;72.2;1756
21/01/2026 2:32;MPDD/metal_plate;reverse_distillation;448x448;2;2;97;3;301;0.734;0.8717;0.875;0.169;0.2676;0.9137;0.572;0.9739;0.8421;57.9;1756
21/01/2026 2:34;MPDD/tubes;reverse_distillation;448x448;2;2;101;3;301;0.7482;0.8551;0.8451;0.1884;0.3333;0.9763;0.3766;1;0.9047;70.1;1756
21/01/2026 2:35;mvtec_AD/bottle;patchcore;448x448;2;2;83;4;1;0.9929;0.9978;0.9764;0.9683;0.9841;0.9549;0.729;0.988;0.872;1.7;207
21/01/2026 2:36;mvtec_AD/cable;patchcore;448x448;2;2;150;4;1;0.8139;0.8942;0.8247;0.5326;0.5652;0.9381;0.6045;0.9649;0.7966;2.4;207
21/01/2026 2:37;mvtec_AD/capsule;patchcore;448x448;2;2;132;4;1;0.7451;0.9251;0.9123;0.2936;0.3028;0.9563;0.2303;0.9895;0.7696;2.2;207
21/01/2026 2:38;mvtec_AD/carpet;patchcore;448x448;2;2;117;4;1;0.9888;0.9966;0.967;0.9326;0.9438;0.9917;0.6505;0.9982;0.884;1.8;207
21/01/2026 2:38;mvtec_AD/grid;patchcore;448x448;2;2;78;4;1;0.7377;0.8852;0.8769;0.3158;0.3158;0.8598;0.0616;0.6674;0.4008;2.1;207
21/01/2026 2:39;mvtec_AD/hazelnut;patchcore;448x448;2;2;110;4;1;0.9829;0.9895;0.9655;0.9143;0.9857;0.9642;0.5266;0.9528;0.847;1.8;207
21/01/2026 2:40;mvtec_AD/leather;patchcore;448x448;2;2;124;4;1;0.9878;0.9963;0.9783;0.9565;0.9783;0.9923;0.5218;0.9996;0.9552;1.8;207
21/01/2026 2:41;mvtec_AD/metal_nut;patchcore;448x448;2;2;115;4;1;0.9731;0.9936;0.9674;0.9462;0.957;0.9042;0.6231;0.9536;0.8077;2;207
21/01/2026 2:42;mvtec_AD/pill;patchcore;448x448;2;2;167;4;1;0.4574;0.8398;0.9156;0.0709;0.1064;0.7838;0.0815;0.9295;0.5429;2.1;207
21/01/2026 2:43;mvtec_AD/screw;patchcore;448x448;2;2;160;4;1;0.5282;0.7607;0.8603;0.0588;0.1008;0.9424;0.0217;0.9938;0.6875;1.7;207
21/01/2026 2:44;mvtec_AD/tile;patchcore;448x448;2;2;117;4;1;0.987;0.9946;0.9759;0.9643;0.9762;0.9461;0.5073;0.9868;0.8503;2.1;207
21/01/2026 2:44;mvtec_AD/toothbrush;patchcore;448x448;2;2;42;4;1;0.95;0.9815;0.9667;0.7;0.9667;0.8289;0.254;0.4164;0.2765;1.7;207
21/01/2026 2:45;mvtec_AD/transistor;patchcore;448x448;2;2;100;4;1;0.7721;0.7596;0.7027;0.425;0.6;0.8092;0.3513;0.8361;0.6672;2.1;207
21/01/2026 2:45;mvtec_AD/wood;patchcore;448x448;2;2;79;4;1;0.9816;0.9944;0.9748;0.8333;0.9667;0.9161;0.4748;0.9726;0.8299;2.2;207
21/01/2026 2:46;mvtec_AD/zipper;patchcore;448x448;2;2;151;4;1;0.9698;0.9928;0.9614;0.8992;0.9412;0.9772;0.6466;0.9877;0.9162;1.9;207
21/01/2026 2:48;AutoVI/underbody_pipes;patchcore;448x448;2;2;344;4;1;0.9787;0.9812;0.9412;0.8634;0.9617;0.9663;0.3561;0.9983;0.9012;2;207
21/01/2026 2:50;AutoVI/underbody_screw;patchcore;448x448;2;2;392;4;1;0.7363;0.0825;0.1957;0;0;0.9648;0.005;0.9981;0.8803;1.6;207
21/01/2026 2:53;AutoVI/engine_wiring;patchcore;448x448;2;2;574;4;1;0.5938;0.5956;0.688;0.1107;0.173;0.8218;0.1293;0.8148;0.4001;1.6;207
21/01/2026 2:55;AutoVI/pipe_clip;patchcore;448x448;2;2;337;4;1;0.527;0.4681;0.5992;0.0775;0.1479;0.764;0.0143;0.7289;0.271;1.9;207
21/01/2026 2:57;AutoVI/tank_screw;patchcore;448x448;2;2;413;4;1;0.3962;0.1805;0.3765;0;0.0105;0.9216;0.0072;0.8716;0.5471;1.6;207
21/01/2026 2:59;mvtec_loco_AD/breakfast_box;patchcore;448x448;2;2;275;4;1;0.6688;0.8059;0.774;0.3064;0.3757;0.8518;0.4329;0.8682;0.6716;2;207
21/01/2026 3:02;mvtec_loco_AD/juice_bottle;patchcore;448x448;2;2;330;4;1;0.521;0.7816;0.8339;0.1907;0.2034;0.4693;0.0494;0.2654;0.0973;1.8;207
21/01/2026 3:04;mvtec_loco_AD/pushpins;patchcore;448x448;2;2;310;4;1;0.4912;0.5855;0.7137;0.0756;0.1105;0.6268;0.0595;0.7034;0.4069;1.8;207
21/01/2026 3:07;mvtec_loco_AD/screw_bag;patchcore;448x448;2;2;341;4;1;0.5956;0.6945;0.7835;0.0685;0.1233;0.6563;0.1088;0.7925;0.5656;1.9;207
21/01/2026 3:09;mvtec_loco_AD/splicing_connectors;patchcore;448x448;2;2;312;4;1;0.6026;0.7032;0.7644;0.0984;0.171;0.5716;0.1237;0.6404;0.3593;1.9;207
21/01/2026 3:11;VisA/candle;patchcore;448x448;2;2;200;4;1;0.7881;0.7874;0.7429;0.38;0.55;0.9241;0.1381;0.9723;0.8272;2;207
21/01/2026 3:12;VisA/capsules;patchcore;448x448;2;2;160;4;1;0.7103;0.8324;0.7722;0.43;0.53;0.9754;0.4586;0.9578;0.7355;1.6;207
21/01/2026 3:13;VisA/cashew;patchcore;448x448;2;2;150;4;1;0.8696;0.9365;0.8661;0.59;0.64;0.8382;0.2803;0.772;0.6593;1.7;207
21/01/2026 3:14;VisA/chewinggum;patchcore;448x448;2;2;150;4;1;0.9732;0.9893;0.9637;0.94;0.95;0.9929;0.6855;0.9192;0.7732;2.7;207
21/01/2026 3:15;VisA/fryum;patchcore;448x448;2;2;150;4;1;0.9472;0.9753;0.9184;0.82;0.86;0.8305;0.1065;0.9034;0.6366;1.6;207
21/01/2026 3:17;VisA/macaroni1;patchcore;448x448;2;2;200;4;1;0.6892;0.7063;0.7116;0.28;0.37;0.9626;0.0764;0.8929;0.696;2;207
21/01/2026 3:19;VisA/macaroni2;patchcore;448x448;2;2;200;4;1;0.6462;0.6513;0.6714;0.21;0.28;0.949;0.0302;0.8805;0.6848;1.6;207
21/01/2026 3:20;VisA/pcb1;patchcore;448x448;2;2;200;4;1;0.8796;0.8691;0.8462;0.48;0.53;0.978;0.3026;0.9928;0.8889;1.7;207
21/01/2026 3:21;VisA/pcb2;patchcore;448x448;2;2;200;4;1;0.8539;0.8371;0.8182;0.33;0.59;0.9705;0.1991;0.9706;0.8365;1.6;207
21/01/2026 3:23;VisA/pcb3;patchcore;448x448;2;2;201;4;1;0.8275;0.8419;0.7925;0.44;0.54;0.9819;0.405;0.9822;0.8586;2;207
21/01/2026 3:24;VisA/pcb4;patchcore;448x448;2;2;201;4;1;0.9769;0.9711;0.9423;0.91;0.98;0.923;0.1779;0.9605;0.7721;1.6;207
21/01/2026 3:26;VisA/pipe_fryum;patchcore;448x448;2;2;150;4;1;0.648;0.8212;0.8016;0.31;0.32;0.6963;0.041;0.6556;0.3429;2.8;207
21/01/2026 3:38;VAD;patchcore;448x448;2;2;2000;4;1;0.7738;0.7893;0.7224;0.361;0.439;0.917;0.204;0.9426;0.8091;2;207
21/01/2026 3:39;btad/01;patchcore;448x448;2;2;70;4;1;0.9864;0.995;0.9792;0.9592;0.9592;0.9802;0.6202;0.9904;0.8499;1.8;207
21/01/2026 3:40;btad/02;patchcore;448x448;2;2;229;4;1;0.8583;0.976;0.94;0.5276;0.6734;0.9616;0.6142;0.9191;0.832;2;207
21/01/2026 3:42;btad/03;patchcore;448x448;2;2;431;4;1;0.9876;0.8148;0.8;0.9677;1;0.9693;0.2902;0.9939;0.79;2;207
21/01/2026 3:46;GoodsAD/cigarette_box;patchcore;448x448;2;2;429;4;1;0.5526;0.6176;0.7316;0.061;0.122;0.8095;0.1012;0.754;0.3706;2.7;207
21/01/2026 3:53;GoodsAD/drink_bottle;patchcore;448x448;2;2;781;4;1;0.5088;0.5631;0.706;0.0682;0.1341;0.8888;0.0371;0.9914;0.7049;2.2;207
21/01/2026 3:55;GoodsAD/drink_can;patchcore;448x448;2;2;293;4;1;0.5179;0.5277;0.6651;0.0548;0.1096;0.8839;0.0826;0.9902;0.5978;2.6;207
21/01/2026 4:01;GoodsAD/food_bottle;patchcore;448x448;2;2;604;4;1;0.526;0.6208;0.7482;0.0637;0.1191;0.8924;0.0637;0.9444;0.5583;2.1;207
21/01/2026 4:04;GoodsAD/food_box;patchcore;448x448;2;2;397;4;1;0.5401;0.6653;0.7759;0.0518;0.1235;0.8105;0.0259;0.963;0.4813;2.2;207
21/01/2026 4:08;GoodsAD/food_package;patchcore;448x448;2;2;483;4;1;0.5416;0.4935;0.6496;0.0261;0.113;0.8753;0.022;0.9471;0.529;2.2;207
21/01/2026 4:09;MPDD/bracket_black;patchcore;448x448;2;2;79;4;1;0.5605;0.6925;0.746;0.1277;0.1915;0.9556;0.0295;0.9706;0.8527;2.1;207
21/01/2026 4:09;MPDD/bracket_brown;patchcore;448x448;2;2;77;4;1;0.6357;0.744;0.8361;0.1569;0.1569;0.9214;0.0544;0.9885;0.8202;1.7;207
21/01/2026 4:10;MPDD/bracket_white;patchcore;448x448;2;2;60;4;1;0.5322;0.5326;0.7;0.0667;0.1;0.9613;0.006;0.9999;0.7147;1.7;207
21/01/2026 4:10;MPDD/connector;patchcore;448x448;2;2;44;4;1;0.9;0.7388;0.7857;0.5;0.7857;0.97;0.2452;0.9988;0.9091;1.7;207
21/01/2026 4:11;MPDD/metal_plate;patchcore;448x448;2;2;97;4;1;0.6333;0.7762;0.8606;0.0423;0.0704;0.8978;0.5781;0.9206;0.7077;1.7;207
21/01/2026 4:12;MPDD/tubes;patchcore;448x448;2;2;101;4;1;0.8927;0.9528;0.8806;0.6087;0.7101;0.986;0.6223;1;0.8962;2.1;207
21/01/2026 4:13;mvtec_AD/bottle;reverse_distillation;448x448;2;2;83;4;301;0.9984;0.9995;0.992;0.9841;1;0.96;0.7256;0.9854;0.925;50.5;1756
21/01/2026 4:15;mvtec_AD/cable;reverse_distillation;448x448;2;2;150;4;301;0.8107;0.8814;0.8172;0.4239;0.5;0.9227;0.5115;0.9496;0.8014;73.7;1756
21/01/2026 4:18;mvtec_AD/capsule;reverse_distillation;448x448;2;2;132;4;301;0.7802;0.9417;0.9106;0.3761;0.4312;0.9644;0.2747;0.9429;0.8395;73.9;1756
21/01/2026 4:20;mvtec_AD/carpet;reverse_distillation;448x448;2;2;117;4;301;0.9795;0.9942;0.9714;0.9551;0.9551;0.9909;0.6362;0.9992;0.9702;108.4;1756
21/01/2026 4:22;mvtec_AD/grid;reverse_distillation;448x448;2;2;78;4;301;0.8246;0.9303;0.8906;0.5263;0.5439;0.9188;0.272;0.8062;0.6442;77.9;1756
21/01/2026 4:25;mvtec_AD/hazelnut;reverse_distillation;448x448;2;2;110;4;301;0.9825;0.9905;0.9517;0.9143;0.9143;0.9619;0.529;0.9595;0.8971;105.2;1756
21/01/2026 4:27;mvtec_AD/leather;reverse_distillation;448x448;2;2;124;4;301;0.9932;0.9976;0.9783;0.9674;0.9783;0.9885;0.5058;0.9972;0.9244;89.6;1756
21/01/2026 4:29;mvtec_AD/metal_nut;reverse_distillation;448x448;2;2;115;4;301;0.9379;0.9825;0.9514;0.8602;0.9032;0.7751;0.3172;0.9239;0.7784;68.9;1756
21/01/2026 4:31;mvtec_AD/pill;reverse_distillation;448x448;2;2;167;4;301;0.2916;0.757;0.9156;0.0142;0.0142;0.7279;0.0621;0.886;0.5116;51.6;1756
21/01/2026 4:33;mvtec_AD/screw;reverse_distillation;448x448;2;2;160;4;301;0.5183;0.7656;0.8561;0.0672;0.0924;0.9501;0.0262;0.9971;0.7981;47.6;1756
21/01/2026 4:35;mvtec_AD/tile;reverse_distillation;448x448;2;2;117;4;301;0.9643;0.9856;0.9419;0.8095;0.8929;0.9224;0.4534;0.9846;0.8551;62.2;1756
21/01/2026 4:37;mvtec_AD/toothbrush;reverse_distillation;448x448;2;2;42;4;301;0.8917;0.9602;0.8824;0.7;0.7333;0.9607;0.4059;0.9447;0.7988;72.3;1756
21/01/2026 4:39;mvtec_AD/transistor;reverse_distillation;448x448;2;2;100;4;301;0.8767;0.8149;0.8049;0.35;0.7;0.7274;0.2641;0.7441;0.6319;75.7;1756
21/01/2026 4:41;mvtec_AD/wood;reverse_distillation;448x448;2;2;79;4;301;0.9842;0.9956;0.9748;0.95;0.9667;0.9382;0.5308;0.9909;0.9496;75.9;1756
21/01/2026 4:42;mvtec_AD/zipper;reverse_distillation;448x448;2;2;151;4;301;0.8734;0.964;0.9106;0.4958;0.7227;0.96;0.4751;0.9904;0.8886;44.4;1756
21/01/2026 4:45;AutoVI/underbody_pipes;reverse_distillation;448x448;2;2;344;4;301;0.9168;0.9169;0.8737;0.5683;0.7213;0.9352;0.3779;0.996;0.9595;45.2;1756
21/01/2026 4:48;AutoVI/underbody_screw;reverse_distillation;448x448;2;2;392;4;301;0.5132;0.0525;0.125;0.0556;0.1111;0.9513;0.0024;0.9991;0.7841;46.4;1756
21/01/2026 4:52;AutoVI/engine_wiring;reverse_distillation;448x448;2;2;574;4;301;0.5682;0.5802;0.6786;0.09;0.1349;0.8285;0.1122;0.9566;0.6421;28.8;1756
21/01/2026 4:54;AutoVI/pipe_clip;reverse_distillation;448x448;2;2;337;4;301;0.489;0.427;0.5929;0.0563;0.1268;0.7301;0.0124;0.5931;0.233;33;1756
21/01/2026 4:57;AutoVI/tank_screw;reverse_distillation;448x448;2;2;413;4;301;0.4053;0.1947;0.374;0.0211;0.0526;0.8666;0.0037;0.8644;0.4822;56;1756
21/01/2026 5:02;mvtec_loco_AD/breakfast_box;reverse_distillation;448x448;2;2;275;4;301;0.5912;0.75;0.7723;0.2139;0.2948;0.7987;0.1901;0.8577;0.5929;112.1;1756
21/01/2026 5:05;mvtec_loco_AD/juice_bottle;reverse_distillation;448x448;2;2;330;4;301;0.4515;0.723;0.8339;0.1271;0.1398;0.6448;0.0948;0.5039;0.2943;73.1;1756
21/01/2026 5:09;mvtec_loco_AD/pushpins;reverse_distillation;448x448;2;2;310;4;301;0.5921;0.6421;0.7137;0.0872;0.2093;0.5096;0.04;0.7085;0.5241;106.9;1756
21/01/2026 5:14;mvtec_loco_AD/screw_bag;reverse_distillation;448x448;2;2;341;4;301;0.5662;0.6868;0.7835;0.0502;0.1416;0.5694;0.0847;0.7349;0.5094;105.1;1756
21/01/2026 5:18;mvtec_loco_AD/splicing_connectors;reverse_distillation;448x448;2;2;312;4;301;0.5362;0.6506;0.7644;0.0725;0.1036;0.5498;0.1081;0.8898;0.645;84.5;1756
21/01/2026 5:21;VisA/candle;reverse_distillation;448x448;2;2;200;4;301;0.6901;0.659;0.7102;0.11;0.26;0.9308;0.0667;0.9755;0.8727;39.7;1756
21/01/2026 5:22;VisA/capsules;reverse_distillation;448x448;2;2;160;4;301;0.6272;0.7516;0.7692;0.15;0.23;0.9692;0.2779;0.9955;0.8133;41.4;1756
21/01/2026 5:24;VisA/cashew;reverse_distillation;448x448;2;2;150;4;301;0.8434;0.9308;0.8286;0.61;0.72;0.7624;0.2012;0.8515;0.7133;41.3;1756
21/01/2026 5:26;VisA/chewinggum;reverse_distillation;448x448;2;2;150;4;301;0.9484;0.9788;0.9312;0.88;0.9;0.9897;0.615;0.8723;0.701;68.9;1756
21/01/2026 5:29;VisA/fryum;reverse_distillation;448x448;2;2;150;4;301;0.808;0.9147;0.8089;0.57;0.66;0.9272;0.2158;0.9988;0.8028;43.3;1756
21/01/2026 5:31;VisA/macaroni1;reverse_distillation;448x448;2;2;200;4;301;0.6534;0.6285;0.7021;0.1;0.17;0.9673;0.0445;0.8963;0.6321;43;1756
21/01/2026 5:33;VisA/macaroni2;reverse_distillation;448x448;2;2;200;4;301;0.5642;0.5584;0.6784;0.08;0.14;0.9589;0.013;0.8968;0.6713;39.1;1756
21/01/2026 5:35;VisA/pcb1;reverse_distillation;448x448;2;2;200;4;301;0.7802;0.7454;0.8;0.23;0.35;0.9495;0.1009;0.9912;0.873;41.4;1756
21/01/2026 5:37;VisA/pcb2;reverse_distillation;448x448;2;2;200;4;301;0.7508;0.7868;0.7154;0.39;0.53;0.9393;0.1471;0.9654;0.7731;40.8;1756
21/01/2026 5:40;VisA/pcb3;reverse_distillation;448x448;2;2;201;4;301;0.7785;0.7442;0.786;0.19;0.25;0.9579;0.1347;0.9874;0.8282;44.4;1756
21/01/2026 5:42;VisA/pcb4;reverse_distillation;448x448;2;2;201;4;301;0.5674;0.5915;0.6975;0.13;0.16;0.8421;0.0368;0.9369;0.4767;40.2;1756
21/01/2026 5:44;VisA/pipe_fryum;reverse_distillation;448x448;2;2;150;4;301;0.7458;0.8825;0.8065;0.49;0.56;0.7397;0.106;0.7204;0.5022;39.3;1756
21/01/2026 5:57;VAD;reverse_distillation;448x448;2;2;2000;4;301;0.713;0.6979;0.6946;0.186;0.315;0.8962;0.131;0.9279;0.7449;32.5;1756
21/01/2026 5:58;btad/01;reverse_distillation;448x448;2;2;70;4;301;0.999;0.9996;0.9899;1;1;0.9835;0.6822;0.9963;0.9741;75.7;1756
21/01/2026 6:01;btad/02;reverse_distillation;448x448;2;2;229;4;301;0.7953;0.9648;0.9299;0.4774;0.4874;0.9651;0.6278;0.9232;0.7415;37.3;1756
21/01/2026 6:04;btad/03;reverse_distillation;448x448;2;2;431;4;301;0.9972;0.9701;0.9153;1;1;0.9898;0.4469;0.9835;0.9042;37.2;1756
21/01/2026 6:10;GoodsAD/cigarette_box;reverse_distillation;448x448;2;2;429;4;301;0.5902;0.6653;0.7311;0.0935;0.187;0.7999;0.1052;0.7963;0.4557;154.8;1756
21/01/2026 6:20;GoodsAD/drink_bottle;reverse_distillation;448x448;2;2;781;4;301;0.5317;0.5623;0.7074;0.0565;0.1035;0.8795;0.0355;0.9957;0.728;150.3;1756
21/01/2026 6:25;GoodsAD/drink_can;reverse_distillation;448x448;2;2;293;4;301;0.5507;0.5425;0.6697;0.0548;0.0753;0.8849;0.0865;0.9888;0.6422;135.4;1756
21/01/2026 6:33;GoodsAD/food_bottle;reverse_distillation;448x448;2;2;604;4;301;0.5541;0.6141;0.7492;0.0222;0.0831;0.8828;0.0611;0.9726;0.6262;130.9;1756
21/01/2026 6:39;GoodsAD/food_box;reverse_distillation;448x448;2;2;397;4;301;0.5306;0.6625;0.7759;0.0956;0.1355;0.8178;0.0279;0.9803;0.5848;147.5;1756
21/01/2026 6:45;GoodsAD/food_package;reverse_distillation;448x448;2;2;483;4;301;0.5577;0.5235;0.6522;0.0522;0.1043;0.8941;0.0281;0.99;0.6677;148.8;1756
21/01/2026 6:47;MPDD/bracket_black;reverse_distillation;448x448;2;2;79;4;301;0.5811;0.6527;0.7692;0;0.234;0.9418;0.0414;0.9768;0.8418;97.8;1756
21/01/2026 6:49;MPDD/bracket_brown;reverse_distillation;448x448;2;2;77;4;301;0.684;0.7608;0.8361;0.0588;0.1373;0.9545;0.0919;0.9944;0.8991;71.4;1756
21/01/2026 6:51;MPDD/bracket_white;reverse_distillation;448x448;2;2;60;4;301;0.4744;0.4988;0.6824;0.0333;0.0667;0.9699;0.0084;0.9856;0.7449;69.8;1756
21/01/2026 6:52;MPDD/connector;reverse_distillation;448x448;2;2;44;4;301;0.7357;0.4686;0.6512;0;0.0714;0.9635;0.1231;0.9968;0.815;72.2;1756
21/01/2026 6:54;MPDD/metal_plate;reverse_distillation;448x448;2;2;97;4;301;0.3678;0.6828;0.8452;0.0282;0.0704;0.9301;0.542;0.9854;0.8511;58.7;1756
21/01/2026 6:56;MPDD/tubes;reverse_distillation;448x448;2;2;101;4;301;0.736;0.8641;0.8364;0.2609;0.4203;0.9778;0.409;1;0.8891;69.7;1756
22/01/2026 8:34;mvtec_ad_2/can;patchcore;448x448;2;2;162;0;1;0.7631;0.7898;0.7788;0.1778;0.3;0.7189;0.0001;0.6082;0.3879;3.5;577
22/01/2026 8:36;mvtec_ad_2/fabric;patchcore;448x448;2;2;156;0;1;0.6239;0.7101;0.7317;0.1667;0.2111;0.7;0.0158;0.5887;0.382;6.3;207
22/01/2026 8:38;mvtec_ad_2/fruit_jelly;patchcore;448x448;2;2;80;0;1;0.935;0.9776;0.9516;0.7333;0.75;0.759;0.1276;0.6098;0.48;2.4;207
22/01/2026 8:40;mvtec_ad_2/rice;patchcore;448x448;2;2;132;0;1;0.4987;0.6987;0.8108;0.0667;0.1222;0.7812;0.0599;0.5084;0.2847;2.7;207
22/01/2026 8:43;mvtec_ad_2/sheet_metal;patchcore;448x448;2;2;114;0;1;0.6991;0.9152;0.8824;0.4556;0.4556;0.7554;0.0393;0.4613;0.2745;1.9;207
22/01/2026 8:44;mvtec_ad_2/vial;patchcore;448x448;2;2;140;0;1;0.6947;0.833;0.8739;0.0667;0.0762;0.8288;0.1678;0.9353;0.8288;1.8;207
22/01/2026 8:46;mvtec_ad_2/wallplugs;patchcore;448x448;2;2;150;0;1;0.3852;0.5173;0.75;0;0.0333;0.7863;0.0048;0.4346;0.2169;4.7;207
22/01/2026 8:49;mvtec_ad_2/walnuts;patchcore;448x448;2;2;150;0;1;0.7413;0.8345;0.7812;0.3889;0.4111;0.9252;0.2397;0.6112;0.3875;3.1;207
22/01/2026 8:53;mvtec_ad_2/can;reverse_distillation;448x448;2;2;162;0;301;0.6299;0.6715;0.7692;0.1222;0.1556;0.7384;0.0001;0.5333;0.3509;144.8;1749
22/01/2026 8:59;mvtec_ad_2/fabric;reverse_distillation;448x448;2;2;156;0;301;0.4519;0.5648;0.7317;0.0333;0.0889;0.6449;0.0244;0.6447;0.3719;238.8;1756
22/01/2026 9:02;mvtec_ad_2/fruit_jelly;reverse_distillation;448x448;2;2;80;0;301;0.8117;0.9284;0.9032;0.3833;0.45;0.8509;0.0893;0.7692;0.5821;105.2;1756
22/01/2026 9:07;mvtec_ad_2/rice;reverse_distillation;448x448;2;2;132;0;301;0.6212;0.7919;0.8224;0.1556;0.2556;0.7735;0.0951;0.6022;0.3958;220.1;1756
22/01/2026 9:12;mvtec_ad_2/sheet_metal;reverse_distillation;448x448;2;2;114;0;301;0.7764;0.9141;0.9184;0.1667;0.1889;0.7928;0.0627;0.6059;0.3711;88.9;1756
22/01/2026 9:14;mvtec_ad_2/vial;reverse_distillation;448x448;2;2;140;0;301;0.501;0.7202;0.8607;0;0;0.8965;0.1966;0.9893;0.8341;61.1;1756
22/01/2026 9:42;mvtec_ad_2/wallplugs;reverse_distillation;448x448;2;2;150;0;301;0.4735;0.5746;0.75;0.0111;0.0444;0.737;0.0048;0.3896;0.2121;123.8;1751
22/01/2026 9:49;mvtec_ad_2/walnuts;reverse_distillation;448x448;2;2;150;0;301;0.6794;0.7402;0.7692;0.0889;0.2;0.9104;0.189;0.7656;0.491;222.5;1750
22/01/2026 9:50;mvtec_ad_2/can;patchcore;448x448;2;2;162;1;1;0.731;0.7645;0.7759;0.1667;0.2889;0.7031;0.0001;0.5882;0.3759;2.6;577
22/01/2026 9:52;mvtec_ad_2/fabric;patchcore;448x448;2;2;156;1;1;0.5978;0.6645;0.7895;0.0667;0.2222;0.8048;0.0323;0.5815;0.3143;3.4;207
22/01/2026 9:53;mvtec_ad_2/fruit_jelly;patchcore;448x448;2;2;80;1;1;0.875;0.9635;0.8889;0.8;0.8;0.8047;0.1159;0.614;0.4869;2;207
22/01/2026 9:55;mvtec_ad_2/rice;patchcore;448x448;2;2;132;1;1;0.646;0.782;0.8163;0.1111;0.1778;0.7824;0.0686;0.4496;0.2712;3.1;207
22/01/2026 9:58;mvtec_ad_2/sheet_metal;patchcore;448x448;2;2;114;1;1;0.7648;0.9271;0.9;0.3778;0.3889;0.7467;0.0347;0.4912;0.2884;1.9;207
22/01/2026 9:59;mvtec_ad_2/vial;patchcore;448x448;2;2;140;1;1;0.6893;0.8999;0.875;0.5333;0.5714;0.8521;0.2459;0.9265;0.836;2.1;207
22/01/2026 10:01;mvtec_ad_2/wallplugs;patchcore;448x448;2;2;150;1;1;0.403;0.5252;0.75;0;0.0111;0.8132;0.0059;0.5298;0.3385;2.1;207
22/01/2026 10:04;mvtec_ad_2/walnuts;patchcore;448x448;2;2;150;1;1;0.7763;0.858;0.7791;0.3556;0.3778;0.9329;0.331;0.8523;0.5352;3;207
22/01/2026 10:07;mvtec_ad_2/can;reverse_distillation;448x448;2;2;162;1;301;0.6438;0.705;0.7672;0.1778;0.2111;0.7237;0.0001;0.614;0.3843;107.1;1750
22/01/2026 10:14;mvtec_ad_2/fabric;reverse_distillation;448x448;2;2;156;1;301;0.5742;0.6192;0.733;0.0222;0.0778;0.7632;0.038;0.6145;0.382;231.2;1750
22/01/2026 10:17;mvtec_ad_2/fruit_jelly;reverse_distillation;448x448;2;2;80;1;301;0.6475;0.8806;0.8571;0.4667;0.4667;0.8888;0.0658;0.7806;0.5495;110;1750
22/01/2026 10:23;mvtec_ad_2/rice;reverse_distillation;448x448;2;2;132;1;301;0.6399;0.8143;0.8108;0.2222;0.3778;0.7676;0.0445;0.4845;0.2992;241.1;1750
22/01/2026 10:29;mvtec_ad_2/sheet_metal;reverse_distillation;448x448;2;2;114;1;301;0.7236;0.9045;0.8955;0.1889;0.2222;0.75;0.1226;0.5533;0.3287;91.2;1750
22/01/2026 10:31;mvtec_ad_2/vial;reverse_distillation;448x448;2;2;140;1;301;0.3635;0.6755;0.8571;0;0.019;0.9265;0.2124;0.996;0.8346;65.2;1750
22/01/2026 10:34;mvtec_ad_2/wallplugs;reverse_distillation;448x448;2;2;150;1;301;0.5106;0.6304;0.7521;0.1333;0.1556;0.7813;0.0126;0.3753;0.2075;112.9;1750
22/01/2026 10:41;mvtec_ad_2/walnuts;reverse_distillation;448x448;2;2;150;1;301;0.7787;0.8597;0.8095;0.2778;0.6333;0.918;0.1708;0.8496;0.551;237.2;1750
22/01/2026 10:42;mvtec_ad_2/can;patchcore;448x448;2;2;162;2;1;0.429;0.4818;0.7143;0;0.0111;0.7068;0.0002;0.5606;0.4057;2.5;207
22/01/2026 10:45;mvtec_ad_2/fabric;patchcore;448x448;2;2;156;2;1;0.4461;0.5762;0.7317;0.0667;0.1111;0.6334;0.0314;0.4046;0.1606;2.9;207
22/01/2026 10:46;mvtec_ad_2/fruit_jelly;patchcore;448x448;2;2;80;2;1;0.8308;0.9494;0.8593;0.7167;0.7167;0.7795;0.1505;0.6423;0.5147;2.5;207
22/01/2026 10:48;mvtec_ad_2/rice;patchcore;448x448;2;2;132;2;1;0.6198;0.746;0.8108;0.0333;0.1111;0.7756;0.0561;0.4952;0.3005;3.4;207
22/01/2026 10:52;mvtec_ad_2/sheet_metal;patchcore;448x448;2;2;114;2;1;0.7343;0.9276;0.8824;0.4556;0.4889;0.7488;0.0408;0.4489;0.2514;2.4;207
22/01/2026 10:53;mvtec_ad_2/vial;patchcore;448x448;2;2;140;2;1;0.6106;0.8645;0.8571;0.3619;0.381;0.8252;0.2087;0.9089;0.7726;2.3;207
22/01/2026 10:55;mvtec_ad_2/wallplugs;patchcore;448x448;2;2;150;2;1;0.3889;0.5158;0.7595;0.0111;0.0333;0.7586;0.0041;0.5005;0.237;2.2;207
22/01/2026 10:58;mvtec_ad_2/walnuts;patchcore;448x448;2;2;150;2;1;0.6985;0.7952;0.7817;0.3111;0.3111;0.9199;0.2623;0.6935;0.381;3.5;207
22/01/2026 11:01;mvtec_ad_2/can;reverse_distillation;448x448;2;2;162;2;301;0.416;0.4749;0.7143;0;0;0.7752;0.0002;0.5741;0.4169;106.3;1750
22/01/2026 11:07;mvtec_ad_2/fabric;reverse_distillation;448x448;2;2;156;2;301;0.3779;0.5472;0.7317;0.0889;0.0889;0.6758;0.0246;0.4828;0.2618;231.4;1750
22/01/2026 11:10;mvtec_ad_2/fruit_jelly;reverse_distillation;448x448;2;2;80;2;301;0.6908;0.9018;0.8571;0.5333;0.55;0.8732;0.0833;0.8431;0.6317;106;1750
22/01/2026 11:16;mvtec_ad_2/rice;reverse_distillation;448x448;2;2;132;2;301;0.7101;0.838;0.8283;0.2889;0.3222;0.8286;0.1112;0.7068;0.4921;237.7;1750
22/01/2026 11:22;mvtec_ad_2/sheet_metal;reverse_distillation;448x448;2;2;114;2;301;0.7287;0.903;0.9091;0.1778;0.1778;0.783;0.0699;0.61;0.3554;86.7;1750
22/01/2026 11:24;mvtec_ad_2/vial;reverse_distillation;448x448;2;2;140;2;301;0.7113;0.8816;0.8624;0.2667;0.2667;0.9107;0.1862;0.9949;0.8814;65.9;1750
22/01/2026 11:27;mvtec_ad_2/wallplugs;reverse_distillation;448x448;2;2;150;2;301;0.4396;0.5605;0.75;0.0667;0.0889;0.7677;0.0093;0.4049;0.2061;112.9;1750
22/01/2026 11:34;mvtec_ad_2/walnuts;reverse_distillation;448x448;2;2;150;2;301;0.7381;0.8131;0.7674;0.1667;0.4;0.9267;0.181;0.8292;0.4938;231.7;1750
22/01/2026 11:36;mvtec_ad_2/can;patchcore;448x448;2;2;162;3;1;0.5142;0.6367;0.7171;0.1222;0.2889;0.7479;0.0002;0.7497;0.5828;2.1;207
22/01/2026 11:38;mvtec_ad_2/fabric;patchcore;448x448;2;2;156;3;1;0.3891;0.5753;0.7317;0.1222;0.1333;0.5646;0.0187;0.3307;0.1755;2.9;207
22/01/2026 11:40;mvtec_ad_2/fruit_jelly;patchcore;448x448;2;2;80;3;1;0.9408;0.9812;0.9256;0.8;0.85;0.7216;0.0963;0.5764;0.4378;2.6;207
22/01/2026 11:42;mvtec_ad_2/rice;patchcore;448x448;2;2;132;3;1;0.654;0.8245;0.8108;0.3111;0.3222;0.7833;0.0875;0.5459;0.3296;3.5;207
22/01/2026 11:46;mvtec_ad_2/sheet_metal;patchcore;448x448;2;2;114;3;1;0.8139;0.9455;0.9101;0.5444;0.5556;0.755;0.0352;0.5469;0.3644;2.5;207
22/01/2026 11:47;mvtec_ad_2/vial;patchcore;448x448;2;2;140;3;1;0.6735;0.8365;0.8824;0.0952;0.1143;0.8539;0.1815;0.9391;0.8496;1.8;207
22/01/2026 11:48;mvtec_ad_2/wallplugs;patchcore;448x448;2;2;150;3;1;0.398;0.5175;0.75;0.0222;0.0333;0.7619;0.0044;0.3274;0.1835;2.6;207
22/01/2026 11:51;mvtec_ad_2/walnuts;patchcore;448x448;2;2;150;3;1;0.678;0.8014;0.7627;0.3556;0.3889;0.9208;0.2182;0.7853;0.4281;2.9;207
22/01/2026 11:54;mvtec_ad_2/can;reverse_distillation;448x448;2;2;162;3;301;0.5941;0.5828;0.7699;0;0.0444;0.7806;0.0003;0.6954;0.4733;106.4;1750
22/01/2026 11:59;mvtec_ad_2/fabric;reverse_distillation;448x448;2;2;156;3;301;0.3875;0.5031;0.7317;0.0111;0.0222;0.5164;0.0265;0.4713;0.3088;220.7;1750
22/01/2026 12:03;mvtec_ad_2/fruit_jelly;reverse_distillation;448x448;2;2;80;3;301;0.8675;0.9571;0.8992;0.6667;0.6833;0.8754;0.0832;0.8147;0.5981;112.7;1750
22/01/2026 12:09;mvtec_ad_2/rice;reverse_distillation;448x448;2;2;132;3;301;0.7339;0.8591;0.8333;0.2667;0.3333;0.8367;0.124;0.6726;0.4657;231.3;1750
22/01/2026 12:14;mvtec_ad_2/sheet_metal;reverse_distillation;448x448;2;2;114;3;301;0.7213;0.9115;0.9091;0.4;0.4111;0.7094;0.0347;0.5635;0.3312;87;1750
22/01/2026 12:17;mvtec_ad_2/vial;reverse_distillation;448x448;2;2;140;3;301;0.64;0.8717;0.8571;0.3524;0.3619;0.8992;0.1771;0.9888;0.8629;61.4;1750
22/01/2026 12:20;mvtec_ad_2/wallplugs;reverse_distillation;448x448;2;2;150;3;301;0.587;0.6921;0.7965;0.1667;0.1778;0.7247;0.0069;0.3679;0.1992;104;1750
22/01/2026 12:27;mvtec_ad_2/walnuts;reverse_distillation;448x448;2;2;150;3;301;0.7654;0.7658;0.7929;0.0333;0.6;0.9047;0.123;0.8588;0.5335;233.2;1750
22/01/2026 12:28;mvtec_ad_2/can;patchcore;448x448;2;2;162;4;1;0.4438;0.4847;0.7386;0.0111;0.0333;0.7157;0.0001;0.6524;0.3987;2.1;207
22/01/2026 12:31;mvtec_ad_2/fabric;patchcore;448x448;2;2;156;4;1;0.6582;0.7296;0.7328;0.1556;0.2222;0.7203;0.0214;0.5248;0.3002;3.4;207
22/01/2026 12:32;mvtec_ad_2/fruit_jelly;patchcore;448x448;2;2;80;4;1;0.9308;0.9763;0.9256;0.7833;0.8;0.7897;0.153;0.6668;0.4776;2.1;207
22/01/2026 12:34;mvtec_ad_2/rice;patchcore;448x448;2;2;132;4;1;0.5987;0.7462;0.8108;0.0667;0.1556;0.787;0.0578;0.4752;0.3025;3.4;207
22/01/2026 12:38;mvtec_ad_2/sheet_metal;patchcore;448x448;2;2;114;4;1;0.5722;0.8794;0.8824;0.4222;0.4333;0.7485;0.0357;0.5041;0.3164;2.4;207
22/01/2026 12:39;mvtec_ad_2/vial;patchcore;448x448;2;2;140;4;1;0.56;0.7414;0.8571;0;0;0.7817;0.1614;0.9096;0.7615;2.3;207
22/01/2026 12:41;mvtec_ad_2/wallplugs;patchcore;448x448;2;2;150;4;1;0.4111;0.5335;0.7627;0.0111;0.0333;0.7893;0.0048;0.4961;0.2578;2.2;207
22/01/2026 12:44;mvtec_ad_2/walnuts;patchcore;448x448;2;2;150;4;1;0.6817;0.7726;0.7725;0.2222;0.2778;0.8817;0.2218;0.5505;0.3531;3.5;207
22/01/2026 12:47;mvtec_ad_2/can;reverse_distillation;448x448;2;2;162;4;301;0.3961;0.4783;0.7143;0;0.0444;0.8069;0.0002;0.7216;0.4976;106.2;1750
22/01/2026 12:53;mvtec_ad_2/fabric;reverse_distillation;448x448;2;2;156;4;301;0.5503;0.6135;0.75;0.0222;0.1556;0.6469;0.0332;0.5899;0.366;234.8;1750
22/01/2026 12:57;mvtec_ad_2/fruit_jelly;reverse_distillation;448x448;2;2;80;4;301;0.7425;0.8555;0.8955;0.0833;0.1167;0.8736;0.0702;0.8176;0.5965;108.6;1750
22/01/2026 13:03;mvtec_ad_2/rice;reverse_distillation;448x448;2;2;132;4;301;0.5704;0.7684;0.8108;0.1556;0.2778;0.7836;0.0713;0.5619;0.3923;240.7;1750
22/01/2026 13:08;mvtec_ad_2/sheet_metal;reverse_distillation;448x448;2;2;114;4;301;0.6727;0.882;0.9091;0.2444;0.2444;0.7811;0.0737;0.6233;0.407;87.8;1750
22/01/2026 13:10;mvtec_ad_2/vial;reverse_distillation;448x448;2;2;140;4;301;0.394;0.687;0.8571;0;0;0.8551;0.1242;0.9803;0.8065;63.1;1750
22/01/2026 13:13;mvtec_ad_2/wallplugs;reverse_distillation;448x448;2;2;150;4;301;0.555;0.6418;0.75;0.0556;0.1556;0.7927;0.0102;0.4392;0.2574;108.9;1750
22/01/2026 13:20;mvtec_ad_2/walnuts;reverse_distillation;448x448;2;2;150;4;301;0.5354;0.607;0.75;0.0333;0.0667;0.8952;0.139;0.6668;0.4176;227.1;1750
22/01/2026 13:22;mvtec_ad_2/can;patchcore;448x448;5;5;162;0;1;0.4599;0.5195;0.7229;0.0111;0.0556;0.7223;0.0003;0.48;0.3484;4.4;631
22/01/2026 13:24;mvtec_ad_2/fabric;patchcore;448x448;5;5;156;0;1;0.6391;0.7426;0.7531;0.2222;0.2444;0.7421;0.0228;0.5627;0.3732;5.7;454
22/01/2026 13:26;mvtec_ad_2/fruit_jelly;patchcore;448x448;5;5;80;0;1;0.89;0.9643;0.9008;0.6833;0.7333;0.7579;0.1355;0.5496;0.4226;3.5;454
22/01/2026 13:28;mvtec_ad_2/rice;patchcore;448x448;5;5;132;0;1;0.5532;0.7375;0.8182;0.0667;0.1667;0.7816;0.0736;0.4615;0.2837;5.7;454
22/01/2026 13:32;mvtec_ad_2/sheet_metal;patchcore;448x448;5;5;114;0;1;0.7352;0.9286;0.8824;0.5111;0.5111;0.7639;0.0426;0.4972;0.3157;3.3;454
22/01/2026 13:33;mvtec_ad_2/vial;patchcore;448x448;5;5;140;0;1;0.8231;0.9393;0.8861;0.5619;0.5619;0.795;0.242;0.9171;0.8008;2.8;454
22/01/2026 13:35;mvtec_ad_2/wallplugs;patchcore;448x448;5;5;150;0;1;0.412;0.5241;0.75;0.0111;0.0333;0.8041;0.0061;0.4344;0.2577;3.5;454
22/01/2026 13:38;mvtec_ad_2/walnuts;patchcore;448x448;5;5;150;0;1;0.7228;0.8214;0.7755;0.3222;0.4333;0.9211;0.2492;0.6189;0.385;5.5;454
22/01/2026 13:43;mvtec_ad_2/can;reverse_distillation;448x448;5;5;162;0;301;0.6128;0.7063;0.7407;0.2;0.3444;0.7686;0.0005;0.5071;0.2952;227.2;2705
22/01/2026 13:54;mvtec_ad_2/fabric;reverse_distillation;448x448;5;5;156;0;301;0.7054;0.7775;0.7611;0.2444;0.3111;0.7093;0.0447;0.6893;0.4498;541.9;2706
22/01/2026 14:00;mvtec_ad_2/fruit_jelly;reverse_distillation;448x448;5;5;80;0;301;0.8192;0.9211;0.9167;0.3167;0.3167;0.8788;0.0885;0.8146;0.665;235.8;2706
22/01/2026 14:10;mvtec_ad_2/rice;reverse_distillation;448x448;5;5;132;0;301;0.5246;0.7017;0.8357;0.0556;0.0556;0.7919;0.0779;0.5765;0.4109;535.7;2706
22/01/2026 14:18;mvtec_ad_2/sheet_metal;reverse_distillation;448x448;5;5;114;0;301;0.6593;0.8878;0.9091;0.2667;0.2667;0.7719;0.0423;0.5356;0.2939;190.6;2706
22/01/2026 14:21;mvtec_ad_2/vial;reverse_distillation;448x448;5;5;140;0;301;0.4732;0.7315;0.8776;0.0667;0.0857;0.853;0.1937;0.9739;0.7751;118.7;2706
22/01/2026 14:26;mvtec_ad_2/wallplugs;reverse_distillation;448x448;5;5;150;0;301;0.5243;0.6645;0.7595;0.1222;0.2111;0.7715;0.005;0.4245;0.192;243.2;2706
22/01/2026 14:39;mvtec_ad_2/walnuts;reverse_distillation;448x448;5;5;150;0;301;0.6769;0.7505;0.7778;0.2222;0.2333;0.9218;0.1932;0.7831;0.5147;541.8;2706
22/01/2026 14:40;mvtec_ad_2/can;patchcore;448x448;5;5;162;1;1;0.5457;0.6298;0.7287;0.1444;0.2556;0.7069;0.0001;0.6667;0.4117;3.4;454
22/01/2026 14:42;mvtec_ad_2/fabric;patchcore;448x448;5;5;156;1;1;0.5672;0.617;0.787;0.0667;0.0667;0.7541;0.0304;0.6093;0.3197;5.5;454
22/01/2026 14:44;mvtec_ad_2/fruit_jelly;patchcore;448x448;5;5;80;1;1;0.875;0.9613;0.887;0.7;0.75;0.7448;0.1319;0.5372;0.411;3.5;454
22/01/2026 14:46;mvtec_ad_2/rice;patchcore;448x448;5;5;132;1;1;0.6307;0.7576;0.8182;0.0556;0.1;0.7735;0.0611;0.4885;0.2988;5.8;454
22/01/2026 14:50;mvtec_ad_2/sheet_metal;patchcore;448x448;5;5;114;1;1;0.7116;0.9159;0.8824;0.3667;0.4556;0.7619;0.0416;0.4915;0.3202;3.2;454
22/01/2026 14:51;mvtec_ad_2/vial;patchcore;448x448;5;5;140;1;1;0.8819;0.9536;0.9286;0.4;0.5714;0.8375;0.2705;0.9083;0.7838;2.7;454
22/01/2026 14:53;mvtec_ad_2/wallplugs;patchcore;448x448;5;5;150;1;1;0.4198;0.5297;0.75;0;0.0222;0.7855;0.0057;0.4448;0.2582;3.6;454
22/01/2026 14:56;mvtec_ad_2/walnuts;patchcore;448x448;5;5;150;1;1;0.8163;0.889;0.8021;0.5667;0.6111;0.9365;0.3549;0.7458;0.4711;5.3;454
22/01/2026 15:01;mvtec_ad_2/can;reverse_distillation;448x448;5;5;162;1;301;0.6099;0.6655;0.75;0.1222;0.2333;0.6952;0.0018;0.6194;0.332;222.9;2706
22/01/2026 15:12;mvtec_ad_2/fabric;reverse_distillation;448x448;5;5;156;1;301;0.7322;0.7305;0.8241;0.1;0.1222;0.6778;0.0404;0.6043;0.3871;541.3;2706
22/01/2026 15:18;mvtec_ad_2/fruit_jelly;reverse_distillation;448x448;5;5;80;1;301;0.8575;0.9588;0.8772;0.7667;0.8;0.8741;0.0967;0.8384;0.6455;240.2;2706
22/01/2026 15:30;mvtec_ad_2/rice;reverse_distillation;448x448;5;5;132;1;301;0.6656;0.8173;0.819;0.1778;0.2556;0.8087;0.1006;0.5573;0.4221;554;2706
22/01/2026 15:37;mvtec_ad_2/sheet_metal;reverse_distillation;448x448;5;5;114;1;301;0.6324;0.8592;0.9137;0.1556;0.1556;0.8096;0.0955;0.5774;0.3168;182.7;2706
22/01/2026 15:40;mvtec_ad_2/vial;reverse_distillation;448x448;5;5;140;1;301;0.7668;0.9107;0.8714;0.3524;0.3714;0.9118;0.2553;0.9897;0.8758;121.5;2706
22/01/2026 15:45;mvtec_ad_2/wallplugs;reverse_distillation;448x448;5;5;150;1;301;0.3385;0.499;0.75;0.0111;0.0222;0.7628;0.0068;0.376;0.2402;233.2;2706
22/01/2026 15:58;mvtec_ad_2/walnuts;reverse_distillation;448x448;5;5;150;1;301;0.8365;0.8981;0.8442;0.5333;0.5889;0.9355;0.2851;0.8162;0.5646;541.5;2706
22/01/2026 15:59;mvtec_ad_2/can;patchcore;448x448;5;5;162;2;1;0.565;0.6439;0.7177;0.0556;0.2;0.6081;0.0001;0.3183;0.1914;3.4;454
22/01/2026 16:01;mvtec_ad_2/fabric;patchcore;448x448;5;5;156;2;1;0.6039;0.722;0.7317;0.1667;0.2333;0.6986;0.0438;0.5019;0.2819;5.6;454
22/01/2026 16:03;mvtec_ad_2/fruit_jelly;patchcore;448x448;5;5;80;2;1;0.9575;0.9854;0.9508;0.8167;0.9;0.7558;0.1577;0.6575;0.4524;3.3;454
22/01/2026 16:05;mvtec_ad_2/rice;patchcore;448x448;5;5;132;2;1;0.5817;0.7491;0.8108;0.0889;0.1556;0.7758;0.0594;0.5228;0.3103;5.2;454
22/01/2026 16:08;mvtec_ad_2/sheet_metal;patchcore;448x448;5;5;114;2;1;0.7778;0.9406;0.8824;0.5333;0.5889;0.7626;0.0453;0.5075;0.3415;3.1;454
22/01/2026 16:09;mvtec_ad_2/vial;patchcore;448x448;5;5;140;2;1;0.8324;0.9448;0.8824;0.6095;0.619;0.7796;0.2144;0.8883;0.7569;2.7;454
22/01/2026 16:10;mvtec_ad_2/wallplugs;patchcore;448x448;5;5;150;2;1;0.4044;0.5225;0.75;0;0.0333;0.7698;0.0048;0.3902;0.1925;3.5;454
22/01/2026 16:13;mvtec_ad_2/walnuts;patchcore;448x448;5;5;150;2;1;0.7815;0.8677;0.8023;0.4111;0.4889;0.9326;0.3387;0.7233;0.4557;5.2;454
22/01/2026 16:18;mvtec_ad_2/can;reverse_distillation;448x448;5;5;162;2;301;0.5079;0.5741;0.7143;0.0556;0.0778;0.7241;0.0008;0.5242;0.2193;222.8;2706
22/01/2026 16:29;mvtec_ad_2/fabric;reverse_distillation;448x448;5;5;156;2;301;0.2845;0.5204;0.7317;0.0889;0.1;0.6545;0.0443;0.5449;0.3936;536.4;2706
22/01/2026 16:35;mvtec_ad_2/fruit_jelly;reverse_distillation;448x448;5;5;80;2;301;0.7708;0.9169;0.8769;0.4333;0.4833;0.858;0.0733;0.7993;0.6037;224.6;2706
22/01/2026 16:46;mvtec_ad_2/rice;reverse_distillation;448x448;5;5;132;2;301;0.6021;0.7819;0.8108;0.1778;0.2556;0.8251;0.0942;0.5638;0.4339;562.4;2706
22/01/2026 16:53;mvtec_ad_2/sheet_metal;reverse_distillation;448x448;5;5;114;2;301;0.844;0.9446;0.9255;0.3;0.3111;0.8417;0.1374;0.6479;0.4086;185.4;2706
22/01/2026 16:56;mvtec_ad_2/vial;reverse_distillation;448x448;5;5;140;2;301;0.7075;0.8956;0.875;0.381;0.3905;0.8717;0.2283;0.9794;0.86;121.7;2706
22/01/2026 17:01;mvtec_ad_2/wallplugs;reverse_distillation;448x448;5;5;150;2;301;0.3117;0.4927;0.75;0.0222;0.0444;0.8035;0.0097;0.3333;0.1773;237.3;2706
22/01/2026 17:13;mvtec_ad_2/walnuts;reverse_distillation;448x448;5;5;150;2;301;0.7761;0.8388;0.8042;0.2556;0.4;0.9348;0.2695;0.8385;0.5865;541.1;2706
22/01/2026 17:15;mvtec_ad_2/can;patchcore;448x448;5;5;162;3;1;0.5728;0.6384;0.7258;0.0778;0.1222;0.7635;0.0002;0.56;0.4482;3.4;454
22/01/2026 17:17;mvtec_ad_2/fabric;patchcore;448x448;5;5;156;3;1;0.5753;0.6526;0.75;0.1222;0.1444;0.607;0.0255;0.3799;0.2094;5.5;454
22/01/2026 17:19;mvtec_ad_2/fruit_jelly;patchcore;448x448;5;5;80;3;1;0.9475;0.9841;0.9333;0.8333;0.8667;0.7377;0.1316;0.5931;0.458;3.6;454
22/01/2026 17:21;mvtec_ad_2/rice;patchcore;448x448;5;5;132;3;1;0.6241;0.784;0.8108;0.1556;0.2;0.7882;0.087;0.5251;0.3271;5.6;454
22/01/2026 17:25;mvtec_ad_2/sheet_metal;patchcore;448x448;5;5;114;3;1;0.7745;0.9342;0.8958;0.4889;0.4889;0.7518;0.0409;0.5174;0.3223;3.1;454
22/01/2026 17:26;mvtec_ad_2/vial;patchcore;448x448;5;5;140;3;1;0.8639;0.9509;0.9043;0.5429;0.5619;0.8085;0.2356;0.9251;0.827;2.9;454
22/01/2026 17:28;mvtec_ad_2/wallplugs;patchcore;448x448;5;5;150;3;1;0.4159;0.5272;0.75;0;0.0333;0.7996;0.0058;0.3906;0.2366;3.5;454
22/01/2026 17:30;mvtec_ad_2/walnuts;patchcore;448x448;5;5;150;3;1;0.7141;0.8238;0.7598;0.3778;0.4667;0.9252;0.3014;0.6669;0.4118;5.6;454
22/01/2026 17:36;mvtec_ad_2/can;reverse_distillation;448x448;5;5;162;3;301;0.6245;0.6619;0.7531;0.0778;0.1444;0.7505;0.0003;0.508;0.3132;226.2;2706
22/01/2026 17:47;mvtec_ad_2/fabric;reverse_distillation;448x448;5;5;156;3;301;0.4125;0.548;0.7317;0.0444;0.0556;0.5098;0.0227;0.5708;0.3429;538.9;2706
22/01/2026 17:53;mvtec_ad_2/fruit_jelly;reverse_distillation;448x448;5;5;80;3;301;0.8717;0.9541;0.9076;0.4667;0.7667;0.8819;0.1078;0.8074;0.6244;239.9;2706
22/01/2026 18:04;mvtec_ad_2/rice;reverse_distillation;448x448;5;5;132;3;301;0.6066;0.7692;0.8257;0.1222;0.2111;0.8106;0.1114;0.6169;0.4452;562.4;2706
22/01/2026 18:10;mvtec_ad_2/sheet_metal;reverse_distillation;448x448;5;5;114;3;301;0.6662;0.8634;0.9091;0.1111;0.1111;0.8146;0.076;0.624;0.3779;183.8;2706
22/01/2026 18:13;mvtec_ad_2/vial;reverse_distillation;448x448;5;5;140;3;301;0.6996;0.8247;0.8692;0.0381;0.0667;0.8773;0.2007;0.9788;0.7927;115.6;2706
22/01/2026 18:18;mvtec_ad_2/wallplugs;reverse_distillation;448x448;5;5;150;3;301;0.5031;0.5771;0.7563;0.0111;0.0333;0.7918;0.0075;0.364;0.2038;238;2706
22/01/2026 18:30;mvtec_ad_2/walnuts;reverse_distillation;448x448;5;5;150;3;301;0.7539;0.8141;0.7895;0.2;0.2778;0.9253;0.229;0.8673;0.5867;521.2;2706
22/01/2026 18:32;mvtec_ad_2/can;patchcore;448x448;5;5;162;4;1;0.6363;0.6641;0.7639;0.1;0.2111;0.7293;0.0002;0.72;0.5867;3.5;454
22/01/2026 18:34;mvtec_ad_2/fabric;patchcore;448x448;5;5;156;4;1;0.4997;0.6404;0.7317;0.1667;0.1778;0.6647;0.0327;0.3603;0.1879;5.6;454
22/01/2026 18:36;mvtec_ad_2/fruit_jelly;patchcore;448x448;5;5;80;4;1;0.89;0.9638;0.9091;0.7;0.7167;0.7383;0.1288;0.599;0.4548;3.5;454
22/01/2026 18:38;mvtec_ad_2/rice;patchcore;448x448;5;5;132;4;1;0.6116;0.7363;0.8276;0.0444;0.1111;0.7929;0.0568;0.4967;0.2886;5.1;454
22/01/2026 18:42;mvtec_ad_2/sheet_metal;patchcore;448x448;5;5;114;4;1;0.788;0.9399;0.8923;0.4778;0.4778;0.7641;0.0388;0.5191;0.3395;3.1;454
22/01/2026 18:43;mvtec_ad_2/vial;patchcore;448x448;5;5;140;4;1;0.7037;0.8794;0.8571;0.2381;0.3048;0.7775;0.1747;0.8982;0.7281;2.7;454
22/01/2026 18:45;mvtec_ad_2/wallplugs;patchcore;448x448;5;5;150;4;1;0.4148;0.5239;0.7595;0;0.0222;0.8091;0.0056;0.4755;0.2646;3.4;454
22/01/2026 18:48;mvtec_ad_2/walnuts;patchcore;448x448;5;5;150;4;1;0.7022;0.7876;0.7876;0.2778;0.2778;0.9241;0.3038;0.74;0.4459;5.5;454
22/01/2026 18:53;mvtec_ad_2/can;reverse_distillation;448x448;5;5;162;4;301;0.4724;0.5612;0.7236;0.0778;0.1;0.7695;0.0008;0.6612;0.457;224.9;2706
22/01/2026 19:05;mvtec_ad_2/fabric;reverse_distillation;448x448;5;5;156;4;301;0.3906;0.5749;0.7377;0.1111;0.1556;0.6321;0.0432;0.6142;0.3572;535.8;2706
22/01/2026 19:10;mvtec_ad_2/fruit_jelly;reverse_distillation;448x448;5;5;80;4;301;0.8642;0.9583;0.896;0.7333;0.75;0.8738;0.0998;0.8355;0.645;233.9;2706
22/01/2026 19:21;mvtec_ad_2/rice;reverse_distillation;448x448;5;5;132;4;301;0.5561;0.7567;0.8257;0.1111;0.2;0.8221;0.1008;0.5386;0.4012;559;2706
22/01/2026 19:28;mvtec_ad_2/sheet_metal;reverse_distillation;448x448;5;5;114;4;301;0.6176;0.8581;0.9091;0.1556;0.1556;0.7551;0.0344;0.6023;0.3276;183.5;2706
22/01/2026 19:32;mvtec_ad_2/vial;reverse_distillation;448x448;5;5;140;4;301;0.7793;0.9157;0.8624;0.3619;0.3619;0.8441;0.1762;0.9609;0.8642;118.1;2706
22/01/2026 19:37;mvtec_ad_2/wallplugs;reverse_distillation;448x448;5;5;150;4;301;0.4839;0.6169;0.75;0.1;0.1;0.7998;0.0077;0.3756;0.2102;240.1;2706
22/01/2026 19:49;mvtec_ad_2/walnuts;reverse_distillation;448x448;5;5;150;4;301;0.6885;0.7645;0.7798;0.1556;0.2444;0.9233;0.2183;0.8555;0.578;533.2;2706
22/01/2026 19:51;mvtec_ad_2/can;patchcore;448x448;10;10;162;0;1;0.5006;0.5773;0.7229;0.0667;0.1;0.7072;0.0002;0.4922;0.3353;5.9;965
22/01/2026 19:53;mvtec_ad_2/fabric;patchcore;448x448;10;10;156;0;1;0.6781;0.7759;0.7317;0.2667;0.2667;0.8139;0.0426;0.6599;0.4952;10.3;965
22/01/2026 19:55;mvtec_ad_2/fruit_jelly;patchcore;448x448;10;10;80;0;1;0.845;0.9458;0.9062;0.5667;0.6;0.7463;0.1288;0.5465;0.3861;6.2;965
22/01/2026 19:57;mvtec_ad_2/rice;patchcore;448x448;10;10;132;0;1;0.6286;0.7964;0.8108;0.2;0.2889;0.7825;0.0858;0.5372;0.3395;9.4;965
22/01/2026 20:01;mvtec_ad_2/sheet_metal;patchcore;448x448;10;10;114;0;1;0.7144;0.9151;0.8856;0.3889;0.4;0.7768;0.054;0.4769;0.2968;5.5;965
22/01/2026 20:02;mvtec_ad_2/vial;patchcore;448x448;10;10;140;0;1;0.905;0.9677;0.9252;0.6381;0.6667;0.7625;0.208;0.8988;0.7757;4.5;965
22/01/2026 20:04;mvtec_ad_2/wallplugs;patchcore;448x448;10;10;150;0;1;0.425;0.5293;0.7792;0;0.0333;0.7972;0.0059;0.413;0.2292;6;965
22/01/2026 20:07;mvtec_ad_2/walnuts;patchcore;448x448;10;10;150;0;1;0.7163;0.8082;0.7835;0.3111;0.3556;0.9231;0.2455;0.6327;0.3684;10.1;965
22/01/2026 20:16;mvtec_ad_2/can;reverse_distillation;448x448;10;10;162;0;301;0.5929;0.6669;0.72;0.1556;0.2;0.7159;0.0002;0.49;0.2845;453.7;3671
22/01/2026 20:36;mvtec_ad_2/fabric;reverse_distillation;448x448;10;10;156;0;301;0.6874;0.7524;0.7478;0.1556;0.2444;0.6886;0.0504;0.7259;0.4636;1081.9;3668
22/01/2026 20:46;mvtec_ad_2/fruit_jelly;reverse_distillation;448x448;10;10;80;0;301;0.7983;0.9134;0.8926;0.2833;0.2833;0.8436;0.0933;0.7775;0.6352;465.1;3668
22/01/2026 21:07;mvtec_ad_2/rice;reverse_distillation;448x448;10;10;132;0;301;0.6034;0.7242;0.8182;0.0333;0.0556;0.7707;0.0743;0.5126;0.3713;1143.2;3668
22/01/2026 21:17;mvtec_ad_2/sheet_metal;reverse_distillation;448x448;10;10;114;0;301;0.788;0.9336;0.8955;0.3778;0.3778;0.8483;0.1552;0.5759;0.3464;376.7;3668
22/01/2026 21:22;mvtec_ad_2/vial;reverse_distillation;448x448;10;10;140;0;301;0.5586;0.7829;0.8655;0.0667;0.1333;0.8632;0.1939;0.9778;0.8489;233;3668
22/01/2026 21:32;mvtec_ad_2/wallplugs;reverse_distillation;448x448;10;10;150;0;301;0.3841;0.5257;0.75;0.0111;0.0222;0.7788;0.0051;0.4981;0.2363;476.7;3668
22/01/2026 21:53;mvtec_ad_2/walnuts;reverse_distillation;448x448;10;10;150;0;301;0.6139;0.6894;0.7945;0.1778;0.2111;0.9146;0.2063;0.8382;0.5332;1135.2;3668
22/01/2026 21:55;mvtec_ad_2/can;patchcore;448x448;10;10;162;1;1;0.625;0.6463;0.7364;0.0889;0.1556;0.7;0.0001;0.48;0.347;5.9;965
22/01/2026 21:57;mvtec_ad_2/fabric;patchcore;448x448;10;10;156;1;1;0.4949;0.6139;0.7317;0.1333;0.1333;0.7374;0.0343;0.4648;0.2189;10.2;965
22/01/2026 21:59;mvtec_ad_2/fruit_jelly;patchcore;448x448;10;10;80;1;1;0.8225;0.9418;0.8769;0.6;0.6;0.7416;0.1136;0.5567;0.4105;6;965
22/01/2026 22:01;mvtec_ad_2/rice;patchcore;448x448;10;10;132;1;1;0.5683;0.7221;0.8108;0.0444;0.0667;0.7852;0.0736;0.4555;0.2675;10.3;965
22/01/2026 22:05;mvtec_ad_2/sheet_metal;patchcore;448x448;10;10;114;1;1;0.8264;0.9563;0.8867;0.6889;0.7;0.7808;0.056;0.4719;0.2909;5.5;965
22/01/2026 22:06;mvtec_ad_2/vial;patchcore;448x448;10;10;140;1;1;0.9929;0.9977;0.9761;0.9524;0.9714;0.8018;0.224;0.9065;0.7827;4.5;965
22/01/2026 22:08;mvtec_ad_2/wallplugs;patchcore;448x448;10;10;150;1;1;0.4246;0.533;0.75;0.0222;0.0222;0.7823;0.0046;0.4214;0.219;6.1;965
22/01/2026 22:11;mvtec_ad_2/walnuts;patchcore;448x448;10;10;150;1;1;0.7859;0.8684;0.7876;0.5111;0.5556;0.9332;0.3301;0.69;0.4389;10;965
22/01/2026 22:20;mvtec_ad_2/can;reverse_distillation;448x448;10;10;162;1;301;0.5554;0.5794;0.75;0;0.1556;0.7085;0.0012;0.5611;0.3003;450.7;3668
22/01/2026 22:41;mvtec_ad_2/fabric;reverse_distillation;448x448;10;10;156;1;301;0.619;0.6821;0.7463;0.0778;0.1889;0.6767;0.0665;0.5462;0.3381;1119.8;3668
22/01/2026 22:50;mvtec_ad_2/fruit_jelly;reverse_distillation;448x448;10;10;80;1;301;0.74;0.9164;0.8571;0.5333;0.5667;0.8633;0.1407;0.8051;0.6011;466.3;3668
22/01/2026 23:11;mvtec_ad_2/rice;reverse_distillation;448x448;10;10;132;1;301;0.5971;0.7991;0.8128;0.2889;0.2889;0.7355;0.0933;0.3953;0.2409;1141.9;3668
22/01/2026 23:21;mvtec_ad_2/sheet_metal;reverse_distillation;448x448;10;10;114;1;301;0.862;0.9528;0.9271;0.3444;0.3444;0.8428;0.2314;0.6106;0.3896;387.8;3668
22/01/2026 23:26;mvtec_ad_2/vial;reverse_distillation;448x448;10;10;140;1;301;0.8751;0.9571;0.9174;0.5143;0.5524;0.8951;0.2767;0.9831;0.9033;235.6;3668
22/01/2026 23:35;mvtec_ad_2/wallplugs;reverse_distillation;448x448;10;10;150;1;301;0.2994;0.4873;0.75;0.0222;0.0222;0.7564;0.0046;0.4562;0.2278;457.4;3668
22/01/2026 23:57;mvtec_ad_2/walnuts;reverse_distillation;448x448;10;10;150;1;301;0.7328;0.8281;0.789;0.3889;0.4333;0.9207;0.3007;0.7886;0.519;1125.3;3668
22/01/2026 23:59;mvtec_ad_2/can;patchcore;448x448;10;10;162;2;1;0.4944;0.576;0.7229;0.0667;0.1111;0.6266;0.0001;0.2875;0.1993;5.9;965
23/01/2026 0:01;mvtec_ad_2/fabric;patchcore;448x448;10;10;156;2;1;0.704;0.8011;0.7489;0.3111;0.4222;0.6849;0.044;0.6199;0.3134;9.2;965
23/01/2026 0:03;mvtec_ad_2/fruit_jelly;patchcore;448x448;10;10;80;2;1;0.915;0.9696;0.9302;0.6333;0.6833;0.7231;0.1152;0.5488;0.3536;5.5;965
23/01/2026 0:05;mvtec_ad_2/rice;patchcore;448x448;10;10;132;2;1;0.6241;0.783;0.8128;0.1556;0.2;0.7733;0.0653;0.4895;0.3113;10.5;965
23/01/2026 0:08;mvtec_ad_2/sheet_metal;patchcore;448x448;10;10;114;2;1;0.787;0.9427;0.8824;0.5667;0.6111;0.7672;0.0475;0.51;0.3498;5;965
23/01/2026 0:09;mvtec_ad_2/vial;patchcore;448x448;10;10;140;2;1;0.7709;0.9201;0.8936;0.4762;0.5048;0.7425;0.1875;0.8809;0.7062;4.7;965
23/01/2026 0:10;mvtec_ad_2/wallplugs;patchcore;448x448;10;10;150;2;1;0.3957;0.5173;0.75;0;0.0222;0.7852;0.0057;0.3911;0.2157;5.5;965
23/01/2026 0:13;mvtec_ad_2/walnuts;patchcore;448x448;10;10;150;2;1;0.7576;0.8518;0.78;0.4556;0.4667;0.913;0.3247;0.6257;0.3581;9.2;965
23/01/2026 0:22;mvtec_ad_2/can;reverse_distillation;448x448;10;10;162;2;301;0.5247;0.5759;0.7281;0.0444;0.0444;0.7127;0.0003;0.3478;0.2435;446.2;3668
23/01/2026 0:43;mvtec_ad_2/fabric;reverse_distillation;448x448;10;10;156;2;301;0.418;0.5501;0.7377;0.0444;0.1111;0.6425;0.0342;0.7055;0.3947;1113.8;3668
23/01/2026 0:52;mvtec_ad_2/fruit_jelly;reverse_distillation;448x448;10;10;80;2;301;0.7367;0.8621;0.8889;0.1167;0.2;0.8234;0.0811;0.768;0.6278;452.8;3668
23/01/2026 1:13;mvtec_ad_2/rice;reverse_distillation;448x448;10;10;132;2;301;0.5053;0.6936;0.8108;0.0222;0.0556;0.7526;0.0364;0.3942;0.2324;1146.6;3668
23/01/2026 1:24;mvtec_ad_2/sheet_metal;reverse_distillation;448x448;10;10;114;2;301;0.7463;0.9217;0.9045;0.3;0.3778;0.825;0.1515;0.5933;0.3668;377.7;3668
23/01/2026 1:29;mvtec_ad_2/vial;reverse_distillation;448x448;10;10;140;2;301;0.6574;0.8836;0.8571;0.419;0.4286;0.8327;0.253;0.9615;0.8709;241;3668
23/01/2026 1:38;mvtec_ad_2/wallplugs;reverse_distillation;448x448;10;10;150;2;301;0.3685;0.5312;0.75;0.0333;0.0444;0.7547;0.0049;0.3698;0.1762;453.8;3668
23/01/2026 2:00;mvtec_ad_2/walnuts;reverse_distillation;448x448;10;10;150;2;301;0.7257;0.7828;0.8093;0.3111;0.3556;0.9228;0.276;0.8857;0.6488;1116.6;3668
23/01/2026 2:01;mvtec_ad_2/can;patchcore;448x448;10;10;162;3;1;0.5747;0.629;0.7229;0.0667;0.1111;0.7298;0.0002;0.5121;0.3686;5.8;965
23/01/2026 2:04;mvtec_ad_2/fabric;patchcore;448x448;10;10;156;3;1;0.5584;0.6461;0.75;0.0889;0.1222;0.6524;0.0325;0.3837;0.1916;10;965
23/01/2026 2:05;mvtec_ad_2/fruit_jelly;patchcore;448x448;10;10;80;3;1;0.8975;0.9653;0.9048;0.6667;0.7;0.7352;0.1446;0.5638;0.4187;6.1;965
23/01/2026 2:07;mvtec_ad_2/rice;patchcore;448x448;10;10;132;3;1;0.6005;0.7658;0.8108;0.1556;0.1778;0.7773;0.0973;0.491;0.3055;10.4;965
23/01/2026 2:11;mvtec_ad_2/sheet_metal;patchcore;448x448;10;10;114;3;1;0.725;0.9234;0.8911;0.5;0.5;0.7682;0.0453;0.5239;0.3388;5.5;965
23/01/2026 2:13;mvtec_ad_2/vial;patchcore;448x448;10;10;140;3;1;0.9399;0.9805;0.9378;0.7143;0.7905;0.7916;0.2417;0.8978;0.7641;4.7;965
23/01/2026 2:14;mvtec_ad_2/wallplugs;patchcore;448x448;10;10;150;3;1;0.3887;0.5186;0.75;0;0;0.8263;0.0067;0.4335;0.2723;6.2;965
23/01/2026 2:17;mvtec_ad_2/walnuts;patchcore;448x448;10;10;150;3;1;0.747;0.8313;0.8;0.3556;0.4222;0.9175;0.3105;0.6937;0.4171;9.4;965
23/01/2026 2:26;mvtec_ad_2/can;reverse_distillation;448x448;10;10;162;3;301;0.4841;0.5982;0.7258;0.1222;0.1778;0.7596;0.0002;0.4666;0.2615;450.1;3668
23/01/2026 2:47;mvtec_ad_2/fabric;reverse_distillation;448x448;10;10;156;3;301;0.3907;0.5578;0.7317;0.0556;0.0667;0.5452;0.0213;0.6457;0.3758;1105.7;3668
23/01/2026 2:57;mvtec_ad_2/fruit_jelly;reverse_distillation;448x448;10;10;80;3;301;0.7242;0.9121;0.8571;0.5667;0.5833;0.7877;0.0696;0.5827;0.3575;460.4;3668
23/01/2026 3:18;mvtec_ad_2/rice;reverse_distillation;448x448;10;10;132;3;301;0.5638;0.7624;0.8108;0.1889;0.2;0.7832;0.0971;0.5567;0.4118;1139.1;3668
23/01/2026 3:28;mvtec_ad_2/sheet_metal;reverse_distillation;448x448;10;10;114;3;301;0.7801;0.9194;0.8984;0.1889;0.1889;0.8469;0.2383;0.5758;0.3402;378;3668
23/01/2026 3:33;mvtec_ad_2/vial;reverse_distillation;448x448;10;10;140;3;301;0.554;0.8076;0.8824;0.1714;0.1905;0.8657;0.1718;0.9768;0.8359;234.7;3668
23/01/2026 3:42;mvtec_ad_2/wallplugs;reverse_distillation;448x448;10;10;150;3;301;0.3607;0.5154;0.75;0.0222;0.0222;0.7852;0.0055;0.4417;0.218;472.4;3668
23/01/2026 4:03;mvtec_ad_2/walnuts;reverse_distillation;448x448;10;10;150;3;301;0.6933;0.7767;0.785;0.2667;0.3778;0.9236;0.2612;0.8564;0.6179;1076.6;3668
23/01/2026 4:05;mvtec_ad_2/can;patchcore;448x448;10;10;162;4;1;0.5397;0.6102;0.7143;0.0778;0.1;0.7319;0.0002;0.7267;0.4953;5.9;965
23/01/2026 4:08;mvtec_ad_2/fabric;patchcore;448x448;10;10;156;4;1;0.6497;0.7495;0.7317;0.1889;0.3222;0.7143;0.04;0.5335;0.3006;10.3;965
23/01/2026 4:10;mvtec_ad_2/fruit_jelly;patchcore;448x448;10;10;80;4;1;0.7975;0.9304;0.8955;0.5333;0.55;0.7435;0.134;0.5491;0.4041;6.1;965
23/01/2026 4:12;mvtec_ad_2/rice;patchcore;448x448;10;10;132;4;1;0.6024;0.7617;0.8108;0.1444;0.1556;0.7755;0.0622;0.5068;0.3138;10.5;965
23/01/2026 4:16;mvtec_ad_2/sheet_metal;patchcore;448x448;10;10;114;4;1;0.8065;0.9436;0.898;0.4222;0.4222;0.7762;0.0462;0.4854;0.2973;5.5;965
23/01/2026 4:17;mvtec_ad_2/vial;patchcore;448x448;10;10;140;4;1;0.7556;0.8965;0.9041;0.2667;0.3524;0.7564;0.1812;0.8942;0.715;4.7;965
23/01/2026 4:18;mvtec_ad_2/wallplugs;patchcore;448x448;10;10;150;4;1;0.4496;0.5341;0.7792;0;0.0333;0.8069;0.0059;0.473;0.2828;5.7;965
23/01/2026 4:22;mvtec_ad_2/walnuts;patchcore;448x448;10;10;150;4;1;0.7402;0.8255;0.8081;0.4;0.4444;0.9233;0.313;0.7116;0.3876;10.1;965
23/01/2026 4:31;mvtec_ad_2/can;reverse_distillation;448x448;10;10;162;4;301;0.5977;0.6322;0.7652;0.0889;0.1444;0.749;0.0004;0.6767;0.4826;450.5;3668
23/01/2026 4:52;mvtec_ad_2/fabric;reverse_distillation;448x448;10;10;156;4;301;0.4739;0.618;0.7469;0.1333;0.1778;0.6578;0.0431;0.6049;0.3561;1120.3;3668
23/01/2026 5:01;mvtec_ad_2/fruit_jelly;reverse_distillation;448x448;10;10;80;4;301;0.6408;0.8637;0.8759;0.3667;0.45;0.8677;0.0975;0.7774;0.5862;458.3;3668
23/01/2026 5:22;mvtec_ad_2/rice;reverse_distillation;448x448;10;10;132;4;301;0.5672;0.7709;0.8108;0.1556;0.2667;0.7492;0.0807;0.56;0.4186;1155.2;3668
23/01/2026 5:32;mvtec_ad_2/sheet_metal;reverse_distillation;448x448;10;10;114;4;301;0.6977;0.9024;0.9091;0.2667;0.2667;0.8394;0.1206;0.624;0.369;364.1;3668
23/01/2026 5:38;mvtec_ad_2/vial;reverse_distillation;448x448;10;10;140;4;301;0.7469;0.9144;0.8571;0.4;0.5619;0.8617;0.2478;0.9712;0.8515;235.3;3668
23/01/2026 5:47;mvtec_ad_2/wallplugs;reverse_distillation;448x448;10;10;150;4;301;0.2957;0.4814;0.75;0;0.0111;0.7927;0.0058;0.4142;0.2128;459.1;3668
23/01/2026 6:09;mvtec_ad_2/walnuts;reverse_distillation;448x448;10;10;150;4;301;0.6481;0.7486;0.789;0.2556;0.3556;0.9129;0.2266;0.8222;0.5558;1130.1;3668
23/01/2026 6:10;mvtec_ad_2/can;patchcore;448x448;20;20;162;0;1;0.5543;0.6182;0.716;0.0667;0.1444;0.6756;0.0002;0.4044;0.3089;12.1;1592
23/01/2026 6:13;mvtec_ad_2/fabric;patchcore;448x448;20;20;156;0;1;0.6859;0.744;0.7469;0.1667;0.2;0.7294;0.0484;0.6998;0.5607;21.1;1592
23/01/2026 6:14;mvtec_ad_2/fruit_jelly;patchcore;448x448;20;20;80;0;1;0.8375;0.9479;0.8872;0.65;0.65;0.7319;0.1335;0.5506;0.39;11.2;1592
23/01/2026 6:17;mvtec_ad_2/rice;patchcore;448x448;20;20;132;0;1;0.6463;0.8119;0.8108;0.2111;0.2556;0.778;0.0818;0.4886;0.2976;21;1592
23/01/2026 6:21;mvtec_ad_2/sheet_metal;patchcore;448x448;20;20;114;0;1;0.7088;0.9172;0.8856;0.4556;0.5111;0.7913;0.0626;0.4939;0.334;10.7;1592
23/01/2026 6:22;mvtec_ad_2/vial;patchcore;448x448;20;20;140;0;1;0.945;0.9836;0.9231;0.8571;0.8667;0.7413;0.2003;0.8888;0.7554;8.7;1592
23/01/2026 6:24;mvtec_ad_2/wallplugs;patchcore;448x448;20;20;150;0;1;0.3931;0.516;0.75;0;0;0.8044;0.0062;0.4199;0.2423;12;1592
23/01/2026 6:27;mvtec_ad_2/walnuts;patchcore;448x448;20;20;150;0;1;0.7433;0.835;0.7879;0.4;0.4222;0.9266;0.2913;0.6323;0.3724;20.7;1592
23/01/2026 6:44;mvtec_ad_2/can;reverse_distillation;448x448;20;20;162;0;301;0.5145;0.5695;0.72;0.0111;0.1;0.6683;0.0002;0.3614;0.2391;885.8;3671
23/01/2026 7:23;mvtec_ad_2/fabric;reverse_distillation;448x448;20;20;156;0;301;0.7364;0.8016;0.7489;0.1889;0.5889;0.693;0.073;0.738;0.5179;2221.8;3668
23/01/2026 7:39;mvtec_ad_2/fruit_jelly;reverse_distillation;448x448;20;20;80;0;301;0.78;0.9295;0.8696;0.6;0.6167;0.84;0.1582;0.7653;0.6205;901.4;3668
23/01/2026 8:19;mvtec_ad_2/rice;reverse_distillation;448x448;20;20;132;0;301;0.7397;0.8341;0.8612;0.2667;0.4222;0.7493;0.09;0.5255;0.3754;2274.8;3668
23/01/2026 8:35;mvtec_ad_2/sheet_metal;reverse_distillation;448x448;20;20;114;0;301;0.6907;0.8731;0.9121;0.2;0.2;0.866;0.2429;0.6298;0.3706;735.2;3668
23/01/2026 8:44;mvtec_ad_2/vial;reverse_distillation;448x448;20;20;140;0;301;0.7665;0.9194;0.8658;0.4571;0.4762;0.8237;0.2495;0.9542;0.795;443.8;3668
23/01/2026 9:01;mvtec_ad_2/wallplugs;reverse_distillation;448x448;20;20;150;0;301;0.3139;0.5077;0.75;0.0444;0.0444;0.7764;0.0053;0.5288;0.2688;925.1;3668
23/01/2026 9:41;mvtec_ad_2/walnuts;reverse_distillation;448x448;20;20;150;0;301;0.6457;0.7366;0.7873;0.1556;0.2667;0.9212;0.2525;0.8593;0.578;2220.1;3668
23/01/2026 9:42;mvtec_ad_2/can;patchcore;448x448;20;20;162;1;1;0.5759;0.6124;0.7377;0.0778;0.1111;0.6499;0.0001;0.4037;0.2268;11.8;1592
23/01/2026 9:45;mvtec_ad_2/fabric;patchcore;448x448;20;20;156;1;1;0.6338;0.7055;0.7679;0.1333;0.1667;0.7686;0.0475;0.6205;0.3503;21.1;1592
23/01/2026 9:47;mvtec_ad_2/fruit_jelly;patchcore;448x448;20;20;80;1;1;0.845;0.9496;0.8806;0.5833;0.6667;0.7249;0.1134;0.5407;0.3976;11.8;1592
23/01/2026 9:50;mvtec_ad_2/rice;patchcore;448x448;20;20;132;1;1;0.6069;0.7491;0.8108;0.0556;0.0778;0.7711;0.0685;0.4833;0.3209;21.1;1592
23/01/2026 9:54;mvtec_ad_2/sheet_metal;patchcore;448x448;20;20;114;1;1;0.8009;0.9456;0.9016;0.6222;0.6222;0.7886;0.0633;0.5069;0.3439;10.6;1592
23/01/2026 9:55;mvtec_ad_2/vial;patchcore;448x448;20;20;140;1;1;0.9499;0.9852;0.9439;0.8286;0.8857;0.7381;0.1992;0.8814;0.6925;8;1592
23/01/2026 9:56;mvtec_ad_2/wallplugs;patchcore;448x448;20;20;150;1;1;0.4206;0.5292;0.7532;0;0.0333;0.8064;0.0057;0.4291;0.2205;11.1;1592
23/01/2026 10:00;mvtec_ad_2/walnuts;patchcore;448x448;20;20;150;1;1;0.7802;0.8668;0.7805;0.4778;0.5444;0.9295;0.3384;0.6802;0.4474;19.4;1592
23/01/2026 10:16;mvtec_ad_2/can;reverse_distillation;448x448;20;20;162;1;301;0.5372;0.6301;0.72;0.0778;0.1778;0.6677;0.0032;0.3312;0.2178;878.5;3668
23/01/2026 10:55;mvtec_ad_2/fabric;reverse_distillation;448x448;20;20;156;1;301;0.6394;0.6601;0.7739;0.0444;0.1556;0.6352;0.0446;0.6771;0.4622;2220.3;3668
23/01/2026 11:12;mvtec_ad_2/fruit_jelly;reverse_distillation;448x448;20;20;80;1;301;0.6583;0.8371;0.8594;0.1;0.1333;0.8418;0.0709;0.7032;0.4762;901.2;3668
23/01/2026 11:51;mvtec_ad_2/rice;reverse_distillation;448x448;20;20;132;1;301;0.6519;0.7616;0.8159;0.0889;0.1444;0.777;0.0851;0.6034;0.3244;2251.3;3668
22/01/2026 9:46;mvtec_ad_2/can;padim;448x448;10;10;162;0;1;0.5011;0.642;0.7229;0.1778;0.2333;0.852;0.0002;0.6622;0.4046;11.5;2488
22/01/2026 9:48;mvtec_ad_2/fabric;padim;448x448;10;10;156;0;1;0.6054;0.6916;0.7347;0.1556;0.1889;0.5593;0.008;0.4092;0.2488;13.4;2488
22/01/2026 9:50;mvtec_ad_2/fruit_jelly;padim;448x448;10;10;80;0;1;0.8475;0.9472;0.8955;0.55;0.5833;0.7848;0.0548;0.6582;0.3771;7.8;2488
22/01/2026 9:51;mvtec_ad_2/rice;padim;448x448;10;10;132;0;1;0.6228;0.7774;0.8502;0.1667;0.2556;0.6384;0.0047;0.4454;0.3021;11.8;2488
22/01/2026 9:55;mvtec_ad_2/sheet_metal;padim;448x448;10;10;114;0;1;0.6167;0.8714;0.8911;0.2333;0.2889;0.8171;0.0371;0.5115;0.2454;7.3;2488
22/01/2026 9:56;mvtec_ad_2/vial;padim;448x448;10;10;140;0;1;0.3442;0.6953;0.8571;0.0667;0.0667;0.8766;0.0952;0.9835;0.6908;6.3;2488
22/01/2026 9:57;mvtec_ad_2/wallplugs;padim;448x448;10;10;150;0;1;0.2646;0.5163;0.75;0.0444;0.1111;0.6333;0.0022;0.4718;0.1731;7.9;2488
22/01/2026 10:00;mvtec_ad_2/walnuts;padim;448x448;10;10;150;0;1;0.4752;0.6478;0.75;0.1333;0.2111;0.7274;0.0202;0.4685;0.187;11.7;2488
22/01/2026 10:09;mvtec_ad_2/can;dinomaly;448x448;10;10;162;0;301;0.4975;0.588;0.7258;0.0778;0.1778;0.5937;0.0001;0.3838;0.1947;484.1;5171
22/01/2026 10:30;mvtec_ad_2/fabric;dinomaly;448x448;10;10;156;0;301;0.7322;0.7885;0.7778;0.2778;0.3556;0.8788;0.1338;0.8373;0.6276;1136.3;5171
22/01/2026 10:40;mvtec_ad_2/fruit_jelly;dinomaly;448x448;10;10;80;0;301;0.505;0.775;0.8696;0.1;0.1167;0.8976;0.0731;0.884;0.6096;504.3;5171
22/01/2026 11:01;mvtec_ad_2/rice;dinomaly;448x448;10;10;132;0;301;0.7331;0.8745;0.8205;0.4;0.4556;0.9213;0.3765;0.7967;0.5599;1145.7;5171
22/01/2026 11:11;mvtec_ad_2/sheet_metal;dinomaly;448x448;10;10;114;0;301;0.606;0.865;0.8824;0.2333;0.2667;0.8473;0.2086;0.4653;0.3222;417.6;5171
22/01/2026 11:17;mvtec_ad_2/vial;dinomaly;448x448;10;10;140;0;301;0.8424;0.9456;0.8966;0.5333;0.6286;0.8737;0.2649;0.977;0.8464;278.4;5171
22/01/2026 11:27;mvtec_ad_2/wallplugs;dinomaly;448x448;10;10;150;0;301;0.3983;0.5217;0.75;0;0;0.7097;0.0033;0.3046;0.1298;513.2;5171
22/01/2026 11:49;mvtec_ad_2/walnuts;dinomaly;448x448;10;10;150;0;301;0.7281;0.7933;0.7943;0.2111;0.2889;0.9335;0.2874;0.7488;0.4799;1125.3;5171
22/01/2026 11:50;mvtec_ad_2/can;padim;448x448;10;10;162;1;1;0.6304;0.7184;0.7373;0.2444;0.2778;0.8932;0.0003;0.9256;0.5154;9.1;2488
22/01/2026 11:53;mvtec_ad_2/fabric;padim;448x448;10;10;156;1;1;0.5665;0.6131;0.7838;0.0667;0.0667;0.5805;0.0085;0.3801;0.2512;11.7;2488
22/01/2026 11:54;mvtec_ad_2/fruit_jelly;padim;448x448;10;10;80;1;1;0.7817;0.9205;0.8769;0.4667;0.4667;0.7333;0.0571;0.6263;0.3999;9.6;2488
22/01/2026 11:56;mvtec_ad_2/rice;padim;448x448;10;10;132;1;1;0.6325;0.7719;0.8165;0.0667;0.1333;0.6123;0.0084;0.2322;0.1099;13.5;2488
22/01/2026 12:00;mvtec_ad_2/sheet_metal;padim;448x448;10;10;114;1;1;0.4884;0.8014;0.8824;0.1111;0.1111;0.8081;0.0229;0.5337;0.2653;8.6;2488
22/01/2026 12:01;mvtec_ad_2/vial;padim;448x448;10;10;140;1;1;0.4629;0.7151;0.8692;0.019;0.019;0.9207;0.1701;0.9939;0.7875;8;2488
22/01/2026 12:03;mvtec_ad_2/wallplugs;padim;448x448;10;10;150;1;1;0.2544;0.4673;0.75;0;0.0222;0.5519;0.0016;0.4056;0.1486;9.1;2488
22/01/2026 12:06;mvtec_ad_2/walnuts;padim;448x448;10;10;150;1;1;0.4085;0.5844;0.75;0.1111;0.1222;0.7582;0.0251;0.5806;0.317;11.8;2488
22/01/2026 12:15;mvtec_ad_2/can;dinomaly;448x448;10;10;162;1;301;0.459;0.5134;0.7143;0;0.0333;0.5735;0.0001;0.2627;0.1512;485.3;5171
22/01/2026 12:36;mvtec_ad_2/fabric;dinomaly;448x448;10;10;156;1;301;0.6652;0.7019;0.761;0.1556;0.1667;0.7972;0.0933;0.6742;0.4096;1131.7;5171
22/01/2026 12:46;mvtec_ad_2/fruit_jelly;dinomaly;448x448;10;10;80;1;301;0.64;0.8295;0.8889;0.1333;0.1333;0.9106;0.1114;0.9247;0.6548;497.7;5171
22/01/2026 13:08;mvtec_ad_2/rice;dinomaly;448x448;10;10;132;1;301;0.7111;0.8565;0.8203;0.3333;0.3444;0.9207;0.3656;0.7755;0.5153;1174.3;5171
22/01/2026 13:18;mvtec_ad_2/sheet_metal;dinomaly;448x448;10;10;114;1;301;0.6134;0.8906;0.8824;0.3889;0.4111;0.845;0.1455;0.4792;0.3024;413.8;5171
22/01/2026 13:24;mvtec_ad_2/vial;dinomaly;448x448;10;10;140;1;301;0.862;0.9537;0.8898;0.6381;0.6762;0.9037;0.2877;0.987;0.8646;280.1;5171
22/01/2026 13:33;mvtec_ad_2/wallplugs;dinomaly;448x448;10;10;150;1;301;0.3694;0.5136;0.75;0;0;0.6441;0.0024;0.2882;0.0937;497.4;5171
22/01/2026 13:56;mvtec_ad_2/walnuts;dinomaly;448x448;10;10;150;1;301;0.7854;0.8564;0.8061;0.4111;0.4556;0.9301;0.3702;0.7797;0.5376;1156;5171
22/01/2026 13:57;mvtec_ad_2/can;padim;448x448;10;10;162;2;1;0.4671;0.5064;0.7143;0;0;0.7589;0.0001;0.5668;0.2857;9.4;2488
22/01/2026 13:59;mvtec_ad_2/fabric;padim;448x448;10;10;156;2;1;0.5793;0.5784;0.7733;0;0;0.6548;0.0107;0.4424;0.2901;14;2488
22/01/2026 14:01;mvtec_ad_2/fruit_jelly;padim;448x448;10;10;80;2;1;0.8183;0.9262;0.9231;0.3833;0.4;0.5348;0.0435;0.3765;0.2246;7.8;2488
22/01/2026 14:03;mvtec_ad_2/rice;padim;448x448;10;10;132;2;1;0.5963;0.8083;0.8108;0.2778;0.3111;0.5906;0.0084;0.211;0.1087;13.5;2488
22/01/2026 14:07;mvtec_ad_2/sheet_metal;padim;448x448;10;10;114;2;1;0.4796;0.7861;0.8824;0.0333;0.1333;0.7313;0.0111;0.4858;0.2479;8.4;2488
22/01/2026 14:09;mvtec_ad_2/vial;padim;448x448;10;10;140;2;1;0.4041;0.7437;0.8571;0.0952;0.0952;0.6925;0.057;0.7417;0.5297;7.6;2488
22/01/2026 14:10;mvtec_ad_2/wallplugs;padim;448x448;10;10;150;2;1;0.2354;0.4692;0.75;0.0111;0.0111;0.4593;0.0013;0.2203;0.0522;8.9;2488
22/01/2026 14:14;mvtec_ad_2/walnuts;padim;448x448;10;10;150;2;1;0.4198;0.5993;0.75;0.1333;0.1444;0.5633;0.0116;0.1958;0.0497;11.7;2488
22/01/2026 14:23;mvtec_ad_2/can;dinomaly;448x448;10;10;162;2;301;0.4611;0.5147;0.7287;0;0.0111;0.54;0;0.2545;0.112;485.1;5171
22/01/2026 14:44;mvtec_ad_2/fabric;dinomaly;448x448;10;10;156;2;301;0.7668;0.7958;0.8;0.2556;0.3444;0.8322;0.1102;0.7091;0.4406;1131.1;5171
22/01/2026 14:54;mvtec_ad_2/fruit_jelly;dinomaly;448x448;10;10;80;2;301;0.5475;0.8083;0.8633;0.1667;0.1833;0.8899;0.0764;0.8802;0.6614;488.9;5171
22/01/2026 15:16;mvtec_ad_2/rice;dinomaly;448x448;10;10;132;2;301;0.759;0.8905;0.8219;0.4667;0.4889;0.931;0.3709;0.8932;0.6635;1178.9;5171
22/01/2026 15:26;mvtec_ad_2/sheet_metal;dinomaly;448x448;10;10;114;2;301;0.719;0.9195;0.8911;0.4444;0.5;0.8682;0.2248;0.5036;0.3812;409.3;5171
22/01/2026 15:32;mvtec_ad_2/vial;dinomaly;448x448;10;10;140;2;301;0.8675;0.9539;0.8974;0.5429;0.6952;0.8814;0.2707;0.9787;0.8531;280.8;5171
22/01/2026 15:42;mvtec_ad_2/wallplugs;dinomaly;448x448;10;10;150;2;301;0.3776;0.51;0.75;0;0;0.6508;0.0032;0.2891;0.1223;492.9;5171
22/01/2026 16:04;mvtec_ad_2/walnuts;dinomaly;448x448;10;10;150;2;301;0.7774;0.8463;0.8155;0.3667;0.3889;0.9196;0.3409;0.7412;0.49;1138.1;5171
22/01/2026 16:05;mvtec_ad_2/can;padim;448x448;10;10;162;3;1;0.5549;0.6051;0.7243;0.0556;0.1;0.8384;0.0002;0.7429;0.3837;9.2;2488
22/01/2026 16:07;mvtec_ad_2/fabric;padim;448x448;10;10;156;3;1;0.7291;0.8011;0.7644;0.3;0.3111;0.5436;0.0081;0.4049;0.2103;12.8;2488
22/01/2026 16:09;mvtec_ad_2/fruit_jelly;padim;448x448;10;10;80;3;1;0.9317;0.979;0.918;0.8;0.8333;0.7757;0.0514;0.6824;0.4427;7.9;2488
22/01/2026 16:10;mvtec_ad_2/rice;padim;448x448;10;10;132;3;1;0.4862;0.715;0.8111;0.1333;0.1556;0.6877;0.0045;0.2923;0.1495;11.7;2488
22/01/2026 16:14;mvtec_ad_2/sheet_metal;padim;448x448;10;10;114;3;1;0.4579;0.7662;0.8911;0.0444;0.0556;0.773;0.0246;0.4552;0.2353;8.6;2488
22/01/2026 16:15;mvtec_ad_2/vial;padim;448x448;10;10;140;3;1;0.4868;0.7846;0.8571;0.1333;0.1619;0.8961;0.1496;0.9858;0.8398;8;2488
22/01/2026 16:17;mvtec_ad_2/wallplugs;padim;448x448;10;10;150;3;1;0.2296;0.4862;0.75;0.0333;0.0556;0.5927;0.0019;0.4851;0.1978;9.5;2488
22/01/2026 16:20;mvtec_ad_2/walnuts;padim;448x448;10;10;150;3;1;0.3144;0.4952;0.75;0;0.0222;0.7437;0.0215;0.5399;0.2093;13.5;2488
22/01/2026 16:29;mvtec_ad_2/can;dinomaly;448x448;10;10;162;3;301;0.5245;0.5457;0.7407;0.0222;0.0333;0.5596;0;0.2821;0.1188;488.3;5171
22/01/2026 16:51;mvtec_ad_2/fabric;dinomaly;448x448;10;10;156;3;301;0.6502;0.6987;0.7838;0.1667;0.2;0.7768;0.0817;0.7297;0.4653;1149.5;5171
22/01/2026 17:01;mvtec_ad_2/fruit_jelly;dinomaly;448x448;10;10;80;3;301;0.5375;0.7797;0.8676;0.1333;0.1333;0.907;0.091;0.886;0.6153;500.4;5171
22/01/2026 17:22;mvtec_ad_2/rice;dinomaly;448x448;10;10;132;3;301;0.7606;0.8929;0.8219;0.4556;0.5444;0.9403;0.3613;0.8559;0.701;1173.6;5171
22/01/2026 17:32;mvtec_ad_2/sheet_metal;dinomaly;448x448;10;10;114;3;301;0.6861;0.9065;0.8824;0.4;0.4111;0.8542;0.1319;0.5061;0.3301;410.9;5171
22/01/2026 17:38;mvtec_ad_2/vial;dinomaly;448x448;10;10;140;3;301;0.8318;0.9373;0.9004;0.4381;0.5143;0.8717;0.2544;0.976;0.8566;278.1;5171
22/01/2026 17:48;mvtec_ad_2/wallplugs;dinomaly;448x448;10;10;150;3;301;0.3619;0.5098;0.75;0;0;0.6805;0.0028;0.3045;0.1301;502.8;5171
22/01/2026 18:10;mvtec_ad_2/walnuts;dinomaly;448x448;10;10;150;3;301;0.7643;0.8389;0.7925;0.3;0.4889;0.9277;0.3158;0.7608;0.5246;1151.8;5171
22/01/2026 18:11;mvtec_ad_2/can;padim;448x448;10;10;162;4;1;0.5432;0.6021;0.7273;0.1111;0.1444;0.8766;0.0003;0.7178;0.4741;7.7;2488
22/01/2026 18:13;mvtec_ad_2/fabric;padim;448x448;10;10;156;4;1;0.4918;0.5471;0.7574;0;0.0111;0.6328;0.0097;0.5018;0.2734;13.9;2488
22/01/2026 18:16;mvtec_ad_2/fruit_jelly;padim;448x448;10;10;80;4;1;0.8233;0.9266;0.9219;0.35;0.5;0.5614;0.0246;0.3786;0.2634;9.6;2488
22/01/2026 18:18;mvtec_ad_2/rice;padim;448x448;10;10;132;4;1;0.5963;0.7665;0.8182;0.1333;0.1778;0.6135;0.0156;0.1784;0.0706;14.3;2488
22/01/2026 18:22;mvtec_ad_2/sheet_metal;padim;448x448;10;10;114;4;1;0.4866;0.7965;0.8867;0.0556;0.1444;0.7639;0.0147;0.438;0.1968;7.1;2488
22/01/2026 18:23;mvtec_ad_2/vial;padim;448x448;10;10;140;4;1;0.5459;0.7445;0.8681;0;0;0.8085;0.0888;0.9361;0.6964;7.5;2488
22/01/2026 18:24;mvtec_ad_2/wallplugs;padim;448x448;10;10;150;4;1;0.4748;0.6306;0.75;0.0778;0.1111;0.4335;0.0013;0.14;0.0323;9.5;2488
22/01/2026 18:28;mvtec_ad_2/walnuts;padim;448x448;10;10;150;4;1;0.3737;0.5702;0.75;0.0778;0.1333;0.5502;0.0112;0.1881;0.0477;13.4;2488
22/01/2026 18:37;mvtec_ad_2/can;dinomaly;448x448;10;10;162;4;301;0.46;0.5315;0.7258;0.0222;0.0889;0.5988;0.0001;0.4245;0.1345;482.9;5171
22/01/2026 18:58;mvtec_ad_2/fabric;dinomaly;448x448;10;10;156;4;301;0.7047;0.7407;0.7783;0.1889;0.2111;0.8095;0.097;0.7375;0.5188;1128.9;5171
22/01/2026 19:09;mvtec_ad_2/fruit_jelly;dinomaly;448x448;10;10;80;4;301;0.5575;0.7952;0.8741;0.1;0.1667;0.91;0.0925;0.9098;0.6168;496.4;5171
22/01/2026 19:30;mvtec_ad_2/rice;dinomaly;448x448;10;10;132;4;301;0.7336;0.8773;0.8182;0.3889;0.4556;0.9335;0.3686;0.8825;0.6833;1181.5;5171
22/01/2026 19:41;mvtec_ad_2/sheet_metal;dinomaly;448x448;10;10;114;4;301;0.6676;0.9022;0.8911;0.4333;0.4333;0.8524;0.2034;0.4707;0.3248;403.6;5171
22/01/2026 19:47;mvtec_ad_2/vial;dinomaly;448x448;10;10;140;4;301;0.8936;0.96;0.914;0.4286;0.6476;0.8637;0.2575;0.974;0.8646;278.1;5171
22/01/2026 19:56;mvtec_ad_2/wallplugs;dinomaly;448x448;10;10;150;4;301;0.3767;0.5096;0.7595;0;0;0.7142;0.0036;0.3418;0.1526;496.1;5171
22/01/2026 20:19;mvtec_ad_2/walnuts;dinomaly;448x448;10;10;150;4;301;0.7833;0.8514;0.8241;0.3667;0.4111;0.9216;0.3365;0.7935;0.5947;1146.5;5171
22/01/2026 20:20;mvtec_ad_2/can;padim;448x448;20;20;162;0;1;0.4744;0.5811;0.7143;0.1222;0.1444;0.769;0.0002;0.5427;0.3582;12.4;2536
22/01/2026 20:23;mvtec_ad_2/fabric;padim;448x448;20;20;156;0;1;0.5845;0.6604;0.7317;0.0778;0.1333;0.6111;0.0094;0.4449;0.2452;20.4;2536
22/01/2026 20:25;mvtec_ad_2/fruit_jelly;padim;448x448;20;20;80;0;1;0.8775;0.9615;0.8976;0.7;0.7167;0.7514;0.0649;0.627;0.3315;11.9;2536
22/01/2026 20:27;mvtec_ad_2/rice;padim;448x448;20;20;132;0;1;0.5341;0.7332;0.8145;0.1111;0.1667;0.6382;0.0077;0.3978;0.2746;20.5;2536
22/01/2026 20:31;mvtec_ad_2/sheet_metal;padim;448x448;20;20;114;0;1;0.6315;0.8646;0.8867;0.2333;0.2444;0.8069;0.0329;0.5121;0.2607;10.5;2536
22/01/2026 20:32;mvtec_ad_2/vial;padim;448x448;20;20;140;0;1;0.3584;0.7138;0.8667;0.0952;0.0952;0.8249;0.0692;0.9479;0.616;9;2536
22/01/2026 20:34;mvtec_ad_2/wallplugs;padim;448x448;20;20;150;0;1;0.265;0.5188;0.75;0.0556;0.1111;0.5869;0.0018;0.4939;0.2142;12;2536
22/01/2026 20:37;mvtec_ad_2/walnuts;padim;448x448;20;20;150;0;1;0.5113;0.6777;0.75;0.1444;0.2889;0.7335;0.0203;0.5047;0.1818;20.1;2536
22/01/2026 20:54;mvtec_ad_2/can;dinomaly;448x448;20;20;162;0;301;0.5475;0.5789;0.7149;0.0444;0.0889;0.5714;0.0001;0.2867;0.1634;949.9;5174
22/01/2026 21:35;mvtec_ad_2/fabric;dinomaly;448x448;20;20;156;0;301;0.8308;0.873;0.8193;0.6;0.7111;0.871;0.1301;0.8653;0.6719;2322.1;5172
22/01/2026 21:53;mvtec_ad_2/fruit_jelly;dinomaly;448x448;20;20;80;0;301;0.4942;0.7766;0.8633;0.15;0.1667;0.9019;0.0853;0.8992;0.6143;980.4;5172
22/01/2026 22:34;mvtec_ad_2/rice;dinomaly;448x448;20;20;132;0;301;0.6899;0.8574;0.8145;0.3889;0.4444;0.9323;0.3595;0.7795;0.5669;2337.5;5172
22/01/2026 22:51;mvtec_ad_2/sheet_metal;dinomaly;448x448;20;20;114;0;301;0.6532;0.8844;0.8867;0.2667;0.2889;0.8576;0.217;0.4675;0.3395;815.1;5172
22/01/2026 23:01;mvtec_ad_2/vial;dinomaly;448x448;20;20;140;0;301;0.818;0.9314;0.8898;0.4;0.4762;0.8604;0.2274;0.9724;0.8381;529.5;5172
22/01/2026 23:19;mvtec_ad_2/wallplugs;dinomaly;448x448;20;20;150;0;301;0.3948;0.5221;0.75;0;0;0.6667;0.0026;0.2448;0.1051;997.3;5172
23/01/2026 0:00;mvtec_ad_2/walnuts;dinomaly;448x448;20;20;150;0;301;0.7178;0.7586;0.8;0.1111;0.1889;0.9314;0.2474;0.7509;0.5416;2316;5172
23/01/2026 0:02;mvtec_ad_2/can;padim;448x448;20;20;162;1;1;0.4937;0.5449;0.7143;0.0222;0.0556;0.8057;0.0002;0.6419;0.3709;10.5;2536
23/01/2026 0:04;mvtec_ad_2/fabric;padim;448x448;20;20;156;1;1;0.5746;0.6474;0.7946;0.1222;0.1556;0.5773;0.0083;0.5062;0.326;18.6;2536
23/01/2026 0:06;mvtec_ad_2/fruit_jelly;padim;448x448;20;20;80;1;1;0.7608;0.9081;0.8741;0.3667;0.3667;0.6912;0.0583;0.4523;0.221;10.5;2536
23/01/2026 0:08;mvtec_ad_2/rice;padim;448x448;20;20;132;1;1;0.6008;0.7481;0.8108;0.0444;0.2444;0.6632;0.0089;0.3326;0.1304;18.4;2536
23/01/2026 0:11;mvtec_ad_2/sheet_metal;padim;448x448;20;20;114;1;1;0.5005;0.8037;0.8824;0.0889;0.1;0.8089;0.0224;0.5246;0.271;9.6;2536
23/01/2026 0:12;mvtec_ad_2/vial;padim;448x448;20;20;140;1;1;0.3412;0.6859;0.8571;0.0667;0.0667;0.8092;0.1069;0.9559;0.7844;8.1;2536
23/01/2026 0:14;mvtec_ad_2/wallplugs;padim;448x448;20;20;150;1;1;0.3296;0.5062;0.75;0;0.0667;0.5684;0.0017;0.4324;0.1623;10.5;2536
23/01/2026 0:17;mvtec_ad_2/walnuts;padim;448x448;20;20;150;1;1;0.3933;0.5773;0.75;0.1;0.1222;0.7609;0.0254;0.5173;0.2363;21;2536
23/01/2026 0:34;mvtec_ad_2/can;dinomaly;448x448;20;20;162;1;301;0.5912;0.6179;0.7229;0.0667;0.1667;0.5278;0;0.24;0.142;948.2;5172
23/01/2026 1:16;mvtec_ad_2/fabric;dinomaly;448x448;20;20;156;1;301;0.7822;0.7829;0.8571;0.1667;0.1778;0.8675;0.1214;0.7837;0.5831;2319.5;5172
23/01/2026 1:34;mvtec_ad_2/fruit_jelly;dinomaly;448x448;20;20;80;1;301;0.595;0.8098;0.8824;0.1333;0.1333;0.8991;0.1075;0.8743;0.6083;991.9;5172
23/01/2026 2:15;mvtec_ad_2/rice;dinomaly;448x448;20;20;132;1;301;0.7241;0.8738;0.8145;0.4222;0.4333;0.9212;0.3575;0.792;0.5603;2333.6;5172
23/01/2026 2:32;mvtec_ad_2/sheet_metal;dinomaly;448x448;20;20;114;1;301;0.687;0.9068;0.8824;0.3889;0.4222;0.8484;0.171;0.4985;0.3256;791.2;5172
23/01/2026 2:42;mvtec_ad_2/vial;dinomaly;448x448;20;20;140;1;301;0.8169;0.9347;0.9052;0.4;0.5429;0.8572;0.2358;0.9719;0.8858;529.1;5172
23/01/2026 3:00;mvtec_ad_2/wallplugs;dinomaly;448x448;20;20;150;1;301;0.3807;0.5186;0.75;0;0;0.6462;0.0024;0.2846;0.1238;981;5172
23/01/2026 3:42;mvtec_ad_2/walnuts;dinomaly;448x448;20;20;150;1;301;0.7135;0.7281;0.8079;0.0778;0.2;0.9059;0.2579;0.7178;0.5061;2331.4;5172
23/01/2026 3:43;mvtec_ad_2/can;padim;448x448;20;20;162;2;1;0.3258;0.4454;0.7143;0;0;0.7257;0.0001;0.4933;0.2313;10.6;2536
23/01/2026 3:46;mvtec_ad_2/fabric;padim;448x448;20;20;156;2;1;0.5747;0.5685;0.7672;0;0;0.624;0.0097;0.4017;0.2208;20.1;2536
23/01/2026 3:48;mvtec_ad_2/fruit_jelly;padim;448x448;20;20;80;2;1;0.7275;0.8847;0.8739;0.2333;0.2667;0.4991;0.0303;0.2257;0.1316;12;2536
23/01/2026 3:50;mvtec_ad_2/rice;padim;448x448;20;20;132;2;1;0.7161;0.878;0.8108;0.5333;0.5333;0.6194;0.0152;0.2893;0.1307;20.3;2536
23/01/2026 3:54;mvtec_ad_2/sheet_metal;padim;448x448;20;20;114;2;1;0.4722;0.7808;0.8824;0.0222;0.0889;0.7377;0.0115;0.4812;0.2569;10.7;2536
23/01/2026 3:55;mvtec_ad_2/vial;padim;448x448;20;20;140;2;1;0.2694;0.6343;0.8571;0;0.0095;0.5634;0.0302;0.5558;0.3488;8.8;2536
23/01/2026 3:57;mvtec_ad_2/wallplugs;padim;448x448;20;20;150;2;1;0.2617;0.479;0.75;0;0.0556;0.4629;0.0013;0.1871;0.03;11.9;2536
23/01/2026 4:00;mvtec_ad_2/walnuts;padim;448x448;20;20;150;2;1;0.4196;0.5846;0.75;0.0889;0.1333;0.5236;0.0105;0.1716;0.0445;20.1;2536
23/01/2026 4:17;mvtec_ad_2/can;dinomaly;448x448;20;20;162;2;301;0.4539;0.5111;0.7206;0.0111;0.0333;0.5307;0;0.2233;0.0878;938.7;5172
23/01/2026 4:58;mvtec_ad_2/fabric;dinomaly;448x448;20;20;156;2;301;0.7537;0.7811;0.7928;0.2333;0.2778;0.8409;0.1209;0.7221;0.4692;2292.8;5172
23/01/2026 5:16;mvtec_ad_2/fruit_jelly;dinomaly;448x448;20;20;80;2;301;0.5442;0.783;0.8759;0.1;0.1167;0.8869;0.0723;0.8485;0.5737;973.8;5172
23/01/2026 5:58;mvtec_ad_2/rice;dinomaly;448x448;20;20;132;2;301;0.7923;0.9052;0.8286;0.5222;0.5444;0.9322;0.3562;0.8717;0.673;2370.4;5172
23/01/2026 6:14;mvtec_ad_2/sheet_metal;dinomaly;448x448;20;20;114;2;301;0.6218;0.8801;0.8824;0.3111;0.3444;0.8546;0.2292;0.5002;0.3644;785.7;5172
23/01/2026 6:24;mvtec_ad_2/vial;dinomaly;448x448;20;20;140;2;301;0.7766;0.9134;0.8811;0.2476;0.4381;0.8496;0.2334;0.9699;0.8528;529.6;5172
23/01/2026 6:41;mvtec_ad_2/wallplugs;dinomaly;448x448;20;20;150;2;301;0.397;0.527;0.75;0;0;0.6657;0.003;0.3107;0.1361;972.8;5172
23/01/2026 7:23;mvtec_ad_2/walnuts;dinomaly;448x448;20;20;150;2;301;0.7654;0.8266;0.8098;0.3111;0.4222;0.9286;0.3208;0.7852;0.5841;2328.6;5172
23/01/2026 7:25;mvtec_ad_2/can;padim;448x448;20;20;162;3;1;0.5769;0.5989;0.7317;0.0444;0.1;0.8197;0.0002;0.5869;0.3205;12.5;2536
23/01/2026 7:27;mvtec_ad_2/fabric;padim;448x448;20;20;156;3;1;0.7106;0.7902;0.7629;0.3111;0.3333;0.5917;0.0092;0.4351;0.2598;20.5;2536
23/01/2026 7:30;mvtec_ad_2/fruit_jelly;padim;448x448;20;20;80;3;1;0.9342;0.9781;0.9291;0.7167;0.8167;0.6819;0.0421;0.5701;0.3684;12.6;2536
23/01/2026 7:32;mvtec_ad_2/rice;padim;448x448;20;20;132;3;1;0.4717;0.697;0.8182;0.1;0.1;0.7105;0.0056;0.3995;0.1746;21.3;2536
23/01/2026 7:36;mvtec_ad_2/sheet_metal;padim;448x448;20;20;114;3;1;0.4727;0.7724;0.8955;0.0444;0.0667;0.7372;0.0241;0.4342;0.1998;11.2;2536
23/01/2026 7:38;mvtec_ad_2/vial;padim;448x448;20;20;140;3;1;0.579;0.8366;0.8571;0.2;0.219;0.8582;0.1386;0.9448;0.7496;9.3;2536
23/01/2026 7:39;mvtec_ad_2/wallplugs;padim;448x448;20;20;150;3;1;0.2291;0.483;0.75;0.0333;0.0444;0.5852;0.0019;0.4369;0.1604;12;2536
23/01/2026 7:42;mvtec_ad_2/walnuts;padim;448x448;20;20;150;3;1;0.3656;0.5229;0.75;0;0.0333;0.7375;0.0203;0.4943;0.1652;18.4;2536
23/01/2026 8:00;mvtec_ad_2/can;dinomaly;448x448;20;20;162;3;301;0.5591;0.6183;0.7171;0.0667;0.1556;0.534;0;0.2571;0.1372;947.4;5172
23/01/2026 8:40;mvtec_ad_2/fabric;dinomaly;448x448;20;20;156;3;301;0.7121;0.7346;0.8203;0.1667;0.1667;0.8108;0.099;0.7557;0.502;2289.9;5172
23/01/2026 8:59;mvtec_ad_2/fruit_jelly;dinomaly;448x448;20;20;80;3;301;0.4883;0.7698;0.8696;0.1333;0.1333;0.8919;0.0758;0.8684;0.5812;992.3;5172
23/01/2026 9:40;mvtec_ad_2/rice;dinomaly;448x448;20;20;132;3;301;0.7378;0.8776;0.8148;0.4667;0.4889;0.933;0.3574;0.7806;0.5556;2370.9;5172
23/01/2026 9:56;mvtec_ad_2/sheet_metal;dinomaly;448x448;20;20;114;3;301;0.6042;0.8812;0.8824;0.3556;0.3556;0.8547;0.1937;0.5083;0.3351;791.7;5172
23/01/2026 10:07;mvtec_ad_2/vial;dinomaly;448x448;20;20;140;3;301;0.7148;0.8968;0.8824;0.3429;0.419;0.8762;0.2345;0.9767;0.8292;538.3;5172
23/01/2026 10:24;mvtec_ad_2/wallplugs;dinomaly;448x448;20;20;150;3;301;0.3833;0.5195;0.75;0;0;0.6543;0.0027;0.2554;0.1154;983.2;5172
23/01/2026 11:06;mvtec_ad_2/walnuts;dinomaly;448x448;20;20;150;3;301;0.7767;0.8411;0.8018;0.3222;0.5;0.9256;0.3158;0.7668;0.546;2315.9;5172
23/01/2026 11:08;mvtec_ad_2/can;padim;448x448;20;20;162;4;1;0.5333;0.5528;0.7319;0.0111;0.0778;0.8147;0.0002;0.5367;0.3987;12.3;2536
23/01/2026 11:11;mvtec_ad_2/fabric;padim;448x448;20;20;156;4;1;0.454;0.5409;0.7563;0.0222;0.0667;0.6595;0.0105;0.483;0.2814;21.4;2536
23/01/2026 11:12;mvtec_ad_2/fruit_jelly;padim;448x448;20;20;80;4;1;0.8;0.9275;0.8819;0.4;0.5167;0.4863;0.0179;0.159;0.1065;10.7;2536
23/01/2026 11:15;mvtec_ad_2/rice;padim;448x448;20;20;132;4;1;0.6532;0.8302;0.8145;0.3222;0.4333;0.6427;0.0231;0.3233;0.1286;20.8;2536
23/01/2026 11:18;mvtec_ad_2/sheet_metal;padim;448x448;20;20;114;4;1;0.4907;0.802;0.8867;0.0667;0.1667;0.7469;0.0133;0.4469;0.2144;10.4;2536
23/01/2026 11:20;mvtec_ad_2/vial;padim;448x448;20;20;140;4;1;0.4376;0.7429;0.8607;0.0667;0.0952;0.6754;0.0429;0.7692;0.5349;9;2536
23/01/2026 11:21;mvtec_ad_2/wallplugs;padim;448x448;20;20;150;4;1;0.4806;0.6438;0.75;0.1222;0.1333;0.4517;0.0013;0.1327;0.0265;11.9;2536
23/01/2026 11:25;mvtec_ad_2/walnuts;padim;448x448;20;20;150;4;1;0.3611;0.5608;0.75;0.0778;0.1333;0.5153;0.0102;0.1191;0.0266;20.5;2536
23/01/2026 11:42;mvtec_ad_2/can;dinomaly;448x448;20;20;162;4;301;0.5394;0.5757;0.7236;0.0333;0.0889;0.5559;0;0.3064;0.1235;945.7;5172
2026-05-18 09:13:00;VisA/candle;padim;448x448;2;2;200;0;1;0.5401;0.5495;0.6667;0.0600;0.1400;0.6813;0.0030;0.6501;0.3018;5.5;2452
2026-05-19 08:42:57;mvtec_AD/bottle;efficient_ad;448x448;5;5;83;0;301;0.8651;0.9445;0.9173;0.5556;0.5873;0.8865;0.5941;0.7761;0.2569;232.7;1649
2026-05-19 08:48:18;mvtec_AD/cable;efficient_ad;448x448;5;5;150;0;301;0.5770;0.6986;0.7826;0.1196;0.1630;0.9172;0.2850;0.8624;0.5505;258.8;1007
2026-05-19 08:53:28;mvtec_AD/capsule;efficient_ad;448x448;5;5;132;0;301;0.5652;0.8863;0.9046;0.2936;0.3119;0.9394;0.2168;0.9823;0.7764;256.3;1007
2026-05-19 08:58:33;mvtec_AD/carpet;efficient_ad;448x448;5;5;117;0;301;0.9823;0.9950;0.9714;0.9551;0.9551;0.9485;0.6638;0.9267;0.7860;254.4;1007
2026-05-19 09:02:30;mvtec_AD/grid;efficient_ad;448x448;5;5;78;0;301;0.9524;0.9842;0.9391;0.8947;0.8947;0.8744;0.1967;0.7834;0.6170;202.2;1007
2026-05-19 09:07:24;mvtec_AD/hazelnut;efficient_ad;448x448;5;5;110;0;301;0.7896;0.8404;0.8313;0.4000;0.4571;0.9195;0.3550;0.8422;0.3016;249.2;1007
2026-05-19 09:12:08;mvtec_AD/leather;efficient_ad;448x448;5;5;124;0;301;0.8662;0.9592;0.8706;0.7283;0.7826;0.9649;0.3575;0.9659;0.8475;233.4;1007
2026-05-19 09:16:10;mvtec_AD/metal_nut;efficient_ad;448x448;5;5;115;0;301;0.7849;0.9427;0.8976;0.4731;0.4731;0.9572;0.7731;0.9040;0.6988;197.1;1007
2026-05-19 09:20:54;mvtec_AD/pill;efficient_ad;448x448;5;5;167;0;301;0.8849;0.9761;0.9353;0.5603;0.5957;0.9157;0.4153;0.9623;0.9058;216.1;1007
2026-05-19 09:25:13;mvtec_AD/screw;efficient_ad;448x448;5;5;160;0;301;0.4694;0.7290;0.8561;0.0420;0.1176;0.9550;0.0408;0.9954;0.6759;200.5;1007
2026-05-19 09:29:45;mvtec_AD/tile;efficient_ad;448x448;5;5;117;0;301;0.9268;0.9737;0.9057;0.8095;0.8571;0.9248;0.7553;0.9008;0.6961;227.2;1007
2026-05-19 09:34:12;mvtec_AD/toothbrush;efficient_ad;448x448;5;5;42;0;301;0.7278;0.8865;0.8571;0.3333;0.5000;0.9093;0.1756;0.9879;0.7065;247.9;1007
2026-05-19 09:39:11;mvtec_AD/transistor;efficient_ad;448x448;5;5;100;0;301;0.5408;0.4435;0.6000;0.1000;0.2000;0.7351;0.1288;0.5141;0.2403;261.0;1007
2026-05-19 09:44:12;mvtec_AD/wood;efficient_ad;448x448;5;5;79;0;301;0.9632;0.9890;0.9431;0.8667;0.8833;0.8640;0.5384;0.9365;0.7212;261.9;1007
2026-05-19 09:48:29;mvtec_AD/zipper;efficient_ad;448x448;5;5;151;0;301;0.8285;0.9400;0.9076;0.2101;0.5462;0.9088;0.3780;0.9392;0.6473;200.1;1007
2026-05-19 09:53:49;AutoVI/underbody_pipes;efficient_ad;448x448;5;5;344;0;301;0.6769;0.7232;0.7130;0.1749;0.3825;0.8019;0.0370;0.6067;0.2683;201.0;1007
2026-05-19 09:59:00;AutoVI/underbody_screw;efficient_ad;448x448;5;5;392;0;301;0.1000;0.0257;0.0878;0.0000;0.0000;0.2699;0.0001;0.0043;0.0001;199.1;1007
2026-05-19 10:04:47;AutoVI/engine_wiring;efficient_ad;448x448;5;5;574;0;301;0.5109;0.5256;0.6698;0.0519;0.1280;0.6709;0.0202;0.4565;0.1249;162.0;1007
2026-05-19 10:09:20;AutoVI/pipe_clip;efficient_ad;448x448;5;5;337;0;301;0.5397;0.4344;0.6027;0.0211;0.0563;0.5523;0.0072;0.0019;0.0000;171.2;1007
2026-05-19 10:14:45;AutoVI/tank_screw;efficient_ad;448x448;5;5;413;0;301;0.4908;0.2232;0.3740;0.0211;0.0947;0.5940;0.0009;0.0012;0.0000;194.4;1007
2026-05-19 10:23:33;mvtec_loco_AD/breakfast_box;efficient_ad;448x448;5;5;275;0;301;0.6031;0.7388;0.7783;0.1561;0.2543;0.7623;0.2749;0.5921;0.2488;384.1;1007
2026-05-19 10:30:02;mvtec_loco_AD/juice_bottle;efficient_ad;448x448;5;5;330;0;301;0.7304;0.8755;0.8387;0.3178;0.4280;0.7613;0.3046;0.6944;0.2417;251.9;1007
2026-05-19 10:38:04;mvtec_loco_AD/pushpins;efficient_ad;448x448;5;5;310;0;301;0.5155;0.5840;0.7137;0.0465;0.1337;0.6456;0.0432;0.5641;0.2588;326.2;1007
2026-05-19 10:46:22;mvtec_loco_AD/screw_bag;efficient_ad;448x448;5;5;341;0;301;0.4253;0.6236;0.7821;0.0548;0.0913;0.5941;0.0891;0.7863;0.5493;335.4;1007
2026-05-19 10:54:16;mvtec_loco_AD/splicing_connectors;efficient_ad;448x448;5;5;312;0;301;0.5469;0.6587;0.7644;0.0881;0.1244;0.5924;0.1189;0.5713;0.0825;318.2;1007
2026-05-19 10:58:55;VisA/candle;efficient_ad;448x448;5;5;200;0;301;0.4647;0.5133;0.6780;0.0700;0.1400;0.7546;0.0048;0.3538;0.1398;188.7;1007
2026-05-19 11:03:06;VisA/capsules;efficient_ad;448x448;5;5;160;0;301;0.1283;0.4395;0.7692;0.0000;0.0000;0.7902;0.0084;0.6010;0.2579;191.9;1007
2026-05-19 11:07:14;VisA/cashew;efficient_ad;448x448;5;5;150;0;301;0.8170;0.9128;0.8444;0.5500;0.6000;0.9730;0.5729;0.9999;0.8736;193.3;1007
2026-05-19 11:11:48;VisA/chewinggum;efficient_ad;448x448;5;5;150;0;301;0.7034;0.8416;0.8201;0.2900;0.3800;0.9091;0.1231;0.8961;0.3990;188.9;1007
2026-05-19 11:16:14;VisA/fryum;efficient_ad;448x448;5;5;150;0;301;0.8176;0.9059;0.8479;0.4200;0.6200;0.9258;0.2808;0.9569;0.4865;189.1;1007
2026-05-19 11:21:05;VisA/macaroni1;efficient_ad;448x448;5;5;200;0;301;0.5915;0.5942;0.6691;0.0800;0.2100;0.9314;0.0032;0.8811;0.2487;188.0;1007
2026-05-19 11:25:54;VisA/macaroni2;efficient_ad;448x448;5;5;200;0;301;0.5173;0.4837;0.6667;0.0000;0.0500;0.9143;0.0018;0.9141;0.4170;188.2;1007
2026-05-19 11:30:27;VisA/pcb1;efficient_ad;448x448;5;5;200;0;301;0.8108;0.7564;0.8240;0.2400;0.3400;0.8507;0.0143;0.9726;0.6472;192.8;1007
2026-05-19 11:34:56;VisA/pcb2;efficient_ad;448x448;5;5;200;0;301;0.6798;0.7096;0.6989;0.2400;0.3200;0.9069;0.0272;0.9125;0.5252;191.7;1007
2026-05-19 11:39:22;VisA/pcb3;efficient_ad;448x448;5;5;201;0;301;0.8000;0.8126;0.7424;0.4100;0.4700;0.9528;0.1617;0.9938;0.6998;188.7;1007
2026-05-19 11:43:59;VisA/pcb4;efficient_ad;448x448;5;5;201;0;301;0.7880;0.8335;0.7380;0.5000;0.5400;0.8237;0.0414;0.5497;0.2914;190.1;1007
2026-05-19 11:48:38;VisA/pipe_fryum;efficient_ad;448x448;5;5;150;0;301;0.7588;0.8750;0.8384;0.4100;0.4300;0.9876;0.6651;1.0000;0.4076;187.5;1007
2026-05-19 11:53:39;btad/01;efficient_ad;448x448;5;5;70;0;301;0.8921;0.9523;0.9167;0.5306;0.8776;0.5532;0.0363;0.5781;0.4584;266.1;1007
2026-05-19 11:58:18;btad/02;efficient_ad;448x448;5;5;229;0;301;0.6417;0.9369;0.9299;0.4171;0.4573;0.8337;0.3142;0.6853;0.5172;181.3;1007
2026-05-19 12:03:23;btad/03;efficient_ad;448x448;5;5;431;0;301;0.6752;0.2812;0.3133;0.2581;0.4194;0.8224;0.0094;0.6997;0.3825;182.5;1007
2026-05-19 12:14:53;GoodsAD/cigarette_box;efficient_ad;448x448;5;5;429;0;301;0.6511;0.7213;0.7433;0.1382;0.2439;0.7001;0.2109;0.6130;0.4477;449.1;1007
2026-05-19 12:29:52;GoodsAD/drink_bottle;efficient_ad;448x448;5;5;781;0;301;0.4996;0.5456;0.7048;0.0588;0.0871;0.8567;0.0388;0.3736;0.0393;442.7;1007
2026-05-19 12:40:04;GoodsAD/drink_can;efficient_ad;448x448;5;5;293;0;301;0.5356;0.5257;0.6651;0.0753;0.1027;0.8301;0.0672;0.7648;0.2597;445.0;1007
2026-05-19 12:53:03;GoodsAD/food_bottle;efficient_ad;448x448;5;5;604;0;301;0.5256;0.6148;0.7490;0.0526;0.1080;0.7944;0.0359;0.5565;0.1500;435.4;1007
2026-05-19 13:04:15;GoodsAD/food_box;efficient_ad;448x448;5;5;397;0;301;0.5456;0.6718;0.7771;0.0876;0.1235;0.7112;0.0261;0.5398;0.1458;441.2;1007
2026-05-19 13:16:03;GoodsAD/food_package;efficient_ad;448x448;5;5;483;0;301;0.5407;0.5158;0.6461;0.0783;0.1304;0.8002;0.0143;0.3074;0.0489;440.8;1007
2026-05-19 13:20:20;mvtec_AD/bottle;efficient_ad;448x448;5;5;83;1;301;0.8563;0.9263;0.9531;0.1746;0.5714;0.8627;0.5790;0.7907;0.4720;226.1;1008
2026-05-19 13:25:43;mvtec_AD/cable;efficient_ad;448x448;5;5;150;1;301;0.6402;0.7476;0.7706;0.1413;0.1739;0.9269;0.3092;0.8666;0.5621;260.5;1008
2026-05-19 13:30:53;mvtec_AD/capsule;efficient_ad;448x448;5;5;132;1;301;0.6677;0.9154;0.9046;0.3303;0.4495;0.9418;0.2646;0.9565;0.6623;256.5;1008
2026-05-19 13:35:57;mvtec_AD/carpet;efficient_ad;448x448;5;5;117;1;301;0.9787;0.9939;0.9651;0.9326;0.9326;0.9532;0.6773;0.9371;0.8709;256.0;1008
2026-05-19 13:39:54;mvtec_AD/grid;efficient_ad;448x448;5;5;78;1;301;0.8780;0.9435;0.9268;0.3333;0.6140;0.8727;0.1058;0.8494;0.6748;203.4;1008
2026-05-19 13:44:51;mvtec_AD/hazelnut;efficient_ad;448x448;5;5;110;1;301;0.8404;0.9134;0.8344;0.5571;0.6429;0.8747;0.4542;0.8048;0.2757;251.3;1008
2026-05-19 13:49:33;mvtec_AD/leather;efficient_ad;448x448;5;5;124;1;301;0.8509;0.9548;0.8649;0.7283;0.7609;0.9554;0.3605;0.9546;0.7440;232.9;1008
2026-05-19 13:53:35;mvtec_AD/metal_nut;efficient_ad;448x448;5;5;115;1;301;0.8407;0.9511;0.9326;0.3118;0.5054;0.9471;0.6791;0.9004;0.6500;198.3;1008
2026-05-19 13:58:20;mvtec_AD/pill;efficient_ad;448x448;5;5;167;1;301;0.8494;0.9664;0.9488;0.4468;0.4965;0.9420;0.4425;0.9711;0.7113;217.1;1008
2026-05-19 14:02:41;mvtec_AD/screw;efficient_ad;448x448;5;5;160;1;301;0.5419;0.7604;0.8676;0.0252;0.0672;0.9568;0.0526;0.9921;0.6433;202.3;1008
2026-05-19 14:07:15;mvtec_AD/tile;efficient_ad;448x448;5;5;117;1;301;0.9668;0.9878;0.9412;0.8571;0.8929;0.9245;0.7547;0.9018;0.7603;228.8;1008
2026-05-19 14:11:44;mvtec_AD/toothbrush;efficient_ad;448x448;5;5;42;1;301;0.6833;0.8721;0.8529;0.4000;0.4667;0.9336;0.3182;0.9882;0.7286;250.5;1008
2026-05-19 14:16:43;mvtec_AD/transistor;efficient_ad;448x448;5;5;100;1;301;0.6371;0.5407;0.6000;0.2250;0.3000;0.7580;0.1576;0.5199;0.1722;261.1;1008
2026-05-19 14:21:45;mvtec_AD/wood;efficient_ad;448x448;5;5;79;1;301;0.9719;0.9911;0.9667;0.8000;0.8333;0.8130;0.4611;0.8900;0.7018;264.5;1008
2026-05-19 14:26:04;mvtec_AD/zipper;efficient_ad;448x448;5;5;151;1;301;0.8259;0.9427;0.9062;0.3445;0.4034;0.8948;0.2165;0.9447;0.6872;201.9;1008
2026-05-19 14:31:22;AutoVI/underbody_pipes;efficient_ad;448x448;5;5;344;1;301;0.5038;0.6451;0.6945;0.2295;0.2787;0.7881;0.0228;0.6346;0.1992;201.5;1008
2026-05-19 14:36:36;AutoVI/underbody_screw;efficient_ad;448x448;5;5;392;1;301;0.4960;0.0457;0.1057;0.0000;0.0000;0.5023;0.0007;0.3271;0.0808;202.7;1008
2026-05-19 14:42:22;AutoVI/engine_wiring;efficient_ad;448x448;5;5;574;1;301;0.5854;0.6266;0.6789;0.1903;0.2699;0.6629;0.0209;0.4624;0.1685;163.3;1008
2026-05-19 14:46:57;AutoVI/pipe_clip;efficient_ad;448x448;5;5;337;1;301;0.4697;0.4096;0.5929;0.0282;0.0986;0.5977;0.0083;0.1606;0.0550;171.7;1008
2026-05-19 14:52:26;AutoVI/tank_screw;efficient_ad;448x448;5;5;413;1;301;0.5301;0.2385;0.3877;0.0211;0.0842;0.5729;0.0009;0.0012;0.0000;195.1;1008
2026-05-19 15:01:16;mvtec_loco_AD/breakfast_box;efficient_ad;448x448;5;5;275;1;301;0.5027;0.6686;0.7740;0.1329;0.1561;0.7731;0.2581;0.5353;0.1432;386.1;1008
2026-05-19 15:07:47;mvtec_loco_AD/juice_bottle;efficient_ad;448x448;5;5;330;1;301;0.7048;0.8715;0.8339;0.2966;0.3602;0.8387;0.2959;0.9021;0.5391;252.6;1008
2026-05-19 15:15:49;mvtec_loco_AD/pushpins;efficient_ad;448x448;5;5;310;1;301;0.4926;0.5917;0.7137;0.0814;0.1279;0.5840;0.0380;0.5935;0.2894;327.2;1008
2026-05-19 15:24:09;mvtec_loco_AD/screw_bag;efficient_ad;448x448;5;5;341;1;301;0.5349;0.6862;0.7878;0.0822;0.1233;0.6000;0.0924;0.7830;0.5804;335.8;1008
2026-05-19 15:32:01;mvtec_loco_AD/splicing_connectors;efficient_ad;448x448;5;5;312;1;301;0.5436;0.6746;0.7644;0.0881;0.1399;0.6088;0.1478;0.6103;0.1019;318.5;1008
2026-05-19 15:36:42;VisA/candle;efficient_ad;448x448;5;5;200;1;301;0.7338;0.7639;0.7149;0.3300;0.4200;0.7255;0.0052;0.3264;0.1640;188.9;1008
2026-05-19 15:40:53;VisA/capsules;efficient_ad;448x448;5;5;160;1;301;0.1273;0.4393;0.7692;0.0000;0.0000;0.7826;0.0077;0.7205;0.3327;192.6;1008
2026-05-19 15:45:03;VisA/cashew;efficient_ad;448x448;5;5;150;1;301;0.7762;0.8789;0.8273;0.2800;0.5000;0.9692;0.5071;0.9982;0.8088;195.0;1008
2026-05-19 15:49:38;VisA/chewinggum;efficient_ad;448x448;5;5;150;1;301;0.7038;0.8411;0.8170;0.3100;0.3600;0.9133;0.1293;0.8967;0.4402;190.3;1008
2026-05-19 15:54:05;VisA/fryum;efficient_ad;448x448;5;5;150;1;301;0.8340;0.9072;0.8684;0.4500;0.5100;0.9449;0.3147;0.9968;0.7763;190.4;1008
2026-05-19 15:58:59;VisA/macaroni1;efficient_ad;448x448;5;5;200;1;301;0.6635;0.6191;0.7025;0.0800;0.1900;0.9237;0.0035;0.7278;0.3054;189.7;1008
2026-05-19 16:03:48;VisA/macaroni2;efficient_ad;448x448;5;5;200;1;301;0.3778;0.4349;0.6734;0.0200;0.0700;0.9191;0.0019;0.9428;0.4388;188.9;1008
2026-05-19 16:08:20;VisA/pcb1;efficient_ad;448x448;5;5;200;1;301;0.5428;0.4884;0.7104;0.0000;0.0400;0.8610;0.0162;0.8921;0.4750;193.0;1008
2026-05-19 16:12:53;VisA/pcb2;efficient_ad;448x448;5;5;200;1;301;0.7171;0.7473;0.7078;0.3000;0.3600;0.8976;0.0327;0.8782;0.5271;192.5;1008
2026-05-19 16:17:21;VisA/pcb3;efficient_ad;448x448;5;5;201;1;301;0.6355;0.6641;0.6787;0.2100;0.2400;0.9554;0.1284;0.9965;0.6716;190.2;1008
2026-05-19 16:21:59;VisA/pcb4;efficient_ad;448x448;5;5;201;1;301;0.7248;0.7184;0.7306;0.2500;0.3000;0.8230;0.0478;0.2900;0.0944;191.6;1008
2026-05-19 16:26:40;VisA/pipe_fryum;efficient_ad;448x448;5;5;150;1;301;0.7028;0.8365;0.8261;0.3300;0.3900;0.9853;0.5581;1.0000;0.3815;188.9;1008
2026-05-19 16:31:41;btad/01;efficient_ad;448x448;5;5;70;1;301;0.8523;0.9343;0.8846;0.6327;0.6327;0.6214;0.0410;0.6927;0.2457;266.4;1008
2026-05-19 16:36:23;btad/02;efficient_ad;448x448;5;5;229;1;301;0.5916;0.9230;0.9299;0.3166;0.3769;0.8273;0.2805;0.5650;0.3546;182.6;1008
2026-05-19 16:41:26;btad/03;efficient_ad;448x448;5;5;431;1;301;0.7408;0.2282;0.3299;0.2903;0.4194;0.8423;0.0155;0.6957;0.4382;183.1;1008
2026-05-19 16:52:50;GoodsAD/cigarette_box;efficient_ad;448x448;5;5;429;1;301;0.6333;0.7218;0.7289;0.1667;0.2846;0.6714;0.1505;0.5958;0.3439;446.1;1008
2026-05-19 17:07:35;GoodsAD/drink_bottle;efficient_ad;448x448;5;5;781;1;301;0.4966;0.5369;0.7054;0.0518;0.1035;0.8600;0.0382;0.4010;0.0536;439.0;1008
2026-05-19 17:17:58;GoodsAD/drink_can;efficient_ad;448x448;5;5;293;1;301;0.5331;0.5197;0.6667;0.0342;0.1233;0.8201;0.0634;0.3060;0.0341;447.3;1008
2026-05-19 17:30:51;GoodsAD/food_bottle;efficient_ad;448x448;5;5;604;1;301;0.5153;0.6156;0.7484;0.0914;0.1357;0.8058;0.0373;0.4833;0.1253;432.7;1008
2026-05-19 17:42:00;GoodsAD/food_box;efficient_ad;448x448;5;5;397;1;301;0.5554;0.6741;0.7759;0.0558;0.1434;0.7478;0.0297;0.2596;0.0320;437.3;1008
2026-05-19 17:53:46;GoodsAD/food_package;efficient_ad;448x448;5;5;483;1;301;0.5405;0.5069;0.6474;0.0478;0.0913;0.7960;0.0135;0.3656;0.0745;441.1;1008
2026-05-19 17:58:00;mvtec_AD/bottle;efficient_ad;448x448;5;5;83;2;301;0.8198;0.9141;0.9104;0.1429;0.5556;0.8823;0.5834;0.7574;0.2262;224.3;1007
2026-05-19 18:03:22;mvtec_AD/cable;efficient_ad;448x448;5;5;150;2;301;0.5916;0.7246;0.7635;0.0978;0.2174;0.9105;0.2703;0.8484;0.4818;260.3;1007
2026-05-19 18:08:32;mvtec_AD/capsule;efficient_ad;448x448;5;5;132;2;301;0.6203;0.8856;0.9046;0.1835;0.2569;0.9430;0.2016;0.9903;0.7471;256.2;1007
2026-05-19 18:13:35;mvtec_AD/carpet;efficient_ad;448x448;5;5;117;2;301;0.9872;0.9963;0.9770;0.9551;0.9551;0.9506;0.6618;0.9429;0.8080;255.8;1007
2026-05-19 18:17:33;mvtec_AD/grid;efficient_ad;448x448;5;5;78;2;301;0.9925;0.9973;0.9735;0.9649;0.9649;0.8904;0.2185;0.8711;0.7505;204.2;1007
2026-05-19 18:22:29;mvtec_AD/hazelnut;efficient_ad;448x448;5;5;110;2;301;0.8204;0.8691;0.8227;0.5571;0.6857;0.9045;0.4009;0.8675;0.4877;251.3;1007
2026-05-19 18:27:16;mvtec_AD/leather;efficient_ad;448x448;5;5;124;2;301;0.6698;0.8864;0.8519;0.3913;0.5109;0.8927;0.1314;0.8384;0.5426;238.6;1007
2026-05-19 18:31:18;mvtec_AD/metal_nut;efficient_ad;448x448;5;5;115;2;301;0.7248;0.9149;0.9020;0.2473;0.3226;0.9525;0.7033;0.8908;0.6357;198.0;1007
2026-05-19 18:36:02;mvtec_AD/pill;efficient_ad;448x448;5;5;167;2;301;0.8685;0.9726;0.9424;0.6454;0.6454;0.9330;0.4354;0.9732;0.8761;216.9;1007
2026-05-19 18:40:22;mvtec_AD/screw;efficient_ad;448x448;5;5;160;2;301;0.6251;0.8074;0.8708;0.1008;0.1681;0.9559;0.0482;0.9921;0.6195;201.8;1007
2026-05-19 18:44:54;mvtec_AD/tile;efficient_ad;448x448;5;5;117;2;301;0.9260;0.9728;0.8977;0.7976;0.8333;0.9077;0.7052;0.8984;0.6848;228.6;1007
2026-05-19 18:49:23;mvtec_AD/toothbrush;efficient_ad;448x448;5;5;42;2;301;0.7167;0.8802;0.8696;0.3000;0.4333;0.9355;0.2559;0.9935;0.7202;250.5;1007
2026-05-19 18:54:21;mvtec_AD/transistor;efficient_ad;448x448;5;5;100;2;301;0.6096;0.5047;0.6080;0.1250;0.2500;0.7814;0.1652;0.7028;0.3467;260.6;1007
2026-05-19 18:59:22;mvtec_AD/wood;efficient_ad;448x448;5;5;79;2;301;0.9237;0.9741;0.9524;0.6333;0.7167;0.7907;0.3328;0.8925;0.7326;262.3;1007
2026-05-19 19:03:41;mvtec_AD/zipper;efficient_ad;448x448;5;5;151;2;301;0.8640;0.9547;0.9145;0.3361;0.4454;0.9107;0.3520;0.9418;0.6143;201.4;1007
2026-05-19 19:08:57;AutoVI/underbody_pipes;efficient_ad;448x448;5;5;344;2;301;0.6661;0.7379;0.6947;0.3169;0.3880;0.7687;0.0280;0.5587;0.2114;201.9;1007
2026-05-19 19:14:06;AutoVI/underbody_screw;efficient_ad;448x448;5;5;392;2;301;0.1664;0.0306;0.0878;0.0000;0.1111;0.3578;0.0002;0.2536;0.1476;200.8;1007
2026-05-19 19:19:49;AutoVI/engine_wiring;efficient_ad;448x448;5;5;574;2;301;0.6191;0.6369;0.6699;0.1696;0.2284;0.6685;0.0198;0.4456;0.1455;163.4;1007
2026-05-19 19:24:21;AutoVI/pipe_clip;efficient_ad;448x448;5;5;337;2;301;0.4713;0.4109;0.5932;0.0282;0.1056;0.5632;0.0080;0.1085;0.0383;171.7;1007
2026-05-19 19:29:47;AutoVI/tank_screw;efficient_ad;448x448;5;5;413;2;301;0.4656;0.2112;0.3870;0.0211;0.0737;0.5787;0.0009;0.0012;0.0000;194.8;1007
2026-05-19 19:38:34;mvtec_loco_AD/breakfast_box;efficient_ad;448x448;5;5;275;2;301;0.6077;0.7562;0.7758;0.2023;0.2197;0.7847;0.3171;0.6127;0.2310;385.2;1007
2026-05-19 19:45:03;mvtec_loco_AD/juice_bottle;efficient_ad;448x448;5;5;330;2;301;0.6455;0.8371;0.8339;0.1949;0.2627;0.8155;0.2988;0.8587;0.5618;252.1;1007
2026-05-19 19:53:02;mvtec_loco_AD/pushpins;efficient_ad;448x448;5;5;310;2;301;0.4992;0.5707;0.7137;0.0465;0.1221;0.5908;0.0376;0.5710;0.2888;327.1;1007
2026-05-19 20:01:19;mvtec_loco_AD/screw_bag;efficient_ad;448x448;5;5;341;2;301;0.5231;0.6688;0.7821;0.0502;0.1233;0.6010;0.0943;0.7854;0.5322;335.2;1007
2026-05-19 20:09:09;mvtec_loco_AD/splicing_connectors;efficient_ad;448x448;5;5;312;2;301;0.4314;0.6266;0.7644;0.1036;0.1503;0.6148;0.1420;0.6672;0.1129;317.9;1007
2026-05-19 20:13:46;VisA/candle;efficient_ad;448x448;5;5;200;2;301;0.5449;0.5643;0.6816;0.1300;0.1500;0.7847;0.0078;0.4059;0.1510;189.0;1007
2026-05-19 20:17:56;VisA/capsules;efficient_ad;448x448;5;5;160;2;301;0.1578;0.4474;0.7692;0.0000;0.0000;0.7893;0.0080;0.7220;0.3713;192.1;1007
2026-05-19 20:22:05;VisA/cashew;efficient_ad;448x448;5;5;150;2;301;0.7610;0.8592;0.8235;0.1600;0.3400;0.9716;0.4713;0.9882;0.5486;193.9;1007
2026-05-19 20:26:35;VisA/chewinggum;efficient_ad;448x448;5;5;150;2;301;0.7580;0.8700;0.8376;0.3500;0.4300;0.9173;0.1176;0.9743;0.5400;188.8;1007
2026-05-19 20:31:01;VisA/fryum;efficient_ad;448x448;5;5;150;2;301;0.7770;0.8914;0.8205;0.4800;0.5100;0.9387;0.3275;0.9787;0.5902;189.1;1007
2026-05-19 20:35:53;VisA/macaroni1;efficient_ad;448x448;5;5;200;2;301;0.5557;0.5369;0.6734;0.0500;0.0700;0.9456;0.0049;0.9540;0.4237;188.7;1007
2026-05-19 20:40:39;VisA/macaroni2;efficient_ad;448x448;5;5;200;2;301;0.5140;0.5158;0.6712;0.0600;0.0800;0.8978;0.0014;0.9596;0.5325;188.3;1007
2026-05-19 20:45:09;VisA/pcb1;efficient_ad;448x448;5;5;200;2;301;0.7903;0.7168;0.8170;0.1300;0.1600;0.8471;0.0144;0.9605;0.5876;192.5;1007
2026-05-19 20:49:40;VisA/pcb2;efficient_ad;448x448;5;5;200;2;301;0.6578;0.6844;0.6886;0.1900;0.3300;0.8879;0.0153;0.8775;0.4520;192.0;1007
2026-05-19 20:54:05;VisA/pcb3;efficient_ad;448x448;5;5;201;2;301;0.7488;0.7676;0.7230;0.3300;0.4200;0.9566;0.1381;0.9889;0.7131;189.1;1007
2026-05-19 20:58:44;VisA/pcb4;efficient_ad;448x448;5;5;201;2;301;0.8265;0.8717;0.7789;0.6100;0.6400;0.8200;0.0423;0.5319;0.2637;191.2;1007
2026-05-19 21:03:21;VisA/pipe_fryum;efficient_ad;448x448;5;5;150;2;301;0.7238;0.8624;0.8170;0.3800;0.4600;0.9850;0.6125;1.0000;0.3949;187.8;1007
2026-05-19 21:08:24;btad/01;efficient_ad;448x448;5;5;70;2;301;0.8824;0.9484;0.9020;0.6327;0.6327;0.5724;0.0392;0.6398;0.3686;268.1;1007
2026-05-19 21:13:03;btad/02;efficient_ad;448x448;5;5;229;2;301;0.6774;0.9446;0.9299;0.4422;0.4975;0.8668;0.4112;0.6589;0.4644;182.1;1007
2026-05-19 21:18:08;btad/03;efficient_ad;448x448;5;5;431;2;301;0.6871;0.1206;0.2129;0.0968;0.1613;0.8436;0.0131;0.7520;0.5147;182.9;1007
2026-05-19 21:29:43;GoodsAD/cigarette_box;efficient_ad;448x448;5;5;429;2;301;0.6156;0.6796;0.7300;0.1138;0.1870;0.7396;0.0953;0.5968;0.2497;452.7;1007
2026-05-19 21:44:44;GoodsAD/drink_bottle;efficient_ad;448x448;5;5;781;2;301;0.5035;0.5439;0.7048;0.0424;0.0800;0.8482;0.0439;0.1603;0.0072;444.5;1007
2026-05-19 21:54:58;GoodsAD/drink_can;efficient_ad;448x448;5;5;293;2;301;0.5284;0.5186;0.6714;0.0616;0.1096;0.8176;0.0568;0.6137;0.1344;447.9;1007
2026-05-19 22:07:55;GoodsAD/food_bottle;efficient_ad;448x448;5;5;604;2;301;0.5216;0.6263;0.7495;0.0803;0.1524;0.8072;0.0373;0.6074;0.1691;434.4;1007
2026-05-19 22:19:05;GoodsAD/food_box;efficient_ad;448x448;5;5;397;2;301;0.5406;0.6731;0.7771;0.0598;0.1076;0.7261;0.0254;0.4741;0.1137;436.1;1007
2026-05-19 22:30:59;GoodsAD/food_package;efficient_ad;448x448;5;5;483;2;301;0.5418;0.5047;0.6461;0.0478;0.1043;0.7945;0.0146;0.4876;0.1174;443.2;1007
2026-05-19 22:35:12;mvtec_AD/bottle;efficient_ad;448x448;5;5;83;3;301;0.7738;0.8999;0.9000;0.1905;0.4127;0.8797;0.5720;0.8063;0.5868;223.1;1007
2026-05-19 22:40:33;mvtec_AD/cable;efficient_ad;448x448;5;5;150;3;301;0.4099;0.6048;0.7635;0.0652;0.1196;0.9031;0.2332;0.8507;0.5535;259.5;1007
2026-05-19 22:45:43;mvtec_AD/capsule;efficient_ad;448x448;5;5;132;3;301;0.6398;0.9119;0.9046;0.3303;0.3578;0.9339;0.1790;0.9895;0.7455;255.2;1007
2026-05-19 22:50:45;mvtec_AD/carpet;efficient_ad;448x448;5;5;117;3;301;0.9791;0.9941;0.9655;0.9438;0.9438;0.9454;0.6414;0.9387;0.7991;254.9;1007
2026-05-19 22:54:42;mvtec_AD/grid;efficient_ad;448x448;5;5;78;3;301;0.9390;0.9791;0.9231;0.7895;0.7895;0.8833;0.1789;0.8007;0.6719;203.5;1007
2026-05-19 22:59:39;mvtec_AD/hazelnut;efficient_ad;448x448;5;5;110;3;301;0.8321;0.9194;0.8154;0.6714;0.7143;0.8681;0.3538;0.8388;0.6102;252.1;1007
2026-05-19 23:04:27;mvtec_AD/leather;efficient_ad;448x448;5;5;124;3;301;0.9603;0.9881;0.9503;0.8804;0.9348;0.9745;0.4819;0.9882;0.8192;239.4;1007
2026-05-19 23:08:28;mvtec_AD/metal_nut;efficient_ad;448x448;5;5;115;3;301;0.6613;0.9046;0.8986;0.2796;0.3011;0.9520;0.7346;0.8714;0.6074;197.6;1007
2026-05-19 23:13:12;mvtec_AD/pill;efficient_ad;448x448;5;5;167;3;301;0.8372;0.9657;0.9333;0.5319;0.5532;0.9212;0.4063;0.9673;0.8766;216.4;1007
2026-05-19 23:17:32;mvtec_AD/screw;efficient_ad;448x448;5;5;160;3;301;0.6526;0.8603;0.8561;0.2941;0.3613;0.9588;0.0827;0.9932;0.7131;202.0;1007
2026-05-19 23:22:04;mvtec_AD/tile;efficient_ad;448x448;5;5;117;3;301;0.9224;0.9719;0.9045;0.7381;0.8452;0.9287;0.7773;0.9015;0.7031;228.1;1007
2026-05-19 23:26:33;mvtec_AD/toothbrush;efficient_ad;448x448;5;5;42;3;301;0.6833;0.8092;0.8955;0.1000;0.1667;0.9217;0.1201;0.6827;0.0550;249.7;1007
2026-05-19 23:31:32;mvtec_AD/transistor;efficient_ad;448x448;5;5;100;3;301;0.6262;0.5194;0.6102;0.1500;0.3000;0.7904;0.1889;0.6365;0.2542;261.2;1007
2026-05-19 23:36:24;mvtec_AD/wood;efficient_ad;448x448;5;5;79;3;301;0.9491;0.9849;0.9302;0.8500;0.8500;0.8596;0.5331;0.9228;0.5779;254.6;1007
2026-05-19 23:40:42;mvtec_AD/zipper;efficient_ad;448x448;5;5;151;3;301;0.7999;0.9291;0.9147;0.2353;0.4034;0.9007;0.2609;0.9434;0.6464;201.1;1007
2026-05-19 23:45:59;AutoVI/underbody_pipes;efficient_ad;448x448;5;5;344;3;301;0.5776;0.6368;0.6990;0.1366;0.2077;0.7835;0.0285;0.6497;0.3447;200.4;1007
2026-05-19 23:51:13;AutoVI/underbody_screw;efficient_ad;448x448;5;5;392;3;301;0.3959;0.0371;0.0970;0.0000;0.0000;0.3957;0.0004;0.1427;0.0088;202.8;1007
2026-05-19 23:56:57;AutoVI/engine_wiring;efficient_ad;448x448;5;5;574;3;301;0.6111;0.5918;0.6757;0.0761;0.1488;0.7024;0.0214;0.6983;0.2940;163.0;1007
2026-05-20 00:01:31;AutoVI/pipe_clip;efficient_ad;448x448;5;5;337;3;301;0.4904;0.4231;0.5966;0.0634;0.0915;0.6093;0.0086;0.0073;0.0003;171.6;1007
2026-05-20 00:06:54;AutoVI/tank_screw;efficient_ad;448x448;5;5;413;3;301;0.4590;0.2122;0.3755;0.0421;0.0842;0.6336;0.0011;0.0013;0.0000;194.6;1007
2026-05-20 00:15:41;mvtec_loco_AD/breakfast_box;efficient_ad;448x448;5;5;275;3;301;0.5506;0.7218;0.7723;0.1734;0.2197;0.7409;0.2101;0.6088;0.2913;386.0;1007
2026-05-20 00:22:08;mvtec_loco_AD/juice_bottle;efficient_ad;448x448;5;5;330;3;301;0.6504;0.8364;0.8339;0.1992;0.3178;0.8300;0.2975;0.8730;0.5590;250.5;1007
2026-05-20 00:30:08;mvtec_loco_AD/pushpins;efficient_ad;448x448;5;5;310;3;301;0.5109;0.5702;0.7137;0.0407;0.1047;0.5945;0.0401;0.5912;0.2876;326.6;1007
2026-05-20 00:38:24;mvtec_loco_AD/screw_bag;efficient_ad;448x448;5;5;341;3;301;0.4545;0.6272;0.7821;0.0411;0.0548;0.6051;0.0923;0.7709;0.5401;335.5;1007
2026-05-20 00:46:15;mvtec_loco_AD/splicing_connectors;efficient_ad;448x448;5;5;312;3;301;0.5362;0.6596;0.7644;0.0829;0.1710;0.6136;0.1336;0.6341;0.1111;318.9;1007
2026-05-20 00:50:53;VisA/candle;efficient_ad;448x448;5;5;200;3;301;0.7622;0.7580;0.7259;0.3800;0.4800;0.6338;0.0070;0.3804;0.2088;188.3;1007
2026-05-20 00:55:02;VisA/capsules;efficient_ad;448x448;5;5;160;3;301;0.1648;0.4492;0.7692;0.0000;0.0000;0.7951;0.0085;0.6680;0.2951;191.7;1007
2026-05-20 00:59:10;VisA/cashew;efficient_ad;448x448;5;5;150;3;301;0.8036;0.8939;0.8485;0.4500;0.5000;0.9669;0.5165;0.9972;0.4287;193.4;1007
2026-05-20 01:03:41;VisA/chewinggum;efficient_ad;448x448;5;5;150;3;301;0.7062;0.8444;0.8197;0.3400;0.3800;0.9398;0.1512;0.9683;0.5742;189.1;1007
2026-05-20 01:08:06;VisA/fryum;efficient_ad;448x448;5;5;150;3;301;0.7774;0.8906;0.8240;0.4700;0.5600;0.9199;0.3071;0.9452;0.4926;189.1;1007
2026-05-20 01:12:55;VisA/macaroni1;efficient_ad;448x448;5;5;200;3;301;0.6424;0.5813;0.7094;0.0200;0.1900;0.9410;0.0076;0.8143;0.2040;188.3;1007
2026-05-20 01:17:43;VisA/macaroni2;efficient_ad;448x448;5;5;200;3;301;0.5493;0.5427;0.6863;0.0600;0.0800;0.9183;0.0019;0.9659;0.5648;188.2;1007
2026-05-20 01:22:13;VisA/pcb1;efficient_ad;448x448;5;5;200;3;301;0.6821;0.6014;0.7519;0.0200;0.1900;0.8626;0.0176;0.9385;0.5451;191.9;1007
2026-05-20 01:26:42;VisA/pcb2;efficient_ad;448x448;5;5;200;3;301;0.7021;0.6913;0.7243;0.2800;0.3200;0.8984;0.0230;0.8491;0.3792;191.8;1007
2026-05-20 01:31:09;VisA/pcb3;efficient_ad;448x448;5;5;201;3;301;0.7766;0.7539;0.7309;0.3000;0.5000;0.9522;0.1419;0.9891;0.8050;189.1;1007
2026-05-20 01:35:47;VisA/pcb4;efficient_ad;448x448;5;5;201;3;301;0.9438;0.9414;0.8750;0.6400;0.8300;0.8304;0.0429;0.3164;0.1036;191.3;1007
2026-05-20 01:40:24;VisA/pipe_fryum;efficient_ad;448x448;5;5;150;3;301;0.7402;0.8477;0.8312;0.2500;0.3100;0.9878;0.5839;1.0000;0.6880;187.6;1007
2026-05-20 01:45:26;btad/01;efficient_ad;448x448;5;5;70;3;301;0.8746;0.9381;0.9091;0.4082;0.5918;0.5932;0.0397;0.6780;0.3994;268.0;1007
2026-05-20 01:50:07;btad/02;efficient_ad;448x448;5;5;229;3;301;0.5822;0.9230;0.9299;0.3618;0.3819;0.8658;0.3707;0.6230;0.2980;182.0;1007
2026-05-20 01:55:11;btad/03;efficient_ad;448x448;5;5;431;3;301;0.6651;0.1409;0.2078;0.0968;0.1613;0.8357;0.0115;0.7351;0.4436;182.6;1007
2026-05-20 02:06:40;GoodsAD/cigarette_box;efficient_ad;448x448;5;5;429;3;301;0.6451;0.6984;0.7453;0.1341;0.1870;0.7144;0.1615;0.5879;0.2244;445.7;1007
2026-05-20 02:21:26;GoodsAD/drink_bottle;efficient_ad;448x448;5;5;781;3;301;0.5038;0.5407;0.7068;0.0400;0.1012;0.8632;0.0440;0.2212;0.0179;435.5;1007
2026-05-20 02:31:41;GoodsAD/drink_can;efficient_ad;448x448;5;5;293;3;301;0.5458;0.5345;0.6729;0.0616;0.1096;0.8462;0.0754;0.4776;0.1123;444.2;1007
2026-05-20 02:44:41;GoodsAD/food_bottle;efficient_ad;448x448;5;5;604;3;301;0.5209;0.6339;0.7482;0.0914;0.1247;0.7990;0.0384;0.6894;0.2172;436.7;1007
2026-05-20 02:55:53;GoodsAD/food_box;efficient_ad;448x448;5;5;397;3;301;0.5571;0.6902;0.7764;0.1155;0.1793;0.7573;0.0272;0.2688;0.0362;438.1;1007
2026-05-20 03:07:47;GoodsAD/food_package;efficient_ad;448x448;5;5;483;3;301;0.5399;0.5081;0.6452;0.0478;0.1000;0.8136;0.0151;0.3795;0.0627;442.5;1007
2026-05-20 03:11:58;mvtec_AD/bottle;efficient_ad;448x448;5;5;83;4;301;0.7532;0.8789;0.9037;0.1587;0.2381;0.8530;0.5436;0.6256;0.0705;221.7;1009
2026-05-20 03:17:20;mvtec_AD/cable;efficient_ad;448x448;5;5;150;4;301;0.5275;0.6434;0.7699;0.0870;0.1304;0.8974;0.1705;0.8044;0.3621;259.7;1009
2026-05-20 03:22:31;mvtec_AD/capsule;efficient_ad;448x448;5;5;132;4;301;0.6386;0.8978;0.9083;0.3119;0.3119;0.9408;0.2220;0.9765;0.6364;257.2;1009
2026-05-20 03:27:35;mvtec_AD/carpet;efficient_ad;448x448;5;5;117;4;301;0.9900;0.9970;0.9714;0.9551;0.9551;0.9547;0.6867;0.9375;0.8013;256.2;1009
2026-05-20 03:31:33;mvtec_AD/grid;efficient_ad;448x448;5;5;78;4;301;0.9916;0.9971;0.9730;0.9474;0.9474;0.8943;0.1579;0.8804;0.7432;204.0;1009
2026-05-20 03:36:30;mvtec_AD/hazelnut;efficient_ad;448x448;5;5;110;4;301;0.8107;0.8393;0.8387;0.2857;0.5714;0.8870;0.2971;0.8285;0.1999;251.2;1009
2026-05-20 03:41:22;mvtec_AD/leather;efficient_ad;448x448;5;5;124;4;301;0.8291;0.9464;0.8601;0.6522;0.7391;0.9384;0.2318;0.9455;0.7449;242.6;1009
2026-05-20 03:45:23;mvtec_AD/metal_nut;efficient_ad;448x448;5;5;115;4;301;0.7375;0.9218;0.9072;0.4301;0.4516;0.9361;0.6105;0.8826;0.6099;198.0;1009
2026-05-20 03:50:08;mvtec_AD/pill;efficient_ad;448x448;5;5;167;4;301;0.8001;0.9561;0.9329;0.4255;0.5035;0.9335;0.4360;0.9724;0.8973;216.7;1009
2026-05-20 03:54:28;mvtec_AD/screw;efficient_ad;448x448;5;5;160;4;301;0.6284;0.8388;0.8623;0.1933;0.2353;0.9616;0.0685;0.9942;0.6657;202.7;1009
2026-05-20 03:59:00;mvtec_AD/tile;efficient_ad;448x448;5;5;117;4;301;0.9459;0.9790;0.9249;0.7500;0.7976;0.9276;0.7746;0.9024;0.7206;227.7;1009
2026-05-20 04:03:31;mvtec_AD/toothbrush;efficient_ad;448x448;5;5;42;4;301;0.5778;0.7708;0.8696;0.1000;0.1333;0.9155;0.1162;0.8274;0.1799;251.5;1009
2026-05-20 04:08:30;mvtec_AD/transistor;efficient_ad;448x448;5;5;100;4;301;0.6088;0.5293;0.5812;0.2000;0.3250;0.7547;0.1547;0.4502;0.1595;262.4;1009
2026-05-20 04:13:34;mvtec_AD/wood;efficient_ad;448x448;5;5;79;4;301;0.9430;0.9833;0.9355;0.8167;0.8333;0.8369;0.5204;0.8892;0.7181;266.2;1009
2026-05-20 04:17:52;mvtec_AD/zipper;efficient_ad;448x448;5;5;151;4;301;0.8435;0.9468;0.9083;0.3529;0.3950;0.8998;0.2938;0.9408;0.6096;201.3;1009
2026-05-20 04:23:09;AutoVI/underbody_pipes;efficient_ad;448x448;5;5;344;4;301;0.3724;0.4739;0.6945;0.0546;0.0765;0.7618;0.0254;0.6225;0.2785;201.5;1009
2026-05-20 04:28:22;AutoVI/underbody_screw;efficient_ad;448x448;5;5;392;4;301;0.5021;0.0461;0.1040;0.0000;0.0556;0.3994;0.0002;0.1878;0.0600;203.6;1009
2026-05-20 04:34:01;AutoVI/engine_wiring;efficient_ad;448x448;5;5;574;4;301;0.6094;0.6288;0.6780;0.1419;0.2595;0.6350;0.0201;0.4731;0.1566;163.2;1009
2026-05-20 04:38:34;AutoVI/pipe_clip;efficient_ad;448x448;5;5;337;4;301;0.4917;0.4201;0.5966;0.0493;0.0915;0.5835;0.0078;0.0602;0.0125;171.7;1009
2026-05-20 04:43:58;AutoVI/tank_screw;efficient_ad;448x448;5;5;413;4;301;0.4586;0.2036;0.3802;0.0211;0.0421;0.5880;0.0009;0.0012;0.0000;194.5;1009
2026-05-20 04:52:44;mvtec_loco_AD/breakfast_box;efficient_ad;448x448;5;5;275;4;301;0.5143;0.7062;0.7723;0.2023;0.2486;0.7591;0.2067;0.7159;0.4153;385.3;1009
2026-05-20 04:59:12;mvtec_loco_AD/juice_bottle;efficient_ad;448x448;5;5;330;4;301;0.6756;0.8646;0.8339;0.3347;0.4364;0.8310;0.3172;0.8590;0.4732;251.3;1009
2026-05-20 05:07:09;mvtec_loco_AD/pushpins;efficient_ad;448x448;5;5;310;4;301;0.4842;0.5672;0.7137;0.0756;0.1047;0.5727;0.0365;0.5708;0.2878;326.6;1009
2026-05-20 05:15:25;mvtec_loco_AD/screw_bag;efficient_ad;448x448;5;5;341;4;301;0.5124;0.6541;0.7856;0.0639;0.0776;0.6119;0.0948;0.7856;0.5061;336.0;1009
2026-05-20 05:23:15;mvtec_loco_AD/splicing_connectors;efficient_ad;448x448;5;5;312;4;301;0.5390;0.6613;0.7644;0.1140;0.1451;0.5943;0.1229;0.5770;0.0756;319.3;1009
2026-05-20 05:27:54;VisA/candle;efficient_ad;448x448;5;5;200;4;301;0.5495;0.5323;0.6842;0.0500;0.0800;0.6721;0.0131;0.3671;0.1702;188.6;1009
2026-05-20 05:32:04;VisA/capsules;efficient_ad;448x448;5;5;160;4;301;0.1763;0.4528;0.7692;0.0000;0.0000;0.7714;0.0073;0.6327;0.3314;191.5;1009
2026-05-20 05:36:12;VisA/cashew;efficient_ad;448x448;5;5;150;4;301;0.7742;0.8843;0.8370;0.4200;0.5100;0.9511;0.3581;1.0000;0.6207;193.5;1009
2026-05-20 05:40:42;VisA/chewinggum;efficient_ad;448x448;5;5;150;4;301;0.6882;0.8378;0.8115;0.2900;0.3800;0.9304;0.1425;0.9052;0.3593;188.8;1009
2026-05-20 05:45:07;VisA/fryum;efficient_ad;448x448;5;5;150;4;301;0.7894;0.8960;0.8220;0.4400;0.5800;0.9302;0.2951;0.9553;0.5117;189.4;1009
2026-05-20 05:49:57;VisA/macaroni1;efficient_ad;448x448;5;5;200;4;301;0.5630;0.6069;0.6689;0.1600;0.2200;0.9549;0.0076;0.9963;0.4605;188.6;1009
2026-05-20 05:54:45;VisA/macaroni2;efficient_ad;448x448;5;5;200;4;301;0.4989;0.4889;0.6713;0.0400;0.0600;0.9219;0.0019;0.9830;0.4748;188.5;1009
2026-05-20 05:59:16;VisA/pcb1;efficient_ad;448x448;5;5;200;4;301;0.8179;0.7361;0.8225;0.1200;0.3500;0.8394;0.0140;0.9386;0.4733;192.0;1009
2026-05-20 06:03:46;VisA/pcb2;efficient_ad;448x448;5;5;200;4;301;0.7409;0.7807;0.7016;0.3900;0.4600;0.9149;0.0372;0.9217;0.6012;192.1;1009
2026-05-20 06:08:13;VisA/pcb3;efficient_ad;448x448;5;5;201;4;301;0.7826;0.7785;0.7500;0.3500;0.4300;0.9554;0.1564;0.9502;0.5655;189.1;1009
2026-05-20 06:12:51;VisA/pcb4;efficient_ad;448x448;5;5;201;4;301;0.9299;0.9291;0.8654;0.6800;0.8100;0.8303;0.0413;0.4179;0.2060;190.3;1009
2026-05-20 06:17:28;VisA/pipe_fryum;efficient_ad;448x448;5;5;150;4;301;0.7648;0.8632;0.8279;0.2900;0.3800;0.9867;0.5693;1.0000;0.3678;187.8;1009
2026-05-20 06:22:30;btad/01;efficient_ad;448x448;5;5;70;4;301;0.8814;0.9451;0.9091;0.6327;0.6531;0.6268;0.0432;0.6236;0.0959;267.0;1009
2026-05-20 06:27:11;btad/02;efficient_ad;448x448;5;5;229;4;301;0.7162;0.9520;0.9299;0.5025;0.5025;0.8686;0.3977;0.7105;0.4910;182.0;1009
2026-05-20 06:32:12;btad/03;efficient_ad;448x448;5;5;431;4;301;0.6797;0.1301;0.2517;0.0645;0.1613;0.8207;0.0126;0.7060;0.4052;182.5;1009
2026-05-20 06:43:40;GoodsAD/cigarette_box;efficient_ad;448x448;5;5;429;4;301;0.6012;0.6581;0.7346;0.1057;0.1789;0.7528;0.1933;0.5521;0.2032;448.7;1009
2026-05-20 06:58:24;GoodsAD/drink_bottle;efficient_ad;448x448;5;5;781;4;301;0.5068;0.5459;0.7051;0.0541;0.0894;0.8462;0.0438;0.2099;0.0111;440.3;1009
2026-05-20 07:08:26;GoodsAD/drink_can;efficient_ad;448x448;5;5;293;4;301;0.5348;0.5229;0.6667;0.0548;0.1096;0.8402;0.0744;0.7821;0.3122;437.5;1009
2026-05-20 07:21:19;GoodsAD/food_bottle;efficient_ad;448x448;5;5;604;4;301;0.5163;0.6226;0.7497;0.0637;0.1468;0.7885;0.0375;0.5732;0.1506;435.7;1009
2026-05-20 07:32:27;GoodsAD/food_box;efficient_ad;448x448;5;5;397;4;301;0.5544;0.6785;0.7783;0.0518;0.1076;0.7345;0.0276;0.6221;0.1896;438.0;1009
2026-05-20 07:44:12;GoodsAD/food_package;efficient_ad;448x448;5;5;483;4;301;0.5508;0.5168;0.6467;0.0522;0.1130;0.7593;0.0142;0.6064;0.1960;442.0;1009
2026-05-20 07:48:13;mvtec_AD/bottle;efficient_ad;448x448;10;10;83;0;151;0.9151;0.9670;0.9457;0.6032;0.8413;0.8638;0.5665;0.8013;0.6825;210.6;1007
2026-05-20 07:53:34;mvtec_AD/cable;efficient_ad;448x448;10;10;150;0;151;0.4839;0.6322;0.7603;0.0978;0.0978;0.9236;0.2696;0.8577;0.4476;258.5;1007
2026-05-20 07:58:44;mvtec_AD/capsule;efficient_ad;448x448;10;10;132;0;151;0.5668;0.8820;0.9046;0.2018;0.2844;0.9325;0.2112;0.9449;0.5448;255.5;1007
2026-05-20 08:03:47;mvtec_AD/carpet;efficient_ad;448x448;10;10;117;0;151;0.9896;0.9970;0.9829;0.9663;0.9663;0.9547;0.6879;0.9478;0.8356;254.8;1007
2026-05-20 08:07:44;mvtec_AD/grid;efficient_ad;448x448;10;10;78;0;151;0.9833;0.9952;0.9821;0.9649;0.9825;0.9063;0.2899;0.8620;0.7355;202.7;1007
2026-05-20 08:12:41;mvtec_AD/hazelnut;efficient_ad;448x448;10;10;110;0;151;0.8325;0.8635;0.8533;0.4143;0.5143;0.8586;0.3403;0.8159;0.2434;251.5;1007
2026-05-20 08:17:34;mvtec_AD/leather;efficient_ad;448x448;10;10;124;0;151;0.8923;0.9671;0.8977;0.7717;0.7826;0.9634;0.3747;0.9806;0.9143;239.4;1007
2026-05-20 08:24:00;mvtec_AD/metal_nut;efficient_ad;448x448;10;10;115;0;151;0.8104;0.9452;0.9091;0.3763;0.5269;0.9544;0.7850;0.8983;0.7275;332.5;1007
2026-05-20 08:30:14;mvtec_AD/pill;efficient_ad;448x448;10;10;167;0;151;0.8860;0.9772;0.9307;0.5887;0.6312;0.8653;0.3419;0.9096;0.7467;292.0;1007
2026-05-20 08:36:14;mvtec_AD/screw;efficient_ad;448x448;10;10;160;0;151;0.6649;0.8555;0.8561;0.1849;0.2857;0.9597;0.0625;0.9962;0.7260;300.3;1007
2026-05-20 08:41:08;mvtec_AD/tile;efficient_ad;448x448;10;10;117;0;151;0.9444;0.9790;0.9274;0.8333;0.8452;0.9265;0.7656;0.9034;0.8212;249.4;1007
2026-05-20 08:45:35;mvtec_AD/toothbrush;efficient_ad;448x448;10;10;42;0;151;0.6667;0.8608;0.8696;0.3667;0.4000;0.9264;0.2750;0.9899;0.7731;249.3;1007
2026-05-20 08:50:34;mvtec_AD/transistor;efficient_ad;448x448;10;10;100;0;151;0.5221;0.4162;0.5862;0.0750;0.1250;0.7252;0.1281;0.4169;0.1374;261.1;1007
2026-05-20 08:55:35;mvtec_AD/wood;efficient_ad;448x448;10;10;79;0;151;0.9518;0.9860;0.9298;0.8667;0.8833;0.8659;0.5629;0.9319;0.7130;262.2;1007
2026-05-20 08:59:52;mvtec_AD/zipper;efficient_ad;448x448;10;10;151;0;151;0.8571;0.9526;0.9113;0.2689;0.5546;0.9189;0.4251;0.9567;0.7607;200.1;1007
2026-05-20 09:05:11;AutoVI/underbody_pipes;efficient_ad;448x448;10;10;344;0;151;0.6670;0.7465;0.6958;0.2951;0.4098;0.8087;0.0388;0.5638;0.2268;200.8;1007
2026-05-20 09:10:20;AutoVI/underbody_screw;efficient_ad;448x448;10;10;392;0;151;0.0575;0.0251;0.0878;0.0000;0.0000;0.2671;0.0001;0.1384;0.0487;200.8;1007
2026-05-20 09:16:01;AutoVI/engine_wiring;efficient_ad;448x448;10;10;574;0;151;0.6115;0.6469;0.6730;0.1799;0.2215;0.6284;0.0205;0.3774;0.0884;162.2;1007
2026-05-20 09:20:32;AutoVI/pipe_clip;efficient_ad;448x448;10;10;337;0;151;0.5079;0.4241;0.5962;0.0211;0.0704;0.5560;0.0076;0.0722;0.0184;170.8;1007
2026-05-20 09:25:58;AutoVI/tank_screw;efficient_ad;448x448;10;10;413;0;151;0.4985;0.2249;0.3763;0.0211;0.0947;0.6178;0.0010;0.0012;0.0000;194.9;1007
2026-05-20 09:34:46;mvtec_loco_AD/breakfast_box;efficient_ad;448x448;10;10;275;0;151;0.5818;0.7158;0.7723;0.1503;0.1792;0.7720;0.2740;0.5414;0.1542;386.0;1007
2026-05-20 09:41:15;mvtec_loco_AD/juice_bottle;efficient_ad;448x448;10;10;330;0;151;0.6831;0.8535;0.8339;0.2754;0.3263;0.7047;0.2840;0.6324;0.2217;251.2;1007
2026-05-20 09:49:15;mvtec_loco_AD/pushpins;efficient_ad;448x448;10;10;310;0;151;0.5287;0.5847;0.7137;0.0465;0.1221;0.6065;0.0402;0.5795;0.2773;326.7;1007
2026-05-20 09:57:33;mvtec_loco_AD/screw_bag;efficient_ad;448x448;10;10;341;0;151;0.5150;0.6777;0.7821;0.0868;0.1005;0.5933;0.0907;0.7659;0.4997;333.7;1007
2026-05-20 10:05:26;mvtec_loco_AD/splicing_connectors;efficient_ad;448x448;10;10;312;0;151;0.5439;0.6735;0.7644;0.0984;0.1140;0.5961;0.1347;0.5826;0.0858;319.3;1007
2026-05-20 10:10:06;VisA/candle;efficient_ad;448x448;10;10;200;0;151;0.7163;0.7376;0.6996;0.3000;0.3400;0.7076;0.0071;0.3774;0.1905;188.0;1007
2026-05-20 10:14:16;VisA/capsules;efficient_ad;448x448;10;10;160;0;151;0.1967;0.4594;0.7692;0.0000;0.0000;0.8080;0.0105;0.6704;0.3815;191.3;1007
2026-05-20 10:18:23;VisA/cashew;efficient_ad;448x448;10;10;150;0;151;0.7886;0.8936;0.8302;0.4600;0.4800;0.9656;0.5852;0.9877;0.4663;193.5;1007
2026-05-20 10:22:54;VisA/chewinggum;efficient_ad;448x448;10;10;150;0;151;0.7672;0.8792;0.8182;0.4100;0.4700;0.9281;0.1448;0.9659;0.6040;188.2;1007
2026-05-20 10:27:20;VisA/fryum;efficient_ad;448x448;10;10;150;0;151;0.7428;0.8719;0.8163;0.4200;0.5100;0.9210;0.3041;0.9598;0.4443;188.9;1007
2026-05-20 10:32:14;VisA/macaroni1;efficient_ad;448x448;10;10;200;0;151;0.6467;0.6369;0.6879;0.1700;0.2400;0.9223;0.0057;0.7354;0.3245;188.3;1007
2026-05-20 10:37:03;VisA/macaroni2;efficient_ad;448x448;10;10;200;0;151;0.6018;0.5869;0.6770;0.1300;0.1600;0.9237;0.0021;0.9737;0.5163;187.8;1007
2026-05-20 10:41:35;VisA/pcb1;efficient_ad;448x448;10;10;200;0;151;0.8383;0.8091;0.8376;0.2900;0.3600;0.8548;0.0149;0.9699;0.5984;191.7;1007
2026-05-20 10:46:06;VisA/pcb2;efficient_ad;448x448;10;10;200;0;151;0.7167;0.7427;0.7417;0.3100;0.3700;0.9135;0.0313;0.9528;0.7536;191.6;1007
2026-05-20 10:50:35;VisA/pcb3;efficient_ad;448x448;10;10;201;0;151;0.8150;0.8139;0.7680;0.3300;0.4800;0.9630;0.1931;0.9962;0.7185;189.1;1007
2026-05-20 10:55:13;VisA/pcb4;efficient_ad;448x448;10;10;201;0;151;0.8526;0.8784;0.7629;0.5600;0.6400;0.8353;0.0473;0.4118;0.1749;190.1;1007
2026-05-20 10:59:50;VisA/pipe_fryum;efficient_ad;448x448;10;10;150;0;151;0.8014;0.9016;0.8241;0.4400;0.5200;0.9875;0.6660;1.0000;0.3654;186.9;1007
2026-05-20 11:04:51;btad/01;efficient_ad;448x448;10;10;70;0;151;0.9048;0.9621;0.9167;0.8163;0.8776;0.6032;0.0415;0.6701;0.5287;265.4;1007
2026-05-20 11:09:30;btad/02;efficient_ad;448x448;10;10;229;0;151;0.7523;0.9585;0.9299;0.4573;0.5477;0.8470;0.3253;0.6706;0.4610;181.3;1007
2026-05-20 11:14:33;btad/03;efficient_ad;448x448;10;10;431;0;151;0.8356;0.2988;0.4533;0.4194;0.6129;0.8266;0.0130;0.6894;0.4432;182.0;1007
2026-05-20 11:26:04;GoodsAD/cigarette_box;efficient_ad;448x448;10;10;429;0;151;0.6692;0.7325;0.7363;0.1341;0.2033;0.7407;0.2489;0.6539;0.3083;453.1;1007
2026-05-20 11:40:58;GoodsAD/drink_bottle;efficient_ad;448x448;10;10;781;0;151;0.5031;0.5483;0.7048;0.0565;0.0941;0.8561;0.0405;0.2135;0.0131;441.4;1007
2026-05-20 11:51:18;GoodsAD/drink_can;efficient_ad;448x448;10;10;293;0;151;0.5454;0.5219;0.6697;0.0548;0.0959;0.8266;0.0688;0.5569;0.1620;450.9;1007
2026-05-20 12:04:20;GoodsAD/food_bottle;efficient_ad;448x448;10;10;604;0;151;0.5267;0.6232;0.7484;0.0693;0.1385;0.7792;0.0355;0.7708;0.3538;439.5;1007
2026-05-20 12:15:36;GoodsAD/food_box;efficient_ad;448x448;10;10;397;0;151;0.5416;0.6859;0.7795;0.1036;0.1793;0.6864;0.0239;0.7128;0.3154;443.1;1007
2026-05-20 12:27:28;GoodsAD/food_package;efficient_ad;448x448;10;10;483;0;151;0.5380;0.5117;0.6497;0.0696;0.1304;0.8049;0.0159;0.4461;0.1063;441.1;1007
2026-05-20 12:31:32;mvtec_AD/bottle;efficient_ad;448x448;10;10;83;1;151;0.8460;0.9220;0.9280;0.1746;0.4127;0.8591;0.5812;0.6527;0.0824;213.2;1008
2026-05-20 12:36:53;mvtec_AD/cable;efficient_ad;448x448;10;10;150;1;151;0.6698;0.7826;0.7913;0.1739;0.3261;0.9428;0.4383;0.9066;0.6405;259.4;1008
2026-05-20 12:42:03;mvtec_AD/capsule;efficient_ad;448x448;10;10;132;1;151;0.6442;0.9042;0.9083;0.2569;0.2844;0.9340;0.2354;0.9499;0.6672;256.5;1008
2026-05-20 12:47:07;mvtec_AD/carpet;efficient_ad;448x448;10;10;117;1;151;0.9807;0.9944;0.9651;0.9326;0.9326;0.9533;0.6749;0.9435;0.8175;255.3;1008
2026-05-20 12:51:04;mvtec_AD/grid;efficient_ad;448x448;10;10;78;1;151;0.8530;0.9263;0.9268;0.2632;0.4912;0.8795;0.1068;0.8283;0.6388;202.6;1008
2026-05-20 12:56:00;mvtec_AD/hazelnut;efficient_ad;448x448;10;10;110;1;151;0.7814;0.8761;0.8125;0.4143;0.4857;0.8760;0.2665;0.9314;0.7342;250.5;1008
2026-05-20 13:00:42;mvtec_AD/leather;efficient_ad;448x448;10;10;124;1;151;0.9406;0.9825;0.9318;0.8696;0.8913;0.9727;0.4297;0.9880;0.8170;232.1;1008
2026-05-20 13:04:43;mvtec_AD/metal_nut;efficient_ad;448x448;10;10;115;1;151;0.8099;0.9476;0.9154;0.5484;0.5914;0.9577;0.8028;0.8861;0.7035;198.3;1008
2026-05-20 13:09:27;mvtec_AD/pill;efficient_ad;448x448;10;10;167;1;151;0.8603;0.9694;0.9431;0.5461;0.5674;0.9422;0.4390;0.9733;0.7280;215.9;1008
2026-05-20 13:13:49;mvtec_AD/screw;efficient_ad;448x448;10;10;160;1;151;0.5841;0.7759;0.8623;0.0672;0.1597;0.9570;0.0472;0.9938;0.7475;204.4;1008
2026-05-20 13:18:23;mvtec_AD/tile;efficient_ad;448x448;10;10;117;1;151;0.9488;0.9813;0.9112;0.8333;0.8571;0.9249;0.7593;0.9007;0.7321;228.9;1008
2026-05-20 13:22:53;mvtec_AD/toothbrush;efficient_ad;448x448;10;10;42;1;151;0.7167;0.8829;0.8571;0.3333;0.5000;0.9324;0.2602;0.9909;0.7839;251.4;1008
2026-05-20 13:27:53;mvtec_AD/transistor;efficient_ad;448x448;10;10;100;1;151;0.5654;0.4245;0.6102;0.0500;0.0750;0.7435;0.1376;0.6595;0.3579;262.6;1008
2026-05-20 13:32:57;mvtec_AD/wood;efficient_ad;448x448;10;10;79;1;151;0.9588;0.9879;0.9391;0.8333;0.9000;0.8428;0.5239;0.9243;0.6701;264.1;1008
2026-05-20 13:37:17;mvtec_AD/zipper;efficient_ad;448x448;10;10;151;1;151;0.8485;0.9491;0.9069;0.2857;0.5630;0.8993;0.2885;0.9515;0.7153;202.4;1008
2026-05-20 13:42:36;AutoVI/underbody_pipes;efficient_ad;448x448;10;10;344;1;151;0.6933;0.6963;0.7500;0.1530;0.3115;0.8202;0.0470;0.6594;0.3153;201.8;1008
2026-05-20 13:47:52;AutoVI/underbody_screw;efficient_ad;448x448;10;10;392;1;151;0.5051;0.0455;0.1048;0.0000;0.0000;0.4288;0.0002;0.1234;0.0103;202.7;1008
2026-05-20 13:53:36;AutoVI/engine_wiring;efficient_ad;448x448;10;10;574;1;151;0.5552;0.5691;0.6714;0.0900;0.1488;0.6610;0.0247;0.5854;0.2484;163.1;1008
2026-05-20 13:58:08;AutoVI/pipe_clip;efficient_ad;448x448;10;10;337;1;151;0.4928;0.4187;0.5954;0.0352;0.0845;0.5667;0.0079;0.0583;0.0127;171.7;1008
2026-05-20 14:03:35;AutoVI/tank_screw;efficient_ad;448x448;10;10;413;1;151;0.4843;0.2178;0.3894;0.0421;0.0632;0.5935;0.0010;0.0013;0.0000;195.2;1008
2026-05-20 14:12:23;mvtec_loco_AD/breakfast_box;efficient_ad;448x448;10;10;275;1;151;0.5749;0.7486;0.7723;0.2081;0.2659;0.7469;0.1944;0.6894;0.4220;387.7;1008
2026-05-20 14:18:50;mvtec_loco_AD/juice_bottle;efficient_ad;448x448;10;10;330;1;151;0.7333;0.8851;0.8339;0.3008;0.3941;0.7136;0.3194;0.6364;0.1744;252.6;1008
2026-05-20 14:26:51;mvtec_loco_AD/pushpins;efficient_ad;448x448;10;10;310;1;151;0.5661;0.6248;0.7137;0.0523;0.1279;0.6167;0.0412;0.6015;0.3204;327.5;1008
2026-05-20 14:35:10;mvtec_loco_AD/screw_bag;efficient_ad;448x448;10;10;341;1;151;0.5538;0.6885;0.7828;0.0731;0.1233;0.6041;0.0947;0.7871;0.5666;336.8;1008
2026-05-20 14:43:02;mvtec_loco_AD/splicing_connectors;efficient_ad;448x448;10;10;312;1;151;0.5552;0.6937;0.7644;0.1140;0.1451;0.6118;0.1651;0.6485;0.1151;319.2;1008
2026-05-20 14:47:43;VisA/candle;efficient_ad;448x448;10;10;200;1;151;0.5404;0.5771;0.6711;0.2000;0.2300;0.6930;0.0066;0.4050;0.2019;188.9;1008
2026-05-20 14:51:54;VisA/capsules;efficient_ad;448x448;10;10;160;1;151;0.1840;0.4551;0.7692;0.0000;0.0000;0.8073;0.0102;0.6668;0.2872;192.5;1008
2026-05-20 14:56:03;VisA/cashew;efficient_ad;448x448;10;10;150;1;151;0.7572;0.8793;0.8167;0.4200;0.4700;0.9550;0.4867;0.9906;0.4534;194.1;1008
2026-05-20 15:00:36;VisA/chewinggum;efficient_ad;448x448;10;10;150;1;151;0.7088;0.8475;0.8255;0.3900;0.4100;0.9260;0.1481;0.9481;0.5700;189.2;1008
2026-05-20 15:05:03;VisA/fryum;efficient_ad;448x448;10;10;150;1;151;0.8030;0.9031;0.8161;0.5400;0.5800;0.9353;0.3274;0.9884;0.5926;190.7;1008
2026-05-20 15:09:57;VisA/macaroni1;efficient_ad;448x448;10;10;200;1;151;0.6725;0.6469;0.6940;0.1300;0.2100;0.9489;0.0085;0.8307;0.2024;189.9;1008
2026-05-20 15:14:45;VisA/macaroni2;efficient_ad;448x448;10;10;200;1;151;0.5114;0.4798;0.6853;0.0200;0.0400;0.9356;0.0026;0.9731;0.3871;188.7;1008
2026-05-20 15:19:15;VisA/pcb1;efficient_ad;448x448;10;10;200;1;151;0.5106;0.4886;0.6780;0.0100;0.0500;0.8698;0.0176;0.9494;0.5825;192.7;1008
2026-05-20 15:23:47;VisA/pcb2;efficient_ad;448x448;10;10;200;1;151;0.7428;0.7493;0.7210;0.2800;0.3400;0.9124;0.0255;0.9133;0.5159;192.6;1008
2026-05-20 15:28:14;VisA/pcb3;efficient_ad;448x448;10;10;201;1;151;0.6622;0.7153;0.6835;0.3300;0.3500;0.9507;0.1345;0.9907;0.6589;190.1;1008
2026-05-20 15:32:53;VisA/pcb4;efficient_ad;448x448;10;10;201;1;151;0.7797;0.7944;0.7382;0.4100;0.4400;0.8249;0.0550;0.4796;0.2516;191.3;1008
2026-05-20 15:37:33;VisA/pipe_fryum;efficient_ad;448x448;10;10;150;1;151;0.9082;0.9582;0.8980;0.6900;0.8300;0.9893;0.7290;1.0000;0.7180;188.5;1008
2026-05-20 15:42:35;btad/01;efficient_ad;448x448;10;10;70;1;151;0.8785;0.9510;0.8727;0.6327;0.7347;0.6166;0.0441;0.6334;0.4324;267.0;1008
2026-05-20 15:47:18;btad/02;efficient_ad;448x448;10;10;229;1;151;0.6603;0.9409;0.9299;0.4774;0.4874;0.8328;0.2597;0.6335;0.4403;182.5;1008
2026-05-20 15:52:23;btad/03;efficient_ad;448x448;10;10;431;1;151;0.7550;0.2515;0.3604;0.2258;0.4516;0.8214;0.0147;0.7082;0.4804;183.0;1008
2026-05-20 16:03:47;GoodsAD/cigarette_box;efficient_ad;448x448;10;10;429;1;151;0.6428;0.7172;0.7311;0.1707;0.2154;0.7334;0.2555;0.6546;0.3176;446.6;1008
2026-05-20 16:18:39;GoodsAD/drink_bottle;efficient_ad;448x448;10;10;781;1;151;0.5145;0.5497;0.7048;0.0494;0.0918;0.8574;0.0559;0.2696;0.0332;442.7;1008
2026-05-20 16:28:49;GoodsAD/drink_can;efficient_ad;448x448;10;10;293;1;151;0.5373;0.5349;0.6698;0.0890;0.1164;0.8429;0.0697;0.4294;0.0645;444.6;1008
2026-05-20 16:41:49;GoodsAD/food_bottle;efficient_ad;448x448;10;10;604;1;151;0.5142;0.6201;0.7513;0.0886;0.1302;0.7981;0.0372;0.8298;0.4123;433.4;1008
2026-05-20 16:52:59;GoodsAD/food_box;efficient_ad;448x448;10;10;397;1;151;0.5462;0.6686;0.7771;0.0757;0.1155;0.7462;0.0273;0.2809;0.0358;439.5;1008
2026-05-20 17:04:56;GoodsAD/food_package;efficient_ad;448x448;10;10;483;1;151;0.5393;0.4992;0.6461;0.0391;0.0957;0.7921;0.0136;0.6151;0.1996;446.6;1008
2026-05-20 17:09:00;mvtec_AD/bottle;efficient_ad;448x448;10;10;83;2;151;0.8452;0.9222;0.9160;0.1429;0.5714;0.8739;0.5914;0.7823;0.5716;212.9;1007
2026-05-20 17:14:26;mvtec_AD/cable;efficient_ad;448x448;10;10;150;2;151;0.6584;0.7622;0.7615;0.1196;0.2826;0.9179;0.3174;0.8777;0.5939;262.5;1007
2026-05-20 17:19:38;mvtec_AD/capsule;efficient_ad;448x448;10;10;132;2;151;0.5836;0.8814;0.9046;0.1927;0.2569;0.9383;0.1640;0.9804;0.4596;258.0;1007
2026-05-20 17:24:45;mvtec_AD/carpet;efficient_ad;448x448;10;10;117;2;151;0.9868;0.9961;0.9770;0.9551;0.9551;0.9537;0.6773;0.9476;0.8335;257.5;1007
2026-05-20 17:28:44;mvtec_AD/grid;efficient_ad;448x448;10;10;78;2;151;0.9866;0.9960;0.9825;0.9825;0.9825;0.9124;0.2788;0.8894;0.7500;204.0;1007
2026-05-20 17:33:44;mvtec_AD/hazelnut;efficient_ad;448x448;10;10;110;2;151;0.8436;0.9060;0.8293;0.5143;0.7143;0.8608;0.4055;0.7935;0.3003;253.6;1007
2026-05-20 17:38:33;mvtec_AD/leather;efficient_ad;448x448;10;10;124;2;151;0.7201;0.9056;0.8519;0.4674;0.5978;0.9277;0.1641;0.9477;0.6434;238.8;1007
2026-05-20 17:42:35;mvtec_AD/metal_nut;efficient_ad;448x448;10;10;115;2;151;0.7752;0.9338;0.8976;0.3011;0.3226;0.9623;0.7908;0.8937;0.6268;198.4;1007
2026-05-20 17:47:22;mvtec_AD/pill;efficient_ad;448x448;10;10;167;2;151;0.8587;0.9702;0.9485;0.5674;0.6099;0.9418;0.4505;0.9780;0.8997;217.5;1007
2026-05-20 17:51:43;mvtec_AD/screw;efficient_ad;448x448;10;10;160;2;151;0.6081;0.8038;0.8623;0.0840;0.2605;0.9604;0.0606;0.9943;0.7574;202.5;1007
2026-05-20 17:56:18;mvtec_AD/tile;efficient_ad;448x448;10;10;117;2;151;0.9275;0.9735;0.8989;0.7976;0.8452;0.9234;0.7520;0.9040;0.8611;228.5;1007
2026-05-20 18:00:48;mvtec_AD/toothbrush;efficient_ad;448x448;10;10;42;2;151;0.6889;0.8707;0.8529;0.3333;0.4333;0.9363;0.2859;0.9894;0.7359;251.5;1007
2026-05-20 18:05:49;mvtec_AD/transistor;efficient_ad;448x448;10;10;100;2;151;0.5825;0.4594;0.6182;0.1250;0.1750;0.7877;0.1846;0.4925;0.1543;263.2;1007
2026-05-20 18:10:52;mvtec_AD/wood;efficient_ad;448x448;10;10;79;2;151;0.9482;0.9841;0.9355;0.8167;0.8167;0.8567;0.5603;0.9166;0.6740;264.1;1007
2026-05-20 18:15:11;mvtec_AD/zipper;efficient_ad;448x448;10;10;151;2;151;0.8309;0.9424;0.9136;0.3193;0.3697;0.9040;0.3024;0.9583;0.7300;201.5;1007
2026-05-20 18:20:34;AutoVI/underbody_pipes;efficient_ad;448x448;10;10;344;2;151;0.7077;0.7909;0.7088;0.3989;0.4754;0.7752;0.0380;0.6284;0.2995;201.6;1007
2026-05-20 18:25:48;AutoVI/underbody_screw;efficient_ad;448x448;10;10;392;2;151;0.2622;0.0327;0.0878;0.0000;0.0556;0.3605;0.0003;0.1374;0.0242;202.9;1007
2026-05-20 18:31:34;AutoVI/engine_wiring;efficient_ad;448x448;10;10;574;2;151;0.6230;0.6365;0.6729;0.1211;0.1938;0.6479;0.0226;0.4398;0.1327;163.3;1007
2026-05-20 18:36:07;AutoVI/pipe_clip;efficient_ad;448x448;10;10;337;2;151;0.5147;0.4390;0.5929;0.0282;0.0915;0.5516;0.0075;0.1171;0.0430;171.7;1007
2026-05-20 18:41:36;AutoVI/tank_screw;efficient_ad;448x448;10;10;413;2;151;0.4620;0.2112;0.3760;0.0105;0.0737;0.5738;0.0009;0.0011;0.0000;195.1;1007
2026-05-20 18:50:30;mvtec_loco_AD/breakfast_box;efficient_ad;448x448;10;10;275;2;151;0.5921;0.7548;0.7758;0.2775;0.3006;0.7696;0.3456;0.5837;0.2068;387.5;1007
2026-05-20 18:56:59;mvtec_loco_AD/juice_bottle;efficient_ad;448x448;10;10;330;2;151;0.5330;0.7660;0.8339;0.1271;0.1822;0.8187;0.1718;0.7943;0.3003;252.0;1007
2026-05-20 19:05:00;mvtec_loco_AD/pushpins;efficient_ad;448x448;10;10;310;2;151;0.4888;0.5553;0.7137;0.0640;0.0930;0.5737;0.0375;0.5950;0.3085;327.9;1007
2026-05-20 19:13:20;mvtec_loco_AD/screw_bag;efficient_ad;448x448;10;10;341;2;151;0.5041;0.6630;0.7821;0.0594;0.1279;0.5896;0.0893;0.7819;0.5963;333.7;1007
2026-05-20 19:21:12;mvtec_loco_AD/splicing_connectors;efficient_ad;448x448;10;10;312;2;151;0.5506;0.6920;0.7644;0.1192;0.1606;0.6187;0.1634;0.7225;0.1441;319.0;1007
2026-05-20 19:25:53;VisA/candle;efficient_ad;448x448;10;10;200;2;151;0.5854;0.6345;0.6803;0.2400;0.2700;0.8387;0.0121;0.6272;0.2526;189.2;1007
2026-05-20 19:30:05;VisA/capsules;efficient_ad;448x448;10;10;160;2;151;0.1927;0.4576;0.7692;0.0000;0.0000;0.8120;0.0096;0.7127;0.3242;192.9;1007
2026-05-20 19:34:14;VisA/cashew;efficient_ad;448x448;10;10;150;2;151;0.6804;0.8340;0.8049;0.3300;0.4000;0.9649;0.4501;0.9835;0.4227;194.3;1007
2026-05-20 19:38:48;VisA/chewinggum;efficient_ad;448x448;10;10;150;2;151;0.7736;0.8771;0.8240;0.3000;0.4400;0.9239;0.1136;0.9033;0.4447;189.6;1007
2026-05-20 19:43:15;VisA/fryum;efficient_ad;448x448;10;10;150;2;151;0.7352;0.8645;0.8261;0.3800;0.4100;0.9215;0.2962;0.9876;0.7441;190.0;1007
2026-05-20 19:48:09;VisA/macaroni1;efficient_ad;448x448;10;10;200;2;151;0.6134;0.6033;0.6904;0.0900;0.2200;0.9528;0.0063;0.9083;0.2286;189.3;1007
2026-05-20 19:52:59;VisA/macaroni2;efficient_ad;448x448;10;10;200;2;151;0.4927;0.4914;0.6714;0.0300;0.0600;0.8979;0.0014;0.9609;0.6059;188.8;1007
2026-05-20 19:57:32;VisA/pcb1;efficient_ad;448x448;10;10;200;2;151;0.6750;0.6146;0.7791;0.0900;0.1300;0.8477;0.0142;0.9592;0.5328;192.3;1007
2026-05-20 20:02:05;VisA/pcb2;efficient_ad;448x448;10;10;200;2;151;0.7606;0.7811;0.7265;0.2900;0.4500;0.9103;0.0441;0.9344;0.6178;192.5;1007
2026-05-20 20:06:33;VisA/pcb3;efficient_ad;448x448;10;10;201;2;151;0.8058;0.8205;0.7692;0.4000;0.5200;0.9678;0.1724;0.9962;0.7661;189.4;1007
2026-05-20 20:11:13;VisA/pcb4;efficient_ad;448x448;10;10;201;2;151;0.8768;0.8951;0.8035;0.6200;0.6500;0.8289;0.0484;0.5112;0.2423;191.0;1007
2026-05-20 20:15:54;VisA/pipe_fryum;efficient_ad;448x448;10;10;150;2;151;0.8462;0.9166;0.8615;0.4400;0.5600;0.9866;0.6391;1.0000;0.3975;188.8;1007
2026-05-20 20:20:58;btad/01;efficient_ad;448x448;10;10;70;2;151;0.8737;0.9427;0.8911;0.5714;0.7347;0.5248;0.0324;0.6278;0.3242;267.2;1007
2026-05-20 20:25:38;btad/02;efficient_ad;448x448;10;10;229;2;151;0.6730;0.9429;0.9299;0.4020;0.4623;0.7223;0.1896;0.3760;0.2394;182.3;1007
2026-05-20 20:30:45;btad/03;efficient_ad;448x448;10;10;431;2;151;0.8302;0.2793;0.4421;0.2903;0.5806;0.8378;0.0163;0.7161;0.4147;182.9;1007
2026-05-20 20:42:19;GoodsAD/cigarette_box;efficient_ad;448x448;10;10;429;2;151;0.6462;0.7322;0.7357;0.1463;0.2805;0.6732;0.1897;0.5115;0.1952;447.6;1007
2026-05-20 20:57:25;GoodsAD/drink_bottle;efficient_ad;448x448;10;10;781;2;151;0.5055;0.5443;0.7048;0.0659;0.1059;0.8335;0.0407;0.2170;0.0173;450.0;1007
2026-05-20 21:07:42;GoodsAD/drink_can;efficient_ad;448x448;10;10;293;2;151;0.5425;0.5207;0.6697;0.0548;0.0822;0.8413;0.0750;0.9024;0.4078;446.8;1007
2026-05-20 21:20:52;GoodsAD/food_bottle;efficient_ad;448x448;10;10;604;2;151;0.5294;0.6358;0.7484;0.0776;0.1163;0.8069;0.0386;0.6424;0.1915;438.3;1007
2026-05-20 21:32:40;GoodsAD/food_box;efficient_ad;448x448;10;10;397;2;151;0.5401;0.6755;0.7788;0.0837;0.1355;0.7400;0.0291;0.7556;0.2933;471.2;1007
2026-05-20 21:44:37;GoodsAD/food_package;efficient_ad;448x448;10;10;483;2;151;0.5350;0.5043;0.6477;0.0565;0.1000;0.7955;0.0142;0.7615;0.3585;445.9;1007
2026-05-20 21:48:39;mvtec_AD/bottle;efficient_ad;448x448;10;10;83;3;151;0.7556;0.8914;0.9023;0.2063;0.4286;0.8655;0.5700;0.6860;0.1332;211.4;1007
2026-05-20 21:54:01;mvtec_AD/cable;efficient_ad;448x448;10;10;150;3;151;0.7446;0.8183;0.7890;0.2826;0.4022;0.9302;0.3453;0.9163;0.6686;259.7;1007
2026-05-20 21:59:14;mvtec_AD/capsule;efficient_ad;448x448;10;10;132;3;151;0.5146;0.8673;0.9083;0.2385;0.2569;0.9404;0.2024;0.9725;0.6209;257.0;1007
2026-05-20 22:04:18;mvtec_AD/carpet;efficient_ad;448x448;10;10;117;3;151;0.9856;0.9958;0.9711;0.9438;0.9438;0.9496;0.6605;0.9476;0.8710;256.8;1007
2026-05-20 22:08:16;mvtec_AD/grid;efficient_ad;448x448;10;10;78;3;151;0.9683;0.9895;0.9412;0.8947;0.9123;0.9087;0.2677;0.8953;0.7586;203.0;1007
2026-05-20 22:13:17;mvtec_AD/hazelnut;efficient_ad;448x448;10;10;110;3;151;0.8604;0.9249;0.8489;0.6143;0.6714;0.7976;0.3852;0.7583;0.5599;253.3;1007
2026-05-20 22:18:08;mvtec_AD/leather;efficient_ad;448x448;10;10;124;3;151;0.9569;0.9868;0.9392;0.8913;0.9130;0.9737;0.4870;0.9935;0.9581;240.9;1007
2026-05-20 22:22:11;mvtec_AD/metal_nut;efficient_ad;448x448;10;10;115;3;151;0.8294;0.9527;0.9091;0.6022;0.6559;0.9593;0.8346;0.8603;0.6583;198.4;1007
2026-05-20 22:26:56;mvtec_AD/pill;efficient_ad;448x448;10;10;167;3;151;0.8576;0.9697;0.9369;0.5603;0.6241;0.9166;0.4152;0.9632;0.8491;217.2;1007
2026-05-20 22:31:17;mvtec_AD/screw;efficient_ad;448x448;10;10;160;3;151;0.6860;0.8741;0.8655;0.3193;0.3193;0.9630;0.1126;0.9962;0.8282;202.6;1007
2026-05-20 22:35:52;mvtec_AD/tile;efficient_ad;448x448;10;10;117;3;151;0.9275;0.9730;0.9114;0.7262;0.8571;0.9283;0.7744;0.9017;0.6789;228.6;1007
2026-05-20 22:40:23;mvtec_AD/toothbrush;efficient_ad;448x448;10;10;42;3;151;0.7194;0.8662;0.8955;0.3000;0.3000;0.9312;0.2720;0.9722;0.7162;251.5;1007
2026-05-20 22:45:23;mvtec_AD/transistor;efficient_ad;448x448;10;10;100;3;151;0.5996;0.4663;0.6325;0.1000;0.1000;0.7731;0.1913;0.5919;0.2339;262.7;1007
2026-05-20 22:50:18;mvtec_AD/wood;efficient_ad;448x448;10;10;79;3;151;0.9439;0.9834;0.9302;0.8333;0.8500;0.8549;0.5406;0.9208;0.6205;256.4;1007
2026-05-20 22:54:37;mvtec_AD/zipper;efficient_ad;448x448;10;10;151;3;151;0.8506;0.9512;0.9098;0.3025;0.5378;0.8959;0.2911;0.9444;0.6824;201.8;1007
2026-05-20 22:59:58;AutoVI/underbody_pipes;efficient_ad;448x448;10;10;344;3;151;0.7860;0.8383;0.7388;0.4863;0.5574;0.8071;0.0614;0.6935;0.4369;201.5;1007
2026-05-20 23:05:17;AutoVI/underbody_screw;efficient_ad;448x448;10;10;392;3;151;0.5832;0.0605;0.1311;0.0000;0.1667;0.5552;0.0003;0.0801;0.0015;204.1;1007
2026-05-20 23:11:05;AutoVI/engine_wiring;efficient_ad;448x448;10;10;574;3;151;0.6271;0.6276;0.6756;0.1176;0.2457;0.6677;0.0213;0.7393;0.4115;163.1;1007
2026-05-20 23:15:39;AutoVI/pipe_clip;efficient_ad;448x448;10;10;337;3;151;0.4992;0.4297;0.5954;0.0352;0.1408;0.5765;0.0083;0.0048;0.0002;171.8;1007
2026-05-20 23:21:06;AutoVI/tank_screw;efficient_ad;448x448;10;10;413;3;151;0.4824;0.2169;0.3762;0.0105;0.0105;0.5837;0.0009;0.0007;0.0000;195.2;1007
2026-05-20 23:29:58;mvtec_loco_AD/breakfast_box;efficient_ad;448x448;10;10;275;3;151;0.4987;0.6824;0.7730;0.1503;0.2023;0.7228;0.2006;0.5769;0.2718;388.1;1007
2026-05-20 23:36:26;mvtec_loco_AD/juice_bottle;efficient_ad;448x448;10;10;330;3;151;0.6798;0.8612;0.8339;0.3220;0.3983;0.8186;0.2799;0.7900;0.3695;251.1;1007
2026-05-20 23:44:29;mvtec_loco_AD/pushpins;efficient_ad;448x448;10;10;310;3;151;0.5083;0.5738;0.7137;0.0465;0.0814;0.5753;0.0383;0.5797;0.2866;326.9;1007
2026-05-20 23:52:48;mvtec_loco_AD/screw_bag;efficient_ad;448x448;10;10;341;3;151;0.5122;0.6634;0.7835;0.0502;0.0639;0.5840;0.0882;0.7569;0.5055;336.7;1007
2026-05-21 00:00:43;mvtec_loco_AD/splicing_connectors;efficient_ad;448x448;10;10;312;3;151;0.5838;0.7026;0.7644;0.1140;0.1451;0.5931;0.1329;0.5508;0.0791;319.5;1007
2026-05-21 00:05:25;VisA/candle;efficient_ad;448x448;10;10;200;3;151;0.7858;0.7786;0.7510;0.3400;0.4700;0.7215;0.0077;0.3614;0.2258;190.4;1007
2026-05-21 00:09:38;VisA/capsules;efficient_ad;448x448;10;10;160;3;151;0.2170;0.4665;0.7692;0.0000;0.0000;0.8191;0.0106;0.7002;0.3655;193.7;1007
2026-05-21 00:13:50;VisA/cashew;efficient_ad;448x448;10;10;150;3;151;0.8146;0.9053;0.8276;0.4000;0.6100;0.9675;0.5179;0.9988;0.4050;196.5;1007
2026-05-21 00:18:24;VisA/chewinggum;efficient_ad;448x448;10;10;150;3;151;0.7624;0.8784;0.8297;0.4200;0.4800;0.9235;0.1654;0.9804;0.5364;190.9;1007
2026-05-21 00:22:54;VisA/fryum;efficient_ad;448x448;10;10;150;3;151;0.7396;0.8697;0.8082;0.4000;0.5100;0.9234;0.3042;0.9637;0.5454;191.9;1007
2026-05-21 00:27:48;VisA/macaroni1;efficient_ad;448x448;10;10;200;3;151;0.6788;0.6747;0.7087;0.1500;0.2200;0.9367;0.0214;0.6687;0.1545;190.7;1007
2026-05-21 00:32:39;VisA/macaroni2;efficient_ad;448x448;10;10;200;3;151;0.5264;0.5259;0.6738;0.0500;0.1700;0.9228;0.0020;0.9704;0.6061;190.1;1007
2026-05-21 00:37:15;VisA/pcb1;efficient_ad;448x448;10;10;200;3;151;0.6649;0.6243;0.7149;0.0800;0.2200;0.8977;0.0305;0.9307;0.6291;194.4;1007
2026-05-21 00:41:48;VisA/pcb2;efficient_ad;448x448;10;10;200;3;151;0.6953;0.6752;0.7173;0.1500;0.2700;0.9006;0.0227;0.8965;0.5181;193.7;1007
2026-05-21 00:46:18;VisA/pcb3;efficient_ad;448x448;10;10;201;3;151;0.8319;0.8375;0.7667;0.5000;0.6400;0.9563;0.2038;0.9554;0.6074;191.6;1007
2026-05-21 00:51:01;VisA/pcb4;efficient_ad;448x448;10;10;201;3;151;0.9503;0.9498;0.8942;0.6800;0.8400;0.8377;0.0532;0.3723;0.1465;193.3;1007
2026-05-21 00:55:43;VisA/pipe_fryum;efficient_ad;448x448;10;10;150;3;151;0.7754;0.8683;0.8559;0.3300;0.3500;0.9845;0.5537;1.0000;0.3698;190.1;1007
2026-05-21 01:00:50;btad/01;efficient_ad;448x448;10;10;70;3;151;0.8834;0.9482;0.9000;0.6122;0.7755;0.6062;0.0408;0.6930;0.2813;270.5;1007
2026-05-21 01:05:32;btad/02;efficient_ad;448x448;10;10;229;3;151;0.6375;0.9370;0.9321;0.4523;0.4925;0.8694;0.3710;0.6358;0.3414;182.4;1007
2026-05-21 01:10:36;btad/03;efficient_ad;448x448;10;10;431;3;151;0.7669;0.2119;0.3250;0.1613;0.4194;0.8307;0.0111;0.6918;0.4081;183.0;1007
2026-05-21 01:22:07;GoodsAD/cigarette_box;efficient_ad;448x448;10;10;429;3;151;0.6147;0.6837;0.7402;0.1341;0.2602;0.7074;0.1606;0.6284;0.2966;448.3;1007
2026-05-21 01:37:12;GoodsAD/drink_bottle;efficient_ad;448x448;10;10;781;3;151;0.5063;0.5403;0.7051;0.0376;0.0776;0.8552;0.0376;0.3187;0.0413;444.9;1007
2026-05-21 01:47:37;GoodsAD/drink_can;efficient_ad;448x448;10;10;293;3;151;0.5379;0.5268;0.6714;0.0685;0.1096;0.8363;0.0713;0.5030;0.1323;453.1;1007
2026-05-21 02:00:45;GoodsAD/food_bottle;efficient_ad;448x448;10;10;604;3;151;0.5310;0.6317;0.7490;0.0554;0.1357;0.7964;0.0371;0.6138;0.1806;437.9;1007
2026-05-21 02:12:06;GoodsAD/food_box;efficient_ad;448x448;10;10;397;3;151;0.5710;0.7052;0.7771;0.0956;0.2271;0.7552;0.0282;0.3658;0.0578;441.2;1007
2026-05-21 02:24:07;GoodsAD/food_package;efficient_ad;448x448;10;10;483;3;151;0.5562;0.5264;0.6459;0.0609;0.1087;0.7985;0.0150;0.4513;0.1025;445.5;1007
2026-05-21 02:28:09;mvtec_AD/bottle;efficient_ad;448x448;10;10;83;4;151;0.8476;0.9264;0.9254;0.2540;0.4444;0.8467;0.5287;0.7604;0.4975;211.6;1007
2026-05-21 02:33:32;mvtec_AD/cable;efficient_ad;448x448;10;10;150;4;151;0.5527;0.6767;0.7699;0.0761;0.1304;0.9175;0.2859;0.8530;0.5563;261.2;1007
2026-05-21 02:38:45;mvtec_AD/capsule;efficient_ad;448x448;10;10;132;4;151;0.5720;0.8817;0.9083;0.2477;0.3486;0.9429;0.2287;0.9819;0.7381;257.4;1007
2026-05-21 02:43:52;mvtec_AD/carpet;efficient_ad;448x448;10;10;117;4;151;0.9948;0.9985;0.9886;0.9775;0.9888;0.9564;0.6978;0.9505;0.8448;257.3;1007
2026-05-21 02:47:51;mvtec_AD/grid;efficient_ad;448x448;10;10;78;4;151;0.9749;0.9920;0.9655;0.9123;0.9649;0.9130;0.3170;0.8672;0.7248;204.8;1007
2026-05-21 02:52:50;mvtec_AD/hazelnut;efficient_ad;448x448;10;10;110;4;151;0.8196;0.8497;0.8533;0.2571;0.5714;0.8951;0.3520;0.8835;0.4320;251.1;1007
2026-05-21 02:57:42;mvtec_AD/leather;efficient_ad;448x448;10;10;124;4;151;0.8308;0.9455;0.8683;0.6304;0.7174;0.9546;0.2307;0.9870;0.8640;242.4;1007
2026-05-21 03:01:45;mvtec_AD/metal_nut;efficient_ad;448x448;10;10;115;4;151;0.7292;0.9143;0.9100;0.2473;0.2903;0.9366;0.6124;0.8888;0.6453;198.5;1007
2026-05-21 03:06:29;mvtec_AD/pill;efficient_ad;448x448;10;10;167;4;151;0.8372;0.9652;0.9463;0.5177;0.5532;0.9258;0.4213;0.9678;0.8557;215.8;1007
2026-05-21 03:10:50;mvtec_AD/screw;efficient_ad;448x448;10;10;160;4;151;0.6507;0.8441;0.8623;0.1933;0.2689;0.9625;0.0723;0.9949;0.7143;202.6;1007
2026-05-21 03:15:24;mvtec_AD/tile;efficient_ad;448x448;10;10;117;4;151;0.9690;0.9879;0.9474;0.7857;0.9286;0.9244;0.7584;0.9021;0.7939;228.3;1007
2026-05-21 03:19:56;mvtec_AD/toothbrush;efficient_ad;448x448;10;10;42;4;151;0.5861;0.8128;0.8696;0.3000;0.3000;0.9152;0.1867;0.9880;0.6657;252.7;1007
2026-05-21 03:24:56;mvtec_AD/transistor;efficient_ad;448x448;10;10;100;4;151;0.6367;0.5398;0.6179;0.2250;0.3000;0.7851;0.1878;0.6233;0.2752;263.0;1007
2026-05-21 03:29:59;mvtec_AD/wood;efficient_ad;448x448;10;10;79;4;151;0.9500;0.9851;0.9440;0.8333;0.8333;0.8515;0.4889;0.9207;0.7788;264.5;1007
2026-05-21 03:34:20;mvtec_AD/zipper;efficient_ad;448x448;10;10;151;4;151;0.8666;0.9588;0.9167;0.3866;0.6975;0.9012;0.3049;0.9442;0.6003;201.8;1007
2026-05-21 03:39:42;AutoVI/underbody_pipes;efficient_ad;448x448;10;10;344;4;151;0.8014;0.8323;0.7636;0.3880;0.5246;0.8079;0.0650;0.7359;0.4972;202.2;1007
2026-05-21 03:44:56;AutoVI/underbody_screw;efficient_ad;448x448;10;10;392;4;151;0.3725;0.0356;0.0878;0.0000;0.0000;0.3673;0.0002;0.1877;0.0523;202.6;1007
2026-05-21 03:50:45;AutoVI/engine_wiring;efficient_ad;448x448;10;10;574;4;151;0.6411;0.6745;0.6780;0.2318;0.2872;0.6727;0.0229;0.5688;0.2389;163.3;1007
2026-05-21 03:55:19;AutoVI/pipe_clip;efficient_ad;448x448;10;10;337;4;151;0.4754;0.4219;0.5929;0.0563;0.1690;0.5625;0.0087;0.0842;0.0218;171.7;1007
2026-05-21 04:00:48;AutoVI/tank_screw;efficient_ad;448x448;10;10;413;4;151;0.4412;0.2053;0.3755;0.0211;0.0737;0.5916;0.0010;0.0013;0.0000;194.9;1007
2026-05-21 04:09:39;mvtec_loco_AD/breakfast_box;efficient_ad;448x448;10;10;275;4;151;0.5749;0.7350;0.7740;0.2197;0.2832;0.7259;0.2372;0.6054;0.2611;387.5;1007
2026-05-21 04:16:09;mvtec_loco_AD/juice_bottle;efficient_ad;448x448;10;10;330;4;151;0.6246;0.8366;0.8339;0.2712;0.3305;0.8016;0.3038;0.8241;0.4491;252.1;1007
2026-05-21 04:24:12;mvtec_loco_AD/pushpins;efficient_ad;448x448;10;10;310;4;151;0.5603;0.6173;0.7137;0.0756;0.1570;0.6020;0.0400;0.5861;0.2953;327.1;1007
2026-05-21 04:32:32;mvtec_loco_AD/screw_bag;efficient_ad;448x448;10;10;341;4;151;0.5597;0.6889;0.7835;0.0639;0.1050;0.5906;0.0914;0.7464;0.4563;336.6;1007
2026-05-21 04:40:26;mvtec_loco_AD/splicing_connectors;efficient_ad;448x448;10;10;312;4;151;0.5379;0.6775;0.7644;0.0984;0.1399;0.6130;0.1492;0.5783;0.0759;319.9;1007
2026-05-21 04:45:09;VisA/candle;efficient_ad;448x448;10;10;200;4;151;0.6302;0.6643;0.6716;0.2200;0.2400;0.7536;0.0154;0.5117;0.3518;189.8;1007
2026-05-21 04:49:21;VisA/capsules;efficient_ad;448x448;10;10;160;4;151;0.1877;0.4564;0.7692;0.0000;0.0000;0.7844;0.0084;0.6879;0.3284;193.0;1007
2026-05-21 04:53:30;VisA/cashew;efficient_ad;448x448;10;10;150;4;151;0.8434;0.9198;0.8658;0.4700;0.6500;0.9752;0.5504;0.9979;0.4770;194.3;1007
2026-05-21 04:58:03;VisA/chewinggum;efficient_ad;448x448;10;10;150;4;151;0.7372;0.8644;0.8155;0.3500;0.4000;0.9272;0.1589;0.9020;0.3985;189.3;1007
2026-05-21 05:02:32;VisA/fryum;efficient_ad;448x448;10;10;150;4;151;0.7822;0.8932;0.8276;0.5400;0.5500;0.9202;0.2997;0.9766;0.6741;189.8;1007
2026-05-21 05:07:27;VisA/macaroni1;efficient_ad;448x448;10;10;200;4;151;0.6435;0.6731;0.6926;0.2200;0.3100;0.9601;0.0156;0.9560;0.3103;189.1;1007
2026-05-21 05:12:17;VisA/macaroni2;efficient_ad;448x448;10;10;200;4;151;0.5350;0.5127;0.7007;0.0400;0.0600;0.9235;0.0019;0.9222;0.3875;189.1;1007
2026-05-21 05:16:50;VisA/pcb1;efficient_ad;448x448;10;10;200;4;151;0.8549;0.7945;0.8426;0.2600;0.5000;0.8441;0.0143;0.9743;0.6774;192.8;1007
2026-05-21 05:21:23;VisA/pcb2;efficient_ad;448x448;10;10;200;4;151;0.7711;0.7954;0.7364;0.3400;0.3900;0.9254;0.0448;0.9476;0.6947;192.8;1007
2026-05-21 05:25:53;VisA/pcb3;efficient_ad;448x448;10;10;201;4;151;0.7921;0.8268;0.7212;0.4900;0.5100;0.9645;0.1993;0.9985;0.7962;191.1;1007
2026-05-21 05:30:32;VisA/pcb4;efficient_ad;448x448;10;10;201;4;151;0.9408;0.9398;0.8692;0.6600;0.8200;0.8387;0.0520;0.3277;0.0920;191.6;1007
2026-05-21 05:35:15;VisA/pipe_fryum;efficient_ad;448x448;10;10;150;4;151;0.7590;0.8652;0.8270;0.2900;0.3900;0.9880;0.5839;1.0000;0.3923;190.3;1007
2026-05-21 05:40:22;btad/01;efficient_ad;448x448;10;10;70;4;151;0.8776;0.9432;0.9091;0.6327;0.6531;0.6030;0.0399;0.5860;0.0977;271.8;1007
2026-05-21 05:45:04;btad/02;efficient_ad;448x448;10;10;229;4;151;0.6430;0.9362;0.9299;0.4070;0.4472;0.8527;0.3271;0.6435;0.4636;182.3;1007
2026-05-21 05:50:09;btad/03;efficient_ad;448x448;10;10;431;4;151;0.7740;0.3659;0.4286;0.3871;0.4839;0.8271;0.0143;0.7123;0.3995;182.9;1007
2026-05-21 06:01:41;GoodsAD/cigarette_box;efficient_ad;448x448;10;10;429;4;151;0.6096;0.6680;0.7387;0.1098;0.1667;0.6757;0.1585;0.4710;0.1592;450.0;1007
2026-05-21 06:16:44;GoodsAD/drink_bottle;efficient_ad;448x448;10;10;781;4;151;0.5113;0.5408;0.7058;0.0353;0.0706;0.8243;0.0398;0.2595;0.0262;447.6;1007
2026-05-21 06:26:59;GoodsAD/drink_can;efficient_ad;448x448;10;10;293;4;151;0.5495;0.5283;0.6682;0.0479;0.0616;0.8436;0.0790;0.9267;0.4733;447.3;1007
2026-05-21 06:40:08;GoodsAD/food_bottle;efficient_ad;448x448;10;10;604;4;151;0.5244;0.6256;0.7490;0.0665;0.1108;0.7993;0.0391;0.6641;0.2021;440.7;1007
2026-05-21 06:51:24;GoodsAD/food_box;efficient_ad;448x448;10;10;397;4;151;0.5542;0.6821;0.7771;0.0757;0.1155;0.7298;0.0265;0.7086;0.2505;441.2;1007
2026-05-21 07:03:18;GoodsAD/food_package;efficient_ad;448x448;10;10;483;4;151;0.5745;0.5477;0.6457;0.0783;0.1652;0.7780;0.0155;0.6407;0.2421;444.4;1007
2026-05-21 07:07:19;mvtec_AD/bottle;efficient_ad;448x448;20;20;83;0;76;0.9516;0.9834;0.9538;0.8413;0.9206;0.8792;0.6065;0.8336;0.6646;211.1;1007
2026-05-21 07:12:42;mvtec_AD/cable;efficient_ad;448x448;20;20;150;0;76;0.6655;0.7864;0.7679;0.2500;0.4022;0.9449;0.4881;0.9054;0.5760;259.9;1007
2026-05-21 07:17:52;mvtec_AD/capsule;efficient_ad;448x448;20;20;132;0;76;0.6119;0.8936;0.9046;0.3303;0.3303;0.9371;0.1766;0.9931;0.6667;256.4;1007
2026-05-21 07:22:58;mvtec_AD/carpet;efficient_ad;448x448;20;20;117;0;76;0.9892;0.9969;0.9770;0.9551;0.9551;0.9548;0.6874;0.9465;0.8078;256.1;1007
2026-05-21 07:26:55;mvtec_AD/grid;efficient_ad;448x448;20;20;78;0;76;0.9841;0.9956;0.9912;0.9825;0.9825;0.9158;0.3517;0.8532;0.7743;202.8;1007
2026-05-21 07:31:53;mvtec_AD/hazelnut;efficient_ad;448x448;20;20;110;0;76;0.8514;0.9102;0.8369;0.5714;0.6571;0.8396;0.3604;0.7679;0.1537;251.2;1007
2026-05-21 07:36:45;mvtec_AD/leather;efficient_ad;448x448;20;20;124;0;76;0.9507;0.9846;0.9385;0.8152;0.9130;0.9713;0.4325;0.9698;0.8224;241.8;1007
2026-05-21 07:40:47;mvtec_AD/metal_nut;efficient_ad;448x448;20;20;115;0;76;0.8558;0.9571;0.9286;0.5054;0.6989;0.9603;0.8149;0.9014;0.7252;198.0;1007
2026-05-21 07:45:35;mvtec_AD/pill;efficient_ad;448x448;20;20;167;0;76;0.8868;0.9767;0.9456;0.6241;0.6383;0.9272;0.4236;0.9607;0.8288;217.3;1007
2026-05-21 07:49:56;mvtec_AD/screw;efficient_ad;448x448;20;20;160;0;76;0.5731;0.8008;0.8530;0.0756;0.1597;0.9601;0.0707;0.9952;0.8380;202.4;1007
2026-05-21 07:54:31;mvtec_AD/tile;efficient_ad;448x448;20;20;117;0;76;0.9455;0.9791;0.9266;0.7619;0.7857;0.9265;0.7657;0.9012;0.7015;228.3;1007
2026-05-21 07:59:01;mvtec_AD/toothbrush;efficient_ad;448x448;20;20;42;0;76;0.7083;0.8875;0.8696;0.5000;0.5333;0.9265;0.2544;0.9888;0.7868;251.6;1007
2026-05-21 08:04:03;mvtec_AD/transistor;efficient_ad;448x448;20;20;100;0;76;0.5229;0.4155;0.6281;0.1000;0.1000;0.7602;0.1519;0.4933;0.1625;262.7;1007
2026-05-21 08:09:05;mvtec_AD/wood;efficient_ad;448x448;20;20;79;0;76;0.9816;0.9948;0.9748;0.9167;0.9667;0.8371;0.5489;0.8998;0.7962;263.9;1007
2026-05-21 08:13:24;mvtec_AD/zipper;efficient_ad;448x448;20;20;151;0;76;0.8367;0.9513;0.8943;0.3613;0.6891;0.8922;0.2753;0.9425;0.6288;200.9;1007
2026-05-21 08:18:42;AutoVI/underbody_pipes;efficient_ad;448x448;20;20;344;0;76;0.6983;0.7596;0.7033;0.3060;0.4153;0.8032;0.0479;0.6963;0.4478;201.0;1007
2026-05-21 08:24:00;AutoVI/underbody_screw;efficient_ad;448x448;20;20;392;0;76;0.3461;0.0341;0.0938;0.0000;0.0000;0.4722;0.0002;0.0942;0.0090;202.1;1007
2026-05-21 08:29:49;AutoVI/engine_wiring;efficient_ad;448x448;20;20;574;0;76;0.5497;0.5654;0.6698;0.1246;0.1419;0.6646;0.0210;0.6035;0.2306;162.8;1007
2026-05-21 08:34:23;AutoVI/pipe_clip;efficient_ad;448x448;20;20;337;0;76;0.4779;0.4001;0.5954;0.0282;0.0563;0.5508;0.0089;0.0788;0.0236;171.0;1007
2026-05-21 08:39:50;AutoVI/tank_screw;efficient_ad;448x448;20;20;413;0;76;0.5215;0.2344;0.3907;0.0211;0.0632;0.5847;0.0009;0.0012;0.0000;195.2;1007
2026-05-21 08:48:38;mvtec_loco_AD/breakfast_box;efficient_ad;448x448;20;20;275;0;76;0.5975;0.7447;0.7730;0.2197;0.3006;0.7526;0.2328;0.7161;0.4837;387.9;1007
2026-05-21 08:55:10;mvtec_loco_AD/juice_bottle;efficient_ad;448x448;20;20;330;0;76;0.5619;0.7912;0.8339;0.1992;0.2246;0.7397;0.3433;0.6734;0.1751;252.3;1007
2026-05-21 09:03:14;mvtec_loco_AD/pushpins;efficient_ad;448x448;20;20;310;0;76;0.5361;0.6074;0.7137;0.0814;0.1512;0.6867;0.0540;0.7590;0.3994;327.2;1007
2026-05-21 09:11:33;mvtec_loco_AD/screw_bag;efficient_ad;448x448;20;20;341;0;76;0.5315;0.7005;0.7821;0.1370;0.1781;0.5880;0.0900;0.7646;0.5358;337.1;1007
2026-05-21 09:19:28;mvtec_loco_AD/splicing_connectors;efficient_ad;448x448;20;20;312;0;76;0.5606;0.6954;0.7644;0.1036;0.1399;0.5953;0.1484;0.6331;0.1010;320.4;1007
2026-05-21 09:24:11;VisA/candle;efficient_ad;448x448;20;20;200;0;76;0.7514;0.7643;0.7313;0.3000;0.3600;0.6734;0.0051;0.3981;0.2328;188.8;1007
2026-05-21 09:28:22;VisA/capsules;efficient_ad;448x448;20;20;160;0;76;0.2405;0.4773;0.7692;0.0000;0.0000;0.8108;0.0122;0.6849;0.3164;192.0;1007
2026-05-21 09:32:32;VisA/cashew;efficient_ad;448x448;20;20;150;0;76;0.8934;0.9504;0.8842;0.6000;0.7600;0.9707;0.5731;0.9997;0.6410;194.1;1007
2026-05-21 09:37:06;VisA/chewinggum;efficient_ad;448x448;20;20;150;0;76;0.7708;0.8820;0.8285;0.3800;0.4900;0.9309;0.1602;0.9682;0.5246;189.6;1007
2026-05-21 09:41:33;VisA/fryum;efficient_ad;448x448;20;20;150;0;76;0.7750;0.8861;0.8235;0.4900;0.5300;0.9264;0.2806;0.9172;0.3862;189.3;1007
2026-05-21 09:46:27;VisA/macaroni1;efficient_ad;448x448;20;20;200;0;76;0.6188;0.6364;0.6711;0.1800;0.2400;0.9564;0.0342;0.9619;0.3712;188.9;1007
2026-05-21 09:51:16;VisA/macaroni2;efficient_ad;448x448;20;20;200;0;76;0.5726;0.5650;0.6761;0.1300;0.2100;0.9146;0.0018;0.9014;0.4136;188.1;1007
2026-05-21 09:55:49;VisA/pcb1;efficient_ad;448x448;20;20;200;0;76;0.8910;0.8759;0.8354;0.4400;0.6700;0.8805;0.0200;0.9781;0.7601;192.9;1007
2026-05-21 10:00:20;VisA/pcb2;efficient_ad;448x448;20;20;200;0;76;0.8316;0.8479;0.7700;0.4700;0.5200;0.9098;0.0324;0.9513;0.7498;191.9;1007
2026-05-21 10:04:49;VisA/pcb3;efficient_ad;448x448;20;20;201;0;76;0.7909;0.8105;0.7313;0.4100;0.5000;0.9627;0.1572;0.9985;0.8308;189.1;1007
2026-05-21 10:09:29;VisA/pcb4;efficient_ad;448x448;20;20;201;0;76;0.9399;0.9399;0.8796;0.6400;0.7800;0.8397;0.0510;0.5882;0.3170;190.5;1007
2026-05-21 10:14:09;VisA/pipe_fryum;efficient_ad;448x448;20;20;150;0;76;0.7702;0.8884;0.8205;0.4300;0.5200;0.9842;0.6425;0.9936;0.3650;188.5;1007
2026-05-21 10:19:12;btad/01;efficient_ad;448x448;20;20;70;0;76;0.8980;0.9566;0.9000;0.6122;0.8367;0.5986;0.0410;0.7013;0.5608;267.1;1007
2026-05-21 10:23:52;btad/02;efficient_ad;448x448;20;20;229;0;76;0.6446;0.9375;0.9299;0.4221;0.4774;0.8633;0.3896;0.6518;0.4362;181.8;1007
2026-05-21 10:29:02;btad/03;efficient_ad;448x448;20;20;431;0;76;0.9160;0.6153;0.6792;0.7097;0.7419;0.8147;0.0150;0.7672;0.3967;182.4;1007
2026-05-21 10:40:34;GoodsAD/cigarette_box;efficient_ad;448x448;20;20;429;0;76;0.6564;0.7301;0.7356;0.1707;0.2561;0.7145;0.2105;0.5995;0.2584;451.2;1007
2026-05-21 10:55:37;GoodsAD/drink_bottle;efficient_ad;448x448;20;20;781;0;76;0.5008;0.5436;0.7048;0.0471;0.0871;0.8583;0.0399;0.2594;0.0241;446.6;1007
2026-05-21 11:06:01;GoodsAD/drink_can;efficient_ad;448x448;20;20;293;0;76;0.5451;0.5387;0.6682;0.0753;0.1096;0.8267;0.0703;0.8727;0.4365;451.1;1007
2026-05-21 11:19:07;GoodsAD/food_bottle;efficient_ad;448x448;20;20;604;0;76;0.5280;0.6235;0.7482;0.0582;0.1136;0.7731;0.0352;0.7384;0.2879;438.0;1007
2026-05-21 11:30:25;GoodsAD/food_box;efficient_ad;448x448;20;20;397;0;76;0.5584;0.6960;0.7795;0.1554;0.2311;0.7095;0.0254;0.5440;0.1472;442.3;1007
2026-05-21 13:38:57;GoodsAD/food_package;efficient_ad;448x448;20;20;483;0;76;0.5464;0.5073;0.6466;0.0391;0.0957;0.7730;0.0156;0.5410;0.1769;447.9;1649
2026-05-21 13:43:04;mvtec_AD/bottle;efficient_ad;448x448;20;20;83;1;76;0.8849;0.9424;0.9531;0.2381;0.7778;0.8585;0.5756;0.7323;0.5031;215.4;1008
2026-05-21 13:48:33;mvtec_AD/cable;efficient_ad;448x448;20;20;150;1;76;0.7656;0.8674;0.7723;0.4348;0.4674;0.9289;0.4569;0.8844;0.6912;263.6;1008
2026-05-21 13:53:48;mvtec_AD/capsule;efficient_ad;448x448;20;20;132;1;76;0.6717;0.9114;0.9083;0.2936;0.3670;0.9390;0.2364;0.9666;0.5720;258.9;1008
2026-05-21 13:58:58;mvtec_AD/carpet;efficient_ad;448x448;20;20;117;1;76;0.9795;0.9940;0.9651;0.9326;0.9326;0.9504;0.6665;0.9383;0.8058;260.1;1008
2026-05-21 14:03:01;mvtec_AD/grid;efficient_ad;448x448;20;20;78;1;76;0.9825;0.9947;0.9739;0.9649;0.9825;0.9219;0.3352;0.8754;0.7189;206.3;1008
2026-05-21 14:08:04;mvtec_AD/hazelnut;efficient_ad;448x448;20;20;110;1;76;0.8079;0.8946;0.8101;0.4571;0.5143;0.8703;0.2535;0.8799;0.7082;255.0;1008
2026-05-21 14:12:55;mvtec_AD/leather;efficient_ad;448x448;20;20;124;1;76;0.8852;0.9643;0.8901;0.7283;0.7717;0.9696;0.4462;0.9786;0.9224;241.0;1008
2026-05-21 14:17:02;mvtec_AD/metal_nut;efficient_ad;448x448;20;20;115;1;76;0.8627;0.9621;0.9109;0.7204;0.7957;0.9599;0.8058;0.8818;0.6223;201.2;1008
2026-05-21 14:21:52;mvtec_AD/pill;efficient_ad;448x448;20;20;167;1;76;0.8742;0.9741;0.9400;0.5674;0.6667;0.9079;0.4018;0.9493;0.7923;219.3;1008
2026-05-21 14:26:16;mvtec_AD/screw;efficient_ad;448x448;20;20;160;1;76;0.5776;0.7945;0.8623;0.1176;0.1681;0.9609;0.0800;0.9928;0.7052;204.8;1008
2026-05-21 14:30:54;mvtec_AD/tile;efficient_ad;448x448;20;20;117;1;76;0.9585;0.9840;0.9294;0.8214;0.8452;0.9265;0.7636;0.9020;0.7322;232.1;1008
2026-05-21 14:35:28;mvtec_AD/toothbrush;efficient_ad;448x448;20;20;42;1;76;0.7222;0.8772;0.8571;0.3000;0.4000;0.9298;0.2881;0.9847;0.7896;254.9;1008
2026-05-21 14:40:32;mvtec_AD/transistor;efficient_ad;448x448;20;20;100;1;76;0.5679;0.4482;0.6218;0.0750;0.0750;0.7565;0.1662;0.6063;0.3200;265.8;1008
2026-05-21 14:45:40;mvtec_AD/wood;efficient_ad;448x448;20;20;79;1;76;0.9719;0.9919;0.9573;0.9000;0.9333;0.8657;0.5323;0.9393;0.8389;269.0;1008
2026-05-21 14:50:04;mvtec_AD/zipper;efficient_ad;448x448;20;20;151;1;76;0.8776;0.9603;0.9174;0.3277;0.7059;0.9064;0.3416;0.9433;0.5730;204.0;1008
2026-05-21 14:55:26;AutoVI/underbody_pipes;efficient_ad;448x448;20;20;344;1;76;0.3220;0.4614;0.6945;0.0656;0.0710;0.8030;0.0321;0.5708;0.2036;204.2;1008
2026-05-21 15:00:46;AutoVI/underbody_screw;efficient_ad;448x448;20;20;392;1;76;0.2813;0.0310;0.0887;0.0000;0.0000;0.4036;0.0002;0.2422;0.0617;205.0;1008
2026-05-21 15:06:37;AutoVI/engine_wiring;efficient_ad;448x448;20;20;574;1;76;0.5797;0.5940;0.6738;0.1419;0.2007;0.6914;0.0237;0.3602;0.1040;165.0;1008
2026-05-21 15:11:13;AutoVI/pipe_clip;efficient_ad;448x448;20;20;337;1;76;0.4820;0.4237;0.5954;0.0634;0.1338;0.5359;0.0090;0.1564;0.0727;173.1;1008
2026-05-21 15:16:42;AutoVI/tank_screw;efficient_ad;448x448;20;20;413;1;76;0.5332;0.2486;0.3842;0.0526;0.0947;0.5877;0.0010;0.0026;0.0001;197.4;1008
2026-05-21 15:25:34;mvtec_loco_AD/breakfast_box;efficient_ad;448x448;20;20;275;1;76;0.5886;0.7475;0.7723;0.1792;0.3006;0.7476;0.2093;0.5771;0.2078;389.1;1008
2026-05-21 15:32:10;mvtec_loco_AD/juice_bottle;efficient_ad;448x448;20;20;330;1;76;0.4859;0.7662;0.8339;0.1314;0.2161;0.7793;0.2500;0.7897;0.3192;255.8;1008
2026-05-21 15:40:16;mvtec_loco_AD/pushpins;efficient_ad;448x448;20;20;310;1;76;0.5822;0.6778;0.7137;0.1453;0.3256;0.5879;0.0412;0.5350;0.1981;330.0;1008
2026-05-21 15:48:39;mvtec_loco_AD/screw_bag;efficient_ad;448x448;20;20;341;1;76;0.5454;0.7037;0.7835;0.1005;0.1872;0.5529;0.0851;0.7644;0.5535;338.2;1008
2026-05-21 15:56:38;mvtec_loco_AD/splicing_connectors;efficient_ad;448x448;20;20;312;1;76;0.5860;0.7175;0.7644;0.1451;0.2073;0.6216;0.1679;0.8051;0.2135;321.0;1008
2026-05-21 16:01:26;VisA/candle;efficient_ad;448x448;20;20;200;1;76;0.5809;0.6446;0.6690;0.2900;0.3400;0.7489;0.0105;0.3712;0.2058;192.7;1008
2026-05-21 16:05:43;VisA/capsules;efficient_ad;448x448;20;20;160;1;76;0.3445;0.5398;0.7692;0.0200;0.0600;0.8136;0.0120;0.7383;0.4181;196.4;1008
2026-05-21 16:09:57;VisA/cashew;efficient_ad;448x448;20;20;150;1;76;0.7696;0.8957;0.8182;0.5000;0.5900;0.9643;0.4798;0.9993;0.5151;197.9;1008
2026-05-21 16:14:36;VisA/chewinggum;efficient_ad;448x448;20;20;150;1;76;0.7168;0.8559;0.8065;0.3500;0.3700;0.9385;0.1707;0.9505;0.4726;192.1;1008
2026-05-21 16:19:09;VisA/fryum;efficient_ad;448x448;20;20;150;1;76;0.7200;0.8663;0.8000;0.4400;0.4800;0.9133;0.2884;0.9778;0.5834;192.8;1008
2026-05-21 16:24:07;VisA/macaroni1;efficient_ad;448x448;20;20;200;1;76;0.6370;0.6675;0.6803;0.1900;0.2200;0.9567;0.0170;0.8693;0.2348;192.0;1008
2026-05-21 16:29:01;VisA/macaroni2;efficient_ad;448x448;20;20;200;1;76;0.6041;0.5558;0.6809;0.0300;0.0600;0.9315;0.0023;0.9123;0.2937;191.8;1008
2026-05-21 16:33:38;VisA/pcb1;efficient_ad;448x448;20;20;200;1;76;0.7284;0.6504;0.7490;0.0300;0.2400;0.8874;0.0280;0.9699;0.7277;195.3;1008
2026-05-21 16:38:13;VisA/pcb2;efficient_ad;448x448;20;20;200;1;76;0.7939;0.7991;0.7511;0.3400;0.4000;0.9142;0.0408;0.9506;0.7496;195.0;1008
2026-05-21 16:42:44;VisA/pcb3;efficient_ad;448x448;20;20;201;1;76;0.7971;0.8087;0.7415;0.4400;0.5700;0.9622;0.1993;0.9934;0.6625;192.3;1008
2026-05-21 16:47:26;VisA/pcb4;efficient_ad;448x448;20;20;201;1;76;0.8486;0.8596;0.7778;0.5500;0.5600;0.8287;0.0538;0.4866;0.2416;193.3;1008
2026-05-21 16:52:10;VisA/pipe_fryum;efficient_ad;448x448;20;20;150;1;76;0.8918;0.9510;0.8812;0.6500;0.7600;0.9859;0.6440;1.0000;0.5174;190.5;1008
2026-05-21 16:57:14;btad/01;efficient_ad;448x448;20;20;70;1;76;0.8912;0.9503;0.9091;0.4898;0.6735;0.5664;0.0371;0.6302;0.4960;269.0;1008
2026-05-21 17:02:01;btad/02;efficient_ad;448x448;20;20;229;1;76;0.6814;0.9450;0.9299;0.4221;0.4623;0.8422;0.3099;0.6284;0.4430;184.5;1008
2026-05-21 17:07:09;btad/03;efficient_ad;448x448;20;20;431;1;76;0.6678;0.1783;0.2623;0.2258;0.2581;0.8062;0.0106;0.6653;0.3326;185.2;1008
2026-05-21 17:18:37;GoodsAD/cigarette_box;efficient_ad;448x448;20;20;429;1;76;0.6530;0.7357;0.7316;0.2195;0.2683;0.7227;0.2289;0.6674;0.3613;452.1;1008
2026-05-21 17:33:35;GoodsAD/drink_bottle;efficient_ad;448x448;20;20;781;1;76;0.5034;0.5425;0.7048;0.0565;0.0988;0.8041;0.0362;0.7088;0.2032;449.9;1008
2026-05-21 17:43:51;GoodsAD/drink_can;efficient_ad;448x448;20;20;293;1;76;0.5590;0.5575;0.6713;0.0959;0.1438;0.8382;0.0758;0.8553;0.3718;448.6;1008
2026-05-21 17:56:52;GoodsAD/food_bottle;efficient_ad;448x448;20;20;604;1;76;0.5220;0.6243;0.7490;0.0693;0.1219;0.7936;0.0363;0.6800;0.2098;439.5;1008
2026-05-21 18:08:08;GoodsAD/food_box;efficient_ad;448x448;20;20;397;1;76;0.5466;0.6759;0.7788;0.1155;0.1394;0.7166;0.0285;0.4307;0.1001;443.0;1008
2026-05-21 18:20:01;GoodsAD/food_package;efficient_ad;448x448;20;20;483;1;76;0.5485;0.5253;0.6494;0.0783;0.1739;0.7360;0.0130;0.6488;0.3667;448.0;1008
2026-05-21 18:24:06;mvtec_AD/bottle;efficient_ad;448x448;20;20;83;2;76;0.8810;0.9377;0.9449;0.1905;0.7302;0.8689;0.5923;0.6932;0.1584;214.3;1008
2026-05-21 18:29:33;mvtec_AD/cable;efficient_ad;448x448;20;20;150;2;76;0.7984;0.8858;0.7941;0.5435;0.5652;0.9177;0.3753;0.8578;0.5396;262.7;1008
2026-05-21 18:34:47;mvtec_AD/capsule;efficient_ad;448x448;20;20;132;2;76;0.6227;0.9019;0.9083;0.3486;0.4128;0.9417;0.2111;0.9930;0.6412;259.1;1008
2026-05-21 18:39:57;mvtec_AD/carpet;efficient_ad;448x448;20;20;117;2;76;0.9932;0.9981;0.9886;0.9775;0.9775;0.9539;0.6834;0.9467;0.7995;259.8;1008
2026-05-21 18:43:58;mvtec_AD/grid;efficient_ad;448x448;20;20;78;2;76;0.9883;0.9965;0.9912;0.9825;0.9825;0.9323;0.3912;0.8800;0.7463;206.1;1008
2026-05-21 18:49:00;mvtec_AD/hazelnut;efficient_ad;448x448;20;20;110;2;76;0.8964;0.9415;0.8794;0.6286;0.7714;0.8183;0.3950;0.7637;0.1710;255.3;1008
2026-05-21 18:53:53;mvtec_AD/leather;efficient_ad;448x448;20;20;124;2;76;0.9409;0.9807;0.9255;0.7826;0.8261;0.9698;0.3268;0.9839;0.9295;242.0;1008
2026-05-21 18:57:58;mvtec_AD/metal_nut;efficient_ad;448x448;20;20;115;2;76;0.8719;0.9632;0.9255;0.6667;0.6774;0.9552;0.8176;0.8492;0.6777;200.7;1008
2026-05-21 19:02:46;mvtec_AD/pill;efficient_ad;448x448;20;20;167;2;76;0.8854;0.9759;0.9521;0.6170;0.6525;0.9208;0.4146;0.9721;0.9170;219.3;1008
2026-05-21 19:07:10;mvtec_AD/screw;efficient_ad;448x448;20;20;160;2;76;0.6522;0.8523;0.8645;0.2017;0.3025;0.9611;0.0977;0.9942;0.7528;204.5;1008
2026-05-21 19:11:46;mvtec_AD/tile;efficient_ad;448x448;20;20;117;2;76;0.9361;0.9764;0.9059;0.8214;0.8333;0.9258;0.7630;0.9025;0.7566;231.2;1008
2026-05-21 19:16:19;mvtec_AD/toothbrush;efficient_ad;448x448;20;20;42;2;76;0.7472;0.9065;0.8696;0.5333;0.6000;0.9319;0.2835;0.9959;0.8378;253.7;1008
2026-05-21 19:21:22;mvtec_AD/transistor;efficient_ad;448x448;20;20;100;2;76;0.6442;0.5162;0.6346;0.1500;0.2250;0.7354;0.1472;0.6763;0.3790;265.1;1008
2026-05-21 19:26:26;mvtec_AD/wood;efficient_ad;448x448;20;20;79;2;76;0.9474;0.9840;0.9431;0.7500;0.8500;0.8526;0.5159;0.9009;0.6978;264.9;1008
2026-05-21 19:30:50;mvtec_AD/zipper;efficient_ad;448x448;20;20;151;2;76;0.8443;0.9516;0.9136;0.3782;0.5462;0.8953;0.2629;0.9418;0.5393;203.9;1008
2026-05-21 19:36:15;AutoVI/underbody_pipes;efficient_ad;448x448;20;20;344;2;76;0.7765;0.7896;0.7630;0.2459;0.3661;0.8159;0.0432;0.6542;0.3231;203.9;1008
2026-05-21 19:41:33;AutoVI/underbody_screw;efficient_ad;448x448;20;20;392;2;76;0.5377;0.0483;0.1164;0.0000;0.0000;0.4147;0.0002;0.1216;0.0100;205.9;1008
2026-05-21 19:47:23;AutoVI/engine_wiring;efficient_ad;448x448;20;20;574;2;76;0.5924;0.6110;0.6764;0.1349;0.1938;0.6858;0.0217;0.4424;0.1294;164.7;1008
2026-05-21 19:51:59;AutoVI/pipe_clip;efficient_ad;448x448;20;20;337;2;76;0.5123;0.4397;0.5941;0.0211;0.1408;0.5670;0.0078;0.0829;0.0230;173.0;1008
2026-05-21 19:57:28;AutoVI/tank_screw;efficient_ad;448x448;20;20;413;2;76;0.4690;0.2146;0.3748;0.0105;0.0737;0.6363;0.0011;0.0013;0.0000;197.1;1008
2026-05-21 20:06:17;mvtec_loco_AD/breakfast_box;efficient_ad;448x448;20;20;275;2;76;0.5439;0.7029;0.7763;0.1387;0.2254;0.7523;0.3043;0.5731;0.2542;389.0;1008
2026-05-21 20:12:53;mvtec_loco_AD/juice_bottle;efficient_ad;448x448;20;20;330;2;76;0.6629;0.8581;0.8339;0.3475;0.3941;0.8435;0.2631;0.8891;0.5548;254.2;1008
2026-05-21 20:20:59;mvtec_loco_AD/pushpins;efficient_ad;448x448;20;20;310;2;76;0.5251;0.6208;0.7137;0.1337;0.1512;0.5667;0.0393;0.5697;0.2709;330.4;1008
2026-05-21 20:29:22;mvtec_loco_AD/screw_bag;efficient_ad;448x448;20;20;341;2;76;0.5099;0.6800;0.7821;0.1050;0.1279;0.5902;0.0907;0.7286;0.4443;338.5;1008
2026-05-21 20:37:19;mvtec_loco_AD/splicing_connectors;efficient_ad;448x448;20;20;312;2;76;0.5302;0.6729;0.7644;0.1036;0.1244;0.5982;0.1531;0.6648;0.1069;320.2;1008
2026-05-21 20:42:02;VisA/candle;efficient_ad;448x448;20;20;200;2;76;0.7205;0.7389;0.7029;0.2300;0.3700;0.7482;0.0150;0.4872;0.2778;190.9;1008
2026-05-21 20:46:17;VisA/capsules;efficient_ad;448x448;20;20;160;2;76;0.2662;0.4884;0.7692;0.0000;0.0300;0.8237;0.0132;0.7546;0.4434;194.7;1008
2026-05-21 20:50:31;VisA/cashew;efficient_ad;448x448;20;20;150;2;76;0.8184;0.9138;0.8368;0.5600;0.6000;0.9773;0.6375;0.9895;0.4598;197.1;1008
2026-05-21 20:55:07;VisA/chewinggum;efficient_ad;448x448;20;20;150;2;76;0.7762;0.8865;0.8285;0.4100;0.5200;0.9260;0.1385;0.9078;0.4088;191.1;1008
2026-05-21 20:59:38;VisA/fryum;efficient_ad;448x448;20;20;150;2;76;0.7784;0.8819;0.8312;0.3100;0.4800;0.9289;0.2897;0.9802;0.5580;191.9;1008
2026-05-21 21:04:36;VisA/macaroni1;efficient_ad;448x448;20;20;200;2;76;0.6123;0.5968;0.6929;0.0700;0.1900;0.9448;0.0068;0.8258;0.1810;191.5;1008
2026-05-21 21:09:28;VisA/macaroni2;efficient_ad;448x448;20;20;200;2;76;0.6106;0.5692;0.7031;0.1000;0.1400;0.9313;0.0024;0.8934;0.3682;190.9;1008
2026-05-21 21:14:03;VisA/pcb1;efficient_ad;448x448;20;20;200;2;76;0.7346;0.6867;0.7304;0.1900;0.3100;0.8937;0.0278;0.9636;0.7319;194.5;1008
2026-05-21 21:18:37;VisA/pcb2;efficient_ad;448x448;20;20;200;2;76;0.7954;0.8131;0.7442;0.4000;0.4600;0.9116;0.0364;0.9479;0.7136;194.1;1008
2026-05-21 21:23:08;VisA/pcb3;efficient_ad;448x448;20;20;201;2;76;0.7841;0.7808;0.7565;0.3000;0.4300;0.9707;0.1725;0.9842;0.7187;191.5;1008
2026-05-21 21:28:22;VisA/pcb4;efficient_ad;448x448;20;20;201;2;76;0.8769;0.9012;0.8087;0.6700;0.7400;0.8322;0.0527;0.5233;0.2384;222.0;1008
2026-05-21 21:33:06;VisA/pipe_fryum;efficient_ad;448x448;20;20;150;2;76;0.7796;0.8952;0.8148;0.5000;0.5000;0.9847;0.6925;0.9988;0.4050;190.5;1008
2026-05-21 21:38:12;btad/01;efficient_ad;448x448;20;20;70;2;76;0.8960;0.9556;0.8958;0.6939;0.6939;0.5526;0.0365;0.6324;0.4740;269.4;1008
2026-05-21 21:42:56;btad/02;efficient_ad;448x448;20;20;229;2;76;0.6405;0.9367;0.9299;0.4372;0.4372;0.8089;0.3366;0.4922;0.3512;184.0;1008
2026-05-21 21:48:03;btad/03;efficient_ad;448x448;20;20;431;2;76;0.9260;0.7102;0.6984;0.7419;0.8387;0.8384;0.0346;0.7404;0.5239;184.4;1008
2026-05-21 21:59:34;GoodsAD/cigarette_box;efficient_ad;448x448;20;20;429;2;76;0.6299;0.7118;0.7352;0.1341;0.2480;0.7147;0.1959;0.6078;0.2470;449.2;1008
2026-05-21 22:14:34;GoodsAD/drink_bottle;efficient_ad;448x448;20;20;781;2;76;0.4958;0.5359;0.7048;0.0329;0.0918;0.8281;0.0343;0.5260;0.0884;449.3;1008
2026-05-21 22:24:50;GoodsAD/drink_can;efficient_ad;448x448;20;20;293;2;76;0.5524;0.5412;0.6699;0.0548;0.1233;0.8330;0.0702;0.8958;0.3918;448.8;1008
2026-05-21 22:37:51;GoodsAD/food_bottle;efficient_ad;448x448;20;20;604;2;76;0.5348;0.6392;0.7482;0.0886;0.1524;0.7938;0.0373;0.5084;0.1213;439.0;1008
2026-05-21 22:49:01;GoodsAD/food_box;efficient_ad;448x448;20;20;397;2;76;0.5625;0.6983;0.7795;0.0956;0.1793;0.7279;0.0268;0.8296;0.4255;441.1;1008
2026-05-21 23:00:50;GoodsAD/food_package;efficient_ad;448x448;20;20;483;2;76;0.5486;0.5114;0.6496;0.0565;0.0913;0.7911;0.0150;0.6438;0.2143;446.7;1008
2026-05-21 23:04:54;mvtec_AD/bottle;efficient_ad;448x448;20;20;83;3;76;0.8206;0.9174;0.9023;0.3175;0.3492;0.8553;0.5635;0.7198;0.2425;213.5;1008
2026-05-21 23:10:19;mvtec_AD/cable;efficient_ad;448x448;20;20;150;3;76;0.8107;0.8873;0.8073;0.4130;0.5543;0.9356;0.4592;0.8911;0.6365;261.8;1008
2026-05-21 23:15:34;mvtec_AD/capsule;efficient_ad;448x448;20;20;132;3;76;0.5205;0.8682;0.9083;0.2110;0.2110;0.9360;0.2167;0.9839;0.6018;258.2;1008
2026-05-21 23:20:43;mvtec_AD/carpet;efficient_ad;448x448;20;20;117;3;76;0.9868;0.9962;0.9711;0.9438;0.9438;0.9510;0.6673;0.9466;0.8562;259.2;1008
2026-05-21 23:24:43;mvtec_AD/grid;efficient_ad;448x448;20;20;78;3;76;0.9808;0.9939;0.9739;0.9123;0.9825;0.9239;0.3366;0.8980;0.8081;204.4;1008
2026-05-21 23:29:44;mvtec_AD/hazelnut;efficient_ad;448x448;20;20;110;3;76;0.7596;0.8593;0.8118;0.3571;0.5429;0.7542;0.3144;0.6576;0.1678;254.8;1008
2026-05-21 23:34:36;mvtec_AD/leather;efficient_ad;448x448;20;20;124;3;76;0.9470;0.9834;0.9231;0.8587;0.8587;0.9748;0.5166;0.9951;0.8771;241.4;1008
2026-05-21 23:38:40;mvtec_AD/metal_nut;efficient_ad;448x448;20;20;115;3;76;0.8988;0.9710;0.9319;0.7634;0.7957;0.9570;0.8327;0.8639;0.5848;200.2;1008
2026-05-21 23:43:30;mvtec_AD/pill;efficient_ad;448x448;20;20;167;3;76;0.8598;0.9702;0.9463;0.5816;0.6099;0.9228;0.4182;0.9675;0.8379;219.3;1008
2026-05-21 23:47:54;mvtec_AD/screw;efficient_ad;448x448;20;20;160;3;76;0.6903;0.8844;0.8655;0.3025;0.4706;0.9621;0.1341;0.9943;0.8020;203.7;1008
2026-05-21 23:52:31;mvtec_AD/tile;efficient_ad;448x448;20;20;117;3;76;0.9275;0.9731;0.9000;0.7738;0.8452;0.9304;0.7816;0.9036;0.6570;231.0;1008
2026-05-21 23:57:04;mvtec_AD/toothbrush;efficient_ad;448x448;20;20;42;3;76;0.6528;0.8497;0.8696;0.3000;0.4000;0.9287;0.2766;0.9147;0.7463;253.7;1008
2026-05-22 00:02:07;mvtec_AD/transistor;efficient_ad;448x448;20;20;100;3;76;0.5971;0.4715;0.6379;0.1250;0.2000;0.7735;0.1692;0.4394;0.1030;264.6;1008
2026-05-22 00:07:09;mvtec_AD/wood;efficient_ad;448x448;20;20;79;3;76;0.9509;0.9858;0.9440;0.8333;0.8500;0.8177;0.4747;0.8779;0.8018;263.0;1008
2026-05-22 00:11:32;mvtec_AD/zipper;efficient_ad;448x448;20;20;151;3;76;0.8480;0.9521;0.9136;0.3529;0.5294;0.8913;0.2583;0.9406;0.6185;203.3;1008
2026-05-22 00:16:54;AutoVI/underbody_pipes;efficient_ad;448x448;20;20;344;3;76;0.8223;0.8439;0.7837;0.3607;0.5847;0.8197;0.0540;0.7123;0.4514;203.3;1008
2026-05-22 00:22:17;AutoVI/underbody_screw;efficient_ad;448x448;20;20;392;3;76;0.5247;0.0530;0.1356;0.0000;0.2222;0.5236;0.0003;0.1823;0.0137;206.9;1008
2026-05-22 00:28:05;AutoVI/engine_wiring;efficient_ad;448x448;20;20;574;3;76;0.6332;0.6389;0.6783;0.1107;0.1869;0.5572;0.0178;0.4441;0.1305;164.6;1008
2026-05-22 00:32:41;AutoVI/pipe_clip;efficient_ad;448x448;20;20;337;3;76;0.4987;0.4293;0.5929;0.0634;0.0986;0.5549;0.0076;0.0044;0.0001;173.3;1008
2026-05-22 00:38:12;AutoVI/tank_screw;efficient_ad;448x448;20;20;413;3;76;0.4814;0.2147;0.3762;0.0105;0.0211;0.5985;0.0010;0.0011;0.0000;196.8;1008
2026-05-22 00:47:01;mvtec_loco_AD/breakfast_box;efficient_ad;448x448;20;20;275;3;76;0.5899;0.7480;0.7723;0.2312;0.2775;0.7453;0.3041;0.5359;0.2207;388.6;1008
2026-05-22 00:53:34;mvtec_loco_AD/juice_bottle;efficient_ad;448x448;20;20;330;3;76;0.6380;0.8462;0.8339;0.2542;0.3898;0.8154;0.2913;0.8201;0.4565;253.8;1008
2026-05-22 01:01:38;mvtec_loco_AD/pushpins;efficient_ad;448x448;20;20;310;3;76;0.5391;0.6009;0.7137;0.0465;0.1395;0.6315;0.0437;0.6590;0.3484;328.9;1008
2026-05-22 01:10:01;mvtec_loco_AD/screw_bag;efficient_ad;448x448;20;20;341;3;76;0.5322;0.6952;0.7821;0.1187;0.1598;0.5643;0.0860;0.7388;0.5187;338.1;1008
2026-05-22 01:17:59;mvtec_loco_AD/splicing_connectors;efficient_ad;448x448;20;20;312;3;76;0.5771;0.7002;0.7644;0.1347;0.1503;0.5904;0.1437;0.5509;0.0812;320.3;1008
2026-05-22 01:22:43;VisA/candle;efficient_ad;448x448;20;20;200;3;76;0.7977;0.8260;0.7489;0.4300;0.5000;0.6889;0.0063;0.4190;0.2321;190.6;1008
2026-05-22 01:26:57;VisA/capsules;efficient_ad;448x448;20;20;160;3;76;0.3462;0.5485;0.7692;0.0400;0.0600;0.8379;0.0210;0.7558;0.4053;194.5;1008
2026-05-22 01:31:11;VisA/cashew;efficient_ad;448x448;20;20;150;3;76;0.7596;0.8815;0.8246;0.4500;0.5300;0.8657;0.4443;0.8304;0.3862;197.0;1008
2026-05-22 01:35:49;VisA/chewinggum;efficient_ad;448x448;20;20;150;3;76;0.7170;0.8611;0.8089;0.3700;0.4700;0.9261;0.1618;0.9544;0.5968;190.6;1008
2026-05-22 01:40:19;VisA/fryum;efficient_ad;448x448;20;20;150;3;76;0.7648;0.8850;0.8340;0.4500;0.5300;0.9140;0.3088;0.9302;0.5100;191.5;1008
2026-05-22 01:45:17;VisA/macaroni1;efficient_ad;448x448;20;20;200;3;76;0.6894;0.6734;0.7197;0.2100;0.2400;0.9465;0.0196;0.8430;0.4766;191.1;1008
2026-05-22 01:50:10;VisA/macaroni2;efficient_ad;448x448;20;20;200;3;76;0.6836;0.6683;0.7025;0.1400;0.2900;0.9268;0.0026;0.8734;0.4355;190.8;1008
2026-05-22 01:54:46;VisA/pcb1;efficient_ad;448x448;20;20;200;3;76;0.6639;0.6546;0.6953;0.2500;0.2900;0.8947;0.0333;0.9442;0.6851;194.3;1008
2026-05-22 01:59:19;VisA/pcb2;efficient_ad;448x448;20;20;200;3;76;0.7501;0.7516;0.7623;0.3000;0.3200;0.9132;0.0375;0.9235;0.5830;193.7;1008
2026-05-22 02:03:50;VisA/pcb3;efficient_ad;448x448;20;20;201;3;76;0.7993;0.7927;0.7437;0.4200;0.5800;0.9541;0.1681;0.9827;0.5914;191.3;1008
2026-05-22 02:08:32;VisA/pcb4;efficient_ad;448x448;20;20;201;3;76;0.8824;0.8809;0.8205;0.5400;0.6200;0.8371;0.0637;0.3923;0.1604;192.9;1008
2026-05-22 02:13:17;VisA/pipe_fryum;efficient_ad;448x448;20;20;150;3;76;0.7910;0.9029;0.8182;0.5300;0.5800;0.9873;0.6793;1.0000;0.8023;190.4;1008
2026-05-22 02:18:21;btad/01;efficient_ad;448x448;20;20;70;3;76;0.9077;0.9568;0.9200;0.4898;0.8571;0.5984;0.0400;0.7282;0.5943;268.8;1008
2026-05-22 02:23:06;btad/02;efficient_ad;448x448;20;20;229;3;76;0.6923;0.9464;0.9299;0.4171;0.4874;0.8270;0.2846;0.6004;0.3427;183.4;1008
2026-05-22 02:28:12;btad/03;efficient_ad;448x448;20;20;431;3;76;0.8144;0.2951;0.4156;0.2581;0.5484;0.8331;0.0144;0.7497;0.4099;184.3;1008
2026-05-22 02:39:40;GoodsAD/cigarette_box;efficient_ad;448x448;20;20;429;3;76;0.6460;0.7043;0.7368;0.1301;0.2073;0.6695;0.1954;0.4518;0.1402;449.8;1008
2026-05-22 02:54:30;GoodsAD/drink_bottle;efficient_ad;448x448;20;20;781;3;76;0.4987;0.5392;0.7048;0.0588;0.0918;0.8584;0.0409;0.4465;0.0655;446.2;1008
2026-05-22 03:04:51;GoodsAD/drink_can;efficient_ad;448x448;20;20;293;3;76;0.5377;0.5342;0.6744;0.0822;0.1164;0.8404;0.0720;0.4511;0.0969;452.1;1008
2026-05-22 03:17:48;GoodsAD/food_bottle;efficient_ad;448x448;20;20;604;3;76;0.5228;0.6263;0.7490;0.0609;0.1053;0.7964;0.0361;0.6274;0.1785;438.6;1008
2026-05-22 03:28:58;GoodsAD/food_box;efficient_ad;448x448;20;20;397;3;76;0.5603;0.6861;0.7771;0.0637;0.1594;0.7203;0.0243;0.5810;0.1605;441.3;1008
2026-05-22 03:40:51;GoodsAD/food_package;efficient_ad;448x448;20;20;483;3;76;0.5543;0.5148;0.6452;0.0609;0.1087;0.7969;0.0146;0.4935;0.1207;447.1;1008
2026-05-22 03:44:56;mvtec_AD/bottle;efficient_ad;448x448;20;20;83;4;76;0.9548;0.9860;0.9524;0.7937;0.8571;0.8159;0.5023;0.7195;0.4888;213.8;1009
2026-05-22 03:50:22;mvtec_AD/cable;efficient_ad;448x448;20;20;150;4;76;0.6660;0.8013;0.7603;0.3261;0.3913;0.9334;0.3855;0.8552;0.5137;263.2;1009
2026-05-22 03:55:37;mvtec_AD/capsule;efficient_ad;448x448;20;20;132;4;76;0.6254;0.8932;0.9076;0.2294;0.2569;0.9380;0.1494;0.9844;0.5088;258.7;1009
2026-05-22 04:00:46;mvtec_AD/carpet;efficient_ad;448x448;20;20;117;4;76;0.9880;0.9966;0.9770;0.9551;0.9663;0.9536;0.6831;0.9369;0.8613;259.8;1009
2026-05-22 04:04:48;mvtec_AD/grid;efficient_ad;448x448;20;20;78;4;76;0.9691;0.9889;0.9573;0.9298;0.9298;0.9219;0.3253;0.9074;0.7774;206.5;1009
2026-05-22 04:09:49;mvtec_AD/hazelnut;efficient_ad;448x448;20;20;110;4;76;0.8886;0.9444;0.8611;0.6714;0.7571;0.8621;0.3760;0.8801;0.5983;253.4;1009
2026-05-22 04:14:42;mvtec_AD/leather;efficient_ad;448x448;20;20;124;4;76;0.9929;0.9976;0.9730;0.9348;0.9783;0.9748;0.5314;0.9950;0.8616;243.1;1009
2026-05-22 04:18:47;mvtec_AD/metal_nut;efficient_ad;448x448;20;20;115;4;76;0.8754;0.9680;0.9192;0.7419;0.7527;0.9533;0.8169;0.8755;0.6450;200.4;1009
2026-05-22 04:23:36;mvtec_AD/pill;efficient_ad;448x448;20;20;167;4;76;0.8704;0.9738;0.9495;0.6099;0.6454;0.9165;0.4163;0.9603;0.7823;218.9;1009
2026-05-22 04:27:58;mvtec_AD/screw;efficient_ad;448x448;20;20;160;4;76;0.6753;0.8647;0.8582;0.2521;0.3950;0.9630;0.0940;0.9959;0.8592;203.9;1009
2026-05-22 04:32:35;mvtec_AD/tile;efficient_ad;448x448;20;20;117;4;76;0.9701;0.9885;0.9474;0.8452;0.8810;0.9245;0.7629;0.9020;0.8314;231.1;1009
2026-05-22 04:37:14;mvtec_AD/toothbrush;efficient_ad;448x448;20;20;42;4;76;0.6417;0.8328;0.8696;0.2667;0.3000;0.9211;0.1910;0.9825;0.7160;259.2;1009
2026-05-22 04:42:16;mvtec_AD/transistor;efficient_ad;448x448;20;20;100;4;76;0.5654;0.4675;0.6016;0.1000;0.2000;0.7665;0.1570;0.4085;0.1034;264.3;1009
2026-05-22 04:47:21;mvtec_AD/wood;efficient_ad;448x448;20;20;79;4;76;0.9351;0.9815;0.9310;0.7833;0.8833;0.8232;0.5119;0.7677;0.6628;266.5;1009
2026-05-22 04:51:44;mvtec_AD/zipper;efficient_ad;448x448;20;20;151;4;76;0.8482;0.9547;0.9004;0.3697;0.7815;0.9000;0.2998;0.9524;0.5754;203.6;1009
2026-05-22 04:57:08;AutoVI/underbody_pipes;efficient_ad;448x448;20;20;344;4;76;0.8544;0.8458;0.8278;0.3552;0.4481;0.8004;0.0415;0.7556;0.4343;204.0;1009
2026-05-22 05:02:24;AutoVI/underbody_screw;efficient_ad;448x448;20;20;392;4;76;0.2726;0.0309;0.0878;0.0000;0.0000;0.3669;0.0002;0.2629;0.1001;204.7;1009
2026-05-22 05:08:13;AutoVI/engine_wiring;efficient_ad;448x448;20;20;574;4;76;0.6219;0.6232;0.6698;0.1315;0.2180;0.6607;0.0236;0.4566;0.1417;164.5;1009
2026-05-22 05:12:48;AutoVI/pipe_clip;efficient_ad;448x448;20;20;337;4;76;0.4645;0.4197;0.5966;0.0704;0.1408;0.5549;0.0083;0.0691;0.0189;173.3;1009
2026-05-22 05:18:18;AutoVI/tank_screw;efficient_ad;448x448;20;20;413;4;76;0.4780;0.2085;0.3974;0.0211;0.0632;0.6089;0.0010;0.0012;0.0000;196.8;1009
2026-05-22 05:27:07;mvtec_loco_AD/breakfast_box;efficient_ad;448x448;20;20;275;4;76;0.5985;0.7387;0.7740;0.2023;0.2659;0.7223;0.2978;0.5621;0.2183;388.4;1009
2026-05-22 05:33:41;mvtec_loco_AD/juice_bottle;efficient_ad;448x448;20;20;330;4;76;0.4927;0.7585;0.8339;0.1186;0.1864;0.7896;0.2027;0.8099;0.3474;254.5;1009
2026-05-22 05:41:45;mvtec_loco_AD/pushpins;efficient_ad;448x448;20;20;310;4;76;0.5763;0.6538;0.7137;0.0756;0.2035;0.5702;0.0379;0.5362;0.2038;329.7;1009
2026-05-22 05:50:07;mvtec_loco_AD/screw_bag;efficient_ad;448x448;20;20;341;4;76;0.5762;0.6949;0.7821;0.0685;0.1142;0.5810;0.0885;0.7237;0.4319;338.3;1009
2026-05-22 05:58:03;mvtec_loco_AD/splicing_connectors;efficient_ad;448x448;20;20;312;4;76;0.5779;0.6869;0.7654;0.0829;0.0984;0.6129;0.1526;0.6052;0.0834;321.1;1009
2026-05-22 06:02:49;VisA/candle;efficient_ad;448x448;20;20;200;4;76;0.7258;0.7653;0.7097;0.3300;0.4000;0.6595;0.0088;0.3695;0.2413;191.0;1009
2026-05-22 06:07:02;VisA/capsules;efficient_ad;448x448;20;20;160;4;76;0.3247;0.5167;0.7692;0.0000;0.0300;0.8419;0.0151;0.6781;0.3407;194.2;1009
2026-05-22 06:11:15;VisA/cashew;efficient_ad;448x448;20;20;150;4;76;0.9556;0.9788;0.9174;0.7900;0.8500;0.9797;0.6028;1.0000;0.9305;197.2;1009
2026-05-22 06:15:52;VisA/chewinggum;efficient_ad;448x448;20;20;150;4;76;0.7112;0.8548;0.8101;0.3700;0.4200;0.9315;0.1586;0.9716;0.5383;191.2;1009
2026-05-22 06:20:23;VisA/fryum;efficient_ad;448x448;20;20;150;4;76;0.7262;0.8667;0.8111;0.4300;0.4400;0.9145;0.2566;0.9719;0.5659;191.9;1009
2026-05-22 06:25:18;VisA/macaroni1;efficient_ad;448x448;20;20;200;4;76;0.6564;0.6587;0.6866;0.1300;0.2800;0.9546;0.0207;0.9470;0.2480;191.1;1009
2026-05-22 06:30:13;VisA/macaroni2;efficient_ad;448x448;20;20;200;4;76;0.6420;0.6080;0.6947;0.0900;0.1100;0.9235;0.0021;0.9292;0.4204;191.1;1009
2026-05-22 06:34:49;VisA/pcb1;efficient_ad;448x448;20;20;200;4;76;0.7815;0.6793;0.8333;0.0900;0.2200;0.8796;0.0197;0.9778;0.7541;194.4;1009
2026-05-22 06:39:23;VisA/pcb2;efficient_ad;448x448;20;20;200;4;76;0.7822;0.7979;0.7339;0.2900;0.4100;0.9228;0.0528;0.9550;0.7940;194.2;1009
2026-05-22 06:43:55;VisA/pcb3;efficient_ad;448x448;20;20;201;4;76;0.8036;0.8311;0.7565;0.4600;0.5200;0.9635;0.1646;0.9953;0.8267;191.6;1009
2026-05-22 06:48:37;VisA/pcb4;efficient_ad;448x448;20;20;201;4;76;0.8567;0.8641;0.7903;0.5300;0.5500;0.8466;0.0715;0.6077;0.3525;193.3;1009
2026-05-22 06:53:22;VisA/pipe_fryum;efficient_ad;448x448;20;20;150;4;76;0.8996;0.9540;0.8815;0.6400;0.7600;0.9894;0.7128;1.0000;0.5139;190.5;1009
2026-05-22 06:58:28;btad/01;efficient_ad;448x448;20;20;70;4;76;0.9028;0.9557;0.9293;0.6939;0.7347;0.6297;0.0441;0.7570;0.3707;269.9;1009
2026-05-22 07:03:14;btad/02;efficient_ad;448x448;20;20;229;4;76;0.6161;0.9319;0.9299;0.4020;0.4724;0.8329;0.3196;0.6278;0.4233;184.0;1009
2026-05-22 07:08:21;btad/03;efficient_ad;448x448;20;20;431;4;76;0.8106;0.3862;0.5246;0.5484;0.5484;0.8154;0.0132;0.7246;0.4360;184.6;1009
2026-05-22 07:19:51;GoodsAD/cigarette_box;efficient_ad;448x448;20;20;429;4;76;0.6444;0.7186;0.7367;0.2154;0.2439;0.6474;0.1868;0.5488;0.3038;451.5;1009
2026-05-22 07:34:46;GoodsAD/drink_bottle;efficient_ad;448x448;20;20;781;4;76;0.5073;0.5538;0.7050;0.0518;0.1035;0.8102;0.0386;0.4870;0.0783;449.7;1009
2026-05-22 07:45:03;GoodsAD/drink_can;efficient_ad;448x448;20;20;293;4;76;0.5541;0.5484;0.6744;0.0616;0.1370;0.8354;0.0721;0.8791;0.4658;450.6;1009
2026-05-22 07:58:02;GoodsAD/food_bottle;efficient_ad;448x448;20;20;604;4;76;0.5201;0.6276;0.7490;0.0665;0.1080;0.7950;0.0398;0.4641;0.0977;440.8;1009
2026-05-22 08:09:18;GoodsAD/food_box;efficient_ad;448x448;20;20;397;4;76;0.5505;0.6771;0.7771;0.0876;0.1195;0.7138;0.0259;0.4083;0.0954;442.3;1009
2026-05-22 08:21:09;GoodsAD/food_package;efficient_ad;448x448;20;20;483;4;76;0.5504;0.5158;0.6470;0.0478;0.1043;0.7763;0.0149;0.5679;0.1824;446.9;1009
