backbone;dataset;seed;train_limit;method;resolution;img_auroc;img_aupr
dinov2_vitl14;mvtec_AD/bottle;0;10;k1;448;0.995238;0.998556
dinov2_vitl14;mvtec_AD/bottle;0;10;knn;448;0.995238;0.998581
dinov2_vitl14;mvtec_AD/bottle;1;10;k1;448;0.995238;0.998546
dinov2_vitl14;mvtec_AD/bottle;1;10;knn;448;0.997619;0.999244
dinov2_vitl14;mvtec_AD/bottle;2;10;k1;448;0.995238;0.998546
dinov2_vitl14;mvtec_AD/bottle;2;10;knn;448;0.996032;0.99876
dinov2_vitl14;mvtec_AD/bottle;3;10;k1;448;0.996032;0.998782
dinov2_vitl14;mvtec_AD/bottle;3;10;knn;448;0.996032;0.9988
dinov2_vitl14;mvtec_AD/bottle;4;10;k1;448;0.992857;0.997804
dinov2_vitl14;mvtec_AD/bottle;4;10;knn;448;0.994444;0.998246
dinov2_vitl14;mvtec_AD/cable;0;10;k1;448;0.786357;0.870379
dinov2_vitl14;mvtec_AD/cable;0;10;knn;448;0.949963;0.972281
dinov2_vitl14;mvtec_AD/cable;1;10;k1;448;0.866192;0.91209
dinov2_vitl14;mvtec_AD/cable;1;10;knn;448;0.976012;0.986732
dinov2_vitl14;mvtec_AD/cable;2;10;k1;448;0.864505;0.908366
dinov2_vitl14;mvtec_AD/cable;2;10;knn;448;0.95446;0.971792
dinov2_vitl14;mvtec_AD/cable;3;10;k1;448;0.812969;0.889245
dinov2_vitl14;mvtec_AD/cable;3;10;knn;448;0.894303;0.945826
dinov2_vitl14;mvtec_AD/cable;4;10;k1;448;0.741567;0.802514
dinov2_vitl14;mvtec_AD/cable;4;10;knn;448;0.883621;0.92704
dinov2_vitl14;mvtec_AD/capsule;0;10;k1;448;0.780215;0.94498
dinov2_vitl14;mvtec_AD/capsule;0;10;knn;448;0.896689;0.975908
dinov2_vitl14;mvtec_AD/capsule;1;10;k1;448;0.803351;0.9483
dinov2_vitl14;mvtec_AD/capsule;1;10;knn;448;0.907459;0.977486
dinov2_vitl14;mvtec_AD/capsule;2;10;k1;448;0.81771;0.9537
dinov2_vitl14;mvtec_AD/capsule;2;10;knn;448;0.960112;0.991392
dinov2_vitl14;mvtec_AD/capsule;3;10;k1;448;0.802154;0.950434
dinov2_vitl14;mvtec_AD/capsule;3;10;knn;448;0.863183;0.967498
dinov2_vitl14;mvtec_AD/capsule;4;10;k1;448;0.80016;0.948911
dinov2_vitl14;mvtec_AD/capsule;4;10;knn;448;0.930993;0.985043
dinov2_vitl14;mvtec_AD/carpet;0;10;k1;448;0.962279;0.98913
dinov2_vitl14;mvtec_AD/carpet;0;10;knn;448;0.926966;0.977195
dinov2_vitl14;mvtec_AD/carpet;1;10;k1;448;0.960674;0.988749
dinov2_vitl14;mvtec_AD/carpet;1;10;knn;448;0.922552;0.975539
dinov2_vitl14;mvtec_AD/carpet;2;10;k1;448;0.960273;0.98844
dinov2_vitl14;mvtec_AD/carpet;2;10;knn;448;0.933387;0.978783
dinov2_vitl14;mvtec_AD/carpet;3;10;k1;448;0.954254;0.986956
dinov2_vitl14;mvtec_AD/carpet;3;10;knn;448;0.920144;0.974852
dinov2_vitl14;mvtec_AD/carpet;4;10;k1;448;0.954655;0.986518
dinov2_vitl14;mvtec_AD/carpet;4;10;knn;448;0.928973;0.977484
dinov2_vitl14;mvtec_AD/grid;0;10;k1;448;0.953216;0.984227
dinov2_vitl14;mvtec_AD/grid;0;10;knn;448;0.878028;0.958552
dinov2_vitl14;mvtec_AD/grid;1;10;k1;448;0.954052;0.983036
dinov2_vitl14;mvtec_AD/grid;1;10;knn;448;0.899749;0.960317
dinov2_vitl14;mvtec_AD/grid;2;10;k1;448;0.976608;0.992076
dinov2_vitl14;mvtec_AD/grid;2;10;knn;448;0.920635;0.971901
dinov2_vitl14;mvtec_AD/grid;3;10;k1;448;0.974102;0.990866
dinov2_vitl14;mvtec_AD/grid;3;10;knn;448;0.912281;0.969992
dinov2_vitl14;mvtec_AD/grid;4;10;k1;448;0.925647;0.969327
dinov2_vitl14;mvtec_AD/grid;4;10;knn;448;0.875522;0.945677
dinov2_vitl14;mvtec_AD/hazelnut;0;10;k1;448;0.874643;0.938301
dinov2_vitl14;mvtec_AD/hazelnut;0;10;knn;448;0.778571;0.881169
dinov2_vitl14;mvtec_AD/hazelnut;1;10;k1;448;0.840714;0.914887
dinov2_vitl14;mvtec_AD/hazelnut;1;10;knn;448;0.864643;0.930067
dinov2_vitl14;mvtec_AD/hazelnut;2;10;k1;448;0.872857;0.93485
dinov2_vitl14;mvtec_AD/hazelnut;2;10;knn;448;0.838929;0.908844
dinov2_vitl14;mvtec_AD/hazelnut;3;10;k1;448;0.895714;0.943842
dinov2_vitl14;mvtec_AD/hazelnut;3;10;knn;448;0.860714;0.914335
dinov2_vitl14;mvtec_AD/hazelnut;4;10;k1;448;0.797857;0.880742
dinov2_vitl14;mvtec_AD/hazelnut;4;10;knn;448;0.762857;0.843508
dinov2_vitl14;mvtec_AD/leather;0;10;k1;448;1.0;1.0
dinov2_vitl14;mvtec_AD/leather;0;10;knn;448;0.992527;0.997677
dinov2_vitl14;mvtec_AD/leather;1;10;k1;448;0.99966;0.999883
dinov2_vitl14;mvtec_AD/leather;1;10;knn;448;0.993886;0.997734
dinov2_vitl14;mvtec_AD/leather;2;10;k1;448;1.0;1.0
dinov2_vitl14;mvtec_AD/leather;2;10;knn;448;0.993886;0.997824
dinov2_vitl14;mvtec_AD/leather;3;10;k1;448;1.0;1.0
dinov2_vitl14;mvtec_AD/leather;3;10;knn;448;0.993546;0.997755
dinov2_vitl14;mvtec_AD/leather;4;10;k1;448;0.99966;0.999883
dinov2_vitl14;mvtec_AD/leather;4;10;knn;448;0.993207;0.997672
dinov2_vitl14;mvtec_AD/metal_nut;0;10;k1;448;0.926686;0.982982
dinov2_vitl14;mvtec_AD/metal_nut;0;10;knn;448;0.921799;0.981861
dinov2_vitl14;mvtec_AD/metal_nut;1;10;k1;448;0.920821;0.981863
dinov2_vitl14;mvtec_AD/metal_nut;1;10;knn;448;0.922776;0.981775
dinov2_vitl14;mvtec_AD/metal_nut;2;10;k1;448;0.853861;0.963729
dinov2_vitl14;mvtec_AD/metal_nut;2;10;knn;448;0.862659;0.966611
dinov2_vitl14;mvtec_AD/metal_nut;3;10;k1;448;0.918866;0.981038
dinov2_vitl14;mvtec_AD/metal_nut;3;10;knn;448;0.896872;0.975477
dinov2_vitl14;mvtec_AD/metal_nut;4;10;k1;448;0.883187;0.973331
dinov2_vitl14;mvtec_AD/metal_nut;4;10;knn;448;0.823069;0.956797
dinov2_vitl14;mvtec_AD/pill;0;10;k1;448;0.884343;0.977432
dinov2_vitl14;mvtec_AD/pill;0;10;knn;448;0.913257;0.984073
dinov2_vitl14;mvtec_AD/pill;1;10;k1;448;0.889525;0.978195
dinov2_vitl14;mvtec_AD/pill;1;10;knn;448;0.891162;0.980195
dinov2_vitl14;mvtec_AD/pill;2;10;k1;448;0.894435;0.979056
dinov2_vitl14;mvtec_AD/pill;2;10;knn;448;0.900709;0.981838
dinov2_vitl14;mvtec_AD/pill;3;10;k1;448;0.891708;0.978175
dinov2_vitl14;mvtec_AD/pill;3;10;knn;448;0.90862;0.983587
dinov2_vitl14;mvtec_AD/pill;4;10;k1;448;0.897436;0.979545
dinov2_vitl14;mvtec_AD/pill;4;10;knn;448;0.908074;0.983286
dinov2_vitl14;mvtec_AD/screw;0;10;k1;448;0.552777;0.739949
dinov2_vitl14;mvtec_AD/screw;0;10;knn;448;0.69215;0.857602
dinov2_vitl14;mvtec_AD/screw;1;10;k1;448;0.501127;0.775102
dinov2_vitl14;mvtec_AD/screw;1;10;knn;448;0.536175;0.79429
dinov2_vitl14;mvtec_AD/screw;2;10;k1;448;0.523263;0.740208
dinov2_vitl14;mvtec_AD/screw;2;10;knn;448;0.559746;0.765091
dinov2_vitl14;mvtec_AD/screw;3;10;k1;448;0.53843;0.729681
dinov2_vitl14;mvtec_AD/screw;3;10;knn;448;0.553187;0.761148
dinov2_vitl14;mvtec_AD/screw;4;10;k1;448;0.491699;0.726215
dinov2_vitl14;mvtec_AD/screw;4;10;knn;448;0.508506;0.76903
dinov2_vitl14;mvtec_AD/tile;0;10;k1;448;1.0;1.0
dinov2_vitl14;mvtec_AD/tile;0;10;knn;448;1.0;1.0
dinov2_vitl14;mvtec_AD/tile;1;10;k1;448;1.0;1.0
dinov2_vitl14;mvtec_AD/tile;1;10;knn;448;1.0;1.0
dinov2_vitl14;mvtec_AD/tile;2;10;k1;448;1.0;1.0
dinov2_vitl14;mvtec_AD/tile;2;10;knn;448;0.999639;0.99986
dinov2_vitl14;mvtec_AD/tile;3;10;k1;448;1.0;1.0
dinov2_vitl14;mvtec_AD/tile;3;10;knn;448;1.0;1.0
dinov2_vitl14;mvtec_AD/tile;4;10;k1;448;1.0;1.0
dinov2_vitl14;mvtec_AD/tile;4;10;knn;448;1.0;1.0
dinov2_vitl14;mvtec_AD/toothbrush;0;10;k1;448;0.947222;0.980634
dinov2_vitl14;mvtec_AD/toothbrush;0;10;knn;448;0.95;0.981752
dinov2_vitl14;mvtec_AD/toothbrush;1;10;k1;448;0.975;0.992308
dinov2_vitl14;mvtec_AD/toothbrush;1;10;knn;448;0.977778;0.992294
dinov2_vitl14;mvtec_AD/toothbrush;2;10;k1;448;0.966667;0.989406
dinov2_vitl14;mvtec_AD/toothbrush;2;10;knn;448;0.947222;0.981676
dinov2_vitl14;mvtec_AD/toothbrush;3;10;k1;448;0.977778;0.992113
dinov2_vitl14;mvtec_AD/toothbrush;3;10;knn;448;0.966667;0.987391
dinov2_vitl14;mvtec_AD/toothbrush;4;10;k1;448;0.886111;0.959962
dinov2_vitl14;mvtec_AD/toothbrush;4;10;knn;448;0.905556;0.966395
dinov2_vitl14;mvtec_AD/transistor;0;10;k1;448;0.912917;0.905686
dinov2_vitl14;mvtec_AD/transistor;0;10;knn;448;0.95625;0.946428
dinov2_vitl14;mvtec_AD/transistor;1;10;k1;448;0.9125;0.90874
dinov2_vitl14;mvtec_AD/transistor;1;10;knn;448;0.964583;0.956424
dinov2_vitl14;mvtec_AD/transistor;2;10;k1;448;0.907083;0.895809
dinov2_vitl14;mvtec_AD/transistor;2;10;knn;448;0.972083;0.963468
dinov2_vitl14;mvtec_AD/transistor;3;10;k1;448;0.923333;0.91561
dinov2_vitl14;mvtec_AD/transistor;3;10;knn;448;0.955417;0.941507
dinov2_vitl14;mvtec_AD/transistor;4;10;k1;448;0.91625;0.911206
dinov2_vitl14;mvtec_AD/transistor;4;10;knn;448;0.975417;0.967503
dinov2_vitl14;mvtec_AD/wood;0;10;k1;448;0.95614;0.985464
dinov2_vitl14;mvtec_AD/wood;0;10;knn;448;0.938596;0.978499
dinov2_vitl14;mvtec_AD/wood;1;10;k1;448;0.965789;0.988558
dinov2_vitl14;mvtec_AD/wood;1;10;knn;448;0.946491;0.980836
dinov2_vitl14;mvtec_AD/wood;2;10;k1;448;0.953509;0.985005
dinov2_vitl14;mvtec_AD/wood;2;10;knn;448;0.936842;0.978553
dinov2_vitl14;mvtec_AD/wood;3;10;k1;448;0.974561;0.991511
dinov2_vitl14;mvtec_AD/wood;3;10;knn;448;0.952632;0.983117
dinov2_vitl14;mvtec_AD/wood;4;10;k1;448;0.964035;0.988114
dinov2_vitl14;mvtec_AD/wood;4;10;knn;448;0.947368;0.98144
dinov2_vitl14;mvtec_AD/zipper;0;10;k1;448;0.98792;0.996768
dinov2_vitl14;mvtec_AD/zipper;0;10;knn;448;0.988708;0.996874
dinov2_vitl14;mvtec_AD/zipper;1;10;k1;448;0.989758;0.997284
dinov2_vitl14;mvtec_AD/zipper;1;10;knn;448;0.982405;0.994987
dinov2_vitl14;mvtec_AD/zipper;2;10;k1;448;0.987132;0.996592
dinov2_vitl14;mvtec_AD/zipper;2;10;knn;448;0.978466;0.994201
dinov2_vitl14;mvtec_AD/zipper;3;10;k1;448;0.994485;0.998549
dinov2_vitl14;mvtec_AD/zipper;3;10;knn;448;0.986082;0.996041
dinov2_vitl14;mvtec_AD/zipper;4;10;k1;448;0.989233;0.997194
dinov2_vitl14;mvtec_AD/zipper;4;10;knn;448;0.98792;0.996728
dinov2_vitl14;mvtec_loco_AD/breakfast_box;0;10;k1;448;0.756772;0.871654
dinov2_vitl14;mvtec_loco_AD/breakfast_box;0;10;knn;448;0.740678;0.863438
dinov2_vitl14;mvtec_loco_AD/breakfast_box;1;10;k1;448;0.746288;0.869395
dinov2_vitl14;mvtec_loco_AD/breakfast_box;1;10;knn;448;0.733027;0.857819
dinov2_vitl14;mvtec_loco_AD/breakfast_box;2;10;k1;448;0.751162;0.861323
dinov2_vitl14;mvtec_loco_AD/breakfast_box;2;10;knn;448;0.752578;0.869765
dinov2_vitl14;mvtec_loco_AD/breakfast_box;3;10;k1;448;0.746855;0.865576
dinov2_vitl14;mvtec_loco_AD/breakfast_box;3;10;knn;448;0.751842;0.866291
dinov2_vitl14;mvtec_loco_AD/breakfast_box;4;10;k1;448;0.750822;0.862957
dinov2_vitl14;mvtec_loco_AD/breakfast_box;4;10;knn;448;0.762099;0.873365
dinov2_vitl14;mvtec_loco_AD/juice_bottle;0;10;k1;448;0.734583;0.891788
dinov2_vitl14;mvtec_loco_AD/juice_bottle;0;10;knn;448;0.808961;0.926194
dinov2_vitl14;mvtec_loco_AD/juice_bottle;1;10;k1;448;0.720609;0.878289
dinov2_vitl14;mvtec_loco_AD/juice_bottle;1;10;knn;448;0.80247;0.918032
dinov2_vitl14;mvtec_loco_AD/juice_bottle;2;10;k1;448;0.76181;0.905872
dinov2_vitl14;mvtec_loco_AD/juice_bottle;2;10;knn;448;0.84286;0.93935
dinov2_vitl14;mvtec_loco_AD/juice_bottle;3;10;k1;448;0.743824;0.8945
dinov2_vitl14;mvtec_loco_AD/juice_bottle;3;10;knn;448;0.831545;0.93266
dinov2_vitl14;mvtec_loco_AD/juice_bottle;4;10;k1;448;0.762193;0.905511
dinov2_vitl14;mvtec_loco_AD/juice_bottle;4;10;knn;448;0.849666;0.944842
dinov2_vitl14;mvtec_loco_AD/pushpins;0;10;k1;448;0.556117;0.630679
dinov2_vitl14;mvtec_loco_AD/pushpins;0;10;knn;448;0.54411;0.651071
dinov2_vitl14;mvtec_loco_AD/pushpins;1;10;k1;448;0.549924;0.603556
dinov2_vitl14;mvtec_loco_AD/pushpins;1;10;knn;448;0.523972;0.599828
dinov2_vitl14;mvtec_loco_AD/pushpins;2;10;k1;448;0.540487;0.594531
dinov2_vitl14;mvtec_loco_AD/pushpins;2;10;knn;448;0.552115;0.634529
dinov2_vitl14;mvtec_loco_AD/pushpins;3;10;k1;448;0.554516;0.611682
dinov2_vitl14;mvtec_loco_AD/pushpins;3;10;knn;448;0.534462;0.613951
dinov2_vitl14;mvtec_loco_AD/pushpins;4;10;k1;448;0.542467;0.598445
dinov2_vitl14;mvtec_loco_AD/pushpins;4;10;knn;448;0.555317;0.629799
dinov2_vitl14;mvtec_loco_AD/screw_bag;0;10;k1;448;0.620181;0.765754
dinov2_vitl14;mvtec_loco_AD/screw_bag;0;10;knn;448;0.612471;0.747766
dinov2_vitl14;mvtec_loco_AD/screw_bag;1;10;k1;448;0.636911;0.773798
dinov2_vitl14;mvtec_loco_AD/screw_bag;1;10;knn;448;0.59881;0.740083
dinov2_vitl14;mvtec_loco_AD/screw_bag;2;10;k1;448;0.602029;0.748675
dinov2_vitl14;mvtec_loco_AD/screw_bag;2;10;knn;448;0.628752;0.761069
dinov2_vitl14;mvtec_loco_AD/screw_bag;3;10;k1;448;0.587207;0.752311
dinov2_vitl14;mvtec_loco_AD/screw_bag;3;10;knn;448;0.607942;0.740992
dinov2_vitl14;mvtec_loco_AD/screw_bag;4;10;k1;448;0.66371;0.77598
dinov2_vitl14;mvtec_loco_AD/screw_bag;4;10;knn;448;0.627704;0.745926
dinov2_vitl14;mvtec_loco_AD/splicing_connectors;0;10;k1;448;0.601994;0.722861
dinov2_vitl14;mvtec_loco_AD/splicing_connectors;0;10;knn;448;0.699351;0.803116
dinov2_vitl14;mvtec_loco_AD/splicing_connectors;1;10;k1;448;0.654504;0.789339
dinov2_vitl14;mvtec_loco_AD/splicing_connectors;1;10;knn;448;0.724344;0.84657
dinov2_vitl14;mvtec_loco_AD/splicing_connectors;2;10;k1;448;0.656899;0.785575
dinov2_vitl14;mvtec_loco_AD/splicing_connectors;2;10;knn;448;0.769452;0.86454
dinov2_vitl14;mvtec_loco_AD/splicing_connectors;3;10;k1;448;0.576305;0.690566
dinov2_vitl14;mvtec_loco_AD/splicing_connectors;3;10;knn;448;0.688379;0.781343
dinov2_vitl14;mvtec_loco_AD/splicing_connectors;4;10;k1;448;0.622763;0.75311
dinov2_vitl14;mvtec_loco_AD/splicing_connectors;4;10;knn;448;0.727174;0.831035
dinov2_vitl14;VisA/candle;0;10;k1;448;0.9241;0.900469
dinov2_vitl14;VisA/candle;0;10;knn;448;0.9264;0.894999
dinov2_vitl14;VisA/candle;1;10;k1;448;0.9278;0.899238
dinov2_vitl14;VisA/candle;1;10;knn;448;0.9224;0.88847
dinov2_vitl14;VisA/candle;2;10;k1;448;0.9224;0.901227
dinov2_vitl14;VisA/candle;2;10;knn;448;0.9121;0.884766
dinov2_vitl14;VisA/candle;3;10;k1;448;0.9252;0.891568
dinov2_vitl14;VisA/candle;3;10;knn;448;0.9279;0.900487
dinov2_vitl14;VisA/candle;4;10;k1;448;0.9243;0.902836
dinov2_vitl14;VisA/candle;4;10;knn;448;0.9207;0.886365
dinov2_vitl14;VisA/capsules;0;10;k1;448;0.768;0.859442
dinov2_vitl14;VisA/capsules;0;10;knn;448;0.6245;0.753725
dinov2_vitl14;VisA/capsules;1;10;k1;448;0.854;0.90362
dinov2_vitl14;VisA/capsules;1;10;knn;448;0.767167;0.837352
dinov2_vitl14;VisA/capsules;2;10;k1;448;0.924167;0.939187
dinov2_vitl14;VisA/capsules;2;10;knn;448;0.833667;0.86946
dinov2_vitl14;VisA/capsules;3;10;k1;448;0.8115;0.882504
dinov2_vitl14;VisA/capsules;3;10;knn;448;0.6905;0.801514
dinov2_vitl14;VisA/capsules;4;10;k1;448;0.877;0.916587
dinov2_vitl14;VisA/capsules;4;10;knn;448;0.743;0.820103
dinov2_vitl14;VisA/cashew;0;10;k1;448;0.8996;0.944449
dinov2_vitl14;VisA/cashew;0;10;knn;448;0.9248;0.947739
dinov2_vitl14;VisA/cashew;1;10;k1;448;0.871;0.934466
dinov2_vitl14;VisA/cashew;1;10;knn;448;0.9162;0.94743
dinov2_vitl14;VisA/cashew;2;10;k1;448;0.888;0.942285
dinov2_vitl14;VisA/cashew;2;10;knn;448;0.9042;0.940497
dinov2_vitl14;VisA/cashew;3;10;k1;448;0.8872;0.937809
dinov2_vitl14;VisA/cashew;3;10;knn;448;0.9208;0.953736
dinov2_vitl14;VisA/cashew;4;10;k1;448;0.8716;0.929302
dinov2_vitl14;VisA/cashew;4;10;knn;448;0.9332;0.957874
dinov2_vitl14;VisA/chewinggum;0;10;k1;448;0.9628;0.97886
dinov2_vitl14;VisA/chewinggum;0;10;knn;448;0.8952;0.946002
dinov2_vitl14;VisA/chewinggum;1;10;k1;448;0.9642;0.979434
dinov2_vitl14;VisA/chewinggum;1;10;knn;448;0.8816;0.939998
dinov2_vitl14;VisA/chewinggum;2;10;k1;448;0.9662;0.980583
dinov2_vitl14;VisA/chewinggum;2;10;knn;448;0.8936;0.946154
dinov2_vitl14;VisA/chewinggum;3;10;k1;448;0.974;0.984585
dinov2_vitl14;VisA/chewinggum;3;10;knn;448;0.9052;0.949657
dinov2_vitl14;VisA/chewinggum;4;10;k1;448;0.9654;0.979985
dinov2_vitl14;VisA/chewinggum;4;10;knn;448;0.881;0.941164
dinov2_vitl14;VisA/fryum;0;10;k1;448;0.8758;0.939559
dinov2_vitl14;VisA/fryum;0;10;knn;448;0.8312;0.905395
dinov2_vitl14;VisA/fryum;1;10;k1;448;0.8734;0.939721
dinov2_vitl14;VisA/fryum;1;10;knn;448;0.855;0.916979
dinov2_vitl14;VisA/fryum;2;10;k1;448;0.9144;0.960395
dinov2_vitl14;VisA/fryum;2;10;knn;448;0.8332;0.910468
dinov2_vitl14;VisA/fryum;3;10;k1;448;0.8554;0.927154
dinov2_vitl14;VisA/fryum;3;10;knn;448;0.8228;0.906642
dinov2_vitl14;VisA/fryum;4;10;k1;448;0.8896;0.94717
dinov2_vitl14;VisA/fryum;4;10;knn;448;0.8712;0.927048
dinov2_vitl14;VisA/macaroni1;0;10;k1;448;0.7332;0.727937
dinov2_vitl14;VisA/macaroni1;0;10;knn;448;0.7105;0.717334
dinov2_vitl14;VisA/macaroni1;1;10;k1;448;0.7299;0.745103
dinov2_vitl14;VisA/macaroni1;1;10;knn;448;0.7023;0.712943
dinov2_vitl14;VisA/macaroni1;2;10;k1;448;0.6848;0.660947
dinov2_vitl14;VisA/macaroni1;2;10;knn;448;0.667;0.675388
dinov2_vitl14;VisA/macaroni1;3;10;k1;448;0.6967;0.690358
dinov2_vitl14;VisA/macaroni1;3;10;knn;448;0.6965;0.691873
dinov2_vitl14;VisA/macaroni1;4;10;k1;448;0.736;0.730136
dinov2_vitl14;VisA/macaroni1;4;10;knn;448;0.7372;0.733574
dinov2_vitl14;VisA/macaroni2;0;10;k1;448;0.627;0.584628
dinov2_vitl14;VisA/macaroni2;0;10;knn;448;0.6381;0.627521
dinov2_vitl14;VisA/macaroni2;1;10;k1;448;0.5883;0.567938
dinov2_vitl14;VisA/macaroni2;1;10;knn;448;0.6512;0.636368
dinov2_vitl14;VisA/macaroni2;2;10;k1;448;0.6225;0.566499
dinov2_vitl14;VisA/macaroni2;2;10;knn;448;0.6349;0.625551
dinov2_vitl14;VisA/macaroni2;3;10;k1;448;0.5895;0.53471
dinov2_vitl14;VisA/macaroni2;3;10;knn;448;0.6613;0.659115
dinov2_vitl14;VisA/macaroni2;4;10;k1;448;0.6137;0.554508
dinov2_vitl14;VisA/macaroni2;4;10;knn;448;0.6672;0.602731
dinov2_vitl14;VisA/pcb1;0;10;k1;448;0.8757;0.862291
dinov2_vitl14;VisA/pcb1;0;10;knn;448;0.9108;0.900061
dinov2_vitl14;VisA/pcb1;1;10;k1;448;0.8583;0.846126
dinov2_vitl14;VisA/pcb1;1;10;knn;448;0.9352;0.931587
dinov2_vitl14;VisA/pcb1;2;10;k1;448;0.873;0.854354
dinov2_vitl14;VisA/pcb1;2;10;knn;448;0.914;0.901839
dinov2_vitl14;VisA/pcb1;3;10;k1;448;0.8543;0.822557
dinov2_vitl14;VisA/pcb1;3;10;knn;448;0.9317;0.933794
dinov2_vitl14;VisA/pcb1;4;10;k1;448;0.8822;0.869253
dinov2_vitl14;VisA/pcb1;4;10;knn;448;0.9218;0.906969
dinov2_vitl14;VisA/pcb2;0;10;k1;448;0.7087;0.742257
dinov2_vitl14;VisA/pcb2;0;10;knn;448;0.7343;0.726796
dinov2_vitl14;VisA/pcb2;1;10;k1;448;0.6783;0.718232
dinov2_vitl14;VisA/pcb2;1;10;knn;448;0.695;0.715601
dinov2_vitl14;VisA/pcb2;2;10;k1;448;0.6817;0.712676
dinov2_vitl14;VisA/pcb2;2;10;knn;448;0.6973;0.705968
dinov2_vitl14;VisA/pcb2;3;10;k1;448;0.7121;0.721475
dinov2_vitl14;VisA/pcb2;3;10;knn;448;0.7289;0.721617
dinov2_vitl14;VisA/pcb2;4;10;k1;448;0.7057;0.74044
dinov2_vitl14;VisA/pcb2;4;10;knn;448;0.7656;0.776634
dinov2_vitl14;VisA/pcb3;0;10;k1;448;0.685842;0.720323
dinov2_vitl14;VisA/pcb3;0;10;knn;448;0.851386;0.858022
dinov2_vitl14;VisA/pcb3;1;10;k1;448;0.65099;0.696708
dinov2_vitl14;VisA/pcb3;1;10;knn;448;0.819901;0.828998
dinov2_vitl14;VisA/pcb3;2;10;k1;448;0.642178;0.675881
dinov2_vitl14;VisA/pcb3;2;10;knn;448;0.83703;0.850015
dinov2_vitl14;VisA/pcb3;3;10;k1;448;0.692079;0.721569
dinov2_vitl14;VisA/pcb3;3;10;knn;448;0.862277;0.872846
dinov2_vitl14;VisA/pcb3;4;10;k1;448;0.649901;0.687263
dinov2_vitl14;VisA/pcb3;4;10;knn;448;0.820693;0.832938
dinov2_vitl14;VisA/pcb4;0;10;k1;448;0.965941;0.962013
dinov2_vitl14;VisA/pcb4;0;10;knn;448;0.969406;0.959612
dinov2_vitl14;VisA/pcb4;1;10;k1;448;0.945149;0.939143
dinov2_vitl14;VisA/pcb4;1;10;knn;448;0.958119;0.935247
dinov2_vitl14;VisA/pcb4;2;10;k1;448;0.936535;0.931277
dinov2_vitl14;VisA/pcb4;2;10;knn;448;0.941188;0.933746
dinov2_vitl14;VisA/pcb4;3;10;k1;448;0.938812;0.933036
dinov2_vitl14;VisA/pcb4;3;10;knn;448;0.980693;0.977912
dinov2_vitl14;VisA/pcb4;4;10;k1;448;0.957525;0.950153
dinov2_vitl14;VisA/pcb4;4;10;knn;448;0.982475;0.978828
dinov2_vitl14;VisA/pipe_fryum;0;10;k1;448;0.7288;0.862822
dinov2_vitl14;VisA/pipe_fryum;0;10;knn;448;0.696;0.849035
dinov2_vitl14;VisA/pipe_fryum;1;10;k1;448;0.773;0.885337
dinov2_vitl14;VisA/pipe_fryum;1;10;knn;448;0.7332;0.863944
dinov2_vitl14;VisA/pipe_fryum;2;10;k1;448;0.7342;0.861893
dinov2_vitl14;VisA/pipe_fryum;2;10;knn;448;0.709;0.852644
dinov2_vitl14;VisA/pipe_fryum;3;10;k1;448;0.7498;0.877747
dinov2_vitl14;VisA/pipe_fryum;3;10;knn;448;0.7198;0.865051
dinov2_vitl14;VisA/pipe_fryum;4;10;k1;448;0.7612;0.886311
dinov2_vitl14;VisA/pipe_fryum;4;10;knn;448;0.7152;0.862603
dinov2_vitl14;AutoVI/engine_wiring;0;10;k1;448;0.731427;0.727515
dinov2_vitl14;AutoVI/engine_wiring;0;10;knn;448;0.774237;0.775169
dinov2_vitl14;AutoVI/engine_wiring;1;10;k1;448;0.673939;0.677163
dinov2_vitl14;AutoVI/engine_wiring;1;10;knn;448;0.710362;0.722817
dinov2_vitl14;AutoVI/engine_wiring;2;10;k1;448;0.635901;0.655126
dinov2_vitl14;AutoVI/engine_wiring;2;10;knn;448;0.701354;0.709245
dinov2_vitl14;AutoVI/engine_wiring;3;10;k1;448;0.714308;0.717664
dinov2_vitl14;AutoVI/engine_wiring;3;10;knn;448;0.801991;0.804069
dinov2_vitl14;AutoVI/engine_wiring;4;10;k1;448;0.689006;0.708377
dinov2_vitl14;AutoVI/engine_wiring;4;10;knn;448;0.745268;0.750175
dinov2_vitl14;AutoVI/pipe_clip;0;10;k1;448;0.516287;0.442565
dinov2_vitl14;AutoVI/pipe_clip;0;10;knn;448;0.570495;0.467098
dinov2_vitl14;AutoVI/pipe_clip;1;10;k1;448;0.521741;0.456521
dinov2_vitl14;AutoVI/pipe_clip;1;10;knn;448;0.581979;0.478627
dinov2_vitl14;AutoVI/pipe_clip;2;10;k1;448;0.52026;0.443735
dinov2_vitl14;AutoVI/pipe_clip;2;10;knn;448;0.544854;0.462013
dinov2_vitl14;AutoVI/pipe_clip;3;10;k1;448;0.520043;0.446286
dinov2_vitl14;AutoVI/pipe_clip;3;10;knn;448;0.566594;0.462709
dinov2_vitl14;AutoVI/pipe_clip;4;10;k1;448;0.518093;0.449397
dinov2_vitl14;AutoVI/pipe_clip;4;10;knn;448;0.561502;0.470493
dinov2_vitl14;AutoVI/tank_screw;0;10;k1;448;0.484939;0.23632
dinov2_vitl14;AutoVI/tank_screw;0;10;knn;448;0.477623;0.210707
dinov2_vitl14;AutoVI/tank_screw;1;10;k1;448;0.466468;0.213022
dinov2_vitl14;AutoVI/tank_screw;1;10;knn;448;0.524959;0.241721
dinov2_vitl14;AutoVI/tank_screw;2;10;k1;448;0.476365;0.216001
dinov2_vitl14;AutoVI/tank_screw;2;10;knn;448;0.44813;0.210284
dinov2_vitl14;AutoVI/tank_screw;3;10;k1;448;0.471963;0.226806
dinov2_vitl14;AutoVI/tank_screw;3;10;knn;448;0.474446;0.23317
dinov2_vitl14;AutoVI/tank_screw;4;10;k1;448;0.483946;0.221149
dinov2_vitl14;AutoVI/tank_screw;4;10;knn;448;0.460874;0.204401
dinov2_vitl14;AutoVI/underbody_pipes;0;10;k1;448;0.937006;0.911986
dinov2_vitl14;AutoVI/underbody_pipes;0;10;knn;448;0.925296;0.924902
dinov2_vitl14;AutoVI/underbody_pipes;1;10;k1;448;0.947663;0.94018
dinov2_vitl14;AutoVI/underbody_pipes;1;10;knn;448;0.913722;0.91063
dinov2_vitl14;AutoVI/underbody_pipes;2;10;k1;448;0.943013;0.924453
dinov2_vitl14;AutoVI/underbody_pipes;2;10;knn;448;0.932458;0.928657
dinov2_vitl14;AutoVI/underbody_pipes;3;10;k1;448;0.918678;0.909453
dinov2_vitl14;AutoVI/underbody_pipes;3;10;knn;448;0.925975;0.927919
dinov2_vitl14;AutoVI/underbody_pipes;4;10;k1;448;0.958219;0.937609
dinov2_vitl14;AutoVI/underbody_pipes;4;10;knn;448;0.944235;0.940679
dinov2_vitl14;AutoVI/underbody_screw;0;10;k1;448;0.560606;0.061475
dinov2_vitl14;AutoVI/underbody_screw;0;10;knn;448;0.611854;0.113466
dinov2_vitl14;AutoVI/underbody_screw;1;10;k1;448;0.675728;0.257117
dinov2_vitl14;AutoVI/underbody_screw;1;10;knn;448;0.780452;0.245554
dinov2_vitl14;AutoVI/underbody_screw;2;10;k1;448;0.596108;0.086119
dinov2_vitl14;AutoVI/underbody_screw;2;10;knn;448;0.695336;0.131621
dinov2_vitl14;AutoVI/underbody_screw;3;10;k1;448;0.661022;0.302322
dinov2_vitl14;AutoVI/underbody_screw;3;10;knn;448;0.615122;0.230223
dinov2_vitl14;AutoVI/underbody_screw;4;10;k1;448;0.563725;0.058144
dinov2_vitl14;AutoVI/underbody_screw;4;10;knn;448;0.658348;0.132196
dinov2_vitl14;btad/01;0;10;k1;448;0.862974;0.943358
dinov2_vitl14;btad/01;0;10;knn;448;0.911565;0.966334
dinov2_vitl14;btad/01;1;10;k1;448;0.87172;0.949486
dinov2_vitl14;btad/01;1;10;knn;448;0.915452;0.96878
dinov2_vitl14;btad/01;2;10;k1;448;0.873664;0.950722
dinov2_vitl14;btad/01;2;10;knn;448;0.912536;0.968982
dinov2_vitl14;btad/01;3;10;k1;448;0.894072;0.95848
dinov2_vitl14;btad/01;3;10;knn;448;0.926142;0.972555
dinov2_vitl14;btad/01;4;10;k1;448;0.875607;0.947907
dinov2_vitl14;btad/01;4;10;knn;448;0.90379;0.964737
dinov2_vitl14;btad/02;0;10;k1;448;0.872362;0.978835
dinov2_vitl14;btad/02;0;10;knn;448;0.847404;0.974691
dinov2_vitl14;btad/02;1;10;k1;448;0.89732;0.982854
dinov2_vitl14;btad/02;1;10;knn;448;0.859799;0.976699
dinov2_vitl14;btad/02;2;10;k1;448;0.904355;0.983892
dinov2_vitl14;btad/02;2;10;knn;448;0.894807;0.982107
dinov2_vitl14;btad/02;3;10;k1;448;0.890117;0.981528
dinov2_vitl14;btad/02;3;10;knn;448;0.864154;0.977217
dinov2_vitl14;btad/02;4;10;k1;448;0.886432;0.98101
dinov2_vitl14;btad/02;4;10;knn;448;0.869849;0.977868
dinov2_vitl14;btad/03;0;10;k1;448;1.0;1.0
dinov2_vitl14;btad/03;0;10;knn;448;1.0;1.0
dinov2_vitl14;btad/03;1;10;k1;448;1.0;1.0
dinov2_vitl14;btad/03;1;10;knn;448;1.0;1.0
dinov2_vitl14;btad/03;2;10;k1;448;1.0;1.0
dinov2_vitl14;btad/03;2;10;knn;448;1.0;1.0
dinov2_vitl14;btad/03;3;10;k1;448;1.0;1.0
dinov2_vitl14;btad/03;3;10;knn;448;1.0;1.0
dinov2_vitl14;btad/03;4;10;k1;448;1.0;1.0
dinov2_vitl14;btad/03;4;10;knn;448;1.0;1.0
dinov2_vitl14;GoodsAD/cigarette_box;0;10;k1;448;0.546515;0.604596
dinov2_vitl14;GoodsAD/cigarette_box;0;10;knn;448;0.699342;0.687375
dinov2_vitl14;GoodsAD/cigarette_box;1;10;k1;448;0.530032;0.586564
dinov2_vitl14;GoodsAD/cigarette_box;1;10;knn;448;0.692545;0.681112
dinov2_vitl14;GoodsAD/cigarette_box;2;10;k1;448;0.564663;0.625852
dinov2_vitl14;GoodsAD/cigarette_box;2;10;knn;448;0.638878;0.641721
dinov2_vitl14;GoodsAD/cigarette_box;3;10;k1;448;0.545582;0.611678
dinov2_vitl14;GoodsAD/cigarette_box;3;10;knn;448;0.702363;0.697307
dinov2_vitl14;GoodsAD/cigarette_box;4;10;k1;448;0.560598;0.617766
dinov2_vitl14;GoodsAD/cigarette_box;4;10;knn;448;0.667311;0.663148
dinov2_vitl14;GoodsAD/drink_bottle;0;10;k1;448;0.511335;0.562766
dinov2_vitl14;GoodsAD/drink_bottle;0;10;knn;448;0.567978;0.597108
dinov2_vitl14;GoodsAD/drink_bottle;1;10;k1;448;0.499365;0.550383
dinov2_vitl14;GoodsAD/drink_bottle;1;10;knn;448;0.550998;0.585038
dinov2_vitl14;GoodsAD/drink_bottle;2;10;k1;448;0.5139;0.550924
dinov2_vitl14;GoodsAD/drink_bottle;2;10;knn;448;0.550945;0.593555
dinov2_vitl14;GoodsAD/drink_bottle;3;10;k1;448;0.519689;0.556045
dinov2_vitl14;GoodsAD/drink_bottle;3;10;knn;448;0.555942;0.600488
dinov2_vitl14;GoodsAD/drink_bottle;4;10;k1;448;0.514137;0.548125
dinov2_vitl14;GoodsAD/drink_bottle;4;10;knn;448;0.547607;0.588537
dinov2_vitl14;GoodsAD/drink_can;0;10;k1;448;0.505358;0.506742
dinov2_vitl14;GoodsAD/drink_can;0;10;knn;448;0.620678;0.606451
dinov2_vitl14;GoodsAD/drink_can;1;10;k1;448;0.52572;0.52225
dinov2_vitl14;GoodsAD/drink_can;1;10;knn;448;0.625151;0.615416
dinov2_vitl14;GoodsAD/drink_can;2;10;k1;448;0.506197;0.492203
dinov2_vitl14;GoodsAD/drink_can;2;10;knn;448;0.59836;0.595186
dinov2_vitl14;GoodsAD/drink_can;3;10;k1;448;0.481595;0.484536
dinov2_vitl14;GoodsAD/drink_can;3;10;knn;448;0.605815;0.596455
dinov2_vitl14;GoodsAD/drink_can;4;10;k1;448;0.507408;0.50064
dinov2_vitl14;GoodsAD/drink_can;4;10;knn;448;0.5855;0.576589
dinov2_vitl14;GoodsAD/food_bottle;0;10;k1;448;0.507153;0.622115
dinov2_vitl14;GoodsAD/food_bottle;0;10;knn;448;0.565393;0.681097
dinov2_vitl14;GoodsAD/food_bottle;1;10;k1;448;0.487272;0.5858
dinov2_vitl14;GoodsAD/food_bottle;1;10;knn;448;0.551361;0.681491
dinov2_vitl14;GoodsAD/food_bottle;2;10;k1;448;0.458489;0.578495
dinov2_vitl14;GoodsAD/food_bottle;2;10;knn;448;0.550426;0.668211
dinov2_vitl14;GoodsAD/food_bottle;3;10;k1;448;0.523512;0.646639
dinov2_vitl14;GoodsAD/food_bottle;3;10;knn;448;0.516102;0.638573
dinov2_vitl14;GoodsAD/food_bottle;4;10;k1;448;0.526076;0.626013
dinov2_vitl14;GoodsAD/food_bottle;4;10;knn;448;0.538604;0.643991
dinov2_vitl14;GoodsAD/food_box;0;10;k1;448;0.50745;0.657115
dinov2_vitl14;GoodsAD/food_box;0;10;knn;448;0.520193;0.673738
dinov2_vitl14;GoodsAD/food_box;1;10;k1;448;0.529171;0.651422
dinov2_vitl14;GoodsAD/food_box;1;10;knn;448;0.569394;0.705806
dinov2_vitl14;GoodsAD/food_box;2;10;k1;448;0.542215;0.666257
dinov2_vitl14;GoodsAD/food_box;2;10;knn;448;0.541041;0.682375
dinov2_vitl14;GoodsAD/food_box;3;10;k1;448;0.533455;0.659004
dinov2_vitl14;GoodsAD/food_box;3;10;knn;448;0.591333;0.714341
dinov2_vitl14;GoodsAD/food_box;4;10;k1;448;0.526715;0.663122
dinov2_vitl14;GoodsAD/food_box;4;10;knn;448;0.560307;0.687522
dinov2_vitl14;GoodsAD/food_package;0;10;k1;448;0.509675;0.474632
dinov2_vitl14;GoodsAD/food_package;0;10;knn;448;0.529129;0.499874
dinov2_vitl14;GoodsAD/food_package;1;10;k1;448;0.497422;0.464215
dinov2_vitl14;GoodsAD/food_package;1;10;knn;448;0.51758;0.493578
dinov2_vitl14;GoodsAD/food_package;2;10;k1;448;0.509435;0.474247
dinov2_vitl14;GoodsAD/food_package;2;10;knn;448;0.541725;0.526473
dinov2_vitl14;GoodsAD/food_package;3;10;k1;448;0.497285;0.471269
dinov2_vitl14;GoodsAD/food_package;3;10;knn;448;0.548496;0.524622
dinov2_vitl14;GoodsAD/food_package;4;10;k1;448;0.482463;0.453028
dinov2_vitl14;GoodsAD/food_package;4;10;knn;448;0.545317;0.50403
clip_vitl14;mvtec_AD/bottle;0;10;k1;224;0.999206;0.999752
clip_vitl14;mvtec_AD/bottle;0;10;knn;224;1.0;1.0
clip_vitl14;mvtec_AD/bottle;1;10;k1;224;0.999206;0.999752
clip_vitl14;mvtec_AD/bottle;1;10;knn;224;1.0;1.0
clip_vitl14;mvtec_AD/bottle;2;10;k1;224;0.999206;0.999752
clip_vitl14;mvtec_AD/bottle;2;10;knn;224;0.999206;0.999752
clip_vitl14;mvtec_AD/bottle;3;10;k1;224;0.996032;0.998719
clip_vitl14;mvtec_AD/bottle;3;10;knn;224;0.996032;0.998719
clip_vitl14;mvtec_AD/bottle;4;10;k1;224;0.994444;0.998177
clip_vitl14;mvtec_AD/bottle;4;10;knn;224;0.998413;0.9995
clip_vitl14;mvtec_AD/cable;0;10;k1;224;0.930097;0.962674
clip_vitl14;mvtec_AD/cable;0;10;knn;224;0.958583;0.977454
clip_vitl14;mvtec_AD/cable;1;10;k1;224;0.946214;0.970397
clip_vitl14;mvtec_AD/cable;1;10;knn;224;0.976574;0.986713
clip_vitl14;mvtec_AD/cable;2;10;k1;224;0.949213;0.972776
clip_vitl14;mvtec_AD/cable;2;10;knn;224;0.967204;0.981925
clip_vitl14;mvtec_AD/cable;3;10;k1;224;0.936844;0.966802
clip_vitl14;mvtec_AD/cable;3;10;knn;224;0.959708;0.978202
clip_vitl14;mvtec_AD/cable;4;10;k1;224;0.928786;0.961196
clip_vitl14;mvtec_AD/cable;4;10;knn;224;0.941154;0.967626
clip_vitl14;mvtec_AD/capsule;0;10;k1;224;0.701635;0.91079
clip_vitl14;mvtec_AD/capsule;0;10;knn;224;0.770642;0.938773
clip_vitl14;mvtec_AD/capsule;1;10;k1;224;0.812924;0.952724
clip_vitl14;mvtec_AD/capsule;1;10;knn;224;0.89629;0.975134
clip_vitl14;mvtec_AD/capsule;2;10;k1;224;0.852812;0.962994
clip_vitl14;mvtec_AD/capsule;2;10;knn;224;0.928201;0.982948
clip_vitl14;mvtec_AD/capsule;3;10;k1;224;0.710411;0.912811
clip_vitl14;mvtec_AD/capsule;3;10;knn;224;0.749501;0.926467
clip_vitl14;mvtec_AD/capsule;4;10;k1;224;0.74272;0.928792
clip_vitl14;mvtec_AD/capsule;4;10;knn;224;0.853211;0.96551
clip_vitl14;mvtec_AD/carpet;0;10;k1;224;0.987961;0.996728
clip_vitl14;mvtec_AD/carpet;0;10;knn;224;0.985554;0.995964
clip_vitl14;mvtec_AD/carpet;1;10;k1;224;0.99077;0.997443
clip_vitl14;mvtec_AD/carpet;1;10;knn;224;0.992376;0.997637
clip_vitl14;mvtec_AD/carpet;2;10;k1;224;0.994382;0.998352
clip_vitl14;mvtec_AD/carpet;2;10;knn;224;0.991573;0.997454
clip_vitl14;mvtec_AD/carpet;3;10;k1;224;0.988764;0.997002
clip_vitl14;mvtec_AD/carpet;3;10;knn;224;0.987159;0.99625
clip_vitl14;mvtec_AD/carpet;4;10;k1;224;0.989165;0.997087
clip_vitl14;mvtec_AD/carpet;4;10;knn;224;0.989968;0.997011
clip_vitl14;mvtec_AD/grid;0;10;k1;224;0.93066;0.975708
clip_vitl14;mvtec_AD/grid;0;10;knn;224;0.796157;0.920309
clip_vitl14;mvtec_AD/grid;1;10;k1;224;0.896408;0.961385
clip_vitl14;mvtec_AD/grid;1;10;knn;224;0.781955;0.902685
clip_vitl14;mvtec_AD/grid;2;10;k1;224;0.953216;0.98407
clip_vitl14;mvtec_AD/grid;2;10;knn;224;0.842941;0.943951
clip_vitl14;mvtec_AD/grid;3;10;k1;224;0.953216;0.983816
clip_vitl14;mvtec_AD/grid;3;10;knn;224;0.820384;0.927816
clip_vitl14;mvtec_AD/grid;4;10;k1;224;0.958229;0.985793
clip_vitl14;mvtec_AD/grid;4;10;knn;224;0.840434;0.94119
clip_vitl14;mvtec_AD/hazelnut;0;10;k1;224;0.964643;0.979605
clip_vitl14;mvtec_AD/hazelnut;0;10;knn;224;0.955;0.974553
clip_vitl14;mvtec_AD/hazelnut;1;10;k1;224;0.951786;0.972916
clip_vitl14;mvtec_AD/hazelnut;1;10;knn;224;0.958214;0.977797
clip_vitl14;mvtec_AD/hazelnut;2;10;k1;224;0.9575;0.975982
clip_vitl14;mvtec_AD/hazelnut;2;10;knn;224;0.958929;0.976432
clip_vitl14;mvtec_AD/hazelnut;3;10;k1;224;0.97;0.982198
clip_vitl14;mvtec_AD/hazelnut;3;10;knn;224;0.954286;0.972056
clip_vitl14;mvtec_AD/hazelnut;4;10;k1;224;0.855714;0.910167
clip_vitl14;mvtec_AD/hazelnut;4;10;knn;224;0.806429;0.875364
clip_vitl14;mvtec_AD/leather;0;10;k1;224;1.0;1.0
clip_vitl14;mvtec_AD/leather;0;10;knn;224;1.0;1.0
clip_vitl14;mvtec_AD/leather;1;10;k1;224;1.0;1.0
clip_vitl14;mvtec_AD/leather;1;10;knn;224;1.0;1.0
clip_vitl14;mvtec_AD/leather;2;10;k1;224;1.0;1.0
clip_vitl14;mvtec_AD/leather;2;10;knn;224;1.0;1.0
clip_vitl14;mvtec_AD/leather;3;10;k1;224;1.0;1.0
clip_vitl14;mvtec_AD/leather;3;10;knn;224;1.0;1.0
clip_vitl14;mvtec_AD/leather;4;10;k1;224;1.0;1.0
clip_vitl14;mvtec_AD/leather;4;10;knn;224;1.0;1.0
clip_vitl14;mvtec_AD/metal_nut;0;10;k1;224;0.98827;0.9973
clip_vitl14;mvtec_AD/metal_nut;0;10;knn;224;0.970186;0.993144
clip_vitl14;mvtec_AD/metal_nut;1;10;k1;224;0.968231;0.992859
clip_vitl14;mvtec_AD/metal_nut;1;10;knn;224;0.938416;0.985335
clip_vitl14;mvtec_AD/metal_nut;2;10;k1;224;0.964809;0.99193
clip_vitl14;mvtec_AD/metal_nut;2;10;knn;224;0.925709;0.981495
clip_vitl14;mvtec_AD/metal_nut;3;10;k1;224;0.98436;0.996487
clip_vitl14;mvtec_AD/metal_nut;3;10;knn;224;0.955034;0.989214
clip_vitl14;mvtec_AD/metal_nut;4;10;k1;224;0.966276;0.992372
clip_vitl14;mvtec_AD/metal_nut;4;10;knn;224;0.890029;0.974015
clip_vitl14;mvtec_AD/pill;0;10;k1;224;0.928805;0.986624
clip_vitl14;mvtec_AD/pill;0;10;knn;224;0.917349;0.984397
clip_vitl14;mvtec_AD/pill;1;10;k1;224;0.933988;0.987452
clip_vitl14;mvtec_AD/pill;1;10;knn;224;0.919258;0.98457
clip_vitl14;mvtec_AD/pill;2;10;k1;224;0.935352;0.9879
clip_vitl14;mvtec_AD/pill;2;10;knn;224;0.900436;0.980045
clip_vitl14;mvtec_AD/pill;3;10;k1;224;0.937261;0.988312
clip_vitl14;mvtec_AD/pill;3;10;knn;224;0.93126;0.986749
clip_vitl14;mvtec_AD/pill;4;10;k1;224;0.930169;0.987088
clip_vitl14;mvtec_AD/pill;4;10;knn;224;0.924714;0.985716
clip_vitl14;mvtec_AD/screw;0;10;k1;224;0.663046;0.815271
clip_vitl14;mvtec_AD/screw;0;10;knn;224;0.775364;0.899836
clip_vitl14;mvtec_AD/screw;1;10;k1;224;0.613035;0.792343
clip_vitl14;mvtec_AD/screw;1;10;knn;224;0.631277;0.850984
clip_vitl14;mvtec_AD/screw;2;10;k1;224;0.602787;0.789746
clip_vitl14;mvtec_AD/screw;2;10;knn;224;0.633122;0.792606
clip_vitl14;mvtec_AD/screw;3;10;k1;224;0.604837;0.777795
clip_vitl14;mvtec_AD/screw;3;10;knn;224;0.598483;0.775345
clip_vitl14;mvtec_AD/screw;4;10;k1;224;0.578192;0.777741
clip_vitl14;mvtec_AD/screw;4;10;knn;224;0.567944;0.769886
clip_vitl14;mvtec_AD/tile;0;10;k1;224;1.0;1.0
clip_vitl14;mvtec_AD/tile;0;10;knn;224;1.0;1.0
clip_vitl14;mvtec_AD/tile;1;10;k1;224;1.0;1.0
clip_vitl14;mvtec_AD/tile;1;10;knn;224;1.0;1.0
clip_vitl14;mvtec_AD/tile;2;10;k1;224;1.0;1.0
clip_vitl14;mvtec_AD/tile;2;10;knn;224;0.999639;0.99986
clip_vitl14;mvtec_AD/tile;3;10;k1;224;1.0;1.0
clip_vitl14;mvtec_AD/tile;3;10;knn;224;1.0;1.0
clip_vitl14;mvtec_AD/tile;4;10;k1;224;1.0;1.0
clip_vitl14;mvtec_AD/tile;4;10;knn;224;1.0;1.0
clip_vitl14;mvtec_AD/toothbrush;0;10;k1;224;0.95;0.980891
clip_vitl14;mvtec_AD/toothbrush;0;10;knn;224;0.944444;0.979388
clip_vitl14;mvtec_AD/toothbrush;1;10;k1;224;0.986111;0.994709
clip_vitl14;mvtec_AD/toothbrush;1;10;knn;224;0.980556;0.992192
clip_vitl14;mvtec_AD/toothbrush;2;10;k1;224;0.922222;0.971869
clip_vitl14;mvtec_AD/toothbrush;2;10;knn;224;0.886111;0.955374
clip_vitl14;mvtec_AD/toothbrush;3;10;k1;224;0.961111;0.985004
clip_vitl14;mvtec_AD/toothbrush;3;10;knn;224;0.969444;0.987557
clip_vitl14;mvtec_AD/toothbrush;4;10;k1;224;0.830556;0.937448
clip_vitl14;mvtec_AD/toothbrush;4;10;knn;224;0.847222;0.945866
clip_vitl14;mvtec_AD/transistor;0;10;k1;224;0.914167;0.890665
clip_vitl14;mvtec_AD/transistor;0;10;knn;224;0.916667;0.898178
clip_vitl14;mvtec_AD/transistor;1;10;k1;224;0.923333;0.893556
clip_vitl14;mvtec_AD/transistor;1;10;knn;224;0.923333;0.90479
clip_vitl14;mvtec_AD/transistor;2;10;k1;224;0.95;0.926635
clip_vitl14;mvtec_AD/transistor;2;10;knn;224;0.9425;0.937749
clip_vitl14;mvtec_AD/transistor;3;10;k1;224;0.944583;0.923611
clip_vitl14;mvtec_AD/transistor;3;10;knn;224;0.93625;0.924192
clip_vitl14;mvtec_AD/transistor;4;10;k1;224;0.951667;0.933604
clip_vitl14;mvtec_AD/transistor;4;10;knn;224;0.94875;0.940716
clip_vitl14;mvtec_AD/wood;0;10;k1;224;0.979825;0.992919
clip_vitl14;mvtec_AD/wood;0;10;knn;224;0.967544;0.987282
clip_vitl14;mvtec_AD/wood;1;10;k1;224;0.976316;0.991132
clip_vitl14;mvtec_AD/wood;1;10;knn;224;0.972807;0.989705
clip_vitl14;mvtec_AD/wood;2;10;k1;224;0.978947;0.992407
clip_vitl14;mvtec_AD/wood;2;10;knn;224;0.966667;0.987595
clip_vitl14;mvtec_AD/wood;3;10;k1;224;0.980702;0.992911
clip_vitl14;mvtec_AD/wood;3;10;knn;224;0.970175;0.98873
clip_vitl14;mvtec_AD/wood;4;10;k1;224;0.979825;0.992638
clip_vitl14;mvtec_AD/wood;4;10;knn;224;0.966667;0.987532
clip_vitl14;mvtec_AD/zipper;0;10;k1;224;0.995011;0.998699
clip_vitl14;mvtec_AD/zipper;0;10;knn;224;0.995798;0.998938
clip_vitl14;mvtec_AD/zipper;1;10;k1;224;0.990546;0.997597
clip_vitl14;mvtec_AD/zipper;1;10;knn;224;0.990021;0.997538
clip_vitl14;mvtec_AD/zipper;2;10;k1;224;0.99396;0.998432
clip_vitl14;mvtec_AD/zipper;2;10;knn;224;0.991859;0.997912
clip_vitl14;mvtec_AD/zipper;3;10;k1;224;0.994223;0.998568
clip_vitl14;mvtec_AD/zipper;3;10;knn;224;0.991597;0.997907
clip_vitl14;mvtec_AD/zipper;4;10;k1;224;0.998687;0.999647
clip_vitl14;mvtec_AD/zipper;4;10;knn;224;0.995011;0.99876
clip_vitl14;mvtec_loco_AD/breakfast_box;0;10;k1;224;0.789471;0.885831
clip_vitl14;mvtec_loco_AD/breakfast_box;0;10;knn;224;0.761249;0.877747
clip_vitl14;mvtec_loco_AD/breakfast_box;1;10;k1;224;0.765159;0.873476
clip_vitl14;mvtec_loco_AD/breakfast_box;1;10;knn;224;0.728664;0.8518
clip_vitl14;mvtec_loco_AD/breakfast_box;2;10;k1;224;0.777457;0.878476
clip_vitl14;mvtec_loco_AD/breakfast_box;2;10;knn;224;0.738808;0.86108
clip_vitl14;mvtec_loco_AD/breakfast_box;3;10;k1;224;0.789244;0.889168
clip_vitl14;mvtec_loco_AD/breakfast_box;3;10;knn;224;0.764366;0.876193
clip_vitl14;mvtec_loco_AD/breakfast_box;4;10;k1;224;0.779667;0.881543
clip_vitl14;mvtec_loco_AD/breakfast_box;4;10;knn;224;0.761702;0.872446
clip_vitl14;mvtec_loco_AD/juice_bottle;0;10;k1;224;0.68626;0.861555
clip_vitl14;mvtec_loco_AD/juice_bottle;0;10;knn;224;0.772944;0.901921
clip_vitl14;mvtec_loco_AD/juice_bottle;1;10;k1;224;0.746935;0.879587
clip_vitl14;mvtec_loco_AD/juice_bottle;1;10;knn;224;0.824198;0.923651
clip_vitl14;mvtec_loco_AD/juice_bottle;2;10;k1;224;0.82546;0.922062
clip_vitl14;mvtec_loco_AD/juice_bottle;2;10;knn;224;0.903173;0.960722
clip_vitl14;mvtec_loco_AD/juice_bottle;3;10;k1;224;0.795393;0.91611
clip_vitl14;mvtec_loco_AD/juice_bottle;3;10;knn;224;0.846466;0.938235
clip_vitl14;mvtec_loco_AD/juice_bottle;4;10;k1;224;0.814551;0.926718
clip_vitl14;mvtec_loco_AD/juice_bottle;4;10;knn;224;0.875631;0.95402
clip_vitl14;mvtec_loco_AD/pushpins;0;10;k1;224;0.662664;0.725578
clip_vitl14;mvtec_loco_AD/pushpins;0;10;knn;224;0.661822;0.710001
clip_vitl14;mvtec_loco_AD/pushpins;1;10;k1;224;0.658325;0.718321
clip_vitl14;mvtec_loco_AD/pushpins;1;10;knn;224;0.677115;0.727157
clip_vitl14;mvtec_loco_AD/pushpins;2;10;k1;224;0.63132;0.699343
clip_vitl14;mvtec_loco_AD/pushpins;2;10;knn;224;0.656008;0.703309
clip_vitl14;mvtec_loco_AD/pushpins;3;10;k1;224;0.6614;0.724059
clip_vitl14;mvtec_loco_AD/pushpins;3;10;knn;224;0.674208;0.723781
clip_vitl14;mvtec_loco_AD/pushpins;4;10;k1;224;0.638313;0.698914
clip_vitl14;mvtec_loco_AD/pushpins;4;10;knn;224;0.630393;0.683937
clip_vitl14;mvtec_loco_AD/screw_bag;0;10;k1;224;0.67419;0.761181
clip_vitl14;mvtec_loco_AD/screw_bag;0;10;knn;224;0.628565;0.753441
clip_vitl14;mvtec_loco_AD/screw_bag;1;10;k1;224;0.672431;0.746813
clip_vitl14;mvtec_loco_AD/screw_bag;1;10;knn;224;0.615128;0.73501
clip_vitl14;mvtec_loco_AD/screw_bag;2;10;k1;224;0.625196;0.725513
clip_vitl14;mvtec_loco_AD/screw_bag;2;10;knn;224;0.616476;0.746211
clip_vitl14;mvtec_loco_AD/screw_bag;3;10;k1;224;0.580133;0.688595
clip_vitl14;mvtec_loco_AD/screw_bag;3;10;knn;224;0.584213;0.710364
clip_vitl14;mvtec_loco_AD/screw_bag;4;10;k1;224;0.697694;0.779458
clip_vitl14;mvtec_loco_AD/screw_bag;4;10;knn;224;0.66633;0.768381
clip_vitl14;mvtec_loco_AD/splicing_connectors;0;10;k1;224;0.62555;0.747774
clip_vitl14;mvtec_loco_AD/splicing_connectors;0;10;knn;224;0.68089;0.78971
clip_vitl14;mvtec_loco_AD/splicing_connectors;1;10;k1;224;0.658945;0.771283
clip_vitl14;mvtec_loco_AD/splicing_connectors;1;10;knn;224;0.691253;0.797324
clip_vitl14;mvtec_loco_AD/splicing_connectors;2;10;k1;224;0.667131;0.787927
clip_vitl14;mvtec_loco_AD/splicing_connectors;2;10;knn;224;0.690469;0.804715
clip_vitl14;mvtec_loco_AD/splicing_connectors;3;10;k1;224;0.608046;0.72309
clip_vitl14;mvtec_loco_AD/splicing_connectors;3;10;knn;224;0.642748;0.768625
clip_vitl14;mvtec_loco_AD/splicing_connectors;4;10;k1;224;0.650281;0.75219
clip_vitl14;mvtec_loco_AD/splicing_connectors;4;10;knn;224;0.702138;0.800777
clip_vitl14;VisA/candle;0;10;k1;224;0.9131;0.887546
clip_vitl14;VisA/candle;0;10;knn;224;0.9195;0.895744
clip_vitl14;VisA/candle;1;10;k1;224;0.909;0.887722
clip_vitl14;VisA/candle;1;10;knn;224;0.9375;0.907972
clip_vitl14;VisA/candle;2;10;k1;224;0.8849;0.864901
clip_vitl14;VisA/candle;2;10;knn;224;0.8866;0.867707
clip_vitl14;VisA/candle;3;10;k1;224;0.9255;0.895657
clip_vitl14;VisA/candle;3;10;knn;224;0.9531;0.919691
clip_vitl14;VisA/candle;4;10;k1;224;0.9128;0.881191
clip_vitl14;VisA/candle;4;10;knn;224;0.9305;0.897176
clip_vitl14;VisA/capsules;0;10;k1;224;0.766333;0.860296
clip_vitl14;VisA/capsules;0;10;knn;224;0.726;0.8339
clip_vitl14;VisA/capsules;1;10;k1;224;0.822833;0.895178
clip_vitl14;VisA/capsules;1;10;knn;224;0.794167;0.877769
clip_vitl14;VisA/capsules;2;10;k1;224;0.8395;0.90784
clip_vitl14;VisA/capsules;2;10;knn;224;0.814;0.888469
clip_vitl14;VisA/capsules;3;10;k1;224;0.8045;0.887525
clip_vitl14;VisA/capsules;3;10;knn;224;0.781167;0.870147
clip_vitl14;VisA/capsules;4;10;k1;224;0.798;0.882411
clip_vitl14;VisA/capsules;4;10;knn;224;0.790333;0.877091
clip_vitl14;VisA/cashew;0;10;k1;224;0.9214;0.960652
clip_vitl14;VisA/cashew;0;10;knn;224;0.922;0.957293
clip_vitl14;VisA/cashew;1;10;k1;224;0.9174;0.959747
clip_vitl14;VisA/cashew;1;10;knn;224;0.9244;0.957495
clip_vitl14;VisA/cashew;2;10;k1;224;0.9186;0.961447
clip_vitl14;VisA/cashew;2;10;knn;224;0.923;0.959796
clip_vitl14;VisA/cashew;3;10;k1;224;0.947;0.974625
clip_vitl14;VisA/cashew;3;10;knn;224;0.9404;0.967925
clip_vitl14;VisA/cashew;4;10;k1;224;0.9384;0.970858
clip_vitl14;VisA/cashew;4;10;knn;224;0.9342;0.965393
clip_vitl14;VisA/chewinggum;0;10;k1;224;0.9762;0.989345
clip_vitl14;VisA/chewinggum;0;10;knn;224;0.973;0.988248
clip_vitl14;VisA/chewinggum;1;10;k1;224;0.9814;0.991707
clip_vitl14;VisA/chewinggum;1;10;knn;224;0.9748;0.989376
clip_vitl14;VisA/chewinggum;2;10;k1;224;0.979;0.990916
clip_vitl14;VisA/chewinggum;2;10;knn;224;0.977;0.990295
clip_vitl14;VisA/chewinggum;3;10;k1;224;0.9858;0.993433
clip_vitl14;VisA/chewinggum;3;10;knn;224;0.9794;0.990567
clip_vitl14;VisA/chewinggum;4;10;k1;224;0.9772;0.990221
clip_vitl14;VisA/chewinggum;4;10;knn;224;0.9746;0.989094
clip_vitl14;VisA/fryum;0;10;k1;224;0.8954;0.948155
clip_vitl14;VisA/fryum;0;10;knn;224;0.89;0.940484
clip_vitl14;VisA/fryum;1;10;k1;224;0.8862;0.947472
clip_vitl14;VisA/fryum;1;10;knn;224;0.8984;0.948432
clip_vitl14;VisA/fryum;2;10;k1;224;0.8928;0.947258
clip_vitl14;VisA/fryum;2;10;knn;224;0.8894;0.941238
clip_vitl14;VisA/fryum;3;10;k1;224;0.8836;0.945175
clip_vitl14;VisA/fryum;3;10;knn;224;0.8832;0.943706
clip_vitl14;VisA/fryum;4;10;k1;224;0.9028;0.9536
clip_vitl14;VisA/fryum;4;10;knn;224;0.9148;0.951123
clip_vitl14;VisA/macaroni1;0;10;k1;224;0.7881;0.788539
clip_vitl14;VisA/macaroni1;0;10;knn;224;0.8238;0.830557
clip_vitl14;VisA/macaroni1;1;10;k1;224;0.7882;0.7904
clip_vitl14;VisA/macaroni1;1;10;knn;224;0.8114;0.831275
clip_vitl14;VisA/macaroni1;2;10;k1;224;0.6994;0.666483
clip_vitl14;VisA/macaroni1;2;10;knn;224;0.7179;0.69959
clip_vitl14;VisA/macaroni1;3;10;k1;224;0.7677;0.755698
clip_vitl14;VisA/macaroni1;3;10;knn;224;0.7977;0.786602
clip_vitl14;VisA/macaroni1;4;10;k1;224;0.7517;0.753757
clip_vitl14;VisA/macaroni1;4;10;knn;224;0.8089;0.818797
clip_vitl14;VisA/macaroni2;0;10;k1;224;0.6236;0.584128
clip_vitl14;VisA/macaroni2;0;10;knn;224;0.6164;0.582313
clip_vitl14;VisA/macaroni2;1;10;k1;224;0.583;0.550183
clip_vitl14;VisA/macaroni2;1;10;knn;224;0.605;0.565635
clip_vitl14;VisA/macaroni2;2;10;k1;224;0.5704;0.540066
clip_vitl14;VisA/macaroni2;2;10;knn;224;0.615;0.574122
clip_vitl14;VisA/macaroni2;3;10;k1;224;0.5966;0.556056
clip_vitl14;VisA/macaroni2;3;10;knn;224;0.5938;0.551784
clip_vitl14;VisA/macaroni2;4;10;k1;224;0.5659;0.519118
clip_vitl14;VisA/macaroni2;4;10;knn;224;0.6163;0.565907
clip_vitl14;VisA/pcb1;0;10;k1;224;0.9245;0.918166
clip_vitl14;VisA/pcb1;0;10;knn;224;0.9353;0.929773
clip_vitl14;VisA/pcb1;1;10;k1;224;0.8424;0.81469
clip_vitl14;VisA/pcb1;1;10;knn;224;0.9272;0.923154
clip_vitl14;VisA/pcb1;2;10;k1;224;0.9126;0.898888
clip_vitl14;VisA/pcb1;2;10;knn;224;0.9265;0.923699
clip_vitl14;VisA/pcb1;3;10;k1;224;0.8773;0.864252
clip_vitl14;VisA/pcb1;3;10;knn;224;0.8422;0.861409
clip_vitl14;VisA/pcb1;4;10;k1;224;0.8937;0.879786
clip_vitl14;VisA/pcb1;4;10;knn;224;0.9151;0.908216
clip_vitl14;VisA/pcb2;0;10;k1;224;0.789;0.774713
clip_vitl14;VisA/pcb2;0;10;knn;224;0.7228;0.744609
clip_vitl14;VisA/pcb2;1;10;k1;224;0.7947;0.780766
clip_vitl14;VisA/pcb2;1;10;knn;224;0.7789;0.795452
clip_vitl14;VisA/pcb2;2;10;k1;224;0.7935;0.786583
clip_vitl14;VisA/pcb2;2;10;knn;224;0.7565;0.793306
clip_vitl14;VisA/pcb2;3;10;k1;224;0.8262;0.815276
clip_vitl14;VisA/pcb2;3;10;knn;224;0.8111;0.818927
clip_vitl14;VisA/pcb2;4;10;k1;224;0.8035;0.791319
clip_vitl14;VisA/pcb2;4;10;knn;224;0.8527;0.86731
clip_vitl14;VisA/pcb3;0;10;k1;224;0.71495;0.714919
clip_vitl14;VisA/pcb3;0;10;knn;224;0.783465;0.786482
clip_vitl14;VisA/pcb3;1;10;k1;224;0.722772;0.721845
clip_vitl14;VisA/pcb3;1;10;knn;224;0.775545;0.785059
clip_vitl14;VisA/pcb3;2;10;k1;224;0.734257;0.730927
clip_vitl14;VisA/pcb3;2;10;knn;224;0.772475;0.778534
clip_vitl14;VisA/pcb3;3;10;k1;224;0.729703;0.73256
clip_vitl14;VisA/pcb3;3;10;knn;224;0.816436;0.821962
clip_vitl14;VisA/pcb3;4;10;k1;224;0.714554;0.720241
clip_vitl14;VisA/pcb3;4;10;knn;224;0.826436;0.835965
clip_vitl14;VisA/pcb4;0;10;k1;224;0.898416;0.853788
clip_vitl14;VisA/pcb4;0;10;knn;224;0.988416;0.988419
clip_vitl14;VisA/pcb4;1;10;k1;224;0.913168;0.910306
clip_vitl14;VisA/pcb4;1;10;knn;224;0.987327;0.987654
clip_vitl14;VisA/pcb4;2;10;k1;224;0.937921;0.928978
clip_vitl14;VisA/pcb4;2;10;knn;224;0.991287;0.991369
clip_vitl14;VisA/pcb4;3;10;k1;224;0.951386;0.939972
clip_vitl14;VisA/pcb4;3;10;knn;224;0.994554;0.994837
clip_vitl14;VisA/pcb4;4;10;k1;224;0.92297;0.896519
clip_vitl14;VisA/pcb4;4;10;knn;224;0.991584;0.992026
clip_vitl14;VisA/pipe_fryum;0;10;k1;224;0.8994;0.950135
clip_vitl14;VisA/pipe_fryum;0;10;knn;224;0.897;0.949298
clip_vitl14;VisA/pipe_fryum;1;10;k1;224;0.9152;0.959079
clip_vitl14;VisA/pipe_fryum;1;10;knn;224;0.9076;0.953638
clip_vitl14;VisA/pipe_fryum;2;10;k1;224;0.8984;0.949108
clip_vitl14;VisA/pipe_fryum;2;10;knn;224;0.8884;0.943671
clip_vitl14;VisA/pipe_fryum;3;10;k1;224;0.8972;0.948099
clip_vitl14;VisA/pipe_fryum;3;10;knn;224;0.9064;0.952821
clip_vitl14;VisA/pipe_fryum;4;10;k1;224;0.9224;0.961313
clip_vitl14;VisA/pipe_fryum;4;10;knn;224;0.9194;0.959814
clip_vitl14;AutoVI/engine_wiring;0;10;k1;224;0.691119;0.664423
clip_vitl14;AutoVI/engine_wiring;0;10;knn;224;0.710022;0.702335
clip_vitl14;AutoVI/engine_wiring;1;10;k1;224;0.660985;0.651562
clip_vitl14;AutoVI/engine_wiring;1;10;knn;224;0.658751;0.66287
clip_vitl14;AutoVI/engine_wiring;2;10;k1;224;0.616597;0.612903
clip_vitl14;AutoVI/engine_wiring;2;10;knn;224;0.603594;0.614629
clip_vitl14;AutoVI/engine_wiring;3;10;k1;224;0.674571;0.658415
clip_vitl14;AutoVI/engine_wiring;3;10;knn;224;0.706684;0.704851
clip_vitl14;AutoVI/engine_wiring;4;10;k1;224;0.665088;0.646822
clip_vitl14;AutoVI/engine_wiring;4;10;knn;224;0.664943;0.66612
clip_vitl14;AutoVI/pipe_clip;0;10;k1;224;0.534597;0.4485
clip_vitl14;AutoVI/pipe_clip;0;10;knn;224;0.563489;0.464895
clip_vitl14;AutoVI/pipe_clip;1;10;k1;224;0.540123;0.443157
clip_vitl14;AutoVI/pipe_clip;1;10;knn;224;0.553666;0.461614
clip_vitl14;AutoVI/pipe_clip;2;10;k1;224;0.529686;0.437476
clip_vitl14;AutoVI/pipe_clip;2;10;knn;224;0.538209;0.448535
clip_vitl14;AutoVI/pipe_clip;3;10;k1;224;0.51914;0.43453
clip_vitl14;AutoVI/pipe_clip;3;10;knn;224;0.551427;0.462241
clip_vitl14;AutoVI/pipe_clip;4;10;k1;224;0.524052;0.435858
clip_vitl14;AutoVI/pipe_clip;4;10;knn;224;0.544818;0.445483
clip_vitl14;AutoVI/tank_screw;0;10;k1;224;0.498345;0.24912
clip_vitl14;AutoVI/tank_screw;0;10;knn;224;0.492651;0.242822
clip_vitl14;AutoVI/tank_screw;1;10;k1;224;0.510957;0.242864
clip_vitl14;AutoVI/tank_screw;1;10;knn;224;0.524462;0.254619
clip_vitl14;AutoVI/tank_screw;2;10;k1;224;0.495101;0.242867
clip_vitl14;AutoVI/tank_screw;2;10;knn;224;0.456637;0.233709
clip_vitl14;AutoVI/tank_screw;3;10;k1;224;0.506554;0.250679
clip_vitl14;AutoVI/tank_screw;3;10;knn;224;0.495498;0.252517
clip_vitl14;AutoVI/tank_screw;4;10;k1;224;0.50043;0.248999
clip_vitl14;AutoVI/tank_screw;4;10;knn;224;0.460841;0.221075
clip_vitl14;AutoVI/underbody_pipes;0;10;k1;224;0.901198;0.905811
clip_vitl14;AutoVI/underbody_pipes;0;10;knn;224;0.842718;0.859182
clip_vitl14;AutoVI/underbody_pipes;1;10;k1;224;0.897499;0.910103
clip_vitl14;AutoVI/underbody_pipes;1;10;knn;224;0.795337;0.807274
clip_vitl14;AutoVI/underbody_pipes;2;10;k1;224;0.912636;0.916127
clip_vitl14;AutoVI/underbody_pipes;2;10;knn;224;0.815158;0.824634
clip_vitl14;AutoVI/underbody_pipes;3;10;k1;224;0.89777;0.908817
clip_vitl14;AutoVI/underbody_pipes;3;10;knn;224;0.814581;0.820691
clip_vitl14;AutoVI/underbody_pipes;4;10;k1;224;0.908937;0.909185
clip_vitl14;AutoVI/underbody_pipes;4;10;knn;224;0.881682;0.887903
clip_vitl14;AutoVI/underbody_screw;0;10;k1;224;0.323529;0.037082
clip_vitl14;AutoVI/underbody_screw;0;10;knn;224;0.445484;0.042308
clip_vitl14;AutoVI/underbody_screw;1;10;k1;224;0.279857;0.032391
clip_vitl14;AutoVI/underbody_screw;1;10;knn;224;0.7347;0.083424
clip_vitl14;AutoVI/underbody_screw;2;10;k1;224;0.286393;0.035847
clip_vitl14;AutoVI/underbody_screw;2;10;knn;224;0.488414;0.053809
clip_vitl14;AutoVI/underbody_screw;3;10;k1;224;0.416072;0.042964
clip_vitl14;AutoVI/underbody_screw;3;10;knn;224;0.492127;0.082654
clip_vitl14;AutoVI/underbody_screw;4;10;k1;224;0.329323;0.036409
clip_vitl14;AutoVI/underbody_screw;4;10;knn;224;0.487671;0.046454
clip_vitl14;btad/01;0;10;k1;224;0.940719;0.978155
clip_vitl14;btad/01;0;10;knn;224;0.949466;0.980994
clip_vitl14;btad/01;1;10;k1;224;0.938776;0.977892
clip_vitl14;btad/01;1;10;knn;224;0.938776;0.97775
clip_vitl14;btad/01;2;10;k1;224;0.940719;0.9784
clip_vitl14;btad/01;2;10;knn;224;0.955296;0.982917
clip_vitl14;btad/01;3;10;k1;224;0.934888;0.976802
clip_vitl14;btad/01;3;10;knn;224;0.948494;0.98141
clip_vitl14;btad/01;4;10;k1;224;0.929057;0.975138
clip_vitl14;btad/01;4;10;knn;224;0.936832;0.977729
clip_vitl14;btad/02;0;10;k1;224;0.854439;0.976608
clip_vitl14;btad/02;0;10;knn;224;0.831491;0.972931
clip_vitl14;btad/02;1;10;k1;224;0.873869;0.979712
clip_vitl14;btad/02;1;10;knn;224;0.859799;0.977336
clip_vitl14;btad/02;2;10;k1;224;0.888442;0.982021
clip_vitl14;btad/02;2;10;knn;224;0.88459;0.981261
clip_vitl14;btad/02;3;10;k1;224;0.863317;0.978006
clip_vitl14;btad/02;3;10;knn;224;0.848074;0.975336
clip_vitl14;btad/02;4;10;k1;224;0.871524;0.979076
clip_vitl14;btad/02;4;10;knn;224;0.857956;0.977238
clip_vitl14;btad/03;0;10;k1;224;0.999919;0.998992
clip_vitl14;btad/03;0;10;knn;224;0.999919;0.998992
clip_vitl14;btad/03;1;10;k1;224;0.999355;0.991579
clip_vitl14;btad/03;1;10;knn;224;0.999758;0.996876
clip_vitl14;btad/03;2;10;k1;224;0.999839;0.998045
clip_vitl14;btad/03;2;10;knn;224;0.999919;0.998992
clip_vitl14;btad/03;3;10;k1;224;0.999839;0.997951
clip_vitl14;btad/03;3;10;knn;224;1.0;1.0
clip_vitl14;btad/03;4;10;k1;224;0.999758;0.997004
clip_vitl14;btad/03;4;10;knn;224;0.999597;0.995138
clip_vitl14;GoodsAD/cigarette_box;0;10;k1;224;0.508175;0.558628
clip_vitl14;GoodsAD/cigarette_box;0;10;knn;224;0.59123;0.641315
clip_vitl14;GoodsAD/cigarette_box;1;10;k1;224;0.512706;0.570484
clip_vitl14;GoodsAD/cigarette_box;1;10;knn;224;0.61742;0.650353
clip_vitl14;GoodsAD/cigarette_box;2;10;k1;224;0.566773;0.623024
clip_vitl14;GoodsAD/cigarette_box;2;10;knn;224;0.582611;0.627071
clip_vitl14;GoodsAD/cigarette_box;3;10;k1;224;0.513439;0.567344
clip_vitl14;GoodsAD/cigarette_box;3;10;knn;224;0.622618;0.649276
clip_vitl14;GoodsAD/cigarette_box;4;10;k1;224;0.546182;0.607682
clip_vitl14;GoodsAD/cigarette_box;4;10;knn;224;0.597183;0.636645
clip_vitl14;GoodsAD/drink_bottle;0;10;k1;224;0.530919;0.551015
clip_vitl14;GoodsAD/drink_bottle;0;10;knn;224;0.556517;0.571979
clip_vitl14;GoodsAD/drink_bottle;1;10;k1;224;0.503258;0.540095
clip_vitl14;GoodsAD/drink_bottle;1;10;knn;224;0.527369;0.557768
clip_vitl14;GoodsAD/drink_bottle;2;10;k1;224;0.522346;0.55203
clip_vitl14;GoodsAD/drink_bottle;2;10;knn;224;0.547019;0.577689
clip_vitl14;GoodsAD/drink_bottle;3;10;k1;224;0.505314;0.542534
clip_vitl14;GoodsAD/drink_bottle;3;10;knn;224;0.526233;0.563709
clip_vitl14;GoodsAD/drink_bottle;4;10;k1;224;0.51649;0.546939
clip_vitl14;GoodsAD/drink_bottle;4;10;knn;224;0.535803;0.563115
clip_vitl14;GoodsAD/drink_can;0;10;k1;224;0.551906;0.563699
clip_vitl14;GoodsAD/drink_can;0;10;knn;224;0.593514;0.611696
clip_vitl14;GoodsAD/drink_can;1;10;k1;224;0.557171;0.559151
clip_vitl14;GoodsAD/drink_can;1;10;knn;224;0.590765;0.615409
clip_vitl14;GoodsAD/drink_can;2;10;k1;224;0.523856;0.54303
clip_vitl14;GoodsAD/drink_can;2;10;knn;224;0.590532;0.604701
clip_vitl14;GoodsAD/drink_can;3;10;k1;224;0.517333;0.510808
clip_vitl14;GoodsAD/drink_can;3;10;knn;224;0.566257;0.587161
clip_vitl14;GoodsAD/drink_can;4;10;k1;224;0.545662;0.543953
clip_vitl14;GoodsAD/drink_can;4;10;knn;224;0.571848;0.596813
clip_vitl14;GoodsAD/food_bottle;0;10;k1;224;0.476739;0.591036
clip_vitl14;GoodsAD/food_bottle;0;10;knn;224;0.515475;0.603533
clip_vitl14;GoodsAD/food_bottle;1;10;k1;224;0.499174;0.604218
clip_vitl14;GoodsAD/food_bottle;1;10;knn;224;0.490088;0.594859
clip_vitl14;GoodsAD/food_bottle;2;10;k1;224;0.481915;0.599235
clip_vitl14;GoodsAD/food_bottle;2;10;knn;224;0.504098;0.607289
clip_vitl14;GoodsAD/food_bottle;3;10;k1;224;0.502491;0.612113
clip_vitl14;GoodsAD/food_bottle;3;10;knn;224;0.494226;0.591535
clip_vitl14;GoodsAD/food_bottle;4;10;k1;224;0.506355;0.621208
clip_vitl14;GoodsAD/food_bottle;4;10;knn;224;0.518416;0.625791
clip_vitl14;GoodsAD/food_box;0;10;k1;224;0.49326;0.637604
clip_vitl14;GoodsAD/food_box;0;10;knn;224;0.503684;0.63934
clip_vitl14;GoodsAD/food_box;1;10;k1;224;0.488512;0.618982
clip_vitl14;GoodsAD/food_box;1;10;knn;224;0.521858;0.652301
clip_vitl14;GoodsAD/food_box;2;10;k1;224;0.50131;0.636088
clip_vitl14;GoodsAD/food_box;2;10;knn;224;0.51127;0.642679
clip_vitl14;GoodsAD/food_box;3;10;k1;224;0.507231;0.640935
clip_vitl14;GoodsAD/food_box;3;10;knn;224;0.530972;0.647345
clip_vitl14;GoodsAD/food_box;4;10;k1;224;0.488675;0.631344
clip_vitl14;GoodsAD/food_box;4;10;knn;224;0.489985;0.634701
clip_vitl14;GoodsAD/food_package;0;10;k1;224;0.485032;0.460677
clip_vitl14;GoodsAD/food_package;0;10;knn;224;0.480615;0.456376
clip_vitl14;GoodsAD/food_package;1;10;k1;224;0.487128;0.464205
clip_vitl14;GoodsAD/food_package;1;10;knn;224;0.487506;0.462195
clip_vitl14;GoodsAD/food_package;2;10;k1;224;0.485943;0.465639
clip_vitl14;GoodsAD/food_package;2;10;knn;224;0.495394;0.470609
clip_vitl14;GoodsAD/food_package;3;10;k1;224;0.473226;0.454343
clip_vitl14;GoodsAD/food_package;3;10;knn;224;0.488709;0.469237
clip_vitl14;GoodsAD/food_package;4;10;k1;224;0.487077;0.458538
clip_vitl14;GoodsAD/food_package;4;10;knn;224;0.48565;0.45826
siglip_vitl16;mvtec_AD/bottle;0;10;k1;256;0.996825;0.999016
siglip_vitl16;mvtec_AD/bottle;0;10;knn;256;0.999206;0.999752
siglip_vitl16;mvtec_AD/bottle;1;10;k1;256;0.999206;0.999752
siglip_vitl16;mvtec_AD/bottle;1;10;knn;256;1.0;1.0
siglip_vitl16;mvtec_AD/bottle;2;10;k1;256;0.998413;0.9995
siglip_vitl16;mvtec_AD/bottle;2;10;knn;256;0.998413;0.9995
siglip_vitl16;mvtec_AD/bottle;3;10;k1;256;0.998413;0.9995
siglip_vitl16;mvtec_AD/bottle;3;10;knn;256;0.999206;0.999752
siglip_vitl16;mvtec_AD/bottle;4;10;k1;256;0.998413;0.9995
siglip_vitl16;mvtec_AD/bottle;4;10;knn;256;0.998413;0.9995
siglip_vitl16;mvtec_AD/cable;0;10;k1;256;0.93497;0.962011
siglip_vitl16;mvtec_AD/cable;0;10;knn;256;0.933283;0.964552
siglip_vitl16;mvtec_AD/cable;1;10;k1;256;0.948088;0.968028
siglip_vitl16;mvtec_AD/cable;1;10;knn;256;0.944528;0.966989
siglip_vitl16;mvtec_AD/cable;2;10;k1;256;0.942091;0.964654
siglip_vitl16;mvtec_AD/cable;2;10;knn;256;0.943591;0.966622
siglip_vitl16;mvtec_AD/cable;3;10;k1;256;0.925225;0.952055
siglip_vitl16;mvtec_AD/cable;3;10;knn;256;0.907796;0.937173
siglip_vitl16;mvtec_AD/cable;4;10;k1;256;0.94078;0.961568
siglip_vitl16;mvtec_AD/cable;4;10;knn;256;0.931222;0.954839
siglip_vitl16;mvtec_AD/capsule;0;10;k1;256;0.773036;0.942059
siglip_vitl16;mvtec_AD/capsule;0;10;knn;256;0.8213;0.955409
siglip_vitl16;mvtec_AD/capsule;1;10;k1;256;0.860391;0.960816
siglip_vitl16;mvtec_AD/capsule;1;10;knn;256;0.885521;0.968529
siglip_vitl16;mvtec_AD/capsule;2;10;k1;256;0.869565;0.962629
siglip_vitl16;mvtec_AD/capsule;2;10;knn;256;0.898285;0.97208
siglip_vitl16;mvtec_AD/capsule;3;10;k1;256;0.772238;0.940211
siglip_vitl16;mvtec_AD/capsule;3;10;knn;256;0.820901;0.954091
siglip_vitl16;mvtec_AD/capsule;4;10;k1;256;0.81771;0.954516
siglip_vitl16;mvtec_AD/capsule;4;10;knn;256;0.863183;0.967559
siglip_vitl16;mvtec_AD/carpet;0;10;k1;256;0.999599;0.999875
siglip_vitl16;mvtec_AD/carpet;0;10;knn;256;0.999197;0.999749
siglip_vitl16;mvtec_AD/carpet;1;10;k1;256;1.0;1.0
siglip_vitl16;mvtec_AD/carpet;1;10;knn;256;1.0;1.0
siglip_vitl16;mvtec_AD/carpet;2;10;k1;256;1.0;1.0
siglip_vitl16;mvtec_AD/carpet;2;10;knn;256;0.999197;0.999753
siglip_vitl16;mvtec_AD/carpet;3;10;k1;256;0.999197;0.999753
siglip_vitl16;mvtec_AD/carpet;3;10;knn;256;0.999197;0.999753
siglip_vitl16;mvtec_AD/carpet;4;10;k1;256;1.0;1.0
siglip_vitl16;mvtec_AD/carpet;4;10;knn;256;0.998796;0.999621
siglip_vitl16;mvtec_AD/grid;0;10;k1;256;0.964912;0.986367
siglip_vitl16;mvtec_AD/grid;0;10;knn;256;0.826232;0.925619
siglip_vitl16;mvtec_AD/grid;1;10;k1;256;0.951546;0.981511
siglip_vitl16;mvtec_AD/grid;1;10;knn;256;0.842941;0.916586
siglip_vitl16;mvtec_AD/grid;2;10;k1;256;0.983292;0.993721
siglip_vitl16;mvtec_AD/grid;2;10;knn;256;0.904762;0.967071
siglip_vitl16;mvtec_AD/grid;3;10;k1;256;0.989975;0.996308
siglip_vitl16;mvtec_AD/grid;3;10;knn;256;0.903091;0.962652
siglip_vitl16;mvtec_AD/grid;4;10;k1;256;0.960735;0.985057
siglip_vitl16;mvtec_AD/grid;4;10;knn;256;0.85213;0.930616
siglip_vitl16;mvtec_AD/hazelnut;0;10;k1;256;0.977857;0.987873
siglip_vitl16;mvtec_AD/hazelnut;0;10;knn;256;0.893571;0.937234
siglip_vitl16;mvtec_AD/hazelnut;1;10;k1;256;0.980714;0.989075
siglip_vitl16;mvtec_AD/hazelnut;1;10;knn;256;0.923929;0.953727
siglip_vitl16;mvtec_AD/hazelnut;2;10;k1;256;0.981429;0.989515
siglip_vitl16;mvtec_AD/hazelnut;2;10;knn;256;0.937143;0.962082
siglip_vitl16;mvtec_AD/hazelnut;3;10;k1;256;0.981786;0.989333
siglip_vitl16;mvtec_AD/hazelnut;3;10;knn;256;0.909643;0.931298
siglip_vitl16;mvtec_AD/hazelnut;4;10;k1;256;0.932143;0.954832
siglip_vitl16;mvtec_AD/hazelnut;4;10;knn;256;0.761429;0.820917
siglip_vitl16;mvtec_AD/leather;0;10;k1;256;0.99966;0.999883
siglip_vitl16;mvtec_AD/leather;0;10;knn;256;0.999321;0.999765
siglip_vitl16;mvtec_AD/leather;1;10;k1;256;0.99966;0.999883
siglip_vitl16;mvtec_AD/leather;1;10;knn;256;0.999321;0.999765
siglip_vitl16;mvtec_AD/leather;2;10;k1;256;0.99966;0.999883
siglip_vitl16;mvtec_AD/leather;2;10;knn;256;0.999321;0.999765
siglip_vitl16;mvtec_AD/leather;3;10;k1;256;0.999321;0.999765
siglip_vitl16;mvtec_AD/leather;3;10;knn;256;0.997962;0.999279
siglip_vitl16;mvtec_AD/leather;4;10;k1;256;0.99966;0.999883
siglip_vitl16;mvtec_AD/leather;4;10;knn;256;0.998981;0.999646
siglip_vitl16;mvtec_AD/metal_nut;0;10;k1;256;0.962854;0.991494
siglip_vitl16;mvtec_AD/metal_nut;0;10;knn;256;0.906158;0.976467
siglip_vitl16;mvtec_AD/metal_nut;1;10;k1;256;0.957478;0.99005
siglip_vitl16;mvtec_AD/metal_nut;1;10;knn;256;0.91349;0.978129
siglip_vitl16;mvtec_AD/metal_nut;2;10;k1;256;0.954057;0.988954
siglip_vitl16;mvtec_AD/metal_nut;2;10;knn;256;0.890029;0.971908
siglip_vitl16;mvtec_AD/metal_nut;3;10;k1;256;0.972141;0.993395
siglip_vitl16;mvtec_AD/metal_nut;3;10;knn;256;0.915934;0.979243
siglip_vitl16;mvtec_AD/metal_nut;4;10;k1;256;0.952102;0.989123
siglip_vitl16;mvtec_AD/metal_nut;4;10;knn;256;0.86217;0.96643
siglip_vitl16;mvtec_AD/pill;0;10;k1;256;0.949809;0.990823
siglip_vitl16;mvtec_AD/pill;0;10;knn;256;0.93126;0.986567
siglip_vitl16;mvtec_AD/pill;1;10;k1;256;0.958538;0.992394
siglip_vitl16;mvtec_AD/pill;1;10;knn;256;0.92826;0.985759
siglip_vitl16;mvtec_AD/pill;2;10;k1;256;0.958265;0.992476
siglip_vitl16;mvtec_AD/pill;2;10;knn;256;0.934261;0.98714
siglip_vitl16;mvtec_AD/pill;3;10;k1;256;0.959902;0.992662
siglip_vitl16;mvtec_AD/pill;3;10;knn;256;0.930715;0.986046
siglip_vitl16;mvtec_AD/pill;4;10;k1;256;0.9509;0.990874
siglip_vitl16;mvtec_AD/pill;4;10;knn;256;0.932624;0.986737
siglip_vitl16;mvtec_AD/screw;0;10;k1;256;0.857143;0.931581
siglip_vitl16;mvtec_AD/screw;0;10;knn;256;0.865956;0.945124
siglip_vitl16;mvtec_AD/screw;1;10;k1;256;0.816356;0.92659
siglip_vitl16;mvtec_AD/screw;1;10;knn;256;0.699324;0.873611
siglip_vitl16;mvtec_AD/screw;2;10;k1;256;0.740316;0.85239
siglip_vitl16;mvtec_AD/screw;2;10;knn;256;0.701578;0.8387
siglip_vitl16;mvtec_AD/screw;3;10;k1;256;0.804878;0.896557
siglip_vitl16;mvtec_AD/screw;3;10;knn;256;0.721664;0.840843
siglip_vitl16;mvtec_AD/screw;4;10;k1;256;0.759787;0.88612
siglip_vitl16;mvtec_AD/screw;4;10;knn;256;0.668375;0.841065
siglip_vitl16;mvtec_AD/tile;0;10;k1;256;0.999278;0.999718
siglip_vitl16;mvtec_AD/tile;0;10;knn;256;0.999278;0.999723
siglip_vitl16;mvtec_AD/tile;1;10;k1;256;0.998918;0.999581
siglip_vitl16;mvtec_AD/tile;1;10;knn;256;0.999639;0.99986
siglip_vitl16;mvtec_AD/tile;2;10;k1;256;0.998918;0.999581
siglip_vitl16;mvtec_AD/tile;2;10;knn;256;0.998557;0.999443
siglip_vitl16;mvtec_AD/tile;3;10;k1;256;0.998918;0.999581
siglip_vitl16;mvtec_AD/tile;3;10;knn;256;0.998918;0.999581
siglip_vitl16;mvtec_AD/tile;4;10;k1;256;0.999639;0.99986
siglip_vitl16;mvtec_AD/tile;4;10;knn;256;0.999639;0.99986
siglip_vitl16;mvtec_AD/toothbrush;0;10;k1;256;0.880556;0.952182
siglip_vitl16;mvtec_AD/toothbrush;0;10;knn;256;0.9;0.957821
siglip_vitl16;mvtec_AD/toothbrush;1;10;k1;256;0.916667;0.968933
siglip_vitl16;mvtec_AD/toothbrush;1;10;knn;256;0.936111;0.978275
siglip_vitl16;mvtec_AD/toothbrush;2;10;k1;256;0.855556;0.949703
siglip_vitl16;mvtec_AD/toothbrush;2;10;knn;256;0.833333;0.937929
siglip_vitl16;mvtec_AD/toothbrush;3;10;k1;256;0.913889;0.96225
siglip_vitl16;mvtec_AD/toothbrush;3;10;knn;256;0.855556;0.940327
siglip_vitl16;mvtec_AD/toothbrush;4;10;k1;256;0.855556;0.940222
siglip_vitl16;mvtec_AD/toothbrush;4;10;knn;256;0.780556;0.906103
siglip_vitl16;mvtec_AD/transistor;0;10;k1;256;0.947083;0.932187
siglip_vitl16;mvtec_AD/transistor;0;10;knn;256;0.954167;0.944502
siglip_vitl16;mvtec_AD/transistor;1;10;k1;256;0.945417;0.925955
siglip_vitl16;mvtec_AD/transistor;1;10;knn;256;0.959583;0.942706
siglip_vitl16;mvtec_AD/transistor;2;10;k1;256;0.943333;0.934115
siglip_vitl16;mvtec_AD/transistor;2;10;knn;256;0.9475;0.938959
siglip_vitl16;mvtec_AD/transistor;3;10;k1;256;0.950417;0.938486
siglip_vitl16;mvtec_AD/transistor;3;10;knn;256;0.944583;0.928467
siglip_vitl16;mvtec_AD/transistor;4;10;k1;256;0.949167;0.939928
siglip_vitl16;mvtec_AD/transistor;4;10;knn;256;0.963333;0.955918
siglip_vitl16;mvtec_AD/wood;0;10;k1;256;0.997368;0.999206
siglip_vitl16;mvtec_AD/wood;0;10;knn;256;0.992982;0.99783
siglip_vitl16;mvtec_AD/wood;1;10;k1;256;1.0;1.0
siglip_vitl16;mvtec_AD/wood;1;10;knn;256;1.0;1.0
siglip_vitl16;mvtec_AD/wood;2;10;k1;256;0.997368;0.999185
siglip_vitl16;mvtec_AD/wood;2;10;knn;256;0.997368;0.999185
siglip_vitl16;mvtec_AD/wood;3;10;k1;256;1.0;1.0
siglip_vitl16;mvtec_AD/wood;3;10;knn;256;1.0;1.0
siglip_vitl16;mvtec_AD/wood;4;10;k1;256;1.0;1.0
siglip_vitl16;mvtec_AD/wood;4;10;knn;256;1.0;1.0
siglip_vitl16;mvtec_AD/zipper;0;10;k1;256;0.967962;0.989919
siglip_vitl16;mvtec_AD/zipper;0;10;knn;256;0.988445;0.996622
siglip_vitl16;mvtec_AD/zipper;1;10;k1;256;0.963235;0.988776
siglip_vitl16;mvtec_AD/zipper;1;10;knn;256;0.970326;0.991065
siglip_vitl16;mvtec_AD/zipper;2;10;k1;256;0.970588;0.990857
siglip_vitl16;mvtec_AD/zipper;2;10;knn;256;0.982668;0.995078
siglip_vitl16;mvtec_AD/zipper;3;10;k1;256;0.967174;0.989739
siglip_vitl16;mvtec_AD/zipper;3;10;knn;256;0.985294;0.995851
siglip_vitl16;mvtec_AD/zipper;4;10;k1;256;0.97479;0.992585
siglip_vitl16;mvtec_AD/zipper;4;10;knn;256;0.99396;0.998334
siglip_vitl16;mvtec_loco_AD/breakfast_box;0;10;k1;256;0.748555;0.857671
siglip_vitl16;mvtec_loco_AD/breakfast_box;0;10;knn;256;0.681061;0.825773
siglip_vitl16;mvtec_loco_AD/breakfast_box;1;10;k1;256;0.740168;0.854055
siglip_vitl16;mvtec_loco_AD/breakfast_box;1;10;knn;256;0.686501;0.820064
siglip_vitl16;mvtec_loco_AD/breakfast_box;2;10;k1;256;0.739204;0.850412
siglip_vitl16;mvtec_loco_AD/breakfast_box;2;10;knn;256;0.680154;0.805257
siglip_vitl16;mvtec_loco_AD/breakfast_box;3;10;k1;256;0.759549;0.864127
siglip_vitl16;mvtec_loco_AD/breakfast_box;3;10;knn;256;0.679701;0.818411
siglip_vitl16;mvtec_loco_AD/breakfast_box;4;10;k1;256;0.752862;0.857034
siglip_vitl16;mvtec_loco_AD/breakfast_box;4;10;knn;256;0.697269;0.821152
siglip_vitl16;mvtec_loco_AD/juice_bottle;0;10;k1;256;0.724847;0.883181
siglip_vitl16;mvtec_loco_AD/juice_bottle;0;10;knn;256;0.780517;0.90919
siglip_vitl16;mvtec_loco_AD/juice_bottle;1;10;k1;256;0.772854;0.900552
siglip_vitl16;mvtec_loco_AD/juice_bottle;1;10;knn;256;0.813199;0.920645
siglip_vitl16;mvtec_loco_AD/juice_bottle;2;10;k1;256;0.832041;0.932062
siglip_vitl16;mvtec_loco_AD/juice_bottle;2;10;knn;256;0.899883;0.96199
siglip_vitl16;mvtec_loco_AD/juice_bottle;3;10;k1;256;0.789353;0.914401
siglip_vitl16;mvtec_loco_AD/juice_bottle;3;10;knn;256;0.845564;0.938096
siglip_vitl16;mvtec_loco_AD/juice_bottle;4;10;k1;256;0.815002;0.926161
siglip_vitl16;mvtec_loco_AD/juice_bottle;4;10;knn;256;0.864272;0.950094
siglip_vitl16;mvtec_loco_AD/pushpins;0;10;k1;256;0.65407;0.733063
siglip_vitl16;mvtec_loco_AD/pushpins;0;10;knn;256;0.652174;0.727379
siglip_vitl16;mvtec_loco_AD/pushpins;1;10;k1;256;0.662074;0.73126
siglip_vitl16;mvtec_loco_AD/pushpins;1;10;knn;256;0.654828;0.718183
siglip_vitl16;mvtec_loco_AD/pushpins;2;10;k1;256;0.669574;0.729733
siglip_vitl16;mvtec_loco_AD/pushpins;2;10;knn;256;0.646444;0.7117
siglip_vitl16;mvtec_loco_AD/pushpins;3;10;k1;256;0.668352;0.736213
siglip_vitl16;mvtec_loco_AD/pushpins;3;10;knn;256;0.675472;0.730049
siglip_vitl16;mvtec_loco_AD/pushpins;4;10;k1;256;0.643622;0.718903
siglip_vitl16;mvtec_loco_AD/pushpins;4;10;knn;256;0.632499;0.699116
siglip_vitl16;mvtec_loco_AD/screw_bag;0;10;k1;256;0.728834;0.831946
siglip_vitl16;mvtec_loco_AD/screw_bag;0;10;knn;256;0.738154;0.831594
siglip_vitl16;mvtec_loco_AD/screw_bag;1;10;k1;256;0.746201;0.844912
siglip_vitl16;mvtec_loco_AD/screw_bag;1;10;knn;256;0.732502;0.822794
siglip_vitl16;mvtec_loco_AD/screw_bag;2;10;k1;256;0.721798;0.828311
siglip_vitl16;mvtec_loco_AD/screw_bag;2;10;knn;256;0.732877;0.824236
siglip_vitl16;mvtec_loco_AD/screw_bag;3;10;k1;256;0.727562;0.831604
siglip_vitl16;mvtec_loco_AD/screw_bag;3;10;knn;256;0.709597;0.807231
siglip_vitl16;mvtec_loco_AD/screw_bag;4;10;k1;256;0.751291;0.850295
siglip_vitl16;mvtec_loco_AD/screw_bag;4;10;knn;256;0.764616;0.851447
siglip_vitl16;mvtec_loco_AD/splicing_connectors;0;10;k1;256;0.674925;0.786806
siglip_vitl16;mvtec_loco_AD/splicing_connectors;0;10;knn;256;0.692864;0.803962
siglip_vitl16;mvtec_loco_AD/splicing_connectors;1;10;k1;256;0.719336;0.829342
siglip_vitl16;mvtec_loco_AD/splicing_connectors;1;10;knn;256;0.71459;0.829071
siglip_vitl16;mvtec_loco_AD/splicing_connectors;2;10;k1;256;0.704881;0.826438
siglip_vitl16;mvtec_loco_AD/splicing_connectors;2;10;knn;256;0.713589;0.825497
siglip_vitl16;mvtec_loco_AD/splicing_connectors;3;10;k1;256;0.673096;0.785681
siglip_vitl16;mvtec_loco_AD/splicing_connectors;3;10;knn;256;0.668394;0.788727
siglip_vitl16;mvtec_loco_AD/splicing_connectors;4;10;k1;256;0.694605;0.806972
siglip_vitl16;mvtec_loco_AD/splicing_connectors;4;10;knn;256;0.707711;0.818948
siglip_vitl16;VisA/candle;0;10;k1;256;0.9438;0.947533
siglip_vitl16;VisA/candle;0;10;knn;256;0.9457;0.952191
siglip_vitl16;VisA/candle;1;10;k1;256;0.9346;0.942933
siglip_vitl16;VisA/candle;1;10;knn;256;0.9472;0.954946
siglip_vitl16;VisA/candle;2;10;k1;256;0.9325;0.941086
siglip_vitl16;VisA/candle;2;10;knn;256;0.9311;0.944636
siglip_vitl16;VisA/candle;3;10;k1;256;0.9423;0.943158
siglip_vitl16;VisA/candle;3;10;knn;256;0.9614;0.961511
siglip_vitl16;VisA/candle;4;10;k1;256;0.944;0.947903
siglip_vitl16;VisA/candle;4;10;knn;256;0.952;0.957217
siglip_vitl16;VisA/capsules;0;10;k1;256;0.827;0.902194
siglip_vitl16;VisA/capsules;0;10;knn;256;0.782333;0.874613
siglip_vitl16;VisA/capsules;1;10;k1;256;0.872667;0.925255
siglip_vitl16;VisA/capsules;1;10;knn;256;0.832667;0.905611
siglip_vitl16;VisA/capsules;2;10;k1;256;0.888;0.934373
siglip_vitl16;VisA/capsules;2;10;knn;256;0.855667;0.915459
siglip_vitl16;VisA/capsules;3;10;k1;256;0.867833;0.923877
siglip_vitl16;VisA/capsules;3;10;knn;256;0.827667;0.902061
siglip_vitl16;VisA/capsules;4;10;k1;256;0.870667;0.92447
siglip_vitl16;VisA/capsules;4;10;knn;256;0.818;0.896721
siglip_vitl16;VisA/cashew;0;10;k1;256;0.938;0.968137
siglip_vitl16;VisA/cashew;0;10;knn;256;0.9448;0.971296
siglip_vitl16;VisA/cashew;1;10;k1;256;0.9446;0.97173
siglip_vitl16;VisA/cashew;1;10;knn;256;0.9376;0.966691
siglip_vitl16;VisA/cashew;2;10;k1;256;0.9514;0.975128
siglip_vitl16;VisA/cashew;2;10;knn;256;0.9508;0.972006
siglip_vitl16;VisA/cashew;3;10;k1;256;0.941;0.968898
siglip_vitl16;VisA/cashew;3;10;knn;256;0.9338;0.964443
siglip_vitl16;VisA/cashew;4;10;k1;256;0.9418;0.970194
siglip_vitl16;VisA/cashew;4;10;knn;256;0.9372;0.966917
siglip_vitl16;VisA/chewinggum;0;10;k1;256;0.984;0.992387
siglip_vitl16;VisA/chewinggum;0;10;knn;256;0.9818;0.99179
siglip_vitl16;VisA/chewinggum;1;10;k1;256;0.9842;0.992738
siglip_vitl16;VisA/chewinggum;1;10;knn;256;0.9762;0.988806
siglip_vitl16;VisA/chewinggum;2;10;k1;256;0.9854;0.993258
siglip_vitl16;VisA/chewinggum;2;10;knn;256;0.9786;0.990228
siglip_vitl16;VisA/chewinggum;3;10;k1;256;0.9882;0.994178
siglip_vitl16;VisA/chewinggum;3;10;knn;256;0.9802;0.990857
siglip_vitl16;VisA/chewinggum;4;10;k1;256;0.9838;0.992356
siglip_vitl16;VisA/chewinggum;4;10;knn;256;0.983;0.991929
siglip_vitl16;VisA/fryum;0;10;k1;256;0.8632;0.937386
siglip_vitl16;VisA/fryum;0;10;knn;256;0.8684;0.937854
siglip_vitl16;VisA/fryum;1;10;k1;256;0.855;0.933732
siglip_vitl16;VisA/fryum;1;10;knn;256;0.8404;0.931336
siglip_vitl16;VisA/fryum;2;10;k1;256;0.8826;0.943118
siglip_vitl16;VisA/fryum;2;10;knn;256;0.8664;0.934191
siglip_vitl16;VisA/fryum;3;10;k1;256;0.8402;0.926964
siglip_vitl16;VisA/fryum;3;10;knn;256;0.8328;0.925855
siglip_vitl16;VisA/fryum;4;10;k1;256;0.8538;0.931484
siglip_vitl16;VisA/fryum;4;10;knn;256;0.8774;0.938795
siglip_vitl16;VisA/macaroni1;0;10;k1;256;0.8258;0.827446
siglip_vitl16;VisA/macaroni1;0;10;knn;256;0.8291;0.82561
siglip_vitl16;VisA/macaroni1;1;10;k1;256;0.8139;0.810981
siglip_vitl16;VisA/macaroni1;1;10;knn;256;0.809;0.823614
siglip_vitl16;VisA/macaroni1;2;10;k1;256;0.7466;0.719504
siglip_vitl16;VisA/macaroni1;2;10;knn;256;0.694;0.650951
siglip_vitl16;VisA/macaroni1;3;10;k1;256;0.8106;0.816464
siglip_vitl16;VisA/macaroni1;3;10;knn;256;0.794;0.764868
siglip_vitl16;VisA/macaroni1;4;10;k1;256;0.8307;0.836672
siglip_vitl16;VisA/macaroni1;4;10;knn;256;0.8204;0.82099
siglip_vitl16;VisA/macaroni2;0;10;k1;256;0.6587;0.649479
siglip_vitl16;VisA/macaroni2;0;10;knn;256;0.6563;0.641965
siglip_vitl16;VisA/macaroni2;1;10;k1;256;0.658;0.650438
siglip_vitl16;VisA/macaroni2;1;10;knn;256;0.6502;0.635234
siglip_vitl16;VisA/macaroni2;2;10;k1;256;0.5959;0.576672
siglip_vitl16;VisA/macaroni2;2;10;knn;256;0.6337;0.629525
siglip_vitl16;VisA/macaroni2;3;10;k1;256;0.6316;0.611878
siglip_vitl16;VisA/macaroni2;3;10;knn;256;0.6185;0.598244
siglip_vitl16;VisA/macaroni2;4;10;k1;256;0.6141;0.585101
siglip_vitl16;VisA/macaroni2;4;10;knn;256;0.6864;0.659413
siglip_vitl16;VisA/pcb1;0;10;k1;256;0.8847;0.874181
siglip_vitl16;VisA/pcb1;0;10;knn;256;0.9256;0.921082
siglip_vitl16;VisA/pcb1;1;10;k1;256;0.8684;0.858003
siglip_vitl16;VisA/pcb1;1;10;knn;256;0.9389;0.938693
siglip_vitl16;VisA/pcb1;2;10;k1;256;0.8656;0.841575
siglip_vitl16;VisA/pcb1;2;10;knn;256;0.9088;0.907861
siglip_vitl16;VisA/pcb1;3;10;k1;256;0.7328;0.736422
siglip_vitl16;VisA/pcb1;3;10;knn;256;0.6642;0.697869
siglip_vitl16;VisA/pcb1;4;10;k1;256;0.8588;0.845961
siglip_vitl16;VisA/pcb1;4;10;knn;256;0.9109;0.906416
siglip_vitl16;VisA/pcb2;0;10;k1;256;0.6978;0.724724
siglip_vitl16;VisA/pcb2;0;10;knn;256;0.6608;0.69514
siglip_vitl16;VisA/pcb2;1;10;k1;256;0.6815;0.720092
siglip_vitl16;VisA/pcb2;1;10;knn;256;0.7319;0.750436
siglip_vitl16;VisA/pcb2;2;10;k1;256;0.7013;0.724658
siglip_vitl16;VisA/pcb2;2;10;knn;256;0.7202;0.756326
siglip_vitl16;VisA/pcb2;3;10;k1;256;0.7361;0.764499
siglip_vitl16;VisA/pcb2;3;10;knn;256;0.7754;0.78446
siglip_vitl16;VisA/pcb2;4;10;k1;256;0.7314;0.759745
siglip_vitl16;VisA/pcb2;4;10;knn;256;0.7754;0.801956
siglip_vitl16;VisA/pcb3;0;10;k1;256;0.633366;0.583802
siglip_vitl16;VisA/pcb3;0;10;knn;256;0.705149;0.671452
siglip_vitl16;VisA/pcb3;1;10;k1;256;0.638812;0.596884
siglip_vitl16;VisA/pcb3;1;10;knn;256;0.704059;0.670941
siglip_vitl16;VisA/pcb3;2;10;k1;256;0.650198;0.612723
siglip_vitl16;VisA/pcb3;2;10;knn;256;0.730594;0.681825
siglip_vitl16;VisA/pcb3;3;10;k1;256;0.625149;0.573922
siglip_vitl16;VisA/pcb3;3;10;knn;256;0.711485;0.683374
siglip_vitl16;VisA/pcb3;4;10;k1;256;0.640198;0.602496
siglip_vitl16;VisA/pcb3;4;10;knn;256;0.735149;0.7183
siglip_vitl16;VisA/pcb4;0;10;k1;256;0.969802;0.963131
siglip_vitl16;VisA/pcb4;0;10;knn;256;0.990792;0.990486
siglip_vitl16;VisA/pcb4;1;10;k1;256;0.946832;0.938521
siglip_vitl16;VisA/pcb4;1;10;knn;256;0.988911;0.989071
siglip_vitl16;VisA/pcb4;2;10;k1;256;0.944356;0.937356
siglip_vitl16;VisA/pcb4;2;10;knn;256;0.992475;0.993333
siglip_vitl16;VisA/pcb4;3;10;k1;256;0.97604;0.969239
siglip_vitl16;VisA/pcb4;3;10;knn;256;0.993168;0.992827
siglip_vitl16;VisA/pcb4;4;10;k1;256;0.973663;0.967716
siglip_vitl16;VisA/pcb4;4;10;knn;256;0.989505;0.988175
siglip_vitl16;VisA/pipe_fryum;0;10;k1;256;0.8962;0.947774
siglip_vitl16;VisA/pipe_fryum;0;10;knn;256;0.8812;0.941289
siglip_vitl16;VisA/pipe_fryum;1;10;k1;256;0.911;0.955095
siglip_vitl16;VisA/pipe_fryum;1;10;knn;256;0.9092;0.953439
siglip_vitl16;VisA/pipe_fryum;2;10;k1;256;0.898;0.949924
siglip_vitl16;VisA/pipe_fryum;2;10;knn;256;0.8378;0.918243
siglip_vitl16;VisA/pipe_fryum;3;10;k1;256;0.919;0.961951
siglip_vitl16;VisA/pipe_fryum;3;10;knn;256;0.9034;0.951248
siglip_vitl16;VisA/pipe_fryum;4;10;k1;256;0.9166;0.957303
siglip_vitl16;VisA/pipe_fryum;4;10;knn;256;0.9106;0.954686
siglip_vitl16;AutoVI/engine_wiring;0;10;k1;256;0.671475;0.665278
siglip_vitl16;AutoVI/engine_wiring;0;10;knn;256;0.69521;0.680977
siglip_vitl16;AutoVI/engine_wiring;1;10;k1;256;0.621065;0.635811
siglip_vitl16;AutoVI/engine_wiring;1;10;knn;256;0.650325;0.653793
siglip_vitl16;AutoVI/engine_wiring;2;10;k1;256;0.551472;0.590441
siglip_vitl16;AutoVI/engine_wiring;2;10;knn;256;0.605354;0.626326
siglip_vitl16;AutoVI/engine_wiring;3;10;k1;256;0.611097;0.619991
siglip_vitl16;AutoVI/engine_wiring;3;10;knn;256;0.706574;0.693836
siglip_vitl16;AutoVI/engine_wiring;4;10;k1;256;0.590955;0.608929
siglip_vitl16;AutoVI/engine_wiring;4;10;knn;256;0.645602;0.647001
siglip_vitl16;AutoVI/pipe_clip;0;10;k1;256;0.548357;0.463109
siglip_vitl16;AutoVI/pipe_clip;0;10;knn;256;0.575442;0.46463
siglip_vitl16;AutoVI/pipe_clip;1;10;k1;256;0.527194;0.470131
siglip_vitl16;AutoVI/pipe_clip;1;10;knn;256;0.582376;0.47383
siglip_vitl16;AutoVI/pipe_clip;2;10;k1;256;0.542109;0.472721
siglip_vitl16;AutoVI/pipe_clip;2;10;knn;256;0.578115;0.460603
siglip_vitl16;AutoVI/pipe_clip;3;10;k1;256;0.535428;0.455488
siglip_vitl16;AutoVI/pipe_clip;3;10;knn;256;0.581401;0.477413
siglip_vitl16;AutoVI/pipe_clip;4;10;k1;256;0.545395;0.475254
siglip_vitl16;AutoVI/pipe_clip;4;10;knn;256;0.561213;0.465661
siglip_vitl16;AutoVI/tank_screw;0;10;k1;256;0.509699;0.260809
siglip_vitl16;AutoVI/tank_screw;0;10;knn;256;0.519861;0.248045
siglip_vitl16;AutoVI/tank_screw;1;10;k1;256;0.512479;0.238881
siglip_vitl16;AutoVI/tank_screw;1;10;knn;256;0.589242;0.270422
siglip_vitl16;AutoVI/tank_screw;2;10;k1;256;0.505859;0.253726
siglip_vitl16;AutoVI/tank_screw;2;10;knn;256;0.510262;0.237456
siglip_vitl16;AutoVI/tank_screw;3;10;k1;256;0.506455;0.24746
siglip_vitl16;AutoVI/tank_screw;3;10;knn;256;0.528898;0.252752
siglip_vitl16;AutoVI/tank_screw;4;10;k1;256;0.50288;0.245705
siglip_vitl16;AutoVI/tank_screw;4;10;knn;256;0.502516;0.230529
siglip_vitl16;AutoVI/underbody_pipes;0;10;k1;256;0.9274;0.94337
siglip_vitl16;AutoVI/underbody_pipes;0;10;knn;256;0.905373;0.928966
siglip_vitl16;AutoVI/underbody_pipes;1;10;k1;256;0.925941;0.943157
siglip_vitl16;AutoVI/underbody_pipes;1;10;knn;256;0.910091;0.932166
siglip_vitl16;AutoVI/underbody_pipes;2;10;k1;256;0.929131;0.941746
siglip_vitl16;AutoVI/underbody_pipes;2;10;knn;256;0.923328;0.940154
siglip_vitl16;AutoVI/underbody_pipes;3;10;k1;256;0.92326;0.941682
siglip_vitl16;AutoVI/underbody_pipes;3;10;knn;256;0.91525;0.932584
siglip_vitl16;AutoVI/underbody_pipes;4;10;k1;256;0.932356;0.947544
siglip_vitl16;AutoVI/underbody_pipes;4;10;knn;256;0.92981;0.945243
siglip_vitl16;AutoVI/underbody_screw;0;10;k1;256;0.362448;0.038096
siglip_vitl16;AutoVI/underbody_screw;0;10;knn;256;0.393642;0.039838
siglip_vitl16;AutoVI/underbody_screw;1;10;k1;256;0.476827;0.047346
siglip_vitl16;AutoVI/underbody_screw;1;10;knn;256;0.700832;0.084106
siglip_vitl16;AutoVI/underbody_screw;2;10;k1;256;0.484997;0.051976
siglip_vitl16;AutoVI/underbody_screw;2;10;knn;256;0.532531;0.054653
siglip_vitl16;AutoVI/underbody_screw;3;10;k1;256;0.633393;0.108822
siglip_vitl16;AutoVI/underbody_screw;3;10;knn;256;0.536988;0.133293
siglip_vitl16;AutoVI/underbody_screw;4;10;k1;256;0.535799;0.049608
siglip_vitl16;AutoVI/underbody_screw;4;10;knn;256;0.555556;0.053425
siglip_vitl16;btad/01;0;10;k1;256;0.926142;0.972283
siglip_vitl16;btad/01;0;10;knn;256;0.945578;0.979521
siglip_vitl16;btad/01;1;10;k1;256;0.902818;0.963756
siglip_vitl16;btad/01;1;10;knn;256;0.922255;0.971466
siglip_vitl16;btad/01;2;10;k1;256;0.924198;0.972211
siglip_vitl16;btad/01;2;10;knn;256;0.939747;0.977817
siglip_vitl16;btad/01;3;10;k1;256;0.926142;0.972854
siglip_vitl16;btad/01;3;10;knn;256;0.932945;0.975479
siglip_vitl16;btad/01;4;10;k1;256;0.918367;0.970645
siglip_vitl16;btad/01;4;10;knn;256;0.931001;0.97475
siglip_vitl16;btad/02;0;10;k1;256;0.851424;0.975172
siglip_vitl16;btad/02;0;10;knn;256;0.838023;0.973333
siglip_vitl16;btad/02;1;10;k1;256;0.867504;0.978117
siglip_vitl16;btad/02;1;10;knn;256;0.854271;0.975879
siglip_vitl16;btad/02;2;10;k1;256;0.883417;0.980549
siglip_vitl16;btad/02;2;10;knn;256;0.858124;0.976706
siglip_vitl16;btad/02;3;10;k1;256;0.879564;0.979974
siglip_vitl16;btad/02;3;10;knn;256;0.864322;0.977571
siglip_vitl16;btad/02;4;10;k1;256;0.867504;0.977872
siglip_vitl16;btad/02;4;10;knn;256;0.853434;0.975929
siglip_vitl16;btad/03;0;10;k1;256;0.999435;0.993404
siglip_vitl16;btad/03;0;10;knn;256;0.999435;0.993056
siglip_vitl16;btad/03;1;10;k1;256;0.995968;0.960976
siglip_vitl16;btad/03;1;10;knn;256;0.998871;0.987507
siglip_vitl16;btad/03;2;10;k1;256;0.999113;0.987704
siglip_vitl16;btad/03;2;10;knn;256;0.997984;0.978524
siglip_vitl16;btad/03;3;10;k1;256;0.999355;0.991797
siglip_vitl16;btad/03;3;10;knn;256;0.999758;0.997004
siglip_vitl16;btad/03;4;10;k1;256;0.997823;0.978268
siglip_vitl16;btad/03;4;10;knn;256;0.999274;0.992342
siglip_vitl16;GoodsAD/cigarette_box;0;10;k1;256;0.504087;0.542271
siglip_vitl16;GoodsAD/cigarette_box;0;10;knn;256;0.526767;0.588564
siglip_vitl16;GoodsAD/cigarette_box;1;10;k1;256;0.483473;0.539608
siglip_vitl16;GoodsAD/cigarette_box;1;10;knn;256;0.52599;0.572245
siglip_vitl16;GoodsAD/cigarette_box;2;10;k1;256;0.503443;0.566826
siglip_vitl16;GoodsAD/cigarette_box;2;10;knn;256;0.485872;0.554982
siglip_vitl16;GoodsAD/cigarette_box;3;10;k1;256;0.496024;0.542801
siglip_vitl16;GoodsAD/cigarette_box;3;10;knn;256;0.518348;0.561452
siglip_vitl16;GoodsAD/cigarette_box;4;10;k1;256;0.501933;0.574061
siglip_vitl16;GoodsAD/cigarette_box;4;10;knn;256;0.489782;0.546504
siglip_vitl16;GoodsAD/drink_bottle;0;10;k1;256;0.489002;0.537572
siglip_vitl16;GoodsAD/drink_bottle;0;10;knn;256;0.546636;0.566435
siglip_vitl16;GoodsAD/drink_bottle;1;10;k1;256;0.479855;0.528303
siglip_vitl16;GoodsAD/drink_bottle;1;10;knn;256;0.51581;0.549428
siglip_vitl16;GoodsAD/drink_bottle;2;10;k1;256;0.458295;0.51203
siglip_vitl16;GoodsAD/drink_bottle;2;10;knn;256;0.51154;0.539132
siglip_vitl16;GoodsAD/drink_bottle;3;10;k1;256;0.465195;0.523636
siglip_vitl16;GoodsAD/drink_bottle;3;10;knn;256;0.507898;0.549438
siglip_vitl16;GoodsAD/drink_bottle;4;10;k1;256;0.471196;0.519783
siglip_vitl16;GoodsAD/drink_bottle;4;10;knn;256;0.509484;0.5454
siglip_vitl16;GoodsAD/drink_can;0;10;k1;256;0.530286;0.526056
siglip_vitl16;GoodsAD/drink_can;0;10;knn;256;0.57497;0.572612
siglip_vitl16;GoodsAD/drink_can;1;10;k1;256;0.538859;0.538033
siglip_vitl16;GoodsAD/drink_can;1;10;knn;256;0.585174;0.585663
siglip_vitl16;GoodsAD/drink_can;2;10;k1;256;0.524042;0.540589
siglip_vitl16;GoodsAD/drink_can;2;10;knn;256;0.567981;0.543086
siglip_vitl16;GoodsAD/drink_can;3;10;k1;256;0.527025;0.538472
siglip_vitl16;GoodsAD/drink_can;3;10;knn;256;0.560013;0.558705
siglip_vitl16;GoodsAD/drink_can;4;10;k1;256;0.565558;0.546893
siglip_vitl16;GoodsAD/drink_can;4;10;knn;256;0.597568;0.582023
siglip_vitl16;GoodsAD/food_bottle;0;10;k1;256;0.441139;0.552658
siglip_vitl16;GoodsAD/food_bottle;0;10;knn;256;0.481402;0.575204
siglip_vitl16;GoodsAD/food_bottle;1;10;k1;256;0.444558;0.555668
siglip_vitl16;GoodsAD/food_bottle;1;10;knn;256;0.45532;0.56665
siglip_vitl16;GoodsAD/food_bottle;2;10;k1;256;0.45011;0.559829
siglip_vitl16;GoodsAD/food_bottle;2;10;knn;256;0.460529;0.568361
siglip_vitl16;GoodsAD/food_bottle;3;10;k1;256;0.450486;0.559799
siglip_vitl16;GoodsAD/food_bottle;3;10;knn;256;0.440306;0.555168
siglip_vitl16;GoodsAD/food_bottle;4;10;k1;256;0.450418;0.564445
siglip_vitl16;GoodsAD/food_bottle;4;10;knn;256;0.470527;0.574365
siglip_vitl16;GoodsAD/food_box;0;10;k1;256;0.49195;0.626563
siglip_vitl16;GoodsAD/food_box;0;10;knn;256;0.467964;0.611926
siglip_vitl16;GoodsAD/food_box;1;10;k1;256;0.469383;0.612303
siglip_vitl16;GoodsAD/food_box;1;10;knn;256;0.487502;0.62032
siglip_vitl16;GoodsAD/food_box;2;10;k1;256;0.480243;0.619303
siglip_vitl16;GoodsAD/food_box;2;10;knn;256;0.493287;0.619454
siglip_vitl16;GoodsAD/food_box;3;10;k1;256;0.528734;0.65304
siglip_vitl16;GoodsAD/food_box;3;10;knn;256;0.529226;0.643064
siglip_vitl16;GoodsAD/food_box;4;10;k1;256;0.486274;0.623217
siglip_vitl16;GoodsAD/food_box;4;10;knn;256;0.484091;0.610816
siglip_vitl16;GoodsAD/food_package;0;10;k1;256;0.517512;0.479028
siglip_vitl16;GoodsAD/food_package;0;10;knn;256;0.518508;0.487013
siglip_vitl16;GoodsAD/food_package;1;10;k1;256;0.481234;0.460065
siglip_vitl16;GoodsAD/food_package;1;10;knn;256;0.496718;0.478044
siglip_vitl16;GoodsAD/food_package;2;10;k1;256;0.498969;0.485215
siglip_vitl16;GoodsAD/food_package;2;10;knn;256;0.530229;0.500761
siglip_vitl16;GoodsAD/food_package;3;10;k1;256;0.489603;0.46553
siglip_vitl16;GoodsAD/food_package;3;10;knn;256;0.514178;0.482281
siglip_vitl16;GoodsAD/food_package;4;10;k1;256;0.496718;0.474086
siglip_vitl16;GoodsAD/food_package;4;10;knn;256;0.530108;0.489767
dinov3_vitl16;mvtec_AD/bottle;0;10;k1;448;0.995238;0.998556
dinov3_vitl16;mvtec_AD/bottle;0;10;knn;448;0.994444;0.998368
dinov3_vitl16;mvtec_AD/bottle;1;10;k1;448;0.996825;0.999016
dinov3_vitl16;mvtec_AD/bottle;1;10;knn;448;0.996825;0.999004
dinov3_vitl16;mvtec_AD/bottle;2;10;k1;448;0.997619;0.99926
dinov3_vitl16;mvtec_AD/bottle;2;10;knn;448;0.998413;0.9995
dinov3_vitl16;mvtec_AD/bottle;3;10;k1;448;0.996825;0.999027
dinov3_vitl16;mvtec_AD/bottle;3;10;knn;448;0.995238;0.998581
dinov3_vitl16;mvtec_AD/bottle;4;10;k1;448;0.992857;0.997733
dinov3_vitl16;mvtec_AD/bottle;4;10;knn;448;0.992857;0.997751
dinov3_vitl16;mvtec_AD/cable;0;10;k1;448;0.883433;0.937116
dinov3_vitl16;mvtec_AD/cable;0;10;knn;448;0.952211;0.974272
dinov3_vitl16;mvtec_AD/cable;1;10;k1;448;0.908171;0.945747
dinov3_vitl16;mvtec_AD/cable;1;10;knn;448;0.967954;0.981112
dinov3_vitl16;mvtec_AD/cable;2;10;k1;448;0.90967;0.945915
dinov3_vitl16;mvtec_AD/cable;2;10;knn;448;0.953523;0.97133
dinov3_vitl16;mvtec_AD/cable;3;10;k1;448;0.873876;0.930452
dinov3_vitl16;mvtec_AD/cable;3;10;knn;448;0.920915;0.95866
dinov3_vitl16;mvtec_AD/cable;4;10;k1;448;0.87069;0.921378
dinov3_vitl16;mvtec_AD/cable;4;10;knn;448;0.899925;0.937418
dinov3_vitl16;mvtec_AD/capsule;0;10;k1;448;0.762266;0.938608
dinov3_vitl16;mvtec_AD/capsule;0;10;knn;448;0.838851;0.960235
dinov3_vitl16;mvtec_AD/capsule;1;10;k1;448;0.802952;0.950512
dinov3_vitl16;mvtec_AD/capsule;1;10;knn;448;0.87515;0.968793
dinov3_vitl16;mvtec_AD/capsule;2;10;k1;448;0.82848;0.957848
dinov3_vitl16;mvtec_AD/capsule;2;10;knn;448;0.92501;0.983468
dinov3_vitl16;mvtec_AD/capsule;3;10;k1;448;0.765457;0.938401
dinov3_vitl16;mvtec_AD/capsule;3;10;knn;448;0.83207;0.957442
dinov3_vitl16;mvtec_AD/capsule;4;10;k1;448;0.794974;0.949019
dinov3_vitl16;mvtec_AD/capsule;4;10;knn;448;0.87874;0.971268
dinov3_vitl16;mvtec_AD/carpet;0;10;k1;448;0.979936;0.993549
dinov3_vitl16;mvtec_AD/carpet;0;10;knn;448;0.970706;0.990115
dinov3_vitl16;mvtec_AD/carpet;1;10;k1;448;0.980738;0.993829
dinov3_vitl16;mvtec_AD/carpet;1;10;knn;448;0.966693;0.988301
dinov3_vitl16;mvtec_AD/carpet;2;10;k1;448;0.983146;0.994642
dinov3_vitl16;mvtec_AD/carpet;2;10;knn;448;0.968299;0.988883
dinov3_vitl16;mvtec_AD/carpet;3;10;k1;448;0.981541;0.994288
dinov3_vitl16;mvtec_AD/carpet;3;10;knn;448;0.968299;0.989476
dinov3_vitl16;mvtec_AD/carpet;4;10;k1;448;0.973114;0.991186
dinov3_vitl16;mvtec_AD/carpet;4;10;knn;448;0.966292;0.988733
dinov3_vitl16;mvtec_AD/grid;0;10;k1;448;0.984127;0.994419
dinov3_vitl16;mvtec_AD/grid;0;10;knn;448;0.893066;0.963094
dinov3_vitl16;mvtec_AD/grid;1;10;k1;448;0.983292;0.993893
dinov3_vitl16;mvtec_AD/grid;1;10;knn;448;0.899749;0.964671
dinov3_vitl16;mvtec_AD/grid;2;10;k1;448;0.980785;0.993051
dinov3_vitl16;mvtec_AD/grid;2;10;knn;448;0.906433;0.96886
dinov3_vitl16;mvtec_AD/grid;3;10;k1;448;0.994987;0.998168
dinov3_vitl16;mvtec_AD/grid;3;10;knn;448;0.933166;0.976089
dinov3_vitl16;mvtec_AD/grid;4;10;k1;448;0.959064;0.984138
dinov3_vitl16;mvtec_AD/grid;4;10;knn;448;0.897243;0.959569
dinov3_vitl16;mvtec_AD/hazelnut;0;10;k1;448;0.931071;0.964246
dinov3_vitl16;mvtec_AD/hazelnut;0;10;knn;448;0.791071;0.887699
dinov3_vitl16;mvtec_AD/hazelnut;1;10;k1;448;0.908214;0.952168
dinov3_vitl16;mvtec_AD/hazelnut;1;10;knn;448;0.881786;0.935192
dinov3_vitl16;mvtec_AD/hazelnut;2;10;k1;448;0.928571;0.963011
dinov3_vitl16;mvtec_AD/hazelnut;2;10;knn;448;0.854643;0.917382
dinov3_vitl16;mvtec_AD/hazelnut;3;10;k1;448;0.925;0.961133
dinov3_vitl16;mvtec_AD/hazelnut;3;10;knn;448;0.854286;0.910416
dinov3_vitl16;mvtec_AD/hazelnut;4;10;k1;448;0.859286;0.918444
dinov3_vitl16;mvtec_AD/hazelnut;4;10;knn;448;0.788929;0.867337
dinov3_vitl16;mvtec_AD/leather;0;10;k1;448;1.0;1.0
dinov3_vitl16;mvtec_AD/leather;0;10;knn;448;1.0;1.0
dinov3_vitl16;mvtec_AD/leather;1;10;k1;448;1.0;1.0
dinov3_vitl16;mvtec_AD/leather;1;10;knn;448;0.998981;0.999646
dinov3_vitl16;mvtec_AD/leather;2;10;k1;448;1.0;1.0
dinov3_vitl16;mvtec_AD/leather;2;10;knn;448;0.998981;0.999646
dinov3_vitl16;mvtec_AD/leather;3;10;k1;448;1.0;1.0
dinov3_vitl16;mvtec_AD/leather;3;10;knn;448;0.999321;0.999765
dinov3_vitl16;mvtec_AD/leather;4;10;k1;448;1.0;1.0
dinov3_vitl16;mvtec_AD/leather;4;10;knn;448;0.999321;0.999765
dinov3_vitl16;mvtec_AD/metal_nut;0;10;k1;448;0.934995;0.985219
dinov3_vitl16;mvtec_AD/metal_nut;0;10;knn;448;0.907625;0.978953
dinov3_vitl16;mvtec_AD/metal_nut;1;10;k1;448;0.93304;0.984074
dinov3_vitl16;mvtec_AD/metal_nut;1;10;knn;448;0.901271;0.976698
dinov3_vitl16;mvtec_AD/metal_nut;2;10;k1;448;0.898827;0.975534
dinov3_vitl16;mvtec_AD/metal_nut;2;10;knn;448;0.857771;0.965436
dinov3_vitl16;mvtec_AD/metal_nut;3;10;k1;448;0.947703;0.987417
dinov3_vitl16;mvtec_AD/metal_nut;3;10;knn;448;0.887586;0.973545
dinov3_vitl16;mvtec_AD/metal_nut;4;10;k1;448;0.894428;0.974327
dinov3_vitl16;mvtec_AD/metal_nut;4;10;knn;448;0.827468;0.958062
dinov3_vitl16;mvtec_AD/pill;0;10;k1;448;0.887889;0.978409
dinov3_vitl16;mvtec_AD/pill;0;10;knn;448;0.90862;0.982896
dinov3_vitl16;mvtec_AD/pill;1;10;k1;448;0.891708;0.979423
dinov3_vitl16;mvtec_AD/pill;1;10;knn;448;0.897436;0.980843
dinov3_vitl16;mvtec_AD/pill;2;10;k1;448;0.89198;0.979703
dinov3_vitl16;mvtec_AD/pill;2;10;knn;448;0.900982;0.98139
dinov3_vitl16;mvtec_AD/pill;3;10;k1;448;0.908893;0.982927
dinov3_vitl16;mvtec_AD/pill;3;10;knn;448;0.923622;0.985512
dinov3_vitl16;mvtec_AD/pill;4;10;k1;448;0.907256;0.983161
dinov3_vitl16;mvtec_AD/pill;4;10;knn;448;0.917349;0.984652
dinov3_vitl16;mvtec_AD/screw;0;10;k1;448;0.746669;0.903474
dinov3_vitl16;mvtec_AD/screw;0;10;knn;448;0.707112;0.868683
dinov3_vitl16;mvtec_AD/screw;1;10;k1;448;0.561795;0.794581
dinov3_vitl16;mvtec_AD/screw;1;10;knn;448;0.563435;0.808044
dinov3_vitl16;mvtec_AD/screw;2;10;k1;448;0.602378;0.774673
dinov3_vitl16;mvtec_AD/screw;2;10;knn;448;0.603402;0.783519
dinov3_vitl16;mvtec_AD/screw;3;10;k1;448;0.616315;0.780693
dinov3_vitl16;mvtec_AD/screw;3;10;knn;448;0.567944;0.772244
dinov3_vitl16;mvtec_AD/screw;4;10;k1;448;0.547243;0.76218
dinov3_vitl16;mvtec_AD/screw;4;10;knn;448;0.51527;0.77602
dinov3_vitl16;mvtec_AD/tile;0;10;k1;448;1.0;1.0
dinov3_vitl16;mvtec_AD/tile;0;10;knn;448;1.0;1.0
dinov3_vitl16;mvtec_AD/tile;1;10;k1;448;1.0;1.0
dinov3_vitl16;mvtec_AD/tile;1;10;knn;448;1.0;1.0
dinov3_vitl16;mvtec_AD/tile;2;10;k1;448;1.0;1.0
dinov3_vitl16;mvtec_AD/tile;2;10;knn;448;1.0;1.0
dinov3_vitl16;mvtec_AD/tile;3;10;k1;448;1.0;1.0
dinov3_vitl16;mvtec_AD/tile;3;10;knn;448;1.0;1.0
dinov3_vitl16;mvtec_AD/tile;4;10;k1;448;1.0;1.0
dinov3_vitl16;mvtec_AD/tile;4;10;knn;448;1.0;1.0
dinov3_vitl16;mvtec_AD/toothbrush;0;10;k1;448;0.952778;0.983587
dinov3_vitl16;mvtec_AD/toothbrush;0;10;knn;448;0.955556;0.982827
dinov3_vitl16;mvtec_AD/toothbrush;1;10;k1;448;0.969444;0.991057
dinov3_vitl16;mvtec_AD/toothbrush;1;10;knn;448;0.966667;0.990476
dinov3_vitl16;mvtec_AD/toothbrush;2;10;k1;448;0.963889;0.988906
dinov3_vitl16;mvtec_AD/toothbrush;2;10;knn;448;0.930556;0.976555
dinov3_vitl16;mvtec_AD/toothbrush;3;10;k1;448;0.972222;0.990832
dinov3_vitl16;mvtec_AD/toothbrush;3;10;knn;448;0.961111;0.986237
dinov3_vitl16;mvtec_AD/toothbrush;4;10;k1;448;0.916667;0.971316
dinov3_vitl16;mvtec_AD/toothbrush;4;10;knn;448;0.922222;0.971548
dinov3_vitl16;mvtec_AD/transistor;0;10;k1;448;0.955833;0.946288
dinov3_vitl16;mvtec_AD/transistor;0;10;knn;448;0.976667;0.969145
dinov3_vitl16;mvtec_AD/transistor;1;10;k1;448;0.948333;0.938434
dinov3_vitl16;mvtec_AD/transistor;1;10;knn;448;0.979583;0.972766
dinov3_vitl16;mvtec_AD/transistor;2;10;k1;448;0.949583;0.940723
dinov3_vitl16;mvtec_AD/transistor;2;10;knn;448;0.989583;0.984457
dinov3_vitl16;mvtec_AD/transistor;3;10;k1;448;0.9525;0.938611
dinov3_vitl16;mvtec_AD/transistor;3;10;knn;448;0.967917;0.959742
dinov3_vitl16;mvtec_AD/transistor;4;10;k1;448;0.946667;0.941624
dinov3_vitl16;mvtec_AD/transistor;4;10;knn;448;0.992917;0.990294
dinov3_vitl16;mvtec_AD/wood;0;10;k1;448;0.964035;0.987933
dinov3_vitl16;mvtec_AD/wood;0;10;knn;448;0.935965;0.976794
dinov3_vitl16;mvtec_AD/wood;1;10;k1;448;0.960526;0.986272
dinov3_vitl16;mvtec_AD/wood;1;10;knn;448;0.936842;0.977532
dinov3_vitl16;mvtec_AD/wood;2;10;k1;448;0.953509;0.984302
dinov3_vitl16;mvtec_AD/wood;2;10;knn;448;0.924561;0.972854
dinov3_vitl16;mvtec_AD/wood;3;10;k1;448;0.972807;0.990909
dinov3_vitl16;mvtec_AD/wood;3;10;knn;448;0.941228;0.978578
dinov3_vitl16;mvtec_AD/wood;4;10;k1;448;0.968421;0.989642
dinov3_vitl16;mvtec_AD/wood;4;10;knn;448;0.940351;0.978878
dinov3_vitl16;mvtec_AD/zipper;0;10;k1;448;0.996324;0.99901
dinov3_vitl16;mvtec_AD/zipper;0;10;knn;448;0.992647;0.99797
dinov3_vitl16;mvtec_AD/zipper;1;10;k1;448;0.994748;0.998581
dinov3_vitl16;mvtec_AD/zipper;1;10;knn;448;0.988445;0.996683
dinov3_vitl16;mvtec_AD/zipper;2;10;k1;448;0.996586;0.999084
dinov3_vitl16;mvtec_AD/zipper;2;10;knn;448;0.990021;0.997171
dinov3_vitl16;mvtec_AD/zipper;3;10;k1;448;0.995273;0.998722
dinov3_vitl16;mvtec_AD/zipper;3;10;knn;448;0.989233;0.996886
dinov3_vitl16;mvtec_AD/zipper;4;10;k1;448;0.995798;0.998864
dinov3_vitl16;mvtec_AD/zipper;4;10;knn;448;0.992384;0.997883
dinov3_vitl16;mvtec_loco_AD/breakfast_box;0;10;k1;448;0.795988;0.893517
dinov3_vitl16;mvtec_loco_AD/breakfast_box;0;10;knn;448;0.759719;0.872079
dinov3_vitl16;mvtec_loco_AD/breakfast_box;1;10;k1;448;0.774113;0.882011
dinov3_vitl16;mvtec_loco_AD/breakfast_box;1;10;knn;448;0.745268;0.86867
dinov3_vitl16;mvtec_loco_AD/breakfast_box;2;10;k1;448;0.798198;0.893716
dinov3_vitl16;mvtec_loco_AD/breakfast_box;2;10;knn;448;0.768106;0.874545
dinov3_vitl16;mvtec_loco_AD/breakfast_box;3;10;k1;448;0.804602;0.897505
dinov3_vitl16;mvtec_loco_AD/breakfast_box;3;10;knn;448;0.763629;0.87147
dinov3_vitl16;mvtec_loco_AD/breakfast_box;4;10;k1;448;0.801598;0.895146
dinov3_vitl16;mvtec_loco_AD/breakfast_box;4;10;knn;448;0.77043;0.88075
dinov3_vitl16;mvtec_loco_AD/juice_bottle;0;10;k1;448;0.777182;0.912526
dinov3_vitl16;mvtec_loco_AD/juice_bottle;0;10;knn;448;0.835197;0.936452
dinov3_vitl16;mvtec_loco_AD/juice_bottle;1;10;k1;448;0.775875;0.907435
dinov3_vitl16;mvtec_loco_AD/juice_bottle;1;10;knn;448;0.833078;0.934496
dinov3_vitl16;mvtec_loco_AD/juice_bottle;2;10;k1;448;0.855166;0.944716
dinov3_vitl16;mvtec_loco_AD/juice_bottle;2;10;knn;448;0.8837;0.957613
dinov3_vitl16;mvtec_loco_AD/juice_bottle;3;10;k1;448;0.821763;0.929695
dinov3_vitl16;mvtec_loco_AD/juice_bottle;3;10;knn;448;0.866796;0.947264
dinov3_vitl16;mvtec_loco_AD/juice_bottle;4;10;k1;448;0.829697;0.934807
dinov3_vitl16;mvtec_loco_AD/juice_bottle;4;10;knn;448;0.8869;0.95766
dinov3_vitl16;mvtec_loco_AD/pushpins;0;10;k1;448;0.577056;0.641125
dinov3_vitl16;mvtec_loco_AD/pushpins;0;10;knn;448;0.578657;0.644462
dinov3_vitl16;mvtec_loco_AD/pushpins;1;10;k1;448;0.556876;0.61746
dinov3_vitl16;mvtec_loco_AD/pushpins;1;10;knn;448;0.549124;0.608145
dinov3_vitl16;mvtec_loco_AD/pushpins;2;10;k1;448;0.550219;0.613181
dinov3_vitl16;mvtec_loco_AD/pushpins;2;10;knn;448;0.571495;0.621931
dinov3_vitl16;mvtec_loco_AD/pushpins;3;10;k1;448;0.551146;0.616296
dinov3_vitl16;mvtec_loco_AD/pushpins;3;10;knn;448;0.587968;0.626002
dinov3_vitl16;mvtec_loco_AD/pushpins;4;10;k1;448;0.541161;0.607834
dinov3_vitl16;mvtec_loco_AD/pushpins;4;10;knn;448;0.557128;0.61395
dinov3_vitl16;mvtec_loco_AD/screw_bag;0;10;k1;448;0.578823;0.733171
dinov3_vitl16;mvtec_loco_AD/screw_bag;0;10;knn;448;0.605809;0.739993
dinov3_vitl16;mvtec_loco_AD/screw_bag;1;10;k1;448;0.596714;0.753244
dinov3_vitl16;mvtec_loco_AD/screw_bag;1;10;knn;448;0.606071;0.749352
dinov3_vitl16;mvtec_loco_AD/screw_bag;2;10;k1;448;0.585822;0.750099
dinov3_vitl16;mvtec_loco_AD/screw_bag;2;10;knn;448;0.59881;0.744341
dinov3_vitl16;mvtec_loco_AD/screw_bag;3;10;k1;448;0.563777;0.734168
dinov3_vitl16;mvtec_loco_AD/screw_bag;3;10;knn;448;0.582529;0.729181
dinov3_vitl16;mvtec_loco_AD/screw_bag;4;10;k1;448;0.64421;0.775993
dinov3_vitl16;mvtec_loco_AD/screw_bag;4;10;knn;448;0.639793;0.760037
dinov3_vitl16;mvtec_loco_AD/splicing_connectors;0;10;k1;448;0.652501;0.7785
dinov3_vitl16;mvtec_loco_AD/splicing_connectors;0;10;knn;448;0.693909;0.815876
dinov3_vitl16;mvtec_loco_AD/splicing_connectors;1;10;k1;448;0.691819;0.809691
dinov3_vitl16;mvtec_loco_AD/splicing_connectors;1;10;knn;448;0.730222;0.845107
dinov3_vitl16;mvtec_loco_AD/splicing_connectors;2;10;k1;448;0.690164;0.813784
dinov3_vitl16;mvtec_loco_AD/splicing_connectors;2;10;knn;448;0.721296;0.843909
dinov3_vitl16;mvtec_loco_AD/splicing_connectors;3;10;k1;448;0.644055;0.756967
dinov3_vitl16;mvtec_loco_AD/splicing_connectors;3;10;knn;448;0.653198;0.765684
dinov3_vitl16;mvtec_loco_AD/splicing_connectors;4;10;k1;448;0.68655;0.793119
dinov3_vitl16;mvtec_loco_AD/splicing_connectors;4;10;knn;448;0.718161;0.830617
dinov3_vitl16;VisA/candle;0;10;k1;448;0.9384;0.918613
dinov3_vitl16;VisA/candle;0;10;knn;448;0.9392;0.93834
dinov3_vitl16;VisA/candle;1;10;k1;448;0.9441;0.92824
dinov3_vitl16;VisA/candle;1;10;knn;448;0.9475;0.940564
dinov3_vitl16;VisA/candle;2;10;k1;448;0.9281;0.916457
dinov3_vitl16;VisA/candle;2;10;knn;448;0.9191;0.921925
dinov3_vitl16;VisA/candle;3;10;k1;448;0.9451;0.927078
dinov3_vitl16;VisA/candle;3;10;knn;448;0.9493;0.94138
dinov3_vitl16;VisA/candle;4;10;k1;448;0.9461;0.924901
dinov3_vitl16;VisA/candle;4;10;knn;448;0.9397;0.932634
dinov3_vitl16;VisA/capsules;0;10;k1;448;0.83;0.886095
dinov3_vitl16;VisA/capsules;0;10;knn;448;0.738;0.827524
dinov3_vitl16;VisA/capsules;1;10;k1;448;0.896167;0.92724
dinov3_vitl16;VisA/capsules;1;10;knn;448;0.834333;0.877648
dinov3_vitl16;VisA/capsules;2;10;k1;448;0.929667;0.945627
dinov3_vitl16;VisA/capsules;2;10;knn;448;0.8915;0.903858
dinov3_vitl16;VisA/capsules;3;10;k1;448;0.8655;0.910812
dinov3_vitl16;VisA/capsules;3;10;knn;448;0.796833;0.861571
dinov3_vitl16;VisA/capsules;4;10;k1;448;0.898333;0.922031
dinov3_vitl16;VisA/capsules;4;10;knn;448;0.837;0.874316
dinov3_vitl16;VisA/cashew;0;10;k1;448;0.9438;0.966867
dinov3_vitl16;VisA/cashew;0;10;knn;448;0.9264;0.955155
dinov3_vitl16;VisA/cashew;1;10;k1;448;0.9336;0.960718
dinov3_vitl16;VisA/cashew;1;10;knn;448;0.9156;0.950429
dinov3_vitl16;VisA/cashew;2;10;k1;448;0.9261;0.956963
dinov3_vitl16;VisA/cashew;2;10;knn;448;0.9174;0.95055
dinov3_vitl16;VisA/cashew;3;10;k1;448;0.9306;0.958455
dinov3_vitl16;VisA/cashew;3;10;knn;448;0.912;0.947704
dinov3_vitl16;VisA/cashew;4;10;k1;448;0.9376;0.963961
dinov3_vitl16;VisA/cashew;4;10;knn;448;0.9288;0.957301
dinov3_vitl16;VisA/chewinggum;0;10;k1;448;0.9696;0.983861
dinov3_vitl16;VisA/chewinggum;0;10;knn;448;0.9608;0.978899
dinov3_vitl16;VisA/chewinggum;1;10;k1;448;0.9664;0.982686
dinov3_vitl16;VisA/chewinggum;1;10;knn;448;0.958;0.977658
dinov3_vitl16;VisA/chewinggum;2;10;k1;448;0.97;0.984094
dinov3_vitl16;VisA/chewinggum;2;10;knn;448;0.954;0.975895
dinov3_vitl16;VisA/chewinggum;3;10;k1;448;0.971;0.984722
dinov3_vitl16;VisA/chewinggum;3;10;knn;448;0.9514;0.975261
dinov3_vitl16;VisA/chewinggum;4;10;k1;448;0.967;0.982423
dinov3_vitl16;VisA/chewinggum;4;10;knn;448;0.9502;0.972549
dinov3_vitl16;VisA/fryum;0;10;k1;448;0.9008;0.955237
dinov3_vitl16;VisA/fryum;0;10;knn;448;0.8832;0.945353
dinov3_vitl16;VisA/fryum;1;10;k1;448;0.9046;0.957292
dinov3_vitl16;VisA/fryum;1;10;knn;448;0.8928;0.948627
dinov3_vitl16;VisA/fryum;2;10;k1;448;0.9192;0.962664
dinov3_vitl16;VisA/fryum;2;10;knn;448;0.8876;0.945935
dinov3_vitl16;VisA/fryum;3;10;k1;448;0.8954;0.95223
dinov3_vitl16;VisA/fryum;3;10;knn;448;0.8622;0.936299
dinov3_vitl16;VisA/fryum;4;10;k1;448;0.9042;0.956247
dinov3_vitl16;VisA/fryum;4;10;knn;448;0.908;0.956514
dinov3_vitl16;VisA/macaroni1;0;10;k1;448;0.7435;0.753052
dinov3_vitl16;VisA/macaroni1;0;10;knn;448;0.7359;0.760606
dinov3_vitl16;VisA/macaroni1;1;10;k1;448;0.7565;0.77752
dinov3_vitl16;VisA/macaroni1;1;10;knn;448;0.728;0.766079
dinov3_vitl16;VisA/macaroni1;2;10;k1;448;0.7004;0.679088
dinov3_vitl16;VisA/macaroni1;2;10;knn;448;0.6713;0.696266
dinov3_vitl16;VisA/macaroni1;3;10;k1;448;0.7195;0.71763
dinov3_vitl16;VisA/macaroni1;3;10;knn;448;0.7068;0.730843
dinov3_vitl16;VisA/macaroni1;4;10;k1;448;0.764;0.781826
dinov3_vitl16;VisA/macaroni1;4;10;knn;448;0.7471;0.77816
dinov3_vitl16;VisA/macaroni2;0;10;k1;448;0.5951;0.560625
dinov3_vitl16;VisA/macaroni2;0;10;knn;448;0.5888;0.574438
dinov3_vitl16;VisA/macaroni2;1;10;k1;448;0.5521;0.522282
dinov3_vitl16;VisA/macaroni2;1;10;knn;448;0.5735;0.557315
dinov3_vitl16;VisA/macaroni2;2;10;k1;448;0.5495;0.523206
dinov3_vitl16;VisA/macaroni2;2;10;knn;448;0.5526;0.552962
dinov3_vitl16;VisA/macaroni2;3;10;k1;448;0.5294;0.500866
dinov3_vitl16;VisA/macaroni2;3;10;knn;448;0.5808;0.570761
dinov3_vitl16;VisA/macaroni2;4;10;k1;448;0.5582;0.516378
dinov3_vitl16;VisA/macaroni2;4;10;knn;448;0.5935;0.529119
dinov3_vitl16;VisA/pcb1;0;10;k1;448;0.9548;0.958377
dinov3_vitl16;VisA/pcb1;0;10;knn;448;0.9422;0.934634
dinov3_vitl16;VisA/pcb1;1;10;k1;448;0.9468;0.949512
dinov3_vitl16;VisA/pcb1;1;10;knn;448;0.9562;0.954029
dinov3_vitl16;VisA/pcb1;2;10;k1;448;0.9519;0.954078
dinov3_vitl16;VisA/pcb1;2;10;knn;448;0.9477;0.940922
dinov3_vitl16;VisA/pcb1;3;10;k1;448;0.9616;0.963252
dinov3_vitl16;VisA/pcb1;3;10;knn;448;0.9488;0.956326
dinov3_vitl16;VisA/pcb1;4;10;k1;448;0.9607;0.964409
dinov3_vitl16;VisA/pcb1;4;10;knn;448;0.9578;0.949903
dinov3_vitl16;VisA/pcb2;0;10;k1;448;0.8311;0.837805
dinov3_vitl16;VisA/pcb2;0;10;knn;448;0.6343;0.664368
dinov3_vitl16;VisA/pcb2;1;10;k1;448;0.8341;0.848131
dinov3_vitl16;VisA/pcb2;1;10;knn;448;0.7132;0.717314
dinov3_vitl16;VisA/pcb2;2;10;k1;448;0.8177;0.83344
dinov3_vitl16;VisA/pcb2;2;10;knn;448;0.7351;0.77237
dinov3_vitl16;VisA/pcb2;3;10;k1;448;0.8381;0.849467
dinov3_vitl16;VisA/pcb2;3;10;knn;448;0.5969;0.634577
dinov3_vitl16;VisA/pcb2;4;10;k1;448;0.8569;0.864341
dinov3_vitl16;VisA/pcb2;4;10;knn;448;0.7598;0.767279
dinov3_vitl16;VisA/pcb3;0;10;k1;448;0.799109;0.816523
dinov3_vitl16;VisA/pcb3;0;10;knn;448;0.83198;0.849994
dinov3_vitl16;VisA/pcb3;1;10;k1;448;0.818416;0.835294
dinov3_vitl16;VisA/pcb3;1;10;knn;448;0.785644;0.804845
dinov3_vitl16;VisA/pcb3;2;10;k1;448;0.817921;0.825398
dinov3_vitl16;VisA/pcb3;2;10;knn;448;0.808614;0.825337
dinov3_vitl16;VisA/pcb3;3;10;k1;448;0.795149;0.818283
dinov3_vitl16;VisA/pcb3;3;10;knn;448;0.77495;0.803771
dinov3_vitl16;VisA/pcb3;4;10;k1;448;0.826436;0.838285
dinov3_vitl16;VisA/pcb3;4;10;knn;448;0.824653;0.840195
dinov3_vitl16;VisA/pcb4;0;10;k1;448;0.986238;0.986192
dinov3_vitl16;VisA/pcb4;0;10;knn;448;0.990396;0.989331
dinov3_vitl16;VisA/pcb4;1;10;k1;448;0.975842;0.977565
dinov3_vitl16;VisA/pcb4;1;10;knn;448;0.989802;0.989338
dinov3_vitl16;VisA/pcb4;2;10;k1;448;0.975446;0.976107
dinov3_vitl16;VisA/pcb4;2;10;knn;448;0.986238;0.986751
dinov3_vitl16;VisA/pcb4;3;10;k1;448;0.986733;0.985192
dinov3_vitl16;VisA/pcb4;3;10;knn;448;0.993762;0.993454
dinov3_vitl16;VisA/pcb4;4;10;k1;448;0.98505;0.985029
dinov3_vitl16;VisA/pcb4;4;10;knn;448;0.992376;0.99255
dinov3_vitl16;VisA/pipe_fryum;0;10;k1;448;0.7586;0.884121
dinov3_vitl16;VisA/pipe_fryum;0;10;knn;448;0.7534;0.881938
dinov3_vitl16;VisA/pipe_fryum;1;10;k1;448;0.775;0.893665
dinov3_vitl16;VisA/pipe_fryum;1;10;knn;448;0.7846;0.892331
dinov3_vitl16;VisA/pipe_fryum;2;10;k1;448;0.7764;0.89161
dinov3_vitl16;VisA/pipe_fryum;2;10;knn;448;0.7586;0.879604
dinov3_vitl16;VisA/pipe_fryum;3;10;k1;448;0.789;0.898198
dinov3_vitl16;VisA/pipe_fryum;3;10;knn;448;0.7924;0.899541
dinov3_vitl16;VisA/pipe_fryum;4;10;k1;448;0.7968;0.903408
dinov3_vitl16;VisA/pipe_fryum;4;10;knn;448;0.8098;0.908053
dinov3_vitl16;AutoVI/engine_wiring;0;10;k1;448;0.696509;0.701071
dinov3_vitl16;AutoVI/engine_wiring;0;10;knn;448;0.743775;0.725976
dinov3_vitl16;AutoVI/engine_wiring;1;10;k1;448;0.624756;0.638706
dinov3_vitl16;AutoVI/engine_wiring;1;10;knn;448;0.683494;0.69539
dinov3_vitl16;AutoVI/engine_wiring;2;10;k1;448;0.582565;0.611157
dinov3_vitl16;AutoVI/engine_wiring;2;10;knn;448;0.644898;0.652937
dinov3_vitl16;AutoVI/engine_wiring;3;10;k1;448;0.681661;0.687526
dinov3_vitl16;AutoVI/engine_wiring;3;10;knn;448;0.761476;0.752385
dinov3_vitl16;AutoVI/engine_wiring;4;10;k1;448;0.629964;0.656775
dinov3_vitl16;AutoVI/engine_wiring;4;10;knn;448;0.708444;0.712046
dinov3_vitl16;AutoVI/pipe_clip;0;10;k1;448;0.541531;0.461945
dinov3_vitl16;AutoVI/pipe_clip;0;10;knn;448;0.575948;0.479933
dinov3_vitl16;AutoVI/pipe_clip;1;10;k1;448;0.547707;0.484036
dinov3_vitl16;AutoVI/pipe_clip;1;10;knn;448;0.586927;0.493683
dinov3_vitl16;AutoVI/pipe_clip;2;10;k1;448;0.538895;0.474335
dinov3_vitl16;AutoVI/pipe_clip;2;10;knn;448;0.570061;0.469767
dinov3_vitl16;AutoVI/pipe_clip;3;10;k1;448;0.543409;0.467281
dinov3_vitl16;AutoVI/pipe_clip;3;10;knn;448;0.568292;0.46195
dinov3_vitl16;AutoVI/pipe_clip;4;10;k1;448;0.542073;0.465948
dinov3_vitl16;AutoVI/pipe_clip;4;10;knn;448;0.583062;0.487269
dinov3_vitl16;AutoVI/tank_screw;0;10;k1;448;0.48517;0.235135
dinov3_vitl16;AutoVI/tank_screw;0;10;knn;448;0.478484;0.210218
dinov3_vitl16;AutoVI/tank_screw;1;10;k1;448;0.471367;0.208812
dinov3_vitl16;AutoVI/tank_screw;1;10;knn;448;0.52946;0.232574
dinov3_vitl16;AutoVI/tank_screw;2;10;k1;448;0.462694;0.20563
dinov3_vitl16;AutoVI/tank_screw;2;10;knn;448;0.453757;0.20494
dinov3_vitl16;AutoVI/tank_screw;3;10;k1;448;0.481546;0.21629
dinov3_vitl16;AutoVI/tank_screw;3;10;knn;448;0.48047;0.231051
dinov3_vitl16;AutoVI/tank_screw;4;10;k1;448;0.482291;0.217686
dinov3_vitl16;AutoVI/tank_screw;4;10;knn;448;0.485402;0.213963
dinov3_vitl16;AutoVI/underbody_pipes;0;10;k1;448;0.891389;0.866695
dinov3_vitl16;AutoVI/underbody_pipes;0;10;knn;448;0.83111;0.833206
dinov3_vitl16;AutoVI/underbody_pipes;1;10;k1;448;0.902318;0.886995
dinov3_vitl16;AutoVI/underbody_pipes;1;10;knn;448;0.830431;0.819731
dinov3_vitl16;AutoVI/underbody_pipes;2;10;k1;448;0.918169;0.914857
dinov3_vitl16;AutoVI/underbody_pipes;2;10;knn;448;0.850185;0.849291
dinov3_vitl16;AutoVI/underbody_pipes;3;10;k1;448;0.902013;0.896154
dinov3_vitl16;AutoVI/underbody_pipes;3;10;knn;448;0.855208;0.855139
dinov3_vitl16;AutoVI/underbody_pipes;4;10;k1;448;0.9255;0.919668
dinov3_vitl16;AutoVI/underbody_pipes;4;10;knn;448;0.89105;0.884199
dinov3_vitl16;AutoVI/underbody_screw;0;10;k1;448;0.672757;0.081963
dinov3_vitl16;AutoVI/underbody_screw;0;10;knn;448;0.724896;0.130121
dinov3_vitl16;AutoVI/underbody_screw;1;10;k1;448;0.815805;0.2887
dinov3_vitl16;AutoVI/underbody_screw;1;10;knn;448;0.863636;0.311275
dinov3_vitl16;AutoVI/underbody_screw;2;10;k1;448;0.719697;0.135982
dinov3_vitl16;AutoVI/underbody_screw;2;10;knn;448;0.776292;0.146529
dinov3_vitl16;AutoVI/underbody_screw;3;10;k1;448;0.763518;0.255224
dinov3_vitl16;AutoVI/underbody_screw;3;10;knn;448;0.760101;0.159638
dinov3_vitl16;AutoVI/underbody_screw;4;10;k1;448;0.724153;0.099404
dinov3_vitl16;AutoVI/underbody_screw;4;10;knn;448;0.752971;0.143881
dinov3_vitl16;btad/01;0;10;k1;448;0.984451;0.994039
dinov3_vitl16;btad/01;0;10;knn;448;0.981535;0.993109
dinov3_vitl16;btad/01;1;10;k1;448;0.97862;0.992119
dinov3_vitl16;btad/01;1;10;knn;448;0.963071;0.987273
dinov3_vitl16;btad/01;2;10;k1;448;0.976676;0.991643
dinov3_vitl16;btad/01;2;10;knn;448;0.964043;0.987609
dinov3_vitl16;btad/01;3;10;k1;448;0.981535;0.993085
dinov3_vitl16;btad/01;3;10;knn;448;0.968902;0.989884
dinov3_vitl16;btad/01;4;10;k1;448;0.979592;0.992949
dinov3_vitl16;btad/01;4;10;knn;448;0.964043;0.98841
dinov3_vitl16;btad/02;0;10;k1;448;0.913065;0.985592
dinov3_vitl16;btad/02;0;10;knn;448;0.905025;0.984208
dinov3_vitl16;btad/02;1;10;k1;448;0.927973;0.987995
dinov3_vitl16;btad/02;1;10;knn;448;0.918928;0.986504
dinov3_vitl16;btad/02;2;10;k1;448;0.933668;0.988909
dinov3_vitl16;btad/02;2;10;knn;448;0.922278;0.986949
dinov3_vitl16;btad/02;3;10;k1;448;0.920268;0.986885
dinov3_vitl16;btad/02;3;10;knn;448;0.914405;0.985681
dinov3_vitl16;btad/02;4;10;k1;448;0.91943;0.986766
dinov3_vitl16;btad/02;4;10;knn;448;0.916248;0.986108
dinov3_vitl16;btad/03;0;10;k1;448;1.0;1.0
dinov3_vitl16;btad/03;0;10;knn;448;1.0;1.0
dinov3_vitl16;btad/03;1;10;k1;448;1.0;1.0
dinov3_vitl16;btad/03;1;10;knn;448;1.0;1.0
dinov3_vitl16;btad/03;2;10;k1;448;1.0;1.0
dinov3_vitl16;btad/03;2;10;knn;448;1.0;1.0
dinov3_vitl16;btad/03;3;10;k1;448;1.0;1.0
dinov3_vitl16;btad/03;3;10;knn;448;1.0;1.0
dinov3_vitl16;btad/03;4;10;k1;448;1.0;1.0
dinov3_vitl16;btad/03;4;10;knn;448;1.0;1.0
dinov3_vitl16;GoodsAD/cigarette_box;0;10;k1;448;0.544827;0.582976
dinov3_vitl16;GoodsAD/cigarette_box;0;10;knn;448;0.663024;0.648815
dinov3_vitl16;GoodsAD/cigarette_box;1;10;k1;448;0.55058;0.584823
dinov3_vitl16;GoodsAD/cigarette_box;1;10;knn;448;0.673486;0.658029
dinov3_vitl16;GoodsAD/cigarette_box;2;10;k1;448;0.535275;0.570218
dinov3_vitl16;GoodsAD/cigarette_box;2;10;knn;448;0.626638;0.620242
dinov3_vitl16;GoodsAD/cigarette_box;3;10;k1;448;0.535408;0.576519
dinov3_vitl16;GoodsAD/cigarette_box;3;10;knn;448;0.656249;0.649931
dinov3_vitl16;GoodsAD/cigarette_box;4;10;k1;448;0.535719;0.569091
dinov3_vitl16;GoodsAD/cigarette_box;4;10;knn;448;0.645697;0.633058
dinov3_vitl16;GoodsAD/drink_bottle;0;10;k1;448;0.578678;0.593114
dinov3_vitl16;GoodsAD/drink_bottle;0;10;knn;448;0.578493;0.600455
dinov3_vitl16;GoodsAD/drink_bottle;1;10;k1;448;0.574712;0.59504
dinov3_vitl16;GoodsAD/drink_bottle;1;10;knn;448;0.571963;0.602211
dinov3_vitl16;GoodsAD/drink_bottle;2;10;k1;448;0.576418;0.602702
dinov3_vitl16;GoodsAD/drink_bottle;2;10;knn;448;0.569795;0.609377
dinov3_vitl16;GoodsAD/drink_bottle;3;10;k1;448;0.579564;0.601971
dinov3_vitl16;GoodsAD/drink_bottle;3;10;knn;448;0.566305;0.6118
dinov3_vitl16;GoodsAD/drink_bottle;4;10;k1;448;0.57464;0.593565
dinov3_vitl16;GoodsAD/drink_bottle;4;10;knn;448;0.565063;0.595824
dinov3_vitl16;GoodsAD/drink_can;0;10;k1;448;0.563601;0.557096
dinov3_vitl16;GoodsAD/drink_can;0;10;knn;448;0.619979;0.621743
dinov3_vitl16;GoodsAD/drink_can;1;10;k1;448;0.575296;0.572753
dinov3_vitl16;GoodsAD/drink_can;1;10;knn;448;0.611686;0.61686
dinov3_vitl16;GoodsAD/drink_can;2;10;k1;448;0.54501;0.550001
dinov3_vitl16;GoodsAD/drink_can;2;10;knn;448;0.593561;0.600843
dinov3_vitl16;GoodsAD/drink_can;3;10;k1;448;0.560526;0.547136
dinov3_vitl16;GoodsAD/drink_can;3;10;knn;448;0.603485;0.610961
dinov3_vitl16;GoodsAD/drink_can;4;10;k1;448;0.548691;0.546491
dinov3_vitl16;GoodsAD/drink_can;4;10;knn;448;0.593281;0.603952
dinov3_vitl16;GoodsAD/food_bottle;0;10;k1;448;0.554381;0.646324
dinov3_vitl16;GoodsAD/food_bottle;0;10;knn;448;0.559853;0.653593
dinov3_vitl16;GoodsAD/food_bottle;1;10;k1;448;0.551862;0.659296
dinov3_vitl16;GoodsAD/food_bottle;1;10;knn;448;0.548408;0.670436
dinov3_vitl16;GoodsAD/food_bottle;2;10;k1;448;0.537362;0.648691
dinov3_vitl16;GoodsAD/food_bottle;2;10;knn;448;0.566465;0.676899
dinov3_vitl16;GoodsAD/food_bottle;3;10;k1;448;0.555453;0.652799
dinov3_vitl16;GoodsAD/food_bottle;3;10;knn;448;0.526886;0.629937
dinov3_vitl16;GoodsAD/food_bottle;4;10;k1;448;0.554245;0.644966
dinov3_vitl16;GoodsAD/food_bottle;4;10;knn;448;0.543438;0.641509
dinov3_vitl16;GoodsAD/food_box;0;10;k1;448;0.582874;0.700282
dinov3_vitl16;GoodsAD/food_box;0;10;knn;448;0.563636;0.692973
dinov3_vitl16;GoodsAD/food_box;1;10;k1;448;0.567975;0.680739
dinov3_vitl16;GoodsAD/food_box;1;10;knn;448;0.572177;0.695368
dinov3_vitl16;GoodsAD/food_box;2;10;k1;448;0.582083;0.693253
dinov3_vitl16;GoodsAD/food_box;2;10;knn;448;0.551274;0.679547
dinov3_vitl16;GoodsAD/food_box;3;10;k1;448;0.575561;0.693415
dinov3_vitl16;GoodsAD/food_box;3;10;knn;448;0.591715;0.699465
dinov3_vitl16;GoodsAD/food_box;4;10;k1;448;0.581319;0.692608
dinov3_vitl16;GoodsAD/food_box;4;10;knn;448;0.587267;0.68908
dinov3_vitl16;GoodsAD/food_package;0;10;k1;448;0.521258;0.478082
dinov3_vitl16;GoodsAD/food_package;0;10;knn;448;0.512751;0.468812
dinov3_vitl16;GoodsAD/food_package;1;10;k1;448;0.520588;0.482665
dinov3_vitl16;GoodsAD/food_package;1;10;knn;448;0.532806;0.501539
dinov3_vitl16;GoodsAD/food_package;2;10;k1;448;0.525984;0.4881
dinov3_vitl16;GoodsAD/food_package;2;10;knn;448;0.531294;0.497486
dinov3_vitl16;GoodsAD/food_package;3;10;k1;448;0.525348;0.483432
dinov3_vitl16;GoodsAD/food_package;3;10;knn;448;0.540522;0.50117
dinov3_vitl16;GoodsAD/food_package;4;10;k1;448;0.526018;0.484944
dinov3_vitl16;GoodsAD/food_package;4;10;knn;448;0.534972;0.490471
dinov3_vitl16;mvtec_AD/bottle;0;10;pcares;448;0.996825;0.999027
dinov2_vitl14;mvtec_AD/bottle;0;10;pcares;448;0.998413;0.999512
clip_vitl14;mvtec_AD/bottle;0;10;pcares;224;1.0;1.0
siglip_vitl16;mvtec_AD/bottle;0;10;pcares;256;1.0;1.0
dinov3_vitl16;mvtec_AD/bottle;1;10;pcares;448;0.997619;0.99926
dinov3_vitl16;mvtec_AD/bottle;2;10;pcares;448;0.998413;0.999512
dinov3_vitl16;mvtec_AD/bottle;3;10;pcares;448;0.994444;0.998246
dinov3_vitl16;mvtec_AD/bottle;4;10;pcares;448;0.989683;0.996608
dinov3_vitl16;mvtec_AD/cable;0;10;pcares;448;0.901237;0.946869
dinov3_vitl16;mvtec_AD/cable;1;10;pcares;448;0.947339;0.968742
dinov3_vitl16;mvtec_AD/cable;2;10;pcares;448;0.948838;0.970355
dinov3_vitl16;mvtec_AD/cable;3;10;pcares;448;0.907609;0.951189
dinov3_vitl16;mvtec_AD/cable;4;10;pcares;448;0.898426;0.936779
dinov3_vitl16;mvtec_AD/capsule;0;10;pcares;448;0.861189;0.967979
dinov3_vitl16;mvtec_AD/capsule;1;10;pcares;448;0.890307;0.975679
dinov3_vitl16;mvtec_AD/capsule;2;10;pcares;448;0.932589;0.982978
dinov3_vitl16;mvtec_AD/capsule;3;10;pcares;448;0.846829;0.963033
dinov3_vitl16;mvtec_AD/capsule;4;10;pcares;448;0.913043;0.979231
dinov3_vitl16;mvtec_AD/carpet;0;10;pcares;448;0.992376;0.997557
dinov3_vitl16;mvtec_AD/carpet;1;10;pcares;448;0.992777;0.997713
dinov3_vitl16;mvtec_AD/carpet;2;10;pcares;448;0.991974;0.997458
dinov3_vitl16;mvtec_AD/carpet;3;10;pcares;448;0.994382;0.998216
dinov3_vitl16;mvtec_AD/carpet;4;10;pcares;448;0.988363;0.996221
dinov3_vitl16;mvtec_AD/grid;0;10;pcares;448;0.999165;0.999698
dinov3_vitl16;mvtec_AD/grid;1;10;pcares;448;1.0;1.0
dinov3_vitl16;mvtec_AD/grid;2;10;pcares;448;1.0;1.0
dinov3_vitl16;mvtec_AD/grid;3;10;pcares;448;1.0;1.0
dinov3_vitl16;mvtec_AD/grid;4;10;pcares;448;0.992481;0.997323
dinov3_vitl16;mvtec_AD/hazelnut;0;10;pcares;448;0.928929;0.963317
dinov3_vitl16;mvtec_AD/hazelnut;1;10;pcares;448;0.907857;0.955511
dinov3_vitl16;mvtec_AD/hazelnut;2;10;pcares;448;0.928571;0.965898
dinov3_vitl16;mvtec_AD/hazelnut;3;10;pcares;448;0.941071;0.96875
dinov3_vitl16;mvtec_AD/hazelnut;4;10;pcares;448;0.881071;0.933923
dinov3_vitl16;mvtec_AD/leather;0;10;pcares;448;1.0;1.0
dinov3_vitl16;mvtec_AD/leather;1;10;pcares;448;1.0;1.0
dinov3_vitl16;mvtec_AD/leather;2;10;pcares;448;1.0;1.0
dinov3_vitl16;mvtec_AD/leather;3;10;pcares;448;1.0;1.0
dinov3_vitl16;mvtec_AD/leather;4;10;pcares;448;1.0;1.0
dinov3_vitl16;mvtec_AD/metal_nut;0;10;pcares;448;0.954545;0.989837
dinov3_vitl16;mvtec_AD/metal_nut;1;10;pcares;448;0.945748;0.987714
dinov3_vitl16;mvtec_AD/metal_nut;2;10;pcares;448;0.939883;0.986457
dinov3_vitl16;mvtec_AD/metal_nut;3;10;pcares;448;0.968719;0.992792
dinov3_vitl16;mvtec_AD/metal_nut;4;10;pcares;448;0.940371;0.986198
dinov3_vitl16;mvtec_AD/pill;0;10;pcares;448;0.915439;0.983991
dinov3_vitl16;mvtec_AD/pill;1;10;pcares;448;0.930169;0.986789
dinov3_vitl16;mvtec_AD/pill;2;10;pcares;448;0.932351;0.987359
dinov3_vitl16;mvtec_AD/pill;3;10;pcares;448;0.939989;0.989037
dinov3_vitl16;mvtec_AD/pill;4;10;pcares;448;0.937534;0.98841
dinov3_vitl16;mvtec_AD/screw;0;10;pcares;448;0.839106;0.936076
dinov3_vitl16;mvtec_AD/screw;1;10;pcares;448;0.625743;0.829685
dinov3_vitl16;mvtec_AD/screw;2;10;pcares;448;0.636196;0.793934
dinov3_vitl16;mvtec_AD/screw;3;10;pcares;448;0.634761;0.796263
dinov3_vitl16;mvtec_AD/screw;4;10;pcares;448;0.603607;0.810999
dinov3_vitl16;mvtec_AD/tile;0;10;pcares;448;1.0;1.0
dinov3_vitl16;mvtec_AD/tile;1;10;pcares;448;1.0;1.0
dinov3_vitl16;mvtec_AD/tile;2;10;pcares;448;1.0;1.0
dinov3_vitl16;mvtec_AD/tile;3;10;pcares;448;1.0;1.0
dinov3_vitl16;mvtec_AD/tile;4;10;pcares;448;1.0;1.0
dinov3_vitl16;mvtec_AD/toothbrush;0;10;pcares;448;0.983333;0.993818
dinov3_vitl16;mvtec_AD/toothbrush;1;10;pcares;448;0.986111;0.995238
dinov3_vitl16;mvtec_AD/toothbrush;2;10;pcares;448;0.972222;0.991197
dinov3_vitl16;mvtec_AD/toothbrush;3;10;pcares;448;0.991667;0.99697
dinov3_vitl16;mvtec_AD/toothbrush;4;10;pcares;448;0.972222;0.988864
dinov3_vitl16;mvtec_AD/transistor;0;10;pcares;448;0.975833;0.967187
dinov3_vitl16;mvtec_AD/transistor;1;10;pcares;448;0.984167;0.977616
dinov3_vitl16;mvtec_AD/transistor;2;10;pcares;448;0.984167;0.977683
dinov3_vitl16;mvtec_AD/transistor;3;10;pcares;448;0.98125;0.972183
dinov3_vitl16;mvtec_AD/transistor;4;10;pcares;448;0.99125;0.988008
dinov3_vitl16;mvtec_AD/wood;0;10;pcares;448;0.967544;0.988135
dinov3_vitl16;mvtec_AD/wood;1;10;pcares;448;0.967544;0.988298
dinov3_vitl16;mvtec_AD/wood;2;10;pcares;448;0.965789;0.987852
dinov3_vitl16;mvtec_AD/wood;3;10;pcares;448;0.972807;0.990241
dinov3_vitl16;mvtec_AD/wood;4;10;pcares;448;0.971053;0.989734
dinov3_vitl16;mvtec_AD/zipper;0;10;pcares;448;0.996586;0.999072
dinov3_vitl16;mvtec_AD/zipper;1;10;pcares;448;0.996061;0.99893
dinov3_vitl16;mvtec_AD/zipper;2;10;pcares;448;0.995536;0.998786
dinov3_vitl16;mvtec_AD/zipper;3;10;pcares;448;0.997374;0.999286
dinov3_vitl16;mvtec_AD/zipper;4;10;pcares;448;0.997899;0.999423
dinov3_vitl16;mvtec_loco_AD/breakfast_box;0;10;pcares;448;0.840615;0.918438
dinov3_vitl16;mvtec_loco_AD/breakfast_box;1;10;pcares;448;0.816899;0.905895
dinov3_vitl16;mvtec_loco_AD/breakfast_box;2;10;pcares;448;0.83084;0.909087
dinov3_vitl16;mvtec_loco_AD/breakfast_box;3;10;pcares;448;0.843137;0.918066
dinov3_vitl16;mvtec_loco_AD/breakfast_box;4;10;pcares;448;0.83662;0.913167
dinov3_vitl16;mvtec_loco_AD/juice_bottle;0;10;pcares;448;0.875947;0.952599
dinov3_vitl16;mvtec_loco_AD/juice_bottle;1;10;pcares;448;0.872521;0.950761
dinov3_vitl16;mvtec_loco_AD/juice_bottle;2;10;pcares;448;0.905022;0.965119
dinov3_vitl16;mvtec_loco_AD/juice_bottle;3;10;pcares;448;0.908448;0.966101
dinov3_vitl16;mvtec_loco_AD/juice_bottle;4;10;pcares;448;0.916787;0.969392
dinov3_vitl16;mvtec_loco_AD/pushpins;0;10;pcares;448;0.590706;0.645574
dinov3_vitl16;mvtec_loco_AD/pushpins;1;10;pcares;448;0.575539;0.63013
dinov3_vitl16;mvtec_loco_AD/pushpins;2;10;pcares;448;0.580511;0.631026
dinov3_vitl16;mvtec_loco_AD/pushpins;3;10;pcares;448;0.571748;0.627805
dinov3_vitl16;mvtec_loco_AD/pushpins;4;10;pcares;448;0.564038;0.620607
dinov3_vitl16;mvtec_loco_AD/screw_bag;0;10;pcares;448;0.631372;0.755624
dinov3_vitl16;mvtec_loco_AD/screw_bag;1;10;pcares;448;0.637435;0.773638
dinov3_vitl16;mvtec_loco_AD/screw_bag;2;10;pcares;448;0.614006;0.761742
dinov3_vitl16;mvtec_loco_AD/screw_bag;3;10;pcares;448;0.614118;0.74769
dinov3_vitl16;mvtec_loco_AD/screw_bag;4;10;pcares;448;0.667902;0.775171
dinov3_vitl16;mvtec_loco_AD/splicing_connectors;0;10;pcares;448;0.767492;0.862833
dinov3_vitl16;mvtec_loco_AD/splicing_connectors;1;10;pcares;448;0.781687;0.875492
dinov3_vitl16;mvtec_loco_AD/splicing_connectors;2;10;pcares;448;0.790613;0.886832
dinov3_vitl16;mvtec_loco_AD/splicing_connectors;3;10;pcares;448;0.796012;0.884418
dinov3_vitl16;mvtec_loco_AD/splicing_connectors;4;10;pcares;448;0.788697;0.871191
dinov3_vitl16;VisA/candle;0;10;pcares;448;0.9402;0.929606
dinov3_vitl16;VisA/candle;1;10;pcares;448;0.9539;0.937575
dinov3_vitl16;VisA/candle;2;10;pcares;448;0.9339;0.922806
dinov3_vitl16;VisA/candle;3;10;pcares;448;0.958;0.940456
dinov3_vitl16;VisA/candle;4;10;pcares;448;0.9502;0.932846
dinov3_vitl16;VisA/capsules;0;10;pcares;448;0.876;0.921282
dinov3_vitl16;VisA/capsules;1;10;pcares;448;0.936833;0.956638
dinov3_vitl16;VisA/capsules;2;10;pcares;448;0.955833;0.965481
dinov3_vitl16;VisA/capsules;3;10;pcares;448;0.907667;0.935207
dinov3_vitl16;VisA/capsules;4;10;pcares;448;0.931667;0.952206
dinov3_vitl16;VisA/cashew;0;10;pcares;448;0.928;0.955128
dinov3_vitl16;VisA/cashew;1;10;pcares;448;0.917;0.947843
dinov3_vitl16;VisA/cashew;2;10;pcares;448;0.9152;0.946633
dinov3_vitl16;VisA/cashew;3;10;pcares;448;0.9198;0.949569
dinov3_vitl16;VisA/cashew;4;10;pcares;448;0.9356;0.959459
dinov3_vitl16;VisA/chewinggum;0;10;pcares;448;0.9742;0.985812
dinov3_vitl16;VisA/chewinggum;1;10;pcares;448;0.974;0.985885
dinov3_vitl16;VisA/chewinggum;2;10;pcares;448;0.9764;0.986904
dinov3_vitl16;VisA/chewinggum;3;10;pcares;448;0.974;0.985743
dinov3_vitl16;VisA/chewinggum;4;10;pcares;448;0.9698;0.983487
dinov3_vitl16;VisA/fryum;0;10;pcares;448;0.8968;0.954279
dinov3_vitl16;VisA/fryum;1;10;pcares;448;0.9046;0.957711
dinov3_vitl16;VisA/fryum;2;10;pcares;448;0.9082;0.958786
dinov3_vitl16;VisA/fryum;3;10;pcares;448;0.908;0.958231
dinov3_vitl16;VisA/fryum;4;10;pcares;448;0.911;0.959475
dinov3_vitl16;VisA/macaroni1;0;10;pcares;448;0.8009;0.79481
dinov3_vitl16;VisA/macaroni1;1;10;pcares;448;0.8011;0.790967
dinov3_vitl16;VisA/macaroni1;2;10;pcares;448;0.7046;0.676389
dinov3_vitl16;VisA/macaroni1;3;10;pcares;448;0.7768;0.777954
dinov3_vitl16;VisA/macaroni1;4;10;pcares;448;0.8164;0.812521
dinov3_vitl16;VisA/macaroni2;0;10;pcares;448;0.6275;0.593508
dinov3_vitl16;VisA/macaroni2;1;10;pcares;448;0.573;0.548858
dinov3_vitl16;VisA/macaroni2;2;10;pcares;448;0.5705;0.524054
dinov3_vitl16;VisA/macaroni2;3;10;pcares;448;0.569;0.529251
dinov3_vitl16;VisA/macaroni2;4;10;pcares;448;0.596;0.534333
dinov3_vitl16;VisA/pcb1;0;10;pcares;448;0.9479;0.950439
dinov3_vitl16;VisA/pcb1;1;10;pcares;448;0.9715;0.971596
dinov3_vitl16;VisA/pcb1;2;10;pcares;448;0.9529;0.953577
dinov3_vitl16;VisA/pcb1;3;10;pcares;448;0.9805;0.980018
dinov3_vitl16;VisA/pcb1;4;10;pcares;448;0.9582;0.960008
dinov3_vitl16;VisA/pcb2;0;10;pcares;448;0.7772;0.808716
dinov3_vitl16;VisA/pcb2;1;10;pcares;448;0.7988;0.814835
dinov3_vitl16;VisA/pcb2;2;10;pcares;448;0.8053;0.845391
dinov3_vitl16;VisA/pcb2;3;10;pcares;448;0.7303;0.767715
dinov3_vitl16;VisA/pcb2;4;10;pcares;448;0.86;0.873368
dinov3_vitl16;VisA/pcb3;0;10;pcares;448;0.835743;0.849548
dinov3_vitl16;VisA/pcb3;1;10;pcares;448;0.873069;0.869664
dinov3_vitl16;VisA/pcb3;2;10;pcares;448;0.855941;0.863849
dinov3_vitl16;VisA/pcb3;3;10;pcares;448;0.826634;0.849994
dinov3_vitl16;VisA/pcb3;4;10;pcares;448;0.870396;0.879492
dinov3_vitl16;VisA/pcb4;0;10;pcares;448;0.992772;0.992459
dinov3_vitl16;VisA/pcb4;1;10;pcares;448;0.988812;0.988241
dinov3_vitl16;VisA/pcb4;2;10;pcares;448;0.992376;0.992202
dinov3_vitl16;VisA/pcb4;3;10;pcares;448;0.994554;0.994453
dinov3_vitl16;VisA/pcb4;4;10;pcares;448;0.993267;0.993056
dinov3_vitl16;VisA/pipe_fryum;0;10;pcares;448;0.806;0.905912
dinov3_vitl16;VisA/pipe_fryum;1;10;pcares;448;0.804;0.908219
dinov3_vitl16;VisA/pipe_fryum;2;10;pcares;448;0.8338;0.917812
dinov3_vitl16;VisA/pipe_fryum;3;10;pcares;448;0.8246;0.914299
dinov3_vitl16;VisA/pipe_fryum;4;10;pcares;448;0.8484;0.925578
dinov3_vitl16;AutoVI/engine_wiring;0;10;pcares;448;0.710059;0.689641
dinov3_vitl16;AutoVI/engine_wiring;1;10;pcares;448;0.636253;0.645115
dinov3_vitl16;AutoVI/engine_wiring;2;10;pcares;448;0.616706;0.620113
dinov3_vitl16;AutoVI/engine_wiring;3;10;pcares;448;0.709075;0.695135
dinov3_vitl16;AutoVI/engine_wiring;4;10;pcares;448;0.653372;0.661526
dinov3_vitl16;AutoVI/pipe_clip;0;10;pcares;448;0.566775;0.489718
dinov3_vitl16;AutoVI/pipe_clip;1;10;pcares;448;0.584363;0.508237
dinov3_vitl16;AutoVI/pipe_clip;2;10;pcares;448;0.562586;0.479143
dinov3_vitl16;AutoVI/pipe_clip;3;10;pcares;448;0.563561;0.481301
dinov3_vitl16;AutoVI/pipe_clip;4;10;pcares;448;0.578223;0.502864
dinov3_vitl16;AutoVI/tank_screw;0;10;pcares;448;0.459351;0.203347
dinov3_vitl16;AutoVI/tank_screw;1;10;pcares;448;0.522476;0.228781
dinov3_vitl16;AutoVI/tank_screw;2;10;pcares;448;0.4476;0.200415
dinov3_vitl16;AutoVI/tank_screw;3;10;pcares;448;0.483548;0.22576
dinov3_vitl16;AutoVI/tank_screw;4;10;pcares;448;0.475737;0.207984
dinov3_vitl16;AutoVI/underbody_pipes;0;10;pcares;448;0.907443;0.898269
dinov3_vitl16;AutoVI/underbody_pipes;1;10;pcares;448;0.873231;0.845822
dinov3_vitl16;AutoVI/underbody_pipes;2;10;pcares;448;0.898585;0.89497
dinov3_vitl16;AutoVI/underbody_pipes;3;10;pcares;448;0.903269;0.896933
dinov3_vitl16;AutoVI/underbody_pipes;4;10;pcares;448;0.928962;0.917097
dinov3_vitl16;AutoVI/underbody_screw;0;10;pcares;448;0.774064;0.148123
dinov3_vitl16;AutoVI/underbody_screw;1;10;pcares;448;0.894979;0.460956
dinov3_vitl16;AutoVI/underbody_screw;2;10;pcares;448;0.800802;0.182653
dinov3_vitl16;AutoVI/underbody_screw;3;10;pcares;448;0.814914;0.239785
dinov3_vitl16;AutoVI/underbody_screw;4;10;pcares;448;0.855169;0.338212
dinov3_vitl16;btad/01;0;10;pcares;448;0.994169;0.997643
dinov3_vitl16;btad/01;1;10;pcares;448;0.981535;0.993227
dinov3_vitl16;btad/01;2;10;pcares;448;0.97862;0.992229
dinov3_vitl16;btad/01;3;10;pcares;448;0.984451;0.994333
dinov3_vitl16;btad/01;4;10;pcares;448;0.980564;0.993407
dinov3_vitl16;btad/02;0;10;pcares;448;0.906533;0.984578
dinov3_vitl16;btad/02;1;10;pcares;448;0.933501;0.989048
dinov3_vitl16;btad/02;2;10;pcares;448;0.931826;0.988848
dinov3_vitl16;btad/02;3;10;pcares;448;0.919933;0.98689
dinov3_vitl16;btad/02;4;10;pcares;448;0.920268;0.987061
dinov3_vitl16;btad/03;0;10;pcares;448;0.999516;0.993665
dinov3_vitl16;btad/03;1;10;pcares;448;0.999919;0.998992
dinov3_vitl16;btad/03;2;10;pcares;448;0.999516;0.993665
dinov3_vitl16;btad/03;3;10;pcares;448;1.0;1.0
dinov3_vitl16;btad/03;4;10;pcares;448;0.999435;0.993504
dinov3_vitl16;GoodsAD/cigarette_box;0;10;pcares;448;0.569283;0.589733
dinov3_vitl16;GoodsAD/cigarette_box;1;10;pcares;448;0.559954;0.596806
dinov3_vitl16;GoodsAD/cigarette_box;2;10;pcares;448;0.528811;0.560048
dinov3_vitl16;GoodsAD/cigarette_box;3;10;pcares;448;0.566796;0.591292
dinov3_vitl16;GoodsAD/cigarette_box;4;10;pcares;448;0.547759;0.570228
dinov3_vitl16;GoodsAD/drink_bottle;0;10;pcares;448;0.583701;0.597291
dinov3_vitl16;GoodsAD/drink_bottle;1;10;pcares;448;0.582816;0.598869
dinov3_vitl16;GoodsAD/drink_bottle;2;10;pcares;448;0.576609;0.600212
dinov3_vitl16;GoodsAD/drink_bottle;3;10;pcares;448;0.571599;0.603135
dinov3_vitl16;GoodsAD/drink_bottle;4;10;pcares;448;0.567198;0.593984
dinov3_vitl16;GoodsAD/drink_can;0;10;pcares;448;0.603485;0.60404
dinov3_vitl16;GoodsAD/drink_can;1;10;pcares;448;0.600829;0.598251
dinov3_vitl16;GoodsAD/drink_can;2;10;pcares;448;0.582425;0.59195
dinov3_vitl16;GoodsAD/drink_can;3;10;pcares;448;0.604883;0.609525
dinov3_vitl16;GoodsAD/drink_can;4;10;pcares;448;0.575762;0.587195
dinov3_vitl16;GoodsAD/food_bottle;0;10;pcares;448;0.584396;0.663535
dinov3_vitl16;GoodsAD/food_bottle;1;10;pcares;448;0.554108;0.654544
dinov3_vitl16;GoodsAD/food_bottle;2;10;pcares;448;0.573909;0.659435
dinov3_vitl16;GoodsAD/food_bottle;3;10;pcares;448;0.552227;0.651027
dinov3_vitl16;GoodsAD/food_bottle;4;10;pcares;448;0.564972;0.664681
dinov3_vitl16;GoodsAD/food_box;0;10;pcares;448;0.571249;0.68552
dinov3_vitl16;GoodsAD/food_box;1;10;pcares;448;0.573405;0.68584
dinov3_vitl16;GoodsAD/food_box;2;10;pcares;448;0.563636;0.680198
dinov3_vitl16;GoodsAD/food_box;3;10;pcares;448;0.595536;0.701888
dinov3_vitl16;GoodsAD/food_box;4;10;pcares;448;0.604377;0.70482
dinov3_vitl16;GoodsAD/food_package;0;10;pcares;448;0.490428;0.468911
dinov3_vitl16;GoodsAD/food_package;1;10;pcares;448;0.505207;0.483393
dinov3_vitl16;GoodsAD/food_package;2;10;pcares;448;0.519625;0.494158
dinov3_vitl16;GoodsAD/food_package;3;10;pcares;448;0.517288;0.4849
dinov3_vitl16;GoodsAD/food_package;4;10;pcares;448;0.529971;0.500305
dinov2_vitl14;mvtec_AD/bottle;1;10;pcares;448;0.996825;0.999027
dinov2_vitl14;mvtec_AD/bottle;2;10;pcares;448;0.996825;0.999027
dinov2_vitl14;mvtec_AD/bottle;3;10;pcares;448;0.997619;0.99926
dinov2_vitl14;mvtec_AD/bottle;4;10;pcares;448;0.995238;0.998546
dinov2_vitl14;mvtec_AD/cable;0;10;pcares;448;0.888868;0.935263
dinov2_vitl14;mvtec_AD/cable;1;10;pcares;448;0.960832;0.976969
dinov2_vitl14;mvtec_AD/cable;2;10;pcares;448;0.972451;0.983731
dinov2_vitl14;mvtec_AD/cable;3;10;pcares;448;0.907234;0.948078
dinov2_vitl14;mvtec_AD/cable;4;10;pcares;448;0.885307;0.926521
dinov2_vitl14;mvtec_AD/capsule;0;10;pcares;448;0.881133;0.971702
dinov2_vitl14;mvtec_AD/capsule;1;10;pcares;448;0.887116;0.975208
dinov2_vitl14;mvtec_AD/capsule;2;10;pcares;448;0.932589;0.984881
dinov2_vitl14;mvtec_AD/capsule;3;10;pcares;448;0.866773;0.968763
dinov2_vitl14;mvtec_AD/capsule;4;10;pcares;448;0.912645;0.980127
dinov2_vitl14;mvtec_AD/carpet;0;10;pcares;448;0.981541;0.994894
dinov2_vitl14;mvtec_AD/carpet;1;10;pcares;448;0.983949;0.995583
dinov2_vitl14;mvtec_AD/carpet;2;10;pcares;448;0.982745;0.995187
dinov2_vitl14;mvtec_AD/carpet;3;10;pcares;448;0.983547;0.99537
dinov2_vitl14;mvtec_AD/carpet;4;10;pcares;448;0.971509;0.991794
dinov2_vitl14;mvtec_AD/grid;0;10;pcares;448;0.994152;0.997858
dinov2_vitl14;mvtec_AD/grid;1;10;pcares;448;0.98914;0.995988
dinov2_vitl14;mvtec_AD/grid;2;10;pcares;448;0.996658;0.998784
dinov2_vitl14;mvtec_AD/grid;3;10;pcares;448;0.997494;0.999123
dinov2_vitl14;mvtec_AD/grid;4;10;pcares;448;0.97995;0.992515
dinov2_vitl14;mvtec_AD/hazelnut;0;10;pcares;448;0.911786;0.957202
dinov2_vitl14;mvtec_AD/hazelnut;1;10;pcares;448;0.905;0.951926
dinov2_vitl14;mvtec_AD/hazelnut;2;10;pcares;448;0.943929;0.971709
dinov2_vitl14;mvtec_AD/hazelnut;3;10;pcares;448;0.954286;0.975218
dinov2_vitl14;mvtec_AD/hazelnut;4;10;pcares;448;0.8725;0.927478
dinov2_vitl14;mvtec_AD/leather;0;10;pcares;448;1.0;1.0
dinov2_vitl14;mvtec_AD/leather;1;10;pcares;448;1.0;1.0
dinov2_vitl14;mvtec_AD/leather;2;10;pcares;448;1.0;1.0
dinov2_vitl14;mvtec_AD/leather;3;10;pcares;448;0.99966;0.999883
dinov2_vitl14;mvtec_AD/leather;4;10;pcares;448;0.999321;0.999765
dinov2_vitl14;mvtec_AD/metal_nut;0;10;pcares;448;0.962366;0.991488
dinov2_vitl14;mvtec_AD/metal_nut;1;10;pcares;448;0.958456;0.990543
dinov2_vitl14;mvtec_AD/metal_nut;2;10;pcares;448;0.919844;0.981758
dinov2_vitl14;mvtec_AD/metal_nut;3;10;pcares;448;0.967742;0.992697
dinov2_vitl14;mvtec_AD/metal_nut;4;10;pcares;448;0.939883;0.986817
dinov2_vitl14;mvtec_AD/pill;0;10;pcares;448;0.909711;0.982427
dinov2_vitl14;mvtec_AD/pill;1;10;pcares;448;0.916803;0.984124
dinov2_vitl14;mvtec_AD/pill;2;10;pcares;448;0.913257;0.983172
dinov2_vitl14;mvtec_AD/pill;3;10;pcares;448;0.916803;0.984188
dinov2_vitl14;mvtec_AD/pill;4;10;pcares;448;0.915985;0.983934
dinov2_vitl14;mvtec_AD/screw;0;10;pcares;448;0.781718;0.898237
dinov2_vitl14;mvtec_AD/screw;1;10;pcares;448;0.558926;0.78695
dinov2_vitl14;mvtec_AD/screw;2;10;pcares;448;0.602787;0.769242
dinov2_vitl14;mvtec_AD/screw;3;10;pcares;448;0.622669;0.779002
dinov2_vitl14;mvtec_AD/screw;4;10;pcares;448;0.576143;0.749727
dinov2_vitl14;mvtec_AD/tile;0;10;pcares;448;1.0;1.0
dinov2_vitl14;mvtec_AD/tile;1;10;pcares;448;1.0;1.0
dinov2_vitl14;mvtec_AD/tile;2;10;pcares;448;1.0;1.0
dinov2_vitl14;mvtec_AD/tile;3;10;pcares;448;1.0;1.0
dinov2_vitl14;mvtec_AD/tile;4;10;pcares;448;1.0;1.0
dinov2_vitl14;mvtec_AD/toothbrush;0;10;pcares;448;0.977778;0.991938
dinov2_vitl14;mvtec_AD/toothbrush;1;10;pcares;448;0.986111;0.995238
dinov2_vitl14;mvtec_AD/toothbrush;2;10;pcares;448;0.975;0.992308
dinov2_vitl14;mvtec_AD/toothbrush;3;10;pcares;448;0.980556;0.992597
dinov2_vitl14;mvtec_AD/toothbrush;4;10;pcares;448;0.977778;0.992184
dinov2_vitl14;mvtec_AD/transistor;0;10;pcares;448;0.961667;0.95114
dinov2_vitl14;mvtec_AD/transistor;1;10;pcares;448;0.960417;0.953407
dinov2_vitl14;mvtec_AD/transistor;2;10;pcares;448;0.969583;0.96163
dinov2_vitl14;mvtec_AD/transistor;3;10;pcares;448;0.957917;0.946588
dinov2_vitl14;mvtec_AD/transistor;4;10;pcares;448;0.972917;0.968414
dinov2_vitl14;mvtec_AD/wood;0;10;pcares;448;0.979825;0.993432
dinov2_vitl14;mvtec_AD/wood;1;10;pcares;448;0.973684;0.991156
dinov2_vitl14;mvtec_AD/wood;2;10;pcares;448;0.978947;0.993081
dinov2_vitl14;mvtec_AD/wood;3;10;pcares;448;0.983333;0.994625
dinov2_vitl14;mvtec_AD/wood;4;10;pcares;448;0.985965;0.995569
dinov2_vitl14;mvtec_AD/zipper;0;10;pcares;448;0.991597;0.997709
dinov2_vitl14;mvtec_AD/zipper;1;10;pcares;448;0.988708;0.996984
dinov2_vitl14;mvtec_AD/zipper;2;10;pcares;448;0.990546;0.997456
dinov2_vitl14;mvtec_AD/zipper;3;10;pcares;448;0.994748;0.998618
dinov2_vitl14;mvtec_AD/zipper;4;10;pcares;448;0.99291;0.998099
dinov2_vitl14;mvtec_loco_AD/breakfast_box;0;10;pcares;448;0.846764;0.920656
dinov2_vitl14;mvtec_loco_AD/breakfast_box;1;10;pcares;448;0.83611;0.912608
dinov2_vitl14;mvtec_loco_AD/breakfast_box;2;10;pcares;448;0.836847;0.910755
dinov2_vitl14;mvtec_loco_AD/breakfast_box;3;10;pcares;448;0.852148;0.921211
dinov2_vitl14;mvtec_loco_AD/breakfast_box;4;10;pcares;448;0.846594;0.918003
dinov2_vitl14;mvtec_loco_AD/juice_bottle;0;10;pcares;448;0.839344;0.94034
dinov2_vitl14;mvtec_loco_AD/juice_bottle;1;10;pcares;448;0.835332;0.933197
dinov2_vitl14;mvtec_loco_AD/juice_bottle;2;10;pcares;448;0.885188;0.957522
dinov2_vitl14;mvtec_loco_AD/juice_bottle;3;10;pcares;448;0.873062;0.952907
dinov2_vitl14;mvtec_loco_AD/juice_bottle;4;10;pcares;448;0.892851;0.961765
dinov2_vitl14;mvtec_loco_AD/pushpins;0;10;pcares;448;0.552452;0.593922
dinov2_vitl14;mvtec_loco_AD/pushpins;1;10;pcares;448;0.559909;0.584958
dinov2_vitl14;mvtec_loco_AD/pushpins;2;10;pcares;448;0.547565;0.583375
dinov2_vitl14;mvtec_loco_AD/pushpins;3;10;pcares;448;0.542678;0.575084
dinov2_vitl14;mvtec_loco_AD/pushpins;4;10;pcares;448;0.535726;0.572077
dinov2_vitl14;mvtec_loco_AD/screw_bag;0;10;pcares;448;0.632196;0.767264
dinov2_vitl14;mvtec_loco_AD/screw_bag;1;10;pcares;448;0.618347;0.756167
dinov2_vitl14;mvtec_loco_AD/screw_bag;2;10;pcares;448;0.612284;0.759211
dinov2_vitl14;mvtec_loco_AD/screw_bag;3;10;pcares;448;0.623924;0.769345
dinov2_vitl14;mvtec_loco_AD/screw_bag;4;10;pcares;448;0.636949;0.761705
dinov2_vitl14;mvtec_loco_AD/splicing_connectors;0;10;pcares;448;0.749423;0.851991
dinov2_vitl14;mvtec_loco_AD/splicing_connectors;1;10;pcares;448;0.782558;0.879959
dinov2_vitl14;mvtec_loco_AD/splicing_connectors;2;10;pcares;448;0.803936;0.889651
dinov2_vitl14;mvtec_loco_AD/splicing_connectors;3;10;pcares;448;0.761658;0.847785
dinov2_vitl14;mvtec_loco_AD/splicing_connectors;4;10;pcares;448;0.777594;0.86997
dinov2_vitl14;VisA/candle;0;10;pcares;448;0.9329;0.880749
dinov2_vitl14;VisA/candle;1;10;pcares;448;0.9364;0.885509
dinov2_vitl14;VisA/candle;2;10;pcares;448;0.9302;0.88316
dinov2_vitl14;VisA/candle;3;10;pcares;448;0.9391;0.888375
dinov2_vitl14;VisA/candle;4;10;pcares;448;0.9368;0.890637
dinov2_vitl14;VisA/capsules;0;10;pcares;448;0.852;0.904794
dinov2_vitl14;VisA/capsules;1;10;pcares;448;0.911333;0.94357
dinov2_vitl14;VisA/capsules;2;10;pcares;448;0.955833;0.964797
dinov2_vitl14;VisA/capsules;3;10;pcares;448;0.912;0.938225
dinov2_vitl14;VisA/capsules;4;10;pcares;448;0.919167;0.943034
dinov2_vitl14;VisA/cashew;0;10;pcares;448;0.9134;0.952005
dinov2_vitl14;VisA/cashew;1;10;pcares;448;0.9062;0.949039
dinov2_vitl14;VisA/cashew;2;10;pcares;448;0.8802;0.935765
dinov2_vitl14;VisA/cashew;3;10;pcares;448;0.9244;0.957652
dinov2_vitl14;VisA/cashew;4;10;pcares;448;0.9322;0.962345
dinov2_vitl14;VisA/chewinggum;0;10;pcares;448;0.9778;0.986851
dinov2_vitl14;VisA/chewinggum;1;10;pcares;448;0.9784;0.987507
dinov2_vitl14;VisA/chewinggum;2;10;pcares;448;0.9774;0.986423
dinov2_vitl14;VisA/chewinggum;3;10;pcares;448;0.9792;0.988043
dinov2_vitl14;VisA/chewinggum;4;10;pcares;448;0.9744;0.984773
dinov2_vitl14;VisA/fryum;0;10;pcares;448;0.8982;0.95108
dinov2_vitl14;VisA/fryum;1;10;pcares;448;0.9104;0.957057
dinov2_vitl14;VisA/fryum;2;10;pcares;448;0.9368;0.970031
dinov2_vitl14;VisA/fryum;3;10;pcares;448;0.9288;0.963634
dinov2_vitl14;VisA/fryum;4;10;pcares;448;0.9224;0.960294
dinov2_vitl14;VisA/macaroni1;0;10;pcares;448;0.7817;0.7772
dinov2_vitl14;VisA/macaroni1;1;10;pcares;448;0.7899;0.795585
dinov2_vitl14;VisA/macaroni1;2;10;pcares;448;0.7214;0.722425
dinov2_vitl14;VisA/macaroni1;3;10;pcares;448;0.775;0.785523
dinov2_vitl14;VisA/macaroni1;4;10;pcares;448;0.797;0.79536
dinov2_vitl14;VisA/macaroni2;0;10;pcares;448;0.6651;0.647819
dinov2_vitl14;VisA/macaroni2;1;10;pcares;448;0.6194;0.589516
dinov2_vitl14;VisA/macaroni2;2;10;pcares;448;0.5913;0.538108
dinov2_vitl14;VisA/macaroni2;3;10;pcares;448;0.5756;0.536142
dinov2_vitl14;VisA/macaroni2;4;10;pcares;448;0.5981;0.543537
dinov2_vitl14;VisA/pcb1;0;10;pcares;448;0.9119;0.906301
dinov2_vitl14;VisA/pcb1;1;10;pcares;448;0.957;0.949502
dinov2_vitl14;VisA/pcb1;2;10;pcares;448;0.9167;0.91304
dinov2_vitl14;VisA/pcb1;3;10;pcares;448;0.9717;0.971811
dinov2_vitl14;VisA/pcb1;4;10;pcares;448;0.9159;0.911632
dinov2_vitl14;VisA/pcb2;0;10;pcares;448;0.8223;0.825285
dinov2_vitl14;VisA/pcb2;1;10;pcares;448;0.8071;0.822063
dinov2_vitl14;VisA/pcb2;2;10;pcares;448;0.7897;0.81444
dinov2_vitl14;VisA/pcb2;3;10;pcares;448;0.8066;0.826963
dinov2_vitl14;VisA/pcb2;4;10;pcares;448;0.8248;0.829966
dinov2_vitl14;VisA/pcb3;0;10;pcares;448;0.849802;0.86501
dinov2_vitl14;VisA/pcb3;1;10;pcares;448;0.882376;0.873108
dinov2_vitl14;VisA/pcb3;2;10;pcares;448;0.878515;0.877636
dinov2_vitl14;VisA/pcb3;3;10;pcares;448;0.86297;0.88058
dinov2_vitl14;VisA/pcb3;4;10;pcares;448;0.860693;0.865686
dinov2_vitl14;VisA/pcb4;0;10;pcares;448;0.994455;0.994576
dinov2_vitl14;VisA/pcb4;1;10;pcares;448;0.982376;0.960477
dinov2_vitl14;VisA/pcb4;2;10;pcares;448;0.981782;0.961855
dinov2_vitl14;VisA/pcb4;3;10;pcares;448;0.98901;0.988031
dinov2_vitl14;VisA/pcb4;4;10;pcares;448;0.986634;0.983825
dinov2_vitl14;VisA/pipe_fryum;0;10;pcares;448;0.777;0.892683
dinov2_vitl14;VisA/pipe_fryum;1;10;pcares;448;0.796;0.903075
dinov2_vitl14;VisA/pipe_fryum;2;10;pcares;448;0.7862;0.89272
dinov2_vitl14;VisA/pipe_fryum;3;10;pcares;448;0.8282;0.914041
dinov2_vitl14;VisA/pipe_fryum;4;10;pcares;448;0.8204;0.910524
dinov2_vitl14;AutoVI/engine_wiring;0;10;pcares;448;0.722637;0.715125
dinov2_vitl14;AutoVI/engine_wiring;1;10;pcares;448;0.625217;0.646078
dinov2_vitl14;AutoVI/engine_wiring;2;10;pcares;448;0.598677;0.620366
dinov2_vitl14;AutoVI/engine_wiring;3;10;pcares;448;0.716603;0.711106
dinov2_vitl14;AutoVI/engine_wiring;4;10;pcares;448;0.651369;0.659483
dinov2_vitl14;AutoVI/pipe_clip;0;10;pcares;448;0.563019;0.500898
dinov2_vitl14;AutoVI/pipe_clip;1;10;pcares;448;0.564536;0.498403
dinov2_vitl14;AutoVI/pipe_clip;2;10;pcares;448;0.538064;0.472224
dinov2_vitl14;AutoVI/pipe_clip;3;10;pcares;448;0.558866;0.494962
dinov2_vitl14;AutoVI/pipe_clip;4;10;pcares;448;0.560672;0.48876
dinov2_vitl14;AutoVI/tank_screw;0;10;pcares;448;0.447567;0.197332
dinov2_vitl14;AutoVI/tank_screw;1;10;pcares;448;0.47769;0.217667
dinov2_vitl14;AutoVI/tank_screw;2;10;pcares;448;0.422741;0.197934
dinov2_vitl14;AutoVI/tank_screw;3;10;pcares;448;0.454518;0.209449
dinov2_vitl14;AutoVI/tank_screw;4;10;pcares;448;0.429957;0.191858
dinov2_vitl14;AutoVI/underbody_pipes;0;10;pcares;448;0.953229;0.939453
dinov2_vitl14;AutoVI/underbody_pipes;1;10;pcares;448;0.941893;0.915374
dinov2_vitl14;AutoVI/underbody_pipes;2;10;pcares;448;0.946713;0.933852
dinov2_vitl14;AutoVI/underbody_pipes;3;10;pcares;448;0.955028;0.942311
dinov2_vitl14;AutoVI/underbody_pipes;4;10;pcares;448;0.956963;0.942859
dinov2_vitl14;AutoVI/underbody_screw;0;10;pcares;448;0.67038;0.129751
dinov2_vitl14;AutoVI/underbody_screw;1;10;pcares;448;0.859329;0.387202
dinov2_vitl14;AutoVI/underbody_screw;2;10;pcares;448;0.703803;0.235898
dinov2_vitl14;AutoVI/underbody_screw;3;10;pcares;448;0.682264;0.255219
dinov2_vitl14;AutoVI/underbody_screw;4;10;pcares;448;0.730392;0.26634
dinov2_vitl14;btad/01;0;10;pcares;448;0.962099;0.986105
dinov2_vitl14;btad/01;1;10;pcares;448;0.955296;0.983524
dinov2_vitl14;btad/01;2;10;pcares;448;0.949466;0.981671
dinov2_vitl14;btad/01;3;10;pcares;448;0.963071;0.986315
dinov2_vitl14;btad/01;4;10;pcares;448;0.960155;0.985167
dinov2_vitl14;btad/02;0;10;pcares;448;0.889112;0.981721
dinov2_vitl14;btad/02;1;10;pcares;448;0.917085;0.986144
dinov2_vitl14;btad/02;2;10;pcares;448;0.918928;0.986609
dinov2_vitl14;btad/02;3;10;pcares;448;0.897152;0.982937
dinov2_vitl14;btad/02;4;10;pcares;448;0.889782;0.981527
dinov2_vitl14;btad/03;0;10;pcares;448;0.999597;0.994612
dinov2_vitl14;btad/03;1;10;pcares;448;0.999839;0.997951
dinov2_vitl14;btad/03;2;10;pcares;448;0.999355;0.990886
dinov2_vitl14;btad/03;3;10;pcares;448;0.999839;0.997951
dinov2_vitl14;btad/03;4;10;pcares;448;0.999516;0.993417
dinov2_vitl14;GoodsAD/cigarette_box;0;10;pcares;448;0.649118;0.640949
dinov2_vitl14;GoodsAD/cigarette_box;1;10;pcares;448;0.687636;0.675552
dinov2_vitl14;GoodsAD/cigarette_box;2;10;pcares;448;0.605869;0.610105
dinov2_vitl14;GoodsAD/cigarette_box;3;10;pcares;448;0.650273;0.642164
dinov2_vitl14;GoodsAD/cigarette_box;4;10;pcares;448;0.624306;0.622071
dinov2_vitl14;GoodsAD/drink_bottle;0;10;pcares;448;0.590357;0.607514
dinov2_vitl14;GoodsAD/drink_bottle;1;10;pcares;448;0.579379;0.604888
dinov2_vitl14;GoodsAD/drink_bottle;2;10;pcares;448;0.575327;0.605138
dinov2_vitl14;GoodsAD/drink_bottle;3;10;pcares;448;0.576946;0.608899
dinov2_vitl14;GoodsAD/drink_bottle;4;10;pcares;448;0.570892;0.60138
dinov2_vitl14;GoodsAD/drink_can;0;10;pcares;448;0.589414;0.588069
dinov2_vitl14;GoodsAD/drink_can;1;10;pcares;448;0.594865;0.58958
dinov2_vitl14;GoodsAD/drink_can;2;10;pcares;448;0.573386;0.578648
dinov2_vitl14;GoodsAD/drink_can;3;10;pcares;448;0.591184;0.59716
dinov2_vitl14;GoodsAD/drink_can;4;10;pcares;448;0.569844;0.581466
dinov2_vitl14;GoodsAD/food_bottle;0;10;pcares;448;0.583769;0.660938
dinov2_vitl14;GoodsAD/food_bottle;1;10;pcares;448;0.574251;0.668338
dinov2_vitl14;GoodsAD/food_bottle;2;10;pcares;448;0.577397;0.65948
dinov2_vitl14;GoodsAD/food_bottle;3;10;pcares;448;0.565314;0.643542
dinov2_vitl14;GoodsAD/food_bottle;4;10;pcares;448;0.57416;0.657726
dinov2_vitl14;GoodsAD/food_box;0;10;pcares;448;0.587104;0.691986
dinov2_vitl14;GoodsAD/food_box;1;10;pcares;448;0.590678;0.684972
dinov2_vitl14;GoodsAD/food_box;2;10;pcares;448;0.584702;0.688611
dinov2_vitl14;GoodsAD/food_box;3;10;pcares;448;0.59499;0.691765
dinov2_vitl14;GoodsAD/food_box;4;10;pcares;448;0.621705;0.699427
dinov2_vitl14;GoodsAD/food_package;0;10;pcares;448;0.491837;0.464451
dinov2_vitl14;GoodsAD/food_package;1;10;pcares;448;0.505413;0.477576
dinov2_vitl14;GoodsAD/food_package;2;10;pcares;448;0.518543;0.491473
dinov2_vitl14;GoodsAD/food_package;3;10;pcares;448;0.513697;0.480719
dinov2_vitl14;GoodsAD/food_package;4;10;pcares;448;0.522736;0.492195
clip_vitl14;mvtec_AD/bottle;1;10;pcares;224;1.0;1.0
clip_vitl14;mvtec_AD/bottle;2;10;pcares;224;0.999206;0.999752
clip_vitl14;mvtec_AD/bottle;3;10;pcares;224;0.996032;0.998719
clip_vitl14;mvtec_AD/bottle;4;10;pcares;224;0.994444;0.998246
clip_vitl14;mvtec_AD/cable;0;10;pcares;224;0.950525;0.976721
clip_vitl14;mvtec_AD/cable;1;10;pcares;224;0.975825;0.986694
clip_vitl14;mvtec_AD/cable;2;10;pcares;224;0.964393;0.980917
clip_vitl14;mvtec_AD/cable;3;10;pcares;224;0.951274;0.975079
clip_vitl14;mvtec_AD/cable;4;10;pcares;224;0.954273;0.975598
clip_vitl14;mvtec_AD/capsule;0;10;pcares;224;0.850818;0.962319
clip_vitl14;mvtec_AD/capsule;1;10;pcares;224;0.91065;0.979652
clip_vitl14;mvtec_AD/capsule;2;10;pcares;224;0.937774;0.984816
clip_vitl14;mvtec_AD/capsule;3;10;pcares;224;0.799761;0.945533
clip_vitl14;mvtec_AD/capsule;4;10;pcares;224;0.938971;0.986542
clip_vitl14;mvtec_AD/carpet;0;10;pcares;224;0.993579;0.998099
clip_vitl14;mvtec_AD/carpet;1;10;pcares;224;0.995987;0.998798
clip_vitl14;mvtec_AD/carpet;2;10;pcares;224;0.995586;0.998686
clip_vitl14;mvtec_AD/carpet;3;10;pcares;224;0.994382;0.998353
clip_vitl14;mvtec_AD/carpet;4;10;pcares;224;0.995185;0.998559
clip_vitl14;mvtec_AD/grid;0;10;pcares;224;0.97076;0.989981
clip_vitl14;mvtec_AD/grid;1;10;pcares;224;0.943191;0.979561
clip_vitl14;mvtec_AD/grid;2;10;pcares;224;0.966583;0.988853
clip_vitl14;mvtec_AD/grid;3;10;pcares;224;0.972431;0.990246
clip_vitl14;mvtec_AD/grid;4;10;pcares;224;0.974937;0.991461
clip_vitl14;mvtec_AD/hazelnut;0;10;pcares;224;0.982857;0.990445
clip_vitl14;mvtec_AD/hazelnut;1;10;pcares;224;0.974643;0.986122
clip_vitl14;mvtec_AD/hazelnut;2;10;pcares;224;0.986071;0.992748
clip_vitl14;mvtec_AD/hazelnut;3;10;pcares;224;0.990714;0.994619
clip_vitl14;mvtec_AD/hazelnut;4;10;pcares;224;0.941786;0.968194
clip_vitl14;mvtec_AD/leather;0;10;pcares;224;1.0;1.0
clip_vitl14;mvtec_AD/leather;1;10;pcares;224;1.0;1.0
clip_vitl14;mvtec_AD/leather;2;10;pcares;224;1.0;1.0
clip_vitl14;mvtec_AD/leather;3;10;pcares;224;1.0;1.0
clip_vitl14;mvtec_AD/leather;4;10;pcares;224;1.0;1.0
clip_vitl14;mvtec_AD/metal_nut;0;10;pcares;224;0.997556;0.999415
clip_vitl14;mvtec_AD/metal_nut;1;10;pcares;224;0.994624;0.99878
clip_vitl14;mvtec_AD/metal_nut;2;10;pcares;224;0.993157;0.998451
clip_vitl14;mvtec_AD/metal_nut;3;10;pcares;224;0.995112;0.998827
clip_vitl14;mvtec_AD/metal_nut;4;10;pcares;224;0.988759;0.997545
clip_vitl14;mvtec_AD/pill;0;10;pcares;224;0.951718;0.991261
clip_vitl14;mvtec_AD/pill;1;10;pcares;224;0.954446;0.991698
clip_vitl14;mvtec_AD/pill;2;10;pcares;224;0.956083;0.992042
clip_vitl14;mvtec_AD/pill;3;10;pcares;224;0.955537;0.991928
clip_vitl14;mvtec_AD/pill;4;10;pcares;224;0.953355;0.991452
clip_vitl14;mvtec_AD/screw;0;10;pcares;224;0.838082;0.934396
clip_vitl14;mvtec_AD/screw;1;10;pcares;224;0.715106;0.892533
clip_vitl14;mvtec_AD/screw;2;10;pcares;224;0.648494;0.786863
clip_vitl14;mvtec_AD/screw;3;10;pcares;224;0.669604;0.805368
clip_vitl14;mvtec_AD/screw;4;10;pcares;224;0.705267;0.846889
clip_vitl14;mvtec_AD/tile;0;10;pcares;224;1.0;1.0
clip_vitl14;mvtec_AD/tile;1;10;pcares;224;1.0;1.0
clip_vitl14;mvtec_AD/tile;2;10;pcares;224;0.998918;0.999581
clip_vitl14;mvtec_AD/tile;3;10;pcares;224;0.999278;0.999718
clip_vitl14;mvtec_AD/tile;4;10;pcares;224;1.0;1.0
clip_vitl14;mvtec_AD/toothbrush;0;10;pcares;224;1.0;1.0
clip_vitl14;mvtec_AD/toothbrush;1;10;pcares;224;0.986111;0.994466
clip_vitl14;mvtec_AD/toothbrush;2;10;pcares;224;0.961111;0.984687
clip_vitl14;mvtec_AD/toothbrush;3;10;pcares;224;0.983333;0.993231
clip_vitl14;mvtec_AD/toothbrush;4;10;pcares;224;0.925;0.974727
clip_vitl14;mvtec_AD/transistor;0;10;pcares;224;0.924583;0.901386
clip_vitl14;mvtec_AD/transistor;1;10;pcares;224;0.918333;0.900081
clip_vitl14;mvtec_AD/transistor;2;10;pcares;224;0.94125;0.922972
clip_vitl14;mvtec_AD/transistor;3;10;pcares;224;0.93;0.906221
clip_vitl14;mvtec_AD/transistor;4;10;pcares;224;0.9475;0.93114
clip_vitl14;mvtec_AD/wood;0;10;pcares;224;0.978947;0.993026
clip_vitl14;mvtec_AD/wood;1;10;pcares;224;0.979825;0.993139
clip_vitl14;mvtec_AD/wood;2;10;pcares;224;0.982456;0.994133
clip_vitl14;mvtec_AD/wood;3;10;pcares;224;0.980702;0.993538
clip_vitl14;mvtec_AD/wood;4;10;pcares;224;0.988596;0.996236
clip_vitl14;mvtec_AD/zipper;0;10;pcares;224;0.989758;0.997237
clip_vitl14;mvtec_AD/zipper;1;10;pcares;224;0.98792;0.996931
clip_vitl14;mvtec_AD/zipper;2;10;pcares;224;0.988445;0.996951
clip_vitl14;mvtec_AD/zipper;3;10;pcares;224;0.99291;0.998206
clip_vitl14;mvtec_AD/zipper;4;10;pcares;224;0.997111;0.999262
clip_vitl14;mvtec_loco_AD/breakfast_box;0;10;pcares;224;0.819959;0.906081
clip_vitl14;mvtec_loco_AD/breakfast_box;1;10;pcares;224;0.802675;0.895973
clip_vitl14;mvtec_loco_AD/breakfast_box;2;10;pcares;224;0.808172;0.89597
clip_vitl14;mvtec_loco_AD/breakfast_box;3;10;pcares;224;0.820356;0.906386
clip_vitl14;mvtec_loco_AD/breakfast_box;4;10;pcares;224;0.8339;0.910794
clip_vitl14;mvtec_loco_AD/juice_bottle;0;10;pcares;224;0.893527;0.959979
clip_vitl14;mvtec_loco_AD/juice_bottle;1;10;pcares;224;0.882753;0.949816
clip_vitl14;mvtec_loco_AD/juice_bottle;2;10;pcares;224;0.937883;0.975587
clip_vitl14;mvtec_loco_AD/juice_bottle;3;10;pcares;224;0.933556;0.975039
clip_vitl14;mvtec_loco_AD/juice_bottle;4;10;pcares;224;0.942481;0.97848
clip_vitl14;mvtec_loco_AD/pushpins;0;10;pcares;224;0.688364;0.735492
clip_vitl14;mvtec_loco_AD/pushpins;1;10;pcares;224;0.682213;0.728987
clip_vitl14;mvtec_loco_AD/pushpins;2;10;pcares;224;0.658957;0.714812
clip_vitl14;mvtec_loco_AD/pushpins;3;10;pcares;224;0.678969;0.724657
clip_vitl14;mvtec_loco_AD/pushpins;4;10;pcares;224;0.646023;0.704068
clip_vitl14;mvtec_loco_AD/screw_bag;0;10;pcares;224;0.704207;0.78022
clip_vitl14;mvtec_loco_AD/screw_bag;1;10;pcares;224;0.64814;0.737804
clip_vitl14;mvtec_loco_AD/screw_bag;2;10;pcares;224;0.681114;0.764373
clip_vitl14;mvtec_loco_AD/screw_bag;3;10;pcares;224;0.639344;0.734071
clip_vitl14;mvtec_loco_AD/screw_bag;4;10;pcares;224;0.727936;0.796953
clip_vitl14;mvtec_loco_AD/splicing_connectors;0;10;pcares;224;0.723603;0.827384
clip_vitl14;mvtec_loco_AD/splicing_connectors;1;10;pcares;224;0.738538;0.836408
clip_vitl14;mvtec_loco_AD/splicing_connectors;2;10;pcares;224;0.745983;0.849507
clip_vitl14;mvtec_loco_AD/splicing_connectors;3;10;pcares;224;0.696434;0.809762
clip_vitl14;mvtec_loco_AD/splicing_connectors;4;10;pcares;224;0.739452;0.839578
clip_vitl14;VisA/candle;0;10;pcares;224;0.9387;0.893835
clip_vitl14;VisA/candle;1;10;pcares;224;0.9343;0.895015
clip_vitl14;VisA/candle;2;10;pcares;224;0.9112;0.877278
clip_vitl14;VisA/candle;3;10;pcares;224;0.9528;0.904948
clip_vitl14;VisA/candle;4;10;pcares;224;0.9432;0.901667
clip_vitl14;VisA/capsules;0;10;pcares;224;0.785333;0.858317
clip_vitl14;VisA/capsules;1;10;pcares;224;0.836833;0.895902
clip_vitl14;VisA/capsules;2;10;pcares;224;0.846;0.900453
clip_vitl14;VisA/capsules;3;10;pcares;224;0.808667;0.88054
clip_vitl14;VisA/capsules;4;10;pcares;224;0.8275;0.88688
clip_vitl14;VisA/cashew;0;10;pcares;224;0.9464;0.971532
clip_vitl14;VisA/cashew;1;10;pcares;224;0.9336;0.963158
clip_vitl14;VisA/cashew;2;10;pcares;224;0.9172;0.952391
clip_vitl14;VisA/cashew;3;10;pcares;224;0.9662;0.983249
clip_vitl14;VisA/cashew;4;10;pcares;224;0.9664;0.983177
clip_vitl14;VisA/chewinggum;0;10;pcares;224;0.982;0.992044
clip_vitl14;VisA/chewinggum;1;10;pcares;224;0.987;0.994075
clip_vitl14;VisA/chewinggum;2;10;pcares;224;0.9844;0.993176
clip_vitl14;VisA/chewinggum;3;10;pcares;224;0.9852;0.993301
clip_vitl14;VisA/chewinggum;4;10;pcares;224;0.9828;0.992334
clip_vitl14;VisA/fryum;0;10;pcares;224;0.9112;0.954698
clip_vitl14;VisA/fryum;1;10;pcares;224;0.9248;0.965153
clip_vitl14;VisA/fryum;2;10;pcares;224;0.9468;0.975316
clip_vitl14;VisA/fryum;3;10;pcares;224;0.9394;0.971414
clip_vitl14;VisA/fryum;4;10;pcares;224;0.9416;0.97104
clip_vitl14;VisA/macaroni1;0;10;pcares;224;0.8783;0.883665
clip_vitl14;VisA/macaroni1;1;10;pcares;224;0.8598;0.868868
clip_vitl14;VisA/macaroni1;2;10;pcares;224;0.7684;0.744949
clip_vitl14;VisA/macaroni1;3;10;pcares;224;0.865;0.86069
clip_vitl14;VisA/macaroni1;4;10;pcares;224;0.8888;0.898048
clip_vitl14;VisA/macaroni2;0;10;pcares;224;0.641;0.614273
clip_vitl14;VisA/macaroni2;1;10;pcares;224;0.5805;0.555112
clip_vitl14;VisA/macaroni2;2;10;pcares;224;0.5915;0.559105
clip_vitl14;VisA/macaroni2;3;10;pcares;224;0.6142;0.574539
clip_vitl14;VisA/macaroni2;4;10;pcares;224;0.5755;0.530751
clip_vitl14;VisA/pcb1;0;10;pcares;224;0.9133;0.903683
clip_vitl14;VisA/pcb1;1;10;pcares;224;0.9421;0.938337
clip_vitl14;VisA/pcb1;2;10;pcares;224;0.9082;0.90639
clip_vitl14;VisA/pcb1;3;10;pcares;224;0.7833;0.79991
clip_vitl14;VisA/pcb1;4;10;pcares;224;0.9047;0.896133
clip_vitl14;VisA/pcb2;0;10;pcares;224;0.7819;0.803312
clip_vitl14;VisA/pcb2;1;10;pcares;224;0.8214;0.838596
clip_vitl14;VisA/pcb2;2;10;pcares;224;0.8182;0.833256
clip_vitl14;VisA/pcb2;3;10;pcares;224;0.8699;0.871904
clip_vitl14;VisA/pcb2;4;10;pcares;224;0.8593;0.863367
clip_vitl14;VisA/pcb3;0;10;pcares;224;0.760396;0.779587
clip_vitl14;VisA/pcb3;1;10;pcares;224;0.769604;0.793171
clip_vitl14;VisA/pcb3;2;10;pcares;224;0.752673;0.768381
clip_vitl14;VisA/pcb3;3;10;pcares;224;0.779802;0.801371
clip_vitl14;VisA/pcb3;4;10;pcares;224;0.801188;0.818134
clip_vitl14;VisA/pcb4;0;10;pcares;224;0.963366;0.959007
clip_vitl14;VisA/pcb4;1;10;pcares;224;0.93604;0.913464
clip_vitl14;VisA/pcb4;2;10;pcares;224;0.970891;0.970363
clip_vitl14;VisA/pcb4;3;10;pcares;224;0.98703;0.986444
clip_vitl14;VisA/pcb4;4;10;pcares;224;0.981386;0.978567
clip_vitl14;VisA/pipe_fryum;0;10;pcares;224;0.9516;0.975355
clip_vitl14;VisA/pipe_fryum;1;10;pcares;224;0.9652;0.983278
clip_vitl14;VisA/pipe_fryum;2;10;pcares;224;0.9488;0.973559
clip_vitl14;VisA/pipe_fryum;3;10;pcares;224;0.9506;0.974516
clip_vitl14;VisA/pipe_fryum;4;10;pcares;224;0.961;0.979688
clip_vitl14;AutoVI/engine_wiring;0;10;pcares;224;0.689808;0.669666
clip_vitl14;AutoVI/engine_wiring;1;10;pcares;224;0.646634;0.641517
clip_vitl14;AutoVI/engine_wiring;2;10;pcares;224;0.614788;0.621058
clip_vitl14;AutoVI/engine_wiring;3;10;pcares;224;0.685437;0.673119
clip_vitl14;AutoVI/engine_wiring;4;10;pcares;224;0.646391;0.641821
clip_vitl14;AutoVI/pipe_clip;0;10;pcares;224;0.557096;0.470494
clip_vitl14;AutoVI/pipe_clip;1;10;pcares;224;0.556338;0.461774
clip_vitl14;AutoVI/pipe_clip;2;10;pcares;224;0.555941;0.463445
clip_vitl14;AutoVI/pipe_clip;3;10;pcares;224;0.551427;0.466793
clip_vitl14;AutoVI/pipe_clip;4;10;pcares;224;0.55056;0.461177
clip_vitl14;AutoVI/tank_screw;0;10;pcares;224;0.468818;0.221738
clip_vitl14;AutoVI/tank_screw;1;10;pcares;224;0.554684;0.261925
clip_vitl14;AutoVI/tank_screw;2;10;pcares;224;0.449123;0.217296
clip_vitl14;AutoVI/tank_screw;3;10;pcares;224;0.46958;0.241125
clip_vitl14;AutoVI/tank_screw;4;10;pcares;224;0.478517;0.22163
clip_vitl14;AutoVI/underbody_pipes;0;10;pcares;224;0.949734;0.938518
clip_vitl14;AutoVI/underbody_pipes;1;10;pcares;224;0.94505;0.926953
clip_vitl14;AutoVI/underbody_pipes;2;10;pcares;224;0.9497;0.939916
clip_vitl14;AutoVI/underbody_pipes;3;10;pcares;224;0.951329;0.934459
clip_vitl14;AutoVI/underbody_pipes;4;10;pcares;224;0.964091;0.950675
clip_vitl14;AutoVI/underbody_screw;0;10;pcares;224;0.492721;0.044212
clip_vitl14;AutoVI/underbody_screw;1;10;pcares;224;0.706477;0.073264
clip_vitl14;AutoVI/underbody_screw;2;10;pcares;224;0.535948;0.050776
clip_vitl14;AutoVI/underbody_screw;3;10;pcares;224;0.594623;0.072646
clip_vitl14;AutoVI/underbody_screw;4;10;pcares;224;0.525995;0.046928
clip_vitl14;btad/01;0;10;pcares;224;0.959184;0.984588
clip_vitl14;btad/01;1;10;pcares;224;0.953353;0.982486
clip_vitl14;btad/01;2;10;pcares;224;0.961127;0.985672
clip_vitl14;btad/01;3;10;pcares;224;0.958212;0.984079
clip_vitl14;btad/01;4;10;pcares;224;0.951409;0.98253
clip_vitl14;btad/02;0;10;pcares;224;0.840201;0.974264
clip_vitl14;btad/02;1;10;pcares;224;0.865997;0.978481
clip_vitl14;btad/02;2;10;pcares;224;0.883585;0.980921
clip_vitl14;btad/02;3;10;pcares;224;0.857789;0.977015
clip_vitl14;btad/02;4;10;pcares;224;0.860469;0.977559
clip_vitl14;btad/03;0;10;pcares;224;0.999919;0.998992
clip_vitl14;btad/03;1;10;pcares;224;0.999032;0.987894
clip_vitl14;btad/03;2;10;pcares;224;0.999758;0.996876
clip_vitl14;btad/03;3;10;pcares;224;0.999919;0.998992
clip_vitl14;btad/03;4;10;pcares;224;0.999274;0.990645
clip_vitl14;GoodsAD/cigarette_box;0;10;pcares;224;0.54205;0.58671
clip_vitl14;GoodsAD/cigarette_box;1;10;pcares;224;0.539451;0.58281
clip_vitl14;GoodsAD/cigarette_box;2;10;pcares;224;0.499867;0.554923
clip_vitl14;GoodsAD/cigarette_box;3;10;pcares;224;0.560976;0.591524
clip_vitl14;GoodsAD/cigarette_box;4;10;pcares;224;0.517771;0.562632
clip_vitl14;GoodsAD/drink_bottle;0;10;pcares;224;0.564184;0.582732
clip_vitl14;GoodsAD/drink_bottle;1;10;pcares;224;0.541203;0.575921
clip_vitl14;GoodsAD/drink_bottle;2;10;pcares;224;0.543285;0.578041
clip_vitl14;GoodsAD/drink_bottle;3;10;pcares;224;0.544065;0.579417
clip_vitl14;GoodsAD/drink_bottle;4;10;pcares;224;0.547092;0.577147
clip_vitl14;GoodsAD/drink_can;0;10;pcares;224;0.576461;0.57351
clip_vitl14;GoodsAD/drink_can;1;10;pcares;224;0.574038;0.576841
clip_vitl14;GoodsAD/drink_can;2;10;pcares;224;0.560526;0.560341
clip_vitl14;GoodsAD/drink_can;3;10;pcares;224;0.572966;0.582061
clip_vitl14;GoodsAD/drink_can;4;10;pcares;224;0.559221;0.56934
clip_vitl14;GoodsAD/food_bottle;0;10;pcares;224;0.551406;0.635734
clip_vitl14;GoodsAD/food_bottle;1;10;pcares;224;0.515224;0.618042
clip_vitl14;GoodsAD/food_bottle;2;10;pcares;224;0.52415;0.612931
clip_vitl14;GoodsAD/food_bottle;3;10;pcares;224;0.515999;0.616664
clip_vitl14;GoodsAD/food_bottle;4;10;pcares;224;0.545091;0.640884
clip_vitl14;GoodsAD/food_box;0;10;pcares;224;0.526169;0.651756
clip_vitl14;GoodsAD/food_box;1;10;pcares;224;0.538422;0.671558
clip_vitl14;GoodsAD/food_box;2;10;pcares;224;0.531654;0.662685
clip_vitl14;GoodsAD/food_box;3;10;pcares;224;0.555859;0.679672
clip_vitl14;GoodsAD/food_box;4;10;pcares;224;0.560034;0.677238
clip_vitl14;GoodsAD/food_package;0;10;pcares;224;0.473226;0.451546
clip_vitl14;GoodsAD/food_package;1;10;pcares;224;0.481182;0.458653
clip_vitl14;GoodsAD/food_package;2;10;pcares;224;0.49029;0.465719
clip_vitl14;GoodsAD/food_package;3;10;pcares;224;0.486303;0.458849
clip_vitl14;GoodsAD/food_package;4;10;pcares;224;0.484705;0.461352
siglip_vitl16;mvtec_AD/bottle;1;10;pcares;256;1.0;1.0
siglip_vitl16;mvtec_AD/bottle;2;10;pcares;256;0.999206;0.999752
siglip_vitl16;mvtec_AD/bottle;3;10;pcares;256;0.998413;0.9995
siglip_vitl16;mvtec_AD/bottle;4;10;pcares;256;0.997619;0.999244
siglip_vitl16;mvtec_AD/cable;0;10;pcares;256;0.947151;0.969006
siglip_vitl16;mvtec_AD/cable;1;10;pcares;256;0.957646;0.973511
siglip_vitl16;mvtec_AD/cable;2;10;pcares;256;0.959708;0.974361
siglip_vitl16;mvtec_AD/cable;3;10;pcares;256;0.933471;0.957432
siglip_vitl16;mvtec_AD/cable;4;10;pcares;256;0.942091;0.963079
siglip_vitl16;mvtec_AD/capsule;0;10;pcares;256;0.879537;0.969705
siglip_vitl16;mvtec_AD/capsule;1;10;pcares;256;0.907459;0.97272
siglip_vitl16;mvtec_AD/capsule;2;10;pcares;256;0.930195;0.982091
siglip_vitl16;mvtec_AD/capsule;3;10;pcares;256;0.862385;0.967492
siglip_vitl16;mvtec_AD/capsule;4;10;pcares;256;0.927802;0.984202
siglip_vitl16;mvtec_AD/carpet;0;10;pcares;256;0.999599;0.999875
siglip_vitl16;mvtec_AD/carpet;1;10;pcares;256;0.999599;0.999875
siglip_vitl16;mvtec_AD/carpet;2;10;pcares;256;1.0;1.0
siglip_vitl16;mvtec_AD/carpet;3;10;pcares;256;0.999599;0.999875
siglip_vitl16;mvtec_AD/carpet;4;10;pcares;256;1.0;1.0
siglip_vitl16;mvtec_AD/grid;0;10;pcares;256;0.984962;0.995016
siglip_vitl16;mvtec_AD/grid;1;10;pcares;256;0.987469;0.995548
siglip_vitl16;mvtec_AD/grid;2;10;pcares;256;0.991646;0.997189
siglip_vitl16;mvtec_AD/grid;3;10;pcares;256;0.993317;0.997645
siglip_vitl16;mvtec_AD/grid;4;10;pcares;256;0.984962;0.994761
siglip_vitl16;mvtec_AD/hazelnut;0;10;pcares;256;0.994643;0.997075
siglip_vitl16;mvtec_AD/hazelnut;1;10;pcares;256;0.991786;0.995516
siglip_vitl16;mvtec_AD/hazelnut;2;10;pcares;256;0.995714;0.997598
siglip_vitl16;mvtec_AD/hazelnut;3;10;pcares;256;0.998571;0.999201
siglip_vitl16;mvtec_AD/hazelnut;4;10;pcares;256;0.982143;0.990328
siglip_vitl16;mvtec_AD/leather;0;10;pcares;256;1.0;1.0
siglip_vitl16;mvtec_AD/leather;1;10;pcares;256;1.0;1.0
siglip_vitl16;mvtec_AD/leather;2;10;pcares;256;1.0;1.0
siglip_vitl16;mvtec_AD/leather;3;10;pcares;256;0.99966;0.999883
siglip_vitl16;mvtec_AD/leather;4;10;pcares;256;0.99966;0.999883
siglip_vitl16;mvtec_AD/metal_nut;0;10;pcares;256;0.991202;0.997923
siglip_vitl16;mvtec_AD/metal_nut;1;10;pcares;256;0.98827;0.997224
siglip_vitl16;mvtec_AD/metal_nut;2;10;pcares;256;0.986315;0.996812
siglip_vitl16;mvtec_AD/metal_nut;3;10;pcares;256;0.990225;0.997617
siglip_vitl16;mvtec_AD/metal_nut;4;10;pcares;256;0.993157;0.998414
siglip_vitl16;mvtec_AD/pill;0;10;pcares;256;0.962902;0.993358
siglip_vitl16;mvtec_AD/pill;1;10;pcares;256;0.97054;0.994749
siglip_vitl16;mvtec_AD/pill;2;10;pcares;256;0.969722;0.994633
siglip_vitl16;mvtec_AD/pill;3;10;pcares;256;0.968085;0.994334
siglip_vitl16;mvtec_AD/pill;4;10;pcares;256;0.969449;0.994562
siglip_vitl16;mvtec_AD/screw;0;10;pcares;256;0.938512;0.975512
siglip_vitl16;mvtec_AD/screw;1;10;pcares;256;0.852839;0.947784
siglip_vitl16;mvtec_AD/screw;2;10;pcares;256;0.791761;0.898705
siglip_vitl16;mvtec_AD/screw;3;10;pcares;256;0.828448;0.899235
siglip_vitl16;mvtec_AD/screw;4;10;pcares;256;0.843615;0.93342
siglip_vitl16;mvtec_AD/tile;0;10;pcares;256;0.999278;0.999718
siglip_vitl16;mvtec_AD/tile;1;10;pcares;256;0.999639;0.99986
siglip_vitl16;mvtec_AD/tile;2;10;pcares;256;0.998918;0.999581
siglip_vitl16;mvtec_AD/tile;3;10;pcares;256;0.998918;0.999581
siglip_vitl16;mvtec_AD/tile;4;10;pcares;256;0.999278;0.999718
siglip_vitl16;mvtec_AD/toothbrush;0;10;pcares;256;0.994444;0.997917
siglip_vitl16;mvtec_AD/toothbrush;1;10;pcares;256;0.969444;0.9887
siglip_vitl16;mvtec_AD/toothbrush;2;10;pcares;256;0.955556;0.984775
siglip_vitl16;mvtec_AD/toothbrush;3;10;pcares;256;0.966667;0.985939
siglip_vitl16;mvtec_AD/toothbrush;4;10;pcares;256;0.933333;0.978028
siglip_vitl16;mvtec_AD/transistor;0;10;pcares;256;0.955;0.936379
siglip_vitl16;mvtec_AD/transistor;1;10;pcares;256;0.95875;0.940988
siglip_vitl16;mvtec_AD/transistor;2;10;pcares;256;0.950417;0.927546
siglip_vitl16;mvtec_AD/transistor;3;10;pcares;256;0.956667;0.937547
siglip_vitl16;mvtec_AD/transistor;4;10;pcares;256;0.965833;0.94979
siglip_vitl16;mvtec_AD/wood;0;10;pcares;256;1.0;1.0
siglip_vitl16;mvtec_AD/wood;1;10;pcares;256;1.0;1.0
siglip_vitl16;mvtec_AD/wood;2;10;pcares;256;1.0;1.0
siglip_vitl16;mvtec_AD/wood;3;10;pcares;256;1.0;1.0
siglip_vitl16;mvtec_AD/wood;4;10;pcares;256;1.0;1.0
siglip_vitl16;mvtec_AD/zipper;0;10;pcares;256;0.970063;0.99108
siglip_vitl16;mvtec_AD/zipper;1;10;pcares;256;0.96166;0.988395
siglip_vitl16;mvtec_AD/zipper;2;10;pcares;256;0.970063;0.991278
siglip_vitl16;mvtec_AD/zipper;3;10;pcares;256;0.968225;0.990445
siglip_vitl16;mvtec_AD/zipper;4;10;pcares;256;0.979254;0.99414
siglip_vitl16;mvtec_loco_AD/breakfast_box;0;10;pcares;256;0.762666;0.872697
siglip_vitl16;mvtec_loco_AD/breakfast_box;1;10;pcares;256;0.766179;0.871777
siglip_vitl16;mvtec_loco_AD/breakfast_box;2;10;pcares;256;0.786297;0.882009
siglip_vitl16;mvtec_loco_AD/breakfast_box;3;10;pcares;256;0.772016;0.876697
siglip_vitl16;mvtec_loco_AD/breakfast_box;4;10;pcares;256;0.77162;0.870016
siglip_vitl16;mvtec_loco_AD/juice_bottle;0;10;pcares;256;0.869636;0.950113
siglip_vitl16;mvtec_loco_AD/juice_bottle;1;10;pcares;256;0.877119;0.950401
siglip_vitl16;mvtec_loco_AD/juice_bottle;2;10;pcares;256;0.9272;0.973568
siglip_vitl16;mvtec_loco_AD/juice_bottle;3;10;pcares;256;0.909124;0.965738
siglip_vitl16;mvtec_loco_AD/juice_bottle;4;10;pcares;256;0.926343;0.973667
siglip_vitl16;mvtec_loco_AD/pushpins;0;10;pcares;256;0.675345;0.745985
siglip_vitl16;mvtec_loco_AD/pushpins;1;10;pcares;256;0.674166;0.741393
siglip_vitl16;mvtec_loco_AD/pushpins;2;10;pcares;256;0.663802;0.733789
siglip_vitl16;mvtec_loco_AD/pushpins;3;10;pcares;256;0.675219;0.73664
siglip_vitl16;mvtec_loco_AD/pushpins;4;10;pcares;256;0.647203;0.727621
siglip_vitl16;mvtec_loco_AD/screw_bag;0;10;pcares;256;0.753911;0.849158
siglip_vitl16;mvtec_loco_AD/screw_bag;1;10;pcares;256;0.744966;0.824788
siglip_vitl16;mvtec_loco_AD/screw_bag;2;10;pcares;256;0.748522;0.844852
siglip_vitl16;mvtec_loco_AD/screw_bag;3;10;pcares;256;0.747212;0.840415
siglip_vitl16;mvtec_loco_AD/screw_bag;4;10;pcares;256;0.762183;0.850698
siglip_vitl16;mvtec_loco_AD/splicing_connectors;0;10;pcares;256;0.7152;0.818049
siglip_vitl16;mvtec_loco_AD/splicing_connectors;1;10;pcares;256;0.731092;0.834829
siglip_vitl16;mvtec_loco_AD/splicing_connectors;2;10;pcares;256;0.738669;0.848689
siglip_vitl16;mvtec_loco_AD/splicing_connectors;3;10;pcares;256;0.728436;0.840393
siglip_vitl16;mvtec_loco_AD/splicing_connectors;4;10;pcares;256;0.716202;0.816233
siglip_vitl16;VisA/candle;0;10;pcares;256;0.953;0.957203
siglip_vitl16;VisA/candle;1;10;pcares;256;0.9557;0.962395
siglip_vitl16;VisA/candle;2;10;pcares;256;0.9495;0.955168
siglip_vitl16;VisA/candle;3;10;pcares;256;0.9604;0.963635
siglip_vitl16;VisA/candle;4;10;pcares;256;0.9607;0.963369
siglip_vitl16;VisA/capsules;0;10;pcares;256;0.859833;0.923208
siglip_vitl16;VisA/capsules;1;10;pcares;256;0.8895;0.940958
siglip_vitl16;VisA/capsules;2;10;pcares;256;0.906667;0.949023
siglip_vitl16;VisA/capsules;3;10;pcares;256;0.884333;0.934792
siglip_vitl16;VisA/capsules;4;10;pcares;256;0.869;0.924952
siglip_vitl16;VisA/cashew;0;10;pcares;256;0.9622;0.981646
siglip_vitl16;VisA/cashew;1;10;pcares;256;0.962;0.981264
siglip_vitl16;VisA/cashew;2;10;pcares;256;0.969;0.984496
siglip_vitl16;VisA/cashew;3;10;pcares;256;0.9592;0.979083
siglip_vitl16;VisA/cashew;4;10;pcares;256;0.9666;0.983614
siglip_vitl16;VisA/chewinggum;0;10;pcares;256;0.9824;0.991829
siglip_vitl16;VisA/chewinggum;1;10;pcares;256;0.9812;0.991365
siglip_vitl16;VisA/chewinggum;2;10;pcares;256;0.9848;0.992792
siglip_vitl16;VisA/chewinggum;3;10;pcares;256;0.9814;0.991523
siglip_vitl16;VisA/chewinggum;4;10;pcares;256;0.9846;0.992742
siglip_vitl16;VisA/fryum;0;10;pcares;256;0.8994;0.951627
siglip_vitl16;VisA/fryum;1;10;pcares;256;0.8836;0.94674
siglip_vitl16;VisA/fryum;2;10;pcares;256;0.909;0.956328
siglip_vitl16;VisA/fryum;3;10;pcares;256;0.8922;0.952742
siglip_vitl16;VisA/fryum;4;10;pcares;256;0.8948;0.949734
siglip_vitl16;VisA/macaroni1;0;10;pcares;256;0.9081;0.904393
siglip_vitl16;VisA/macaroni1;1;10;pcares;256;0.884;0.87296
siglip_vitl16;VisA/macaroni1;2;10;pcares;256;0.8075;0.801917
siglip_vitl16;VisA/macaroni1;3;10;pcares;256;0.9007;0.908337
siglip_vitl16;VisA/macaroni1;4;10;pcares;256;0.9101;0.918738
siglip_vitl16;VisA/macaroni2;0;10;pcares;256;0.711;0.72736
siglip_vitl16;VisA/macaroni2;1;10;pcares;256;0.6771;0.694888
siglip_vitl16;VisA/macaroni2;2;10;pcares;256;0.6626;0.632997
siglip_vitl16;VisA/macaroni2;3;10;pcares;256;0.6752;0.662861
siglip_vitl16;VisA/macaroni2;4;10;pcares;256;0.6609;0.624936
siglip_vitl16;VisA/pcb1;0;10;pcares;256;0.9111;0.908991
siglip_vitl16;VisA/pcb1;1;10;pcares;256;0.9458;0.944832
siglip_vitl16;VisA/pcb1;2;10;pcares;256;0.8878;0.888512
siglip_vitl16;VisA/pcb1;3;10;pcares;256;0.6826;0.725005
siglip_vitl16;VisA/pcb1;4;10;pcares;256;0.9017;0.894787
siglip_vitl16;VisA/pcb2;0;10;pcares;256;0.7068;0.728141
siglip_vitl16;VisA/pcb2;1;10;pcares;256;0.7542;0.777326
siglip_vitl16;VisA/pcb2;2;10;pcares;256;0.7577;0.777235
siglip_vitl16;VisA/pcb2;3;10;pcares;256;0.7823;0.802392
siglip_vitl16;VisA/pcb2;4;10;pcares;256;0.8033;0.821872
siglip_vitl16;VisA/pcb3;0;10;pcares;256;0.694752;0.671009
siglip_vitl16;VisA/pcb3;1;10;pcares;256;0.673168;0.651134
siglip_vitl16;VisA/pcb3;2;10;pcares;256;0.707228;0.663483
siglip_vitl16;VisA/pcb3;3;10;pcares;256;0.68396;0.67201
siglip_vitl16;VisA/pcb3;4;10;pcares;256;0.717624;0.704928
siglip_vitl16;VisA/pcb4;0;10;pcares;256;0.972871;0.973027
siglip_vitl16;VisA/pcb4;1;10;pcares;256;0.959604;0.955262
siglip_vitl16;VisA/pcb4;2;10;pcares;256;0.963564;0.957732
siglip_vitl16;VisA/pcb4;3;10;pcares;256;0.982772;0.976379
siglip_vitl16;VisA/pcb4;4;10;pcares;256;0.981089;0.972217
siglip_vitl16;VisA/pipe_fryum;0;10;pcares;256;0.9412;0.971892
siglip_vitl16;VisA/pipe_fryum;1;10;pcares;256;0.9432;0.973258
siglip_vitl16;VisA/pipe_fryum;2;10;pcares;256;0.9352;0.969065
siglip_vitl16;VisA/pipe_fryum;3;10;pcares;256;0.957;0.981161
siglip_vitl16;VisA/pipe_fryum;4;10;pcares;256;0.9468;0.974038
siglip_vitl16;AutoVI/engine_wiring;0;10;pcares;256;0.64043;0.63759
siglip_vitl16;AutoVI/engine_wiring;1;10;pcares;256;0.615383;0.626654
siglip_vitl16;AutoVI/engine_wiring;2;10;pcares;256;0.571918;0.598455
siglip_vitl16;AutoVI/engine_wiring;3;10;pcares;256;0.655448;0.648007
siglip_vitl16;AutoVI/engine_wiring;4;10;pcares;256;0.608802;0.612093
siglip_vitl16;AutoVI/pipe_clip;0;10;pcares;256;0.566306;0.465385
siglip_vitl16;AutoVI/pipe_clip;1;10;pcares;256;0.57035;0.490154
siglip_vitl16;AutoVI/pipe_clip;2;10;pcares;256;0.564211;0.464694
siglip_vitl16;AutoVI/pipe_clip;3;10;pcares;256;0.565078;0.463926
siglip_vitl16;AutoVI/pipe_clip;4;10;pcares;256;0.569231;0.4616
siglip_vitl16;AutoVI/tank_screw;0;10;pcares;256;0.490334;0.236666
siglip_vitl16;AutoVI/tank_screw;1;10;pcares;256;0.558457;0.265387
siglip_vitl16;AutoVI/tank_screw;2;10;pcares;256;0.502714;0.244868
siglip_vitl16;AutoVI/tank_screw;3;10;pcares;256;0.505296;0.254146
siglip_vitl16;AutoVI/tank_screw;4;10;pcares;256;0.500497;0.230463
siglip_vitl16;AutoVI/underbody_pipes;0;10;pcares;256;0.971286;0.978978
siglip_vitl16;AutoVI/underbody_pipes;1;10;pcares;256;0.974035;0.981339
siglip_vitl16;AutoVI/underbody_pipes;2;10;pcares;256;0.967926;0.97588
siglip_vitl16;AutoVI/underbody_pipes;3;10;pcares;256;0.975359;0.98283
siglip_vitl16;AutoVI/underbody_pipes;4;10;pcares;256;0.97502;0.981888
siglip_vitl16;AutoVI/underbody_screw;0;10;pcares;256;0.458705;0.043027
siglip_vitl16;AutoVI/underbody_screw;1;10;pcares;256;0.733214;0.085015
siglip_vitl16;AutoVI/underbody_screw;2;10;pcares;256;0.607992;0.079857
siglip_vitl16;AutoVI/underbody_screw;3;10;pcares;256;0.6224;0.077057
siglip_vitl16;AutoVI/underbody_screw;4;10;pcares;256;0.599525;0.057073
siglip_vitl16;btad/01;0;10;pcares;256;0.938776;0.976186
siglip_vitl16;btad/01;1;10;pcares;256;0.922255;0.97137
siglip_vitl16;btad/01;2;10;pcares;256;0.93586;0.975898
siglip_vitl16;btad/01;3;10;pcares;256;0.937804;0.976046
siglip_vitl16;btad/01;4;10;pcares;256;0.936832;0.976101
siglip_vitl16;btad/02;0;10;pcares;256;0.861307;0.976905
siglip_vitl16;btad/02;1;10;pcares;256;0.884087;0.98099
siglip_vitl16;btad/02;2;10;pcares;256;0.89866;0.983113
siglip_vitl16;btad/02;3;10;pcares;256;0.884925;0.980929
siglip_vitl16;btad/02;4;10;pcares;256;0.868342;0.9784
siglip_vitl16;btad/03;0;10;pcares;256;0.999516;0.993926
siglip_vitl16;btad/03;1;10;pcares;256;0.999032;0.988702
siglip_vitl16;btad/03;2;10;pcares;256;0.999597;0.994612
siglip_vitl16;btad/03;3;10;pcares;256;0.999597;0.995038
siglip_vitl16;btad/03;4;10;pcares;256;0.999597;0.994954
siglip_vitl16;GoodsAD/cigarette_box;0;10;pcares;256;0.552579;0.586702
siglip_vitl16;GoodsAD/cigarette_box;1;10;pcares;256;0.537452;0.583989
siglip_vitl16;GoodsAD/cigarette_box;2;10;pcares;256;0.500466;0.556007
siglip_vitl16;GoodsAD/cigarette_box;3;10;pcares;256;0.571194;0.593642
siglip_vitl16;GoodsAD/cigarette_box;4;10;pcares;256;0.524412;0.567251
siglip_vitl16;GoodsAD/drink_bottle;0;10;pcares;256;0.552928;0.576294
siglip_vitl16;GoodsAD/drink_bottle;1;10;pcares;256;0.534171;0.567067
siglip_vitl16;GoodsAD/drink_bottle;2;10;pcares;256;0.523543;0.555741
siglip_vitl16;GoodsAD/drink_bottle;3;10;pcares;256;0.521157;0.562608
siglip_vitl16;GoodsAD/drink_bottle;4;10;pcares;256;0.529511;0.563165
siglip_vitl16;GoodsAD/drink_can;0;10;pcares;256;0.572174;0.57208
siglip_vitl16;GoodsAD/drink_can;1;10;pcares;256;0.572127;0.56696
siglip_vitl16;GoodsAD/drink_can;2;10;pcares;256;0.54939;0.550991
siglip_vitl16;GoodsAD/drink_can;3;10;pcares;256;0.569285;0.572919
siglip_vitl16;GoodsAD/drink_can;4;10;pcares;256;0.559221;0.56433
siglip_vitl16;GoodsAD/food_bottle;0;10;pcares;256;0.542195;0.614482
siglip_vitl16;GoodsAD/food_bottle;1;10;pcares;256;0.522782;0.610514
siglip_vitl16;GoodsAD/food_bottle;2;10;pcares;256;0.534216;0.608066
siglip_vitl16;GoodsAD/food_bottle;3;10;pcares;256;0.518781;0.606379
siglip_vitl16;GoodsAD/food_bottle;4;10;pcares;256;0.549616;0.626244
siglip_vitl16;GoodsAD/food_box;0;10;pcares;256;0.52576;0.652705
siglip_vitl16;GoodsAD/food_box;1;10;pcares;256;0.549746;0.669441
siglip_vitl16;GoodsAD/food_box;2;10;pcares;256;0.536839;0.662264
siglip_vitl16;GoodsAD/food_box;3;10;pcares;256;0.565983;0.672122
siglip_vitl16;GoodsAD/food_box;4;10;pcares;256;0.571004;0.677272
siglip_vitl16;GoodsAD/food_package;0;10;pcares;256;0.484379;0.473457
siglip_vitl16;GoodsAD/food_package;1;10;pcares;256;0.489053;0.475811
siglip_vitl16;GoodsAD/food_package;2;10;pcares;256;0.502234;0.484638
siglip_vitl16;GoodsAD/food_package;3;10;pcares;256;0.500241;0.481757
siglip_vitl16;GoodsAD/food_package;4;10;pcares;256;0.504571;0.491025
