timestamp;dataset;model;image_size;train_limit;n_train;n_test;seed;epochs;img_auroc;img_aupr;img_f1max;tpr_tnr95;tpr_tnr90;pix_auroc;pix_aupr;spro;auspro;train_time_s;gpu_mem_mb
2026-01-26 12:47:02;AutoVI/engine_wiring;galad;448x448;2;2;574;0;1;0.5626;0.5602;0.6769;0.09;0.1384;0.8829;0.0539;0.8547;0.4901;12.5;13021
20/01/2026 13:56;AutoVI/engine_wiring;galad;448x448;2;2;574;1;1;0.3034;0.3989;0.6698;0.0208;0.0415;0.7656;0.0241;0.6033;0.2026;9.7;7386
2026-01-26 12:47:02;AutoVI/engine_wiring;galad;448x448;2;2;574;2;1;0.3145;0.4272;0.6698;0.0554;0.0727;0.8247;0.0318;0.9158;0.3984;12.6;13021
20/01/2026 13:56;AutoVI/engine_wiring;galad;448x448;2;2;574;3;1;0.2231;0.3678;0.6705;0.0242;0.0277;0.7674;0.0242;0.853;0.3354;9.0;7386
2026-01-26 12:47:02;AutoVI/engine_wiring;galad;448x448;2;2;574;4;1;0.2378;0.3663;0.6713;0.0138;0.0277;0.7065;0.0192;0.7207;0.2952;12.7;13021
20/01/2026 16:15;AutoVI/engine_wiring;galad;448x448;5;5;574;0;1;0.7637;0.7625;0.7388;0.2491;0.391;0.9138;0.1249;0.9162;0.6113;16.8;7386
20/01/2026 16:15;AutoVI/engine_wiring;galad;448x448;5;5;574;1;1;0.5746;0.5982;0.6737;0.1142;0.218;0.9149;0.1074;0.8849;0.4879;40.0;7386
20/01/2026 16:15;AutoVI/engine_wiring;galad;448x448;5;5;574;2;1;0.4872;0.5307;0.6729;0.0865;0.1315;0.8959;0.0773;0.9037;0.4892;31.1;7386
2026-01-26 19:08:45;AutoVI/engine_wiring;galad;448x448;5;5;574;3;1;0.7025;0.6744;0.7229;0.1384;0.2076;0.9177;0.1246;0.8957;0.5913;13.9;13021
2026-01-26 19:08:45;AutoVI/engine_wiring;galad;448x448;5;5;574;4;1;0.7785;0.8038;0.737;0.3529;0.5087;0.9212;0.1336;0.9113;0.6275;14.2;13021
2026-01-27 01:50:06;AutoVI/engine_wiring;galad;448x448;10;10;574;0;1;0.7337;0.7211;0.7171;0.2145;0.308;0.9335;0.4037;0.8741;0.5279;18.3;13021
2026-01-27 01:50:06;AutoVI/engine_wiring;galad;448x448;10;10;574;1;1;0.6447;0.6516;0.6818;0.1557;0.2457;0.9398;0.4124;0.8903;0.5071;18.4;13021
21/01/2026 15:32;AutoVI/engine_wiring;galad;448x448;10;10;574;2;1;0.6031;0.6111;0.6834;0.1557;0.2076;0.9298;0.2609;0.8648;0.5285;18.2;7386
21/01/2026 15:32;AutoVI/engine_wiring;galad;448x448;10;10;574;3;1;0.7249;0.7103;0.7098;0.2076;0.3045;0.9292;0.3584;0.8703;0.5446;26.9;7386
21/01/2026 15:32;AutoVI/engine_wiring;galad;448x448;10;10;574;4;1;0.6904;0.7055;0.6916;0.2526;0.3253;0.9413;0.4852;0.8826;0.5495;19.7;7386
2026-01-27 09:13:47;AutoVI/engine_wiring;galad;448x448;20;20;574;0;1;0.7199;0.7195;0.7038;0.1938;0.3529;0.9371;0.5198;0.8643;0.496;41.0;13021
2026-01-27 09:13:47;AutoVI/engine_wiring;galad;448x448;20;20;574;1;1;0.6559;0.6663;0.681;0.1661;0.2491;0.929;0.4557;0.8222;0.4354;24.9;13021
2026-01-27 09:13:47;AutoVI/engine_wiring;galad;448x448;20;20;574;2;1;0.7222;0.7352;0.7133;0.2076;0.3426;0.9406;0.5624;0.9006;0.589;35.9;13021
2026-01-27 09:13:47;AutoVI/engine_wiring;galad;448x448;20;20;574;3;1;0.7162;0.718;0.7075;0.2076;0.3356;0.9348;0.4981;0.8694;0.5416;31.7;13021
22/01/2026 14:48;AutoVI/engine_wiring;galad;448x448;20;20;574;4;1;0.676;0.6888;0.6901;0.218;0.2803;0.9224;0.4531;0.8107;0.4461;21.8;10196
21/01/2026 22:24;AutoVI/engine_wiring;galad;448x448;50;50;574;0;1;0.6587;0.6689;0.6811;0.1557;0.2907;0.9386;0.5442;0.9019;0.5527;68.3;10196
2026-01-27 18:29:13;AutoVI/engine_wiring;galad;448x448;50;50;574;1;1;0.7215;0.7306;0.7205;0.218;0.346;0.9425;0.5777;0.9187;0.5731;63.0;13021
21/01/2026 22:24;AutoVI/engine_wiring;galad;448x448;50;50;574;2;1;0.7348;0.7406;0.7103;0.218;0.3875;0.9448;0.58;0.9114;0.5812;59.4;10196
2026-01-27 18:29:13;AutoVI/engine_wiring;galad;448x448;50;50;574;3;1;0.7042;0.7072;0.7004;0.1903;0.3218;0.9358;0.5261;0.8961;0.5969;76.5;13021
21/01/2026 22:24;AutoVI/engine_wiring;galad;448x448;50;50;574;4;1;0.7479;0.7508;0.7233;0.2422;0.3979;0.9444;0.5916;0.9112;0.5898;65.0;10196
20/01/2026 14:08;AutoVI/pipe_clip;galad;448x448;2;2;337;0;1;0.5042;0.4496;0.6013;0.0493;0.0986;0.5821;0.0078;0.1911;0.0554;5.8;7386
20/01/2026 14:08;AutoVI/pipe_clip;galad;448x448;2;2;337;1;1;0.5393;0.4697;0.6052;0.0634;0.1338;0.6249;0.0099;0.266;0.0696;5.6;7386
2026-01-26 12:54:52;AutoVI/pipe_clip;galad;448x448;2;2;337;2;1;0.6803;0.6421;0.6154;0.2113;0.3803;0.7739;0.0174;0.7561;0.3866;8.8;13021
20/01/2026 14:08;AutoVI/pipe_clip;galad;448x448;2;2;337;3;1;0.5575;0.4707;0.597;0.0704;0.1268;0.6074;0.0082;0.0552;0.0073;5.6;7386
20/01/2026 14:08;AutoVI/pipe_clip;galad;448x448;2;2;337;4;1;0.5468;0.4613;0.6112;0.0775;0.1338;0.6127;0.0086;0.2104;0.0481;5.7;7386
20/01/2026 16:43;AutoVI/pipe_clip;galad;448x448;5;5;337;0;1;0.593;0.4804;0.6427;0.0493;0.1268;0.7223;0.0151;0.5311;0.1767;36.6;7386
2026-01-26 19:16:35;AutoVI/pipe_clip;galad;448x448;5;5;337;1;1;0.5677;0.4896;0.6179;0.0775;0.1338;0.7941;0.0292;0.7351;0.2988;10.6;13021
20/01/2026 16:43;AutoVI/pipe_clip;galad;448x448;5;5;337;2;1;0.5882;0.4846;0.6284;0.0845;0.169;0.8469;0.0306;0.891;0.4385;12.8;7386
20/01/2026 16:43;AutoVI/pipe_clip;galad;448x448;5;5;337;3;1;0.5404;0.4563;0.6208;0.0775;0.1549;0.7819;0.0178;0.7346;0.2921;12.5;7386
20/01/2026 16:43;AutoVI/pipe_clip;galad;448x448;5;5;337;4;1;0.6058;0.5006;0.6422;0.0704;0.1831;0.8142;0.0215;0.8461;0.4189;12.0;7386
2026-01-27 01:58:20;AutoVI/pipe_clip;galad;448x448;10;10;337;0;1;0.5638;0.4813;0.6185;0.0915;0.1268;0.7991;0.0304;0.8269;0.3668;11.8;13021
21/01/2026 15:57;AutoVI/pipe_clip;galad;448x448;10;10;337;1;1;0.5922;0.5118;0.6265;0.0986;0.1549;0.8334;0.0383;0.8431;0.3961;17.2;7386
21/01/2026 15:57;AutoVI/pipe_clip;galad;448x448;10;10;337;2;1;0.5832;0.499;0.6268;0.1127;0.1408;0.8582;0.0531;0.8915;0.4714;13.9;7386
21/01/2026 15:57;AutoVI/pipe_clip;galad;448x448;10;10;337;3;1;0.6024;0.4862;0.6557;0.0775;0.1338;0.867;0.0383;0.9442;0.487;14.0;7386
2026-01-27 01:58:20;AutoVI/pipe_clip;galad;448x448;10;10;337;4;1;0.5954;0.4866;0.6437;0.0704;0.1268;0.8423;0.0393;0.8924;0.4811;18.8;13021
2026-01-27 09:23:02;AutoVI/pipe_clip;galad;448x448;20;20;337;0;1;0.5972;0.4979;0.6392;0.0704;0.1338;0.8643;0.0488;0.9311;0.578;21.2;13021
2026-01-27 09:23:02;AutoVI/pipe_clip;galad;448x448;20;20;337;1;1;0.591;0.5154;0.6335;0.1056;0.1268;0.8743;0.0525;0.9153;0.5237;34.9;13021
22/01/2026 14:53;AutoVI/pipe_clip;galad;448x448;20;20;337;2;1;0.6018;0.5121;0.6459;0.0775;0.1761;0.8745;0.063;0.9017;0.5128;21.0;10196
22/01/2026 14:53;AutoVI/pipe_clip;galad;448x448;20;20;337;3;1;0.5869;0.4993;0.6434;0.0775;0.1479;0.8592;0.046;0.9257;0.448;26.6;10196
2026-01-27 09:23:02;AutoVI/pipe_clip;galad;448x448;20;20;337;4;1;0.5767;0.5064;0.6218;0.0845;0.1761;0.8564;0.0492;0.8844;0.4193;26.8;13021
21/01/2026 22:58;AutoVI/pipe_clip;galad;448x448;50;50;337;0;1;0.5848;0.4938;0.6262;0.0704;0.162;0.8697;0.0527;0.9353;0.5105;69.5;10196
2026-01-27 18:42:06;AutoVI/pipe_clip;galad;448x448;50;50;337;1;1;0.5875;0.5052;0.6193;0.1127;0.1479;0.8821;0.0563;0.9292;0.5325;64.9;13021
2026-01-27 18:42:06;AutoVI/pipe_clip;galad;448x448;50;50;337;2;1;0.5834;0.4922;0.6278;0.0775;0.1338;0.8676;0.0526;0.9398;0.5689;84.5;13021
21/01/2026 22:58;AutoVI/pipe_clip;galad;448x448;50;50;337;3;1;0.578;0.4901;0.621;0.0775;0.1408;0.8735;0.0539;0.9194;0.4848;82.3;10196
21/01/2026 22:58;AutoVI/pipe_clip;galad;448x448;50;50;337;4;1;0.5794;0.4997;0.6286;0.0775;0.1338;0.8572;0.0471;0.9148;0.4761;75.4;10196
2026-01-26 13:04:06;AutoVI/tank_screw;galad;448x448;2;2;413;0;1;0.4833;0.2364;0.3762;0.0632;0.1368;0.779;0.0018;0.6949;0.3633;9.6;13021
20/01/2026 14:21;AutoVI/tank_screw;galad;448x448;2;2;413;1;1;0.5384;0.261;0.3966;0.0632;0.1263;0.8659;0.0029;0.8986;0.4858;7.0;7386
2026-01-26 13:04:06;AutoVI/tank_screw;galad;448x448;2;2;413;2;1;0.5452;0.3122;0.3762;0.1158;0.2211;0.8366;0.003;0.8209;0.4996;9.6;13021
20/01/2026 14:21;AutoVI/tank_screw;galad;448x448;2;2;413;3;1;0.4895;0.2226;0.3981;0.0211;0.0421;0.8705;0.0029;0.9665;0.5566;6.7;7386
2026-01-26 13:04:06;AutoVI/tank_screw;galad;448x448;2;2;413;4;1;0.4717;0.2438;0.3829;0.0526;0.0737;0.8485;0.0025;0.9363;0.4906;9.5;13021
2026-01-26 19:26:05;AutoVI/tank_screw;galad;448x448;5;5;413;0;1;0.4687;0.2145;0.3851;0.0211;0.0421;0.8738;0.0032;0.9151;0.5441;11.0;13021
2026-01-26 19:26:05;AutoVI/tank_screw;galad;448x448;5;5;413;1;1;0.4953;0.2374;0.3769;0.0421;0.0632;0.9314;0.0059;0.9948;0.6676;13.3;13021
2026-01-26 19:26:05;AutoVI/tank_screw;galad;448x448;5;5;413;2;1;0.4879;0.2127;0.3788;0.0;0.0;0.9455;0.0083;0.9955;0.7889;12.6;13021
20/01/2026 17:19;AutoVI/tank_screw;galad;448x448;5;5;413;3;1;0.4975;0.2125;0.3981;0.0;0.0316;0.9234;0.0055;0.9664;0.5986;25.6;7386
20/01/2026 17:19;AutoVI/tank_screw;galad;448x448;5;5;413;4;1;0.5519;0.2503;0.4026;0.0;0.0421;0.9135;0.0049;0.9748;0.5869;21.2;7386
2026-01-27 02:08:14;AutoVI/tank_screw;galad;448x448;10;10;413;0;1;0.4835;0.2124;0.3925;0.0105;0.0421;0.9089;0.0051;0.9684;0.6792;13.9;13021
21/01/2026 16:27;AutoVI/tank_screw;galad;448x448;10;10;413;1;1;0.5308;0.232;0.3981;0.0211;0.0316;0.9484;0.0085;0.998;0.7778;15.7;7386
2026-01-27 02:08:14;AutoVI/tank_screw;galad;448x448;10;10;413;2;1;0.4828;0.2109;0.3829;0.0105;0.0211;0.9503;0.0089;0.9981;0.7348;17.3;13021
21/01/2026 16:27;AutoVI/tank_screw;galad;448x448;10;10;413;3;1;0.5102;0.2406;0.4081;0.0632;0.1158;0.9264;0.0066;0.9858;0.6526;18.0;7386
2026-01-27 02:08:14;AutoVI/tank_screw;galad;448x448;10;10;413;4;1;0.5166;0.2322;0.377;0.0;0.0316;0.9416;0.0094;0.9899;0.7253;15.6;13021
22/01/2026 15:00;AutoVI/tank_screw;galad;448x448;20;20;413;0;1;0.493;0.2192;0.3858;0.0105;0.0526;0.9399;0.0079;0.9925;0.7173;20.8;10196
2026-01-27 09:33:50;AutoVI/tank_screw;galad;448x448;20;20;413;1;1;0.5246;0.2309;0.3823;0.0;0.0211;0.9539;0.0092;0.9994;0.8386;23.3;13021
2026-01-27 09:33:50;AutoVI/tank_screw;galad;448x448;20;20;413;2;1;0.4963;0.2164;0.3939;0.0105;0.0211;0.9487;0.009;0.9973;0.7509;28.5;13021
2026-01-27 09:33:50;AutoVI/tank_screw;galad;448x448;20;20;413;3;1;0.5029;0.2144;0.4;0.0;0.0421;0.9456;0.0078;0.9985;0.7416;35.9;13021
2026-01-27 09:33:50;AutoVI/tank_screw;galad;448x448;20;20;413;4;1;0.5329;0.2323;0.3893;0.0;0.0105;0.9555;0.0102;0.998;0.8215;30.2;13021
2026-01-27 18:55:30;AutoVI/tank_screw;galad;448x448;50;50;413;0;1;0.4983;0.2169;0.3843;0.0;0.0211;0.9526;0.0091;0.9993;0.8129;55.0;13021
2026-01-27 18:55:30;AutoVI/tank_screw;galad;448x448;50;50;413;1;1;0.5044;0.2208;0.381;0.0;0.0105;0.9524;0.0088;0.9985;0.7543;54.0;13021
2026-01-27 18:55:30;AutoVI/tank_screw;galad;448x448;50;50;413;2;1;0.51;0.2194;0.3897;0.0;0.0105;0.9557;0.0093;0.9993;0.7901;58.6;13021
21/01/2026 23:29;AutoVI/tank_screw;galad;448x448;50;50;413;3;1;0.5183;0.2217;0.4046;0.0;0.0211;0.959;0.01;0.9997;0.8292;61.2;10196
2026-01-27 18:55:30;AutoVI/tank_screw;galad;448x448;50;50;413;4;1;0.5418;0.232;0.4093;0.0;0.0211;0.9641;0.0118;0.9997;0.8394;58.1;13021
2026-01-26 12:24:46;AutoVI/underbody_pipes;galad;448x448;2;2;344;0;1;0.8134;0.8371;0.7804;0.3607;0.5355;0.9435;0.0738;0.9998;0.6667;48.2;13021
20/01/2026 13:23;AutoVI/underbody_pipes;galad;448x448;2;2;344;1;1;0.8795;0.8842;0.8263;0.5847;0.7158;0.9849;0.5012;0.9988;0.8916;5.8;7386
2026-01-26 12:24:46;AutoVI/underbody_pipes;galad;448x448;2;2;344;2;1;0.5755;0.5899;0.7057;0.082;0.0984;0.9006;0.043;0.9734;0.5129;47.2;13021
20/01/2026 13:23;AutoVI/underbody_pipes;galad;448x448;2;2;344;3;1;0.7033;0.7135;0.7232;0.1749;0.3115;0.9188;0.0446;0.9992;0.596;6.1;7386
2026-01-26 12:24:46;AutoVI/underbody_pipes;galad;448x448;2;2;344;4;1;0.759;0.7685;0.7573;0.2568;0.3825;0.9876;0.4498;0.9998;0.8902;8.7;13021
2026-01-26 18:46:27;AutoVI/underbody_pipes;galad;448x448;5;5;344;0;1;0.9425;0.9282;0.9091;0.7213;0.8852;0.9921;0.6;1.0;0.9518;9.5;13021
20/01/2026 14:52;AutoVI/underbody_pipes;galad;448x448;5;5;344;1;1;0.8983;0.9045;0.8385;0.6557;0.7705;0.9849;0.507;0.9986;0.8207;13.2;7386
2026-01-26 18:46:27;AutoVI/underbody_pipes;galad;448x448;5;5;344;2;1;0.9322;0.93;0.8835;0.7486;0.8251;0.9907;0.6291;0.9988;0.8791;10.8;13021
2026-01-26 18:46:27;AutoVI/underbody_pipes;galad;448x448;5;5;344;3;1;0.8279;0.819;0.8033;0.3607;0.5519;0.9874;0.4119;1.0;0.9309;10.9;13021
2026-01-26 18:46:27;AutoVI/underbody_pipes;galad;448x448;5;5;344;4;1;0.9383;0.9269;0.8962;0.6503;0.8579;0.9928;0.6014;1.0;0.9056;10.8;13021
2026-01-27 01:27:07;AutoVI/underbody_pipes;galad;448x448;10;10;344;0;1;0.9363;0.9289;0.8883;0.6721;0.8525;0.9933;0.624;1.0;0.8095;13.7;13021
2026-01-27 01:27:07;AutoVI/underbody_pipes;galad;448x448;10;10;344;1;1;0.9407;0.9257;0.9077;0.7268;0.8525;0.9936;0.6319;1.0;0.97;14.3;13021
2026-01-27 01:27:07;AutoVI/underbody_pipes;galad;448x448;10;10;344;2;1;0.9398;0.9322;0.8889;0.7486;0.8142;0.9933;0.6103;1.0;0.8977;16.0;13021
2026-01-27 01:27:07;AutoVI/underbody_pipes;galad;448x448;10;10;344;3;1;0.9498;0.9417;0.9;0.7869;0.847;0.9946;0.6538;1.0;0.9374;14.3;13021
21/01/2026 14:21;AutoVI/underbody_pipes;galad;448x448;10;10;344;4;1;0.9489;0.9404;0.9013;0.765;0.8689;0.9927;0.6045;1.0;0.8539;13.9;7386
2026-01-27 08:49:05;AutoVI/underbody_pipes;galad;448x448;20;20;344;0;1;0.9568;0.9488;0.9135;0.7923;0.9016;0.994;0.6486;1.0;0.8442;19.8;13021
2026-01-27 08:49:05;AutoVI/underbody_pipes;galad;448x448;20;20;344;1;1;0.9603;0.9518;0.9235;0.8251;0.8907;0.994;0.6518;1.0;0.9073;18.4;13021
22/01/2026 14:34;AutoVI/underbody_pipes;galad;448x448;20;20;344;2;1;0.9529;0.946;0.9016;0.8142;0.8689;0.9941;0.6553;1.0;0.8646;18.1;10196
2026-01-27 08:49:05;AutoVI/underbody_pipes;galad;448x448;20;20;344;3;1;0.9437;0.9375;0.8949;0.7541;0.8087;0.9937;0.5749;1.0;0.8324;20.5;13021
22/01/2026 14:34;AutoVI/underbody_pipes;galad;448x448;20;20;344;4;1;0.9515;0.9453;0.9032;0.7869;0.8798;0.9939;0.62;1.0;0.9656;22.3;10196
21/01/2026 21:19;AutoVI/underbody_pipes;galad;448x448;50;50;344;0;1;0.9522;0.9473;0.9008;0.7923;0.8798;0.9953;0.689;1.0;0.8327;49.9;10196
21/01/2026 21:19;AutoVI/underbody_pipes;galad;448x448;50;50;344;1;1;0.9593;0.9516;0.9115;0.776;0.8962;0.9949;0.658;1.0;0.9772;80.4;10196
2026-01-27 17:58:31;AutoVI/underbody_pipes;galad;448x448;50;50;344;2;1;0.9386;0.9349;0.8769;0.7486;0.8361;0.9943;0.6447;1.0;0.9089;62.0;13021
2026-01-27 17:58:31;AutoVI/underbody_pipes;galad;448x448;50;50;344;3;1;0.923;0.917;0.8721;0.5956;0.7869;0.992;0.6199;0.9997;0.9495;86.8;13021
21/01/2026 21:19;AutoVI/underbody_pipes;galad;448x448;50;50;344;4;1;0.9459;0.9412;0.8918;0.7541;0.847;0.9939;0.6515;1.0;0.9496;48.2;10196
20/01/2026 13:35;AutoVI/underbody_screw;galad;448x448;2;2;392;0;1;0.6142;0.063;0.1481;0.0556;0.0556;0.9672;0.0024;1.0;0.8339;6.7;7386
20/01/2026 13:35;AutoVI/underbody_screw;galad;448x448;2;2;392;1;1;0.742;0.0985;0.1846;0.1667;0.1667;0.9469;0.0024;1.0;0.748;6.7;7386
20/01/2026 13:35;AutoVI/underbody_screw;galad;448x448;2;2;392;2;1;0.4767;0.0502;0.097;0.0556;0.0556;0.9468;0.0015;1.0;0.7891;6.4;7386
20/01/2026 13:35;AutoVI/underbody_screw;galad;448x448;2;2;392;3;1;0.6803;0.0754;0.1677;0.1111;0.1111;0.9096;0.0011;1.0;0.6536;6.7;7386
20/01/2026 13:35;AutoVI/underbody_screw;galad;448x448;2;2;392;4;1;0.6713;0.0854;0.1923;0.1111;0.2778;0.9545;0.0019;1.0;0.7859;6.5;7386
20/01/2026 15:23;AutoVI/underbody_screw;galad;448x448;5;5;392;0;1;0.6788;0.0714;0.1647;0.0556;0.0556;0.9635;0.0022;1.0;0.8416;28.2;7386
2026-01-26 18:54:25;AutoVI/underbody_screw;galad;448x448;5;5;392;1;1;0.8351;0.396;0.4103;0.5;0.5;0.9953;0.0173;1.0;0.9397;13.9;13021
2026-01-26 18:54:25;AutoVI/underbody_screw;galad;448x448;5;5;392;2;1;0.6414;0.0665;0.1368;0.0556;0.0556;0.9459;0.0015;1.0;0.7993;13.2;13021
2026-01-26 18:54:25;AutoVI/underbody_screw;galad;448x448;5;5;392;3;1;0.7307;0.1492;0.18;0.1111;0.1667;0.9829;0.0069;1.0;0.8806;14.0;13021
20/01/2026 15:23;AutoVI/underbody_screw;galad;448x448;5;5;392;4;1;0.7478;0.162;0.2;0.1111;0.1111;0.959;0.002;1.0;0.7725;33.8;7386
21/01/2026 14:46;AutoVI/underbody_screw;galad;448x448;10;10;392;0;1;0.734;0.1328;0.1818;0.0556;0.0556;0.9937;0.0149;1.0;0.9082;13.6;7386
2026-01-27 01:35:29;AutoVI/underbody_screw;galad;448x448;10;10;392;1;1;0.8616;0.3714;0.4103;0.4444;0.5;0.9981;0.0411;1.0;0.927;20.9;13021
21/01/2026 14:46;AutoVI/underbody_screw;galad;448x448;10;10;392;2;1;0.7821;0.1593;0.2152;0.1667;0.2222;0.9898;0.0086;1.0;0.8638;17.2;7386
2026-01-27 01:35:29;AutoVI/underbody_screw;galad;448x448;10;10;392;3;1;0.8259;0.3027;0.3429;0.3333;0.3333;0.9975;0.0317;1.0;0.9651;20.9;13021
21/01/2026 14:46;AutoVI/underbody_screw;galad;448x448;10;10;392;4;1;0.7763;0.2535;0.2857;0.2222;0.2222;0.998;0.0388;1.0;0.9593;15.8;7386
22/01/2026 14:40;AutoVI/underbody_screw;galad;448x448;20;20;392;0;1;0.7672;0.1482;0.2;0.1111;0.1111;0.9964;0.0252;1.0;0.9398;13.3;10196
2026-01-27 08:57:47;AutoVI/underbody_screw;galad;448x448;20;20;392;1;1;0.7778;0.1492;0.2083;0.0556;0.2222;0.997;0.0286;1.0;0.9073;18.2;13021
2026-01-27 08:57:47;AutoVI/underbody_screw;galad;448x448;20;20;392;2;1;0.777;0.1558;0.2154;0.1111;0.1667;0.9916;0.0133;1.0;0.8988;21.1;13021
22/01/2026 14:40;AutoVI/underbody_screw;galad;448x448;20;20;392;3;1;0.8702;0.3905;0.4286;0.3333;0.5;0.999;0.0818;1.0;0.9919;27.2;10196
2026-01-27 08:57:47;AutoVI/underbody_screw;galad;448x448;20;20;392;4;1;0.7592;0.1448;0.1954;0.1111;0.1667;0.9969;0.0267;1.0;0.9769;18.9;13021
21/01/2026 21:45;AutoVI/underbody_screw;galad;448x448;50;50;392;0;1;0.7837;0.1749;0.2024;0.1111;0.2778;0.9989;0.0853;1.0;0.9038;57.7;10196
2026-01-27 18:10:01;AutoVI/underbody_screw;galad;448x448;50;50;392;1;1;0.7699;0.1499;0.1974;0.0556;0.2222;0.9964;0.0255;1.0;0.904;54.3;13021
2026-01-27 18:10:01;AutoVI/underbody_screw;galad;448x448;50;50;392;2;1;0.7638;0.1988;0.2;0.1667;0.1667;0.9932;0.0173;1.0;0.9168;49.2;13021
21/01/2026 21:45;AutoVI/underbody_screw;galad;448x448;50;50;392;3;1;0.8271;0.2918;0.303;0.2778;0.3333;0.9987;0.065;1.0;0.8668;49.2;10196
21/01/2026 21:45;AutoVI/underbody_screw;galad;448x448;50;50;392;4;1;0.7657;0.1472;0.2112;0.1111;0.1111;0.9944;0.0181;1.0;0.9482;61.1;10196
21/01/2026 12:01;GoodsAD/cigarette_box;galad;448x448;2;2;429;0;1;0.6319;0.6492;0.7443;0.0569;0.1423;0.8392;0.1014;0.9694;0.4498;8.0;10196
21/01/2026 12:01;GoodsAD/cigarette_box;galad;448x448;2;2;429;1;1;0.8265;0.821;0.8291;0.2439;0.4106;0.9538;0.3652;0.9994;0.8414;7.7;10196
21/01/2026 12:01;GoodsAD/cigarette_box;galad;448x448;2;2;429;2;1;0.6781;0.674;0.7749;0.0569;0.1016;0.925;0.2242;0.995;0.7546;8.9;10196
21/01/2026 12:01;GoodsAD/cigarette_box;galad;448x448;2;2;429;3;1;0.8097;0.7863;0.8307;0.1057;0.2764;0.9612;0.3982;0.9938;0.8671;8.9;10196
2026-01-26 15:36:29;GoodsAD/cigarette_box;galad;448x448;2;2;429;4;1;0.8082;0.7767;0.8267;0.1016;0.3618;0.9312;0.2786;0.9949;0.7713;9.8;13021
21/01/2026 6:15;GoodsAD/cigarette_box;galad;448x448;5;5;429;0;1;0.7512;0.7329;0.7985;0.061;0.1585;0.9448;0.2976;0.999;0.7632;15.5;7386
21/01/2026 6:15;GoodsAD/cigarette_box;galad;448x448;5;5;429;1;1;0.8529;0.8626;0.8492;0.2967;0.4959;0.9655;0.4707;0.9998;0.8268;18.0;7386
21/01/2026 6:15;GoodsAD/cigarette_box;galad;448x448;5;5;429;2;1;0.7615;0.7727;0.7841;0.1626;0.3211;0.9534;0.3228;0.9998;0.8126;17.4;7386
21/01/2026 6:15;GoodsAD/cigarette_box;galad;448x448;5;5;429;3;1;0.8322;0.8444;0.8401;0.2561;0.4715;0.9624;0.4365;0.9999;0.8533;17.1;7386
21/01/2026 6:15;GoodsAD/cigarette_box;galad;448x448;5;5;429;4;1;0.7934;0.8057;0.7958;0.1748;0.439;0.9405;0.2803;0.9989;0.7804;29.2;7386
22/01/2026 3:52;GoodsAD/cigarette_box;galad;448x448;10;10;429;0;1;0.8044;0.8128;0.8214;0.1951;0.3333;0.9556;0.379;0.993;0.7413;23.9;7386
2026-01-27 04:59:46;GoodsAD/cigarette_box;galad;448x448;10;10;429;1;1;0.8695;0.8708;0.8471;0.4268;0.5163;0.9616;0.4124;0.9997;0.8778;23.7;13021
22/01/2026 3:52;GoodsAD/cigarette_box;galad;448x448;10;10;429;2;1;0.7671;0.7826;0.7802;0.1707;0.2886;0.9468;0.3048;0.9982;0.7736;23.6;7386
22/01/2026 3:52;GoodsAD/cigarette_box;galad;448x448;10;10;429;3;1;0.7791;0.7879;0.8008;0.1341;0.3374;0.9396;0.2739;0.9943;0.7457;25.5;7386
2026-01-27 04:59:46;GoodsAD/cigarette_box;galad;448x448;10;10;429;4;1;0.8196;0.8181;0.8187;0.2683;0.3252;0.9628;0.3987;0.9997;0.8021;27.1;13021
26/01/2026 12:02;GoodsAD/cigarette_box;galad;448x448;20;20;429;0;1;0.8256;0.8288;0.8318;0.2317;0.4309;0.957;0.3768;0.9985;0.8145;30.8;11624
2026-01-27 12:54:53;GoodsAD/cigarette_box;galad;448x448;20;20;429;1;1;0.8573;0.8583;0.8469;0.2805;0.5935;0.9636;0.4414;0.9992;0.8178;32.6;13021
2026-01-27 12:54:53;GoodsAD/cigarette_box;galad;448x448;20;20;429;2;1;0.8232;0.8328;0.811;0.3089;0.4675;0.9556;0.3768;0.9962;0.8296;36.0;13021
2026-01-27 12:54:53;GoodsAD/cigarette_box;galad;448x448;20;20;429;3;1;0.8338;0.844;0.8177;0.3577;0.5488;0.958;0.3958;0.9928;0.7357;35.5;13021
2026-01-27 12:54:53;GoodsAD/cigarette_box;galad;448x448;20;20;429;4;1;0.811;0.8284;0.824;0.2561;0.3577;0.9504;0.3288;0.9929;0.75;40.5;13021
22/01/2026 9:48;GoodsAD/cigarette_box;galad;448x448;50;50;429;0;1;0.815;0.8235;0.8231;0.2846;0.3862;0.9481;0.3004;0.9944;0.7287;91.9;10196
2026-01-27 23:07:39;GoodsAD/cigarette_box;galad;448x448;50;50;429;1;1;0.8318;0.845;0.8327;0.2927;0.5;0.9538;0.3342;0.9949;0.766;78.2;13021
22/01/2026 9:48;GoodsAD/cigarette_box;galad;448x448;50;50;429;2;1;0.795;0.8176;0.7971;0.2724;0.435;0.9475;0.3023;0.9886;0.7961;50.9;10196
22/01/2026 9:48;GoodsAD/cigarette_box;galad;448x448;50;50;429;3;1;0.8221;0.8213;0.8161;0.2846;0.5081;0.9517;0.3332;0.9889;0.8061;50.2;10196
22/01/2026 9:48;GoodsAD/cigarette_box;galad;448x448;50;50;429;4;1;0.7798;0.7755;0.8045;0.1341;0.3008;0.946;0.2951;0.9896;0.6961;50.9;10196
21/01/2026 12:39;GoodsAD/drink_bottle;galad;448x448;2;2;781;0;1;0.5593;0.605;0.7126;0.1012;0.1671;0.9177;0.0524;1.0;0.7508;17.4;10196
2026-01-26 16:00:37;GoodsAD/drink_bottle;galad;448x448;2;2;781;1;1;0.5436;0.5757;0.7057;0.0612;0.1388;0.9064;0.0695;0.7873;0.5327;19.0;13021
2026-01-26 16:00:37;GoodsAD/drink_bottle;galad;448x448;2;2;781;2;1;0.5677;0.5992;0.7063;0.0753;0.1388;0.9355;0.0884;0.991;0.6192;18.4;13021
21/01/2026 12:39;GoodsAD/drink_bottle;galad;448x448;2;2;781;3;1;0.5653;0.5957;0.7049;0.0706;0.1412;0.9256;0.0672;1.0;0.7956;15.6;10196
21/01/2026 12:39;GoodsAD/drink_bottle;galad;448x448;2;2;781;4;1;0.5652;0.5964;0.706;0.0588;0.1318;0.9089;0.0525;0.9914;0.6837;17.0;10196
2026-01-26 22:28:11;GoodsAD/drink_bottle;galad;448x448;5;5;781;0;1;0.5868;0.6042;0.715;0.0659;0.1365;0.9278;0.0626;1.0;0.7668;19.8;13021
2026-01-26 22:28:11;GoodsAD/drink_bottle;galad;448x448;5;5;781;1;1;0.5704;0.6009;0.7062;0.0824;0.1365;0.9213;0.0633;0.9998;0.7757;20.1;13021
2026-01-26 22:28:11;GoodsAD/drink_bottle;galad;448x448;5;5;781;2;1;0.5599;0.5994;0.7073;0.0847;0.1224;0.9439;0.0929;0.9998;0.7333;19.2;13021
21/01/2026 7:34;GoodsAD/drink_bottle;galad;448x448;5;5;781;3;1;0.5586;0.6061;0.7068;0.1059;0.1506;0.9498;0.1383;1.0;0.7283;22.6;7386
21/01/2026 7:34;GoodsAD/drink_bottle;galad;448x448;5;5;781;4;1;0.5715;0.6027;0.706;0.0776;0.1482;0.9441;0.0973;1.0;0.7696;24.2;7386
2026-01-27 05:24:40;GoodsAD/drink_bottle;galad;448x448;10;10;781;0;1;0.5972;0.616;0.7092;0.0776;0.1412;0.9369;0.0776;1.0;0.7627;24.0;13021
22/01/2026 5:05;GoodsAD/drink_bottle;galad;448x448;10;10;781;1;1;0.5676;0.5949;0.7089;0.0729;0.1341;0.9186;0.0672;0.9897;0.6571;26.3;7386
22/01/2026 5:05;GoodsAD/drink_bottle;galad;448x448;10;10;781;2;1;0.5573;0.5911;0.7073;0.0635;0.1412;0.9256;0.0728;0.9793;0.6515;25.7;7386
22/01/2026 5:05;GoodsAD/drink_bottle;galad;448x448;10;10;781;3;1;0.5644;0.605;0.7066;0.0847;0.1271;0.9366;0.1072;0.9868;0.6573;30.8;7386
22/01/2026 5:05;GoodsAD/drink_bottle;galad;448x448;10;10;781;4;1;0.5554;0.5897;0.7066;0.0635;0.1318;0.928;0.0774;0.9918;0.6517;28.2;7386
2026-01-27 13:22:12;GoodsAD/drink_bottle;galad;448x448;20;20;781;0;1;0.5805;0.6037;0.7066;0.0588;0.1529;0.9274;0.076;0.9988;0.6964;42.5;13021
2026-01-27 13:22:12;GoodsAD/drink_bottle;galad;448x448;20;20;781;1;1;0.579;0.6025;0.7072;0.0541;0.1647;0.9282;0.0825;0.9983;0.6956;31.7;13021
26/01/2026 12:17;GoodsAD/drink_bottle;galad;448x448;20;20;781;2;1;0.5637;0.599;0.7084;0.0659;0.1694;0.9339;0.0924;0.9977;0.6866;26.8;11624
2026-01-27 13:22:12;GoodsAD/drink_bottle;galad;448x448;20;20;781;3;1;0.5714;0.6157;0.706;0.0682;0.1929;0.9359;0.1058;0.9982;0.6997;31.7;13021
2026-01-27 13:22:12;GoodsAD/drink_bottle;galad;448x448;20;20;781;4;1;0.566;0.5987;0.706;0.0588;0.1529;0.9357;0.0971;0.9981;0.679;32.4;13021
22/01/2026 10:05;GoodsAD/drink_bottle;galad;448x448;50;50;781;0;1;0.58;0.6092;0.7061;0.0753;0.1859;0.9292;0.0826;0.9988;0.6969;30.0;10196
2026-01-27 23:35:35;GoodsAD/drink_bottle;galad;448x448;50;50;781;1;1;0.5869;0.6112;0.7084;0.0588;0.1624;0.9326;0.0882;0.9989;0.692;68.4;13021
22/01/2026 10:05;GoodsAD/drink_bottle;galad;448x448;50;50;781;2;1;0.5777;0.6059;0.708;0.0706;0.1365;0.9337;0.0929;0.9992;0.6989;67.3;10196
2026-01-27 23:35:35;GoodsAD/drink_bottle;galad;448x448;50;50;781;3;1;0.5715;0.6147;0.7065;0.0729;0.1624;0.9382;0.1126;0.9992;0.6964;42.7;13021
22/01/2026 10:05;GoodsAD/drink_bottle;galad;448x448;50;50;781;4;1;0.5709;0.6057;0.706;0.0682;0.1741;0.9332;0.0906;0.9987;0.6901;52.6;10196
2026-01-26 16:09:45;GoodsAD/drink_can;galad;448x448;2;2;293;0;1;0.6064;0.5986;0.6667;0.1507;0.1986;0.8842;0.0874;0.9982;0.656;7.7;13021
21/01/2026 12:54;GoodsAD/drink_can;galad;448x448;2;2;293;1;1;0.5256;0.5008;0.6698;0.0274;0.0411;0.9124;0.1216;0.9998;0.637;5.0;10196
21/01/2026 12:54;GoodsAD/drink_can;galad;448x448;2;2;293;2;1;0.5991;0.5653;0.685;0.0685;0.137;0.8397;0.0683;0.9717;0.551;5.5;10196
21/01/2026 12:54;GoodsAD/drink_can;galad;448x448;2;2;293;3;1;0.5497;0.5093;0.6682;0.0137;0.0548;0.9174;0.1385;0.9964;0.5993;6.2;10196
2026-01-26 16:09:45;GoodsAD/drink_can;galad;448x448;2;2;293;4;1;0.5351;0.4974;0.6682;0.0068;0.0137;0.9135;0.1173;0.9996;0.6645;8.8;13021
21/01/2026 8:01;GoodsAD/drink_can;galad;448x448;5;5;293;0;1;0.6226;0.6192;0.6667;0.1164;0.2397;0.8898;0.0996;0.9987;0.693;10.9;7386
2026-01-26 22:37:36;GoodsAD/drink_can;galad;448x448;5;5;293;1;1;0.5867;0.5851;0.6713;0.1575;0.2192;0.9061;0.1165;0.9991;0.7077;13.8;13021
21/01/2026 8:01;GoodsAD/drink_can;galad;448x448;5;5;293;2;1;0.5864;0.5765;0.6697;0.0479;0.1712;0.899;0.1163;0.9769;0.6621;13.5;7386
2026-01-26 22:37:36;GoodsAD/drink_can;galad;448x448;5;5;293;3;1;0.5522;0.5231;0.6697;0.0342;0.0479;0.9223;0.148;0.9999;0.586;11.6;13021
21/01/2026 8:01;GoodsAD/drink_can;galad;448x448;5;5;293;4;1;0.576;0.5818;0.6651;0.137;0.1849;0.9268;0.1608;0.9996;0.6612;10.9;7386
22/01/2026 5:34;GoodsAD/drink_can;galad;448x448;10;10;293;0;1;0.6012;0.6119;0.6667;0.1507;0.226;0.9221;0.1653;0.9998;0.6966;16.7;7386
2026-01-27 05:34:27;GoodsAD/drink_can;galad;448x448;10;10;293;1;1;0.598;0.6024;0.6714;0.1644;0.2397;0.9207;0.1443;0.9997;0.6994;13.9;13021
22/01/2026 5:34;GoodsAD/drink_can;galad;448x448;10;10;293;2;1;0.5801;0.5855;0.6698;0.1301;0.2123;0.9124;0.1364;0.999;0.7101;15.7;7386
2026-01-27 05:34:27;GoodsAD/drink_can;galad;448x448;10;10;293;3;1;0.6152;0.6451;0.6682;0.2397;0.3082;0.9219;0.1554;0.9998;0.6065;17.6;13021
2026-01-27 05:34:27;GoodsAD/drink_can;galad;448x448;10;10;293;4;1;0.5847;0.5991;0.6682;0.1507;0.2055;0.9271;0.1566;0.9999;0.6474;16.4;13021
26/01/2026 12:24;GoodsAD/drink_can;galad;448x448;20;20;293;0;1;0.6166;0.626;0.6651;0.2123;0.2534;0.9227;0.1551;0.9998;0.6956;17.6;11624
26/01/2026 12:24;GoodsAD/drink_can;galad;448x448;20;20;293;1;1;0.6271;0.6436;0.6651;0.226;0.3356;0.9271;0.1538;0.9998;0.6614;21.4;11624
26/01/2026 12:24;GoodsAD/drink_can;galad;448x448;20;20;293;2;1;0.6185;0.6313;0.6682;0.2055;0.274;0.9204;0.1445;0.9997;0.7022;33.7;11624
26/01/2026 12:24;GoodsAD/drink_can;galad;448x448;20;20;293;3;1;0.6092;0.6111;0.6651;0.1575;0.2397;0.9203;0.1321;0.9969;0.6362;27.8;11624
2026-01-27 13:33:55;GoodsAD/drink_can;galad;448x448;20;20;293;4;1;0.6173;0.6331;0.6682;0.1986;0.2671;0.926;0.1477;0.9999;0.6899;24.9;13021
2026-01-27 23:50:50;GoodsAD/drink_can;galad;448x448;50;50;293;0;1;0.5999;0.6105;0.6651;0.1507;0.226;0.9076;0.1185;0.9998;0.675;86.5;13021
2026-01-27 23:50:50;GoodsAD/drink_can;galad;448x448;50;50;293;1;1;0.6051;0.6146;0.6682;0.1507;0.2192;0.9086;0.1175;0.9997;0.6648;97.0;13021
22/01/2026 10:15;GoodsAD/drink_can;galad;448x448;50;50;293;2;1;0.5858;0.5928;0.6651;0.1301;0.2192;0.9105;0.1186;0.9995;0.6471;45.2;10196
2026-01-27 23:50:50;GoodsAD/drink_can;galad;448x448;50;50;293;3;1;0.6125;0.6105;0.6667;0.137;0.2534;0.9064;0.1168;0.9995;0.6804;48.8;13021
2026-01-27 23:50:50;GoodsAD/drink_can;galad;448x448;50;50;293;4;1;0.5787;0.5821;0.6667;0.1438;0.2123;0.9114;0.118;0.9997;0.6503;81.8;13021
2026-01-26 16:28:17;GoodsAD/food_bottle;galad;448x448;2;2;604;0;1;0.4932;0.5799;0.7598;0.036;0.0609;0.9038;0.0849;0.9905;0.6208;13.7;13021
21/01/2026 13:23;GoodsAD/food_bottle;galad;448x448;2;2;604;1;1;0.5693;0.672;0.7497;0.0859;0.1773;0.9029;0.0776;0.9523;0.5919;12.6;10196
2026-01-26 16:28:17;GoodsAD/food_bottle;galad;448x448;2;2;604;2;1;0.5644;0.6429;0.7547;0.0609;0.1385;0.9327;0.1634;0.9935;0.6775;13.5;13021
2026-01-26 16:28:17;GoodsAD/food_bottle;galad;448x448;2;2;604;3;1;0.5198;0.6193;0.7497;0.0526;0.097;0.9346;0.1445;0.995;0.6518;13.7;13021
21/01/2026 13:23;GoodsAD/food_bottle;galad;448x448;2;2;604;4;1;0.5374;0.6616;0.7497;0.1247;0.1551;0.9088;0.0759;0.9323;0.5719;11.5;10196
21/01/2026 8:55;GoodsAD/food_bottle;galad;448x448;5;5;604;0;1;0.6165;0.6998;0.7615;0.1551;0.2244;0.9437;0.2867;0.9925;0.7522;17.7;7386
2026-01-26 22:56:35;GoodsAD/food_bottle;galad;448x448;5;5;604;1;1;0.5876;0.6867;0.7521;0.108;0.1773;0.934;0.1566;0.9921;0.6875;21.0;13021
2026-01-26 22:56:35;GoodsAD/food_bottle;galad;448x448;5;5;604;2;1;0.5708;0.6695;0.7505;0.1108;0.1662;0.9204;0.1212;0.9883;0.6268;19.5;13021
21/01/2026 8:55;GoodsAD/food_bottle;galad;448x448;5;5;604;3;1;0.5664;0.6688;0.7505;0.0914;0.1385;0.9435;0.1951;0.9903;0.6783;18.9;7386
2026-01-26 22:56:35;GoodsAD/food_bottle;galad;448x448;5;5;604;4;1;0.5315;0.6386;0.7482;0.0776;0.1247;0.9481;0.1831;0.9785;0.651;17.1;13021
2026-01-27 05:54:01;GoodsAD/food_bottle;galad;448x448;10;10;604;0;1;0.6121;0.7099;0.7537;0.144;0.2133;0.9521;0.3041;0.9947;0.7284;21.8;13021
22/01/2026 6:30;GoodsAD/food_bottle;galad;448x448;10;10;604;1;1;0.546;0.6629;0.7484;0.108;0.1468;0.9432;0.1923;0.979;0.6916;25.4;7386
22/01/2026 6:30;GoodsAD/food_bottle;galad;448x448;10;10;604;2;1;0.5811;0.6904;0.7497;0.133;0.2161;0.9357;0.1721;0.993;0.6502;23.4;7386
22/01/2026 6:30;GoodsAD/food_bottle;galad;448x448;10;10;604;3;1;0.5882;0.6782;0.7482;0.0831;0.1579;0.947;0.2522;0.9904;0.6964;31.9;7386
22/01/2026 6:30;GoodsAD/food_bottle;galad;448x448;10;10;604;4;1;0.5537;0.6453;0.7482;0.0526;0.1108;0.9273;0.124;0.9387;0.6129;20.8;7386
2026-01-27 13:55:29;GoodsAD/food_bottle;galad;448x448;20;20;604;0;1;0.6181;0.7067;0.7595;0.1247;0.1994;0.9498;0.3104;0.9934;0.7112;37.4;13021
26/01/2026 12:35;GoodsAD/food_bottle;galad;448x448;20;20;604;1;1;0.5986;0.7094;0.75;0.1579;0.2244;0.9487;0.2837;0.9859;0.6881;24.7;11624
2026-01-27 13:55:29;GoodsAD/food_bottle;galad;448x448;20;20;604;2;1;0.5578;0.6749;0.75;0.1136;0.205;0.9445;0.1925;0.9934;0.6894;28.7;13021
2026-01-27 13:55:29;GoodsAD/food_bottle;galad;448x448;20;20;604;3;1;0.5837;0.6755;0.7492;0.0831;0.1634;0.9469;0.2307;0.9916;0.695;27.8;13021
2026-01-27 13:55:29;GoodsAD/food_bottle;galad;448x448;20;20;604;4;1;0.5599;0.6565;0.7492;0.0942;0.2133;0.9318;0.1539;0.9826;0.645;33.5;13021
2026-01-28 00:17:33;GoodsAD/food_bottle;galad;448x448;50;50;604;0;1;0.5854;0.684;0.7534;0.1357;0.1856;0.9303;0.1496;0.9932;0.6682;108.4;13021
22/01/2026 10:31;GoodsAD/food_bottle;galad;448x448;50;50;604;1;1;0.5955;0.6869;0.7508;0.097;0.2216;0.9313;0.1569;0.9921;0.674;94.2;10196
2026-01-28 00:17:33;GoodsAD/food_bottle;galad;448x448;50;50;604;2;1;0.6164;0.7087;0.7597;0.1607;0.2604;0.9336;0.1704;0.9952;0.6939;100.5;13021
2026-01-28 00:17:33;GoodsAD/food_bottle;galad;448x448;50;50;604;3;1;0.5942;0.6995;0.7526;0.169;0.2382;0.9304;0.1456;0.9937;0.6774;125.4;13021
22/01/2026 10:31;GoodsAD/food_bottle;galad;448x448;50;50;604;4;1;0.5831;0.7064;0.7482;0.1773;0.2521;0.9343;0.1695;0.9932;0.66;58.0;10196
21/01/2026 13:42;GoodsAD/food_box;galad;448x448;2;2;397;0;1;0.6255;0.7377;0.7776;0.1235;0.2032;0.9301;0.1557;0.9692;0.6952;9.7;10196
2026-01-26 16:40:57;GoodsAD/food_box;galad;448x448;2;2;397;1;1;0.5979;0.7044;0.7806;0.1116;0.2032;0.8447;0.0326;0.9782;0.5666;9.7;13021
2026-01-26 16:40:57;GoodsAD/food_box;galad;448x448;2;2;397;2;1;0.6021;0.7257;0.7867;0.1355;0.1912;0.8818;0.0525;0.9961;0.5933;11.0;13021
2026-01-26 16:40:57;GoodsAD/food_box;galad;448x448;2;2;397;3;1;0.5928;0.691;0.7813;0.0837;0.1594;0.8702;0.0379;0.9982;0.639;10.9;13021
21/01/2026 13:42;GoodsAD/food_box;galad;448x448;2;2;397;4;1;0.5921;0.7026;0.7759;0.1036;0.1474;0.8504;0.0363;0.9655;0.6012;8.8;10196
21/01/2026 9:33;GoodsAD/food_box;galad;448x448;5;5;397;0;1;0.6268;0.7346;0.7771;0.1116;0.1952;0.9275;0.173;0.9945;0.735;12.3;7386
2026-01-26 23:09:25;GoodsAD/food_box;galad;448x448;5;5;397;1;1;0.6063;0.7009;0.7793;0.0797;0.1394;0.9018;0.0626;0.9959;0.6575;14.8;13021
2026-01-26 23:09:25;GoodsAD/food_box;galad;448x448;5;5;397;2;1;0.627;0.7159;0.7752;0.0956;0.1594;0.9075;0.0867;0.9983;0.6688;11.5;13021
2026-01-26 23:09:25;GoodsAD/food_box;galad;448x448;5;5;397;3;1;0.6121;0.7049;0.7807;0.0757;0.1952;0.9041;0.065;0.9978;0.6679;13.2;13021
21/01/2026 9:33;GoodsAD/food_box;galad;448x448;5;5;397;4;1;0.6406;0.7325;0.7816;0.0757;0.1833;0.9145;0.099;0.9963;0.7111;11.9;7386
2026-01-27 06:07:26;GoodsAD/food_box;galad;448x448;10;10;397;0;1;0.5628;0.6901;0.7776;0.0916;0.1275;0.8982;0.0542;0.9637;0.6457;18.0;13021
2026-01-27 06:07:26;GoodsAD/food_box;galad;448x448;10;10;397;1;1;0.6271;0.7272;0.7764;0.1275;0.1713;0.9312;0.1692;0.9959;0.6996;21.3;13021
2026-01-27 06:07:26;GoodsAD/food_box;galad;448x448;10;10;397;2;1;0.6043;0.7107;0.7747;0.0916;0.1912;0.9214;0.0922;0.9987;0.699;19.3;13021
22/01/2026 7:10;GoodsAD/food_box;galad;448x448;10;10;397;3;1;0.6107;0.7097;0.7851;0.0797;0.1633;0.8864;0.0455;0.9923;0.6479;20.4;7386
2026-01-27 06:07:26;GoodsAD/food_box;galad;448x448;10;10;397;4;1;0.6294;0.7182;0.798;0.0876;0.1912;0.8944;0.0557;0.9942;0.6385;23.1;13021
2026-01-27 14:10:44;GoodsAD/food_box;galad;448x448;20;20;397;0;1;0.6092;0.7265;0.7795;0.1594;0.2311;0.8872;0.0502;0.9976;0.645;22.1;13021
26/01/2026 12:43;GoodsAD/food_box;galad;448x448;20;20;397;1;1;0.6179;0.7068;0.7787;0.0717;0.1355;0.911;0.1037;0.9921;0.6609;18.9;11624
26/01/2026 12:43;GoodsAD/food_box;galad;448x448;20;20;397;2;1;0.6011;0.7033;0.7896;0.0837;0.1713;0.8869;0.0473;0.9939;0.6108;25.4;11624
2026-01-27 14:10:44;GoodsAD/food_box;galad;448x448;20;20;397;3;1;0.6182;0.7072;0.7872;0.0916;0.1474;0.8802;0.0428;0.9983;0.6365;35.1;13021
26/01/2026 12:43;GoodsAD/food_box;galad;448x448;20;20;397;4;1;0.6137;0.7074;0.7885;0.0797;0.1434;0.886;0.0493;0.9951;0.6215;26.9;11624
22/01/2026 10:41;GoodsAD/food_box;galad;448x448;50;50;397;0;1;0.6061;0.7202;0.7885;0.1315;0.1673;0.8806;0.0451;0.9978;0.6268;46.7;10196
2026-01-28 00:34:02;GoodsAD/food_box;galad;448x448;50;50;397;1;1;0.5915;0.7012;0.7807;0.0598;0.1952;0.8797;0.0453;0.9951;0.6128;54.9;13021
22/01/2026 10:41;GoodsAD/food_box;galad;448x448;50;50;397;2;1;0.6042;0.6982;0.7872;0.0518;0.1713;0.8812;0.0448;0.9968;0.6164;37.6;10196
2026-01-28 00:34:02;GoodsAD/food_box;galad;448x448;50;50;397;3;1;0.603;0.7086;0.791;0.0637;0.1873;0.8824;0.046;0.9972;0.6333;44.4;13021
2026-01-28 00:34:02;GoodsAD/food_box;galad;448x448;50;50;397;4;1;0.6031;0.7057;0.7886;0.0757;0.1992;0.8824;0.0463;0.9965;0.6274;40.3;13021
21/01/2026 14:05;GoodsAD/food_package;galad;448x448;2;2;483;0;1;0.5419;0.509;0.6452;0.0565;0.0913;0.8914;0.0253;0.8923;0.5483;10.1;10196
21/01/2026 14:05;GoodsAD/food_package;galad;448x448;2;2;483;1;1;0.5321;0.4966;0.647;0.0391;0.1217;0.9228;0.0402;0.9753;0.6326;10.8;10196
2026-01-26 16:55:00;GoodsAD/food_package;galad;448x448;2;2;483;2;1;0.5217;0.4978;0.6461;0.0391;0.1348;0.9287;0.0522;0.8965;0.5464;11.3;13021
21/01/2026 14:05;GoodsAD/food_package;galad;448x448;2;2;483;3;1;0.533;0.5366;0.6461;0.087;0.1478;0.9234;0.0687;0.9389;0.5372;9.2;10196
2026-01-26 16:55:00;GoodsAD/food_package;galad;448x448;2;2;483;4;1;0.5525;0.5328;0.6478;0.0739;0.1435;0.9303;0.0653;0.9632;0.6396;11.6;13021
21/01/2026 10:14;GoodsAD/food_package;galad;448x448;5;5;483;0;1;0.5488;0.5074;0.6469;0.0435;0.0913;0.9414;0.0637;0.9816;0.6445;15.7;7386
2026-01-26 23:23:58;GoodsAD/food_package;galad;448x448;5;5;483;1;1;0.516;0.4881;0.6478;0.0391;0.0957;0.9337;0.06;0.9547;0.5645;19.4;13021
2026-01-26 23:23:58;GoodsAD/food_package;galad;448x448;5;5;483;2;1;0.527;0.5163;0.6479;0.0609;0.1522;0.9358;0.0761;0.9464;0.5825;18.9;13021
2026-01-26 23:23:58;GoodsAD/food_package;galad;448x448;5;5;483;3;1;0.5331;0.534;0.6475;0.087;0.1783;0.9283;0.0709;0.9848;0.6262;21.3;13021
2026-01-26 23:23:58;GoodsAD/food_package;galad;448x448;5;5;483;4;1;0.5323;0.5295;0.6492;0.1;0.1609;0.9378;0.111;0.9605;0.5798;15.5;13021
22/01/2026 7:53;GoodsAD/food_package;galad;448x448;10;10;483;0;1;0.5247;0.4981;0.646;0.0478;0.1;0.9338;0.0743;0.8921;0.5736;18.2;7386
2026-01-27 06:22:06;GoodsAD/food_package;galad;448x448;10;10;483;1;1;0.5302;0.5007;0.6479;0.0391;0.1348;0.9386;0.0634;0.904;0.571;21.7;13021
2026-01-27 06:22:06;GoodsAD/food_package;galad;448x448;10;10;483;2;1;0.5473;0.5447;0.6479;0.0957;0.1652;0.9474;0.1373;0.9573;0.6387;20.6;13021
2026-01-27 06:22:06;GoodsAD/food_package;galad;448x448;10;10;483;3;1;0.5448;0.5364;0.6478;0.0913;0.1565;0.9435;0.1068;0.9495;0.6307;20.0;13021
2026-01-27 06:22:06;GoodsAD/food_package;galad;448x448;10;10;483;4;1;0.5447;0.517;0.647;0.1043;0.1261;0.9218;0.0387;0.9583;0.5929;19.3;13021
26/01/2026 12:52;GoodsAD/food_package;galad;448x448;20;20;483;0;1;0.547;0.5265;0.6504;0.0739;0.1478;0.9424;0.093;0.9244;0.6224;33.5;11624
2026-01-27 14:27:58;GoodsAD/food_package;galad;448x448;20;20;483;1;1;0.5462;0.5192;0.6458;0.0609;0.1391;0.9398;0.083;0.916;0.5948;31.3;13021
2026-01-27 14:27:58;GoodsAD/food_package;galad;448x448;20;20;483;2;1;0.5435;0.5205;0.6472;0.0696;0.1609;0.9254;0.0444;0.9152;0.5756;47.5;13021
2026-01-27 14:27:58;GoodsAD/food_package;galad;448x448;20;20;483;3;1;0.5199;0.4966;0.6477;0.0783;0.1087;0.928;0.0444;0.913;0.5837;44.2;13021
26/01/2026 12:52;GoodsAD/food_package;galad;448x448;20;20;483;4;1;0.5445;0.5403;0.647;0.087;0.2087;0.9388;0.0672;0.9518;0.5916;22.8;11624
22/01/2026 10:51;GoodsAD/food_package;galad;448x448;50;50;483;0;1;0.5429;0.5189;0.6487;0.0913;0.1652;0.9407;0.0851;0.9232;0.6076;31.7;10196
22/01/2026 10:51;GoodsAD/food_package;galad;448x448;50;50;483;1;1;0.5424;0.5141;0.647;0.0609;0.1435;0.9389;0.0773;0.9223;0.6012;32.1;10196
2026-01-28 00:51:44;GoodsAD/food_package;galad;448x448;50;50;483;2;1;0.5396;0.5289;0.6479;0.0913;0.1478;0.9452;0.1117;0.9542;0.6344;39.3;13021
2026-01-28 00:51:44;GoodsAD/food_package;galad;448x448;50;50;483;3;1;0.5333;0.5053;0.6478;0.0478;0.1217;0.94;0.0855;0.9301;0.6081;36.8;13021
22/01/2026 10:51;GoodsAD/food_package;galad;448x448;50;50;483;4;1;0.5424;0.5148;0.6478;0.0652;0.1435;0.9232;0.0445;0.9134;0.5768;39.9;10196
2026-01-26 13:56:52;VisA/candle;galad;448x448;2;2;200;0;1;0.778;0.8131;0.7431;0.41;0.5;0.9919;0.389;0.9844;0.8338;5.4;13021
20/01/2026 21:11;VisA/candle;galad;448x448;2;2;200;1;1;0.5285;0.5679;0.6667;0.12;0.16;0.9393;0.0113;0.983;0.7406;19.5;7386
2026-01-26 13:56:52;VisA/candle;galad;448x448;2;2;200;2;1;0.8672;0.8771;0.8;0.56;0.62;0.9929;0.3298;0.9844;0.9139;6.2;13021
2026-01-26 13:56:52;VisA/candle;galad;448x448;2;2;200;3;1;0.9375;0.9352;0.8705;0.76;0.84;0.9948;0.3748;0.9922;0.8538;5.7;13021
2026-01-26 13:56:52;VisA/candle;galad;448x448;2;2;200;4;1;0.9316;0.9303;0.8598;0.66;0.76;0.9932;0.4192;0.9872;0.87;6.3;13021
2026-01-26 20:20:24;VisA/candle;galad;448x448;5;5;200;0;1;0.9302;0.9111;0.8731;0.73;0.82;0.9961;0.3515;0.9969;0.8465;8.4;13021
2026-01-26 20:20:24;VisA/candle;galad;448x448;5;5;200;1;1;0.9423;0.9217;0.899;0.77;0.89;0.9955;0.3446;0.9944;0.8071;7.6;13021
20/01/2026 20:31;VisA/candle;galad;448x448;5;5;200;2;1;0.9252;0.9005;0.8673;0.78;0.82;0.9963;0.3839;0.9974;0.9519;10.4;7386
2026-01-26 20:20:24;VisA/candle;galad;448x448;5;5;200;3;1;0.9413;0.9232;0.894;0.69;0.83;0.9957;0.3814;0.9966;0.9346;7.9;13021
20/01/2026 20:31;VisA/candle;galad;448x448;5;5;200;4;1;0.9443;0.9169;0.8858;0.74;0.85;0.996;0.4152;0.9966;0.9097;10.0;7386
21/01/2026 19:18;VisA/candle;galad;448x448;10;10;200;0;1;0.9443;0.9125;0.892;0.81;0.86;0.9959;0.4125;0.9969;0.9325;14.0;7386
2026-01-27 03:06:10;VisA/candle;galad;448x448;10;10;200;1;1;0.943;0.9084;0.9048;0.67;0.87;0.9964;0.3725;0.9974;0.8669;24.3;13021
21/01/2026 19:18;VisA/candle;galad;448x448;10;10;200;2;1;0.9201;0.8893;0.8785;0.64;0.73;0.9959;0.3842;0.9963;0.849;15.1;7386
21/01/2026 19:18;VisA/candle;galad;448x448;10;10;200;3;1;0.949;0.9224;0.9135;0.74;0.87;0.9962;0.4125;0.9967;0.8679;12.4;7386
21/01/2026 19:18;VisA/candle;galad;448x448;10;10;200;4;1;0.9522;0.9212;0.9091;0.77;0.89;0.9961;0.3893;0.9974;0.858;12.5;7386
2026-01-27 10:40:10;VisA/candle;galad;448x448;20;20;200;0;1;0.9408;0.8877;0.8981;0.76;0.84;0.9948;0.3628;0.9969;0.9697;44.5;13021
26/01/2026 10:39;VisA/candle;galad;448x448;20;20;200;1;1;0.9475;0.9075;0.9023;0.73;0.88;0.9956;0.3774;0.9969;0.977;42.3;11624
26/01/2026 10:39;VisA/candle;galad;448x448;20;20;200;2;1;0.9362;0.8789;0.8962;0.7;0.83;0.9953;0.3129;0.9984;0.9498;37.8;11624
2026-01-27 10:40:10;VisA/candle;galad;448x448;20;20;200;3;1;0.9525;0.9159;0.9192;0.72;0.92;0.9958;0.3988;0.9967;0.8784;42.1;13021
26/01/2026 10:39;VisA/candle;galad;448x448;20;20;200;4;1;0.9506;0.9038;0.9137;0.78;0.91;0.9956;0.3765;0.9967;0.9537;38.1;11624
2026-01-27 20:12:49;VisA/candle;galad;448x448;50;50;200;0;1;0.9425;0.899;0.9091;0.7;0.81;0.9951;0.3419;0.9967;0.8728;79.9;13021
2026-01-27 20:12:49;VisA/candle;galad;448x448;50;50;200;1;1;0.9429;0.8881;0.9057;0.75;0.87;0.9952;0.3794;0.9969;0.8633;73.5;13021
22/01/2026 2:15;VisA/candle;galad;448x448;50;50;200;2;1;0.9359;0.8838;0.8867;0.69;0.87;0.9951;0.3813;0.9969;0.9071;54.8;10196
2026-01-27 20:12:49;VisA/candle;galad;448x448;50;50;200;3;1;0.9405;0.8893;0.8972;0.7;0.88;0.9952;0.3451;0.9969;0.9248;65.4;13021
2026-01-27 20:12:49;VisA/candle;galad;448x448;50;50;200;4;1;0.9359;0.88;0.8857;0.72;0.84;0.995;0.3006;0.9969;0.9305;78.4;13021
20/01/2026 21:40;VisA/capsules;galad;448x448;2;2;160;0;1;0.688;0.8175;0.7722;0.46;0.51;0.995;0.5833;0.995;0.8961;15.0;7386
20/01/2026 21:40;VisA/capsules;galad;448x448;2;2;160;1;1;0.9122;0.9283;0.8818;0.68;0.77;0.9962;0.5872;0.995;0.8202;16.4;7386
20/01/2026 21:40;VisA/capsules;galad;448x448;2;2;160;2;1;0.9257;0.9385;0.9036;0.65;0.8;0.9955;0.4826;0.995;0.9064;23.6;7386
2026-01-26 14:01:18;VisA/capsules;galad;448x448;2;2;160;3;1;0.7905;0.8655;0.7948;0.56;0.61;0.9939;0.5668;0.995;0.9503;5.0;13021
2026-01-26 14:01:18;VisA/capsules;galad;448x448;2;2;160;4;1;0.755;0.8378;0.7755;0.43;0.47;0.9941;0.561;0.995;0.9693;5.0;13021
2026-01-26 20:25:10;VisA/capsules;galad;448x448;5;5;160;0;1;0.8043;0.8707;0.8;0.58;0.62;0.9959;0.609;0.995;0.9254;8.3;13021
2026-01-26 20:25:10;VisA/capsules;galad;448x448;5;5;160;1;1;0.925;0.9484;0.9016;0.7;0.87;0.9923;0.2467;1.0;0.9033;12.5;13021
20/01/2026 20:48;VisA/capsules;galad;448x448;5;5;160;2;1;0.9028;0.9201;0.8857;0.55;0.79;0.9953;0.5335;0.995;0.9676;10.0;7386
2026-01-26 20:25:10;VisA/capsules;galad;448x448;5;5;160;3;1;0.8675;0.9128;0.8473;0.58;0.68;0.9932;0.3171;0.995;0.7945;12.4;13021
20/01/2026 20:48;VisA/capsules;galad;448x448;5;5;160;4;1;0.7865;0.8599;0.7982;0.49;0.55;0.9955;0.5732;0.995;0.9719;11.5;7386
2026-01-27 03:11:59;VisA/capsules;galad;448x448;10;10;160;0;1;0.8365;0.9017;0.8213;0.65;0.7;0.9935;0.3566;0.995;0.7688;20.3;13021
21/01/2026 19:35;VisA/capsules;galad;448x448;10;10;160;1;1;0.9123;0.9416;0.901;0.69;0.76;0.9904;0.2137;0.995;0.9019;20.2;7386
21/01/2026 19:35;VisA/capsules;galad;448x448;10;10;160;2;1;0.9322;0.9477;0.9151;0.69;0.74;0.9898;0.2006;0.995;0.7659;25.5;7386
21/01/2026 19:35;VisA/capsules;galad;448x448;10;10;160;3;1;0.8847;0.9275;0.8627;0.69;0.72;0.9904;0.2402;0.995;0.7819;24.4;7386
21/01/2026 19:35;VisA/capsules;galad;448x448;10;10;160;4;1;0.9203;0.9427;0.9026;0.71;0.87;0.9923;0.2953;0.995;0.9106;25.5;7386
26/01/2026 10:44;VisA/capsules;galad;448x448;20;20;160;0;1;0.8988;0.9365;0.8824;0.74;0.78;0.9918;0.2883;0.995;0.8074;40.8;11624
2026-01-27 10:47:28;VisA/capsules;galad;448x448;20;20;160;1;1;0.8953;0.9257;0.8756;0.67;0.77;0.9921;0.2806;0.995;0.9463;47.6;13021
2026-01-27 10:47:28;VisA/capsules;galad;448x448;20;20;160;2;1;0.906;0.938;0.89;0.68;0.74;0.9907;0.225;0.995;0.7858;37.0;13021
26/01/2026 10:44;VisA/capsules;galad;448x448;20;20;160;3;1;0.91;0.9428;0.8807;0.74;0.75;0.9914;0.2456;0.995;0.9595;38.9;11624
2026-01-27 10:47:28;VisA/capsules;galad;448x448;20;20;160;4;1;0.917;0.9445;0.8945;0.72;0.79;0.9928;0.3;0.995;0.9092;30.5;13021
22/01/2026 2:38;VisA/capsules;galad;448x448;50;50;160;0;1;0.9063;0.9406;0.8835;0.75;0.77;0.9918;0.2648;0.995;0.8868;52.1;10196
22/01/2026 2:38;VisA/capsules;galad;448x448;50;50;160;1;1;0.9065;0.9388;0.878;0.74;0.77;0.992;0.2679;0.995;0.9304;39.5;10196
22/01/2026 2:38;VisA/capsules;galad;448x448;50;50;160;2;1;0.8993;0.9361;0.8687;0.75;0.77;0.9913;0.2471;0.995;0.9418;48.5;10196
2026-01-27 20:21:16;VisA/capsules;galad;448x448;50;50;160;3;1;0.9118;0.9435;0.8889;0.75;0.8;0.9924;0.2921;0.995;0.925;52.6;13021
2026-01-27 20:21:16;VisA/capsules;galad;448x448;50;50;160;4;1;0.9178;0.9451;0.898;0.75;0.82;0.9924;0.2894;0.995;0.8208;58.1;13021
20/01/2026 22:07;VisA/cashew;galad;448x448;2;2;150;0;1;0.897;0.9435;0.8879;0.48;0.6;0.9921;0.6275;1.0;0.969;15.9;7386
20/01/2026 22:07;VisA/cashew;galad;448x448;2;2;150;1;1;0.9048;0.952;0.8878;0.59;0.74;0.983;0.578;1.0;0.9196;17.5;7386
2026-01-26 14:05:25;VisA/cashew;galad;448x448;2;2;150;2;1;0.601;0.7618;0.8115;0.15;0.22;0.949;0.2577;1.0;0.7528;4.9;13021
2026-01-26 14:05:25;VisA/cashew;galad;448x448;2;2;150;3;1;0.9328;0.9577;0.9202;0.7;0.83;0.9941;0.6848;1.0;0.9732;5.0;13021
2026-01-26 14:05:25;VisA/cashew;galad;448x448;2;2;150;4;1;0.9042;0.9509;0.8778;0.69;0.74;0.9933;0.6608;1.0;0.9745;4.4;13021
20/01/2026 21:03;VisA/cashew;galad;448x448;5;5;150;0;1;0.943;0.9648;0.932;0.66;0.82;0.9936;0.6507;1.0;0.9268;30.9;7386
20/01/2026 21:03;VisA/cashew;galad;448x448;5;5;150;1;1;0.9344;0.9586;0.9353;0.52;0.79;0.9936;0.6672;1.0;0.9075;33.8;7386
2026-01-26 20:29:31;VisA/cashew;galad;448x448;5;5;150;2;1;0.9282;0.9538;0.9296;0.55;0.81;0.9933;0.6657;1.0;0.9243;6.9;13021
20/01/2026 21:03;VisA/cashew;galad;448x448;5;5;150;3;1;0.9418;0.9678;0.9268;0.65;0.76;0.9941;0.6515;1.0;0.9294;13.5;7386
20/01/2026 21:03;VisA/cashew;galad;448x448;5;5;150;4;1;0.9278;0.9536;0.9245;0.64;0.78;0.9935;0.6586;1.0;0.9839;9.9;7386
21/01/2026 19:50;VisA/cashew;galad;448x448;10;10;150;0;1;0.9516;0.9656;0.9333;0.82;0.91;0.9947;0.6859;1.0;0.8976;15.5;7386
21/01/2026 19:50;VisA/cashew;galad;448x448;10;10;150;1;1;0.9454;0.965;0.9353;0.62;0.9;0.9944;0.6901;1.0;0.9293;14.2;7386
21/01/2026 19:50;VisA/cashew;galad;448x448;10;10;150;2;1;0.9274;0.9481;0.9275;0.49;0.82;0.9926;0.6523;1.0;0.9801;24.1;7386
21/01/2026 19:50;VisA/cashew;galad;448x448;10;10;150;3;1;0.9516;0.9621;0.9372;0.77;0.87;0.995;0.7071;1.0;0.9315;13.5;7386
21/01/2026 19:50;VisA/cashew;galad;448x448;10;10;150;4;1;0.9486;0.9683;0.9314;0.63;0.86;0.9934;0.6686;1.0;0.9502;14.7;7386
26/01/2026 10:49;VisA/cashew;galad;448x448;20;20;150;0;1;0.9494;0.9613;0.9406;0.75;0.85;0.9942;0.6865;1.0;0.9442;26.3;11624
26/01/2026 10:49;VisA/cashew;galad;448x448;20;20;150;1;1;0.9472;0.9628;0.9282;0.82;0.87;0.9946;0.6861;1.0;0.8599;42.2;11624
2026-01-27 10:54:00;VisA/cashew;galad;448x448;20;20;150;2;1;0.9312;0.9514;0.9194;0.56;0.82;0.9936;0.6825;1.0;0.921;39.5;13021
26/01/2026 10:49;VisA/cashew;galad;448x448;20;20;150;3;1;0.9464;0.9598;0.94;0.7;0.85;0.9943;0.6847;1.0;0.8745;36.5;11624
26/01/2026 10:49;VisA/cashew;galad;448x448;20;20;150;4;1;0.952;0.9642;0.9463;0.8;0.86;0.9941;0.6738;1.0;0.8941;24.4;11624
2026-01-27 20:28:56;VisA/cashew;galad;448x448;50;50;150;0;1;0.9486;0.9599;0.936;0.79;0.9;0.9942;0.6875;1.0;0.8441;39.5;13021
2026-01-27 20:28:56;VisA/cashew;galad;448x448;50;50;150;1;1;0.9538;0.9681;0.9412;0.83;0.88;0.9946;0.6882;1.0;0.888;49.0;13021
2026-01-27 20:28:56;VisA/cashew;galad;448x448;50;50;150;2;1;0.949;0.9631;0.936;0.83;0.89;0.9946;0.7013;1.0;0.9267;46.0;13021
22/01/2026 2:59;VisA/cashew;galad;448x448;50;50;150;3;1;0.9484;0.9641;0.936;0.76;0.9;0.9947;0.6948;1.0;0.9453;72.8;10196
22/01/2026 2:59;VisA/cashew;galad;448x448;50;50;150;4;1;0.9486;0.962;0.9372;0.77;0.89;0.9944;0.6811;1.0;0.8391;39.3;10196
2026-01-26 14:11:47;VisA/chewinggum;galad;448x448;2;2;150;0;1;0.9764;0.9874;0.9447;0.91;0.94;0.9944;0.7106;0.9964;0.7845;4.5;13021
2026-01-26 14:11:47;VisA/chewinggum;galad;448x448;2;2;150;1;1;0.9584;0.9785;0.9378;0.76;0.87;0.9963;0.7332;1.0;0.866;4.4;13021
2026-01-26 14:11:47;VisA/chewinggum;galad;448x448;2;2;150;2;1;0.9432;0.9718;0.9208;0.81;0.85;0.9962;0.6599;1.0;0.9802;4.7;13021
2026-01-26 14:11:47;VisA/chewinggum;galad;448x448;2;2;150;3;1;0.968;0.9838;0.9543;0.93;0.94;0.9962;0.6949;1.0;0.9185;4.8;13021
2026-01-26 14:11:47;VisA/chewinggum;galad;448x448;2;2;150;4;1;0.9644;0.9811;0.9372;0.82;0.91;0.9946;0.6596;1.0;0.8821;4.8;13021
2026-01-26 20:36:01;VisA/chewinggum;galad;448x448;5;5;150;0;1;0.9808;0.989;0.9648;0.92;0.96;0.9957;0.73;1.0;0.7735;6.3;13021
2026-01-26 20:36:01;VisA/chewinggum;galad;448x448;5;5;150;1;1;0.9756;0.9863;0.951;0.89;0.94;0.9956;0.7009;1.0;0.7593;6.6;13021
2026-01-26 20:36:01;VisA/chewinggum;galad;448x448;5;5;150;2;1;0.9752;0.9861;0.9604;0.87;0.97;0.9955;0.7089;1.0;0.9476;6.5;13021
20/01/2026 21:29;VisA/chewinggum;galad;448x448;5;5;150;3;1;0.9708;0.9843;0.95;0.91;0.95;0.9955;0.7235;1.0;0.7846;10.7;7386
2026-01-26 20:36:01;VisA/chewinggum;galad;448x448;5;5;150;4;1;0.9572;0.9771;0.9275;0.76;0.88;0.9952;0.6838;1.0;0.7983;7.3;13021
2026-01-27 03:24:41;VisA/chewinggum;galad;448x448;10;10;150;0;1;0.9792;0.9888;0.9604;0.91;0.97;0.9956;0.7396;1.0;0.902;10.7;13021
21/01/2026 20:13;VisA/chewinggum;galad;448x448;10;10;150;1;1;0.972;0.9852;0.9463;0.88;0.93;0.9953;0.7109;1.0;0.9086;22.7;7386
21/01/2026 20:13;VisA/chewinggum;galad;448x448;10;10;150;2;1;0.9744;0.9869;0.9561;0.85;0.95;0.9957;0.7302;1.0;0.8202;19.9;7386
2026-01-27 03:24:41;VisA/chewinggum;galad;448x448;10;10;150;3;1;0.967;0.9818;0.9557;0.81;0.92;0.9956;0.7274;1.0;0.7364;16.9;13021
21/01/2026 20:13;VisA/chewinggum;galad;448x448;10;10;150;4;1;0.9694;0.9842;0.9515;0.8;0.92;0.9952;0.738;1.0;0.8385;15.5;7386
2026-01-27 11:03:24;VisA/chewinggum;galad;448x448;20;20;150;0;1;0.9752;0.9866;0.96;0.92;0.96;0.9953;0.7387;0.9972;0.7484;46.5;13021
26/01/2026 10:55;VisA/chewinggum;galad;448x448;20;20;150;1;1;0.9666;0.9834;0.9548;0.88;0.95;0.9953;0.741;0.9998;0.9142;39.0;11624
2026-01-27 11:03:24;VisA/chewinggum;galad;448x448;20;20;150;2;1;0.9728;0.9866;0.9538;0.93;0.94;0.9953;0.7353;0.9982;0.8991;37.5;13021
2026-01-27 11:03:24;VisA/chewinggum;galad;448x448;20;20;150;3;1;0.9682;0.9841;0.95;0.89;0.95;0.995;0.727;0.9973;0.8133;38.3;13021
26/01/2026 10:55;VisA/chewinggum;galad;448x448;20;20;150;4;1;0.969;0.9841;0.9548;0.82;0.95;0.9957;0.7444;1.0;0.8628;42.4;11624
22/01/2026 3:26;VisA/chewinggum;galad;448x448;50;50;150;0;1;0.9742;0.9861;0.9552;0.93;0.96;0.9947;0.7026;0.9971;0.7887;41.2;10196
2026-01-27 20:39:21;VisA/chewinggum;galad;448x448;50;50;150;1;1;0.969;0.9848;0.9596;0.89;0.95;0.9948;0.7338;0.9953;0.782;50.9;13021
22/01/2026 3:26;VisA/chewinggum;galad;448x448;50;50;150;2;1;0.9714;0.9859;0.9548;0.9;0.95;0.9953;0.7485;0.998;0.9145;51.7;10196
22/01/2026 3:26;VisA/chewinggum;galad;448x448;50;50;150;3;1;0.9704;0.9852;0.9495;0.91;0.94;0.9952;0.7486;0.9978;0.8584;49.1;10196
22/01/2026 3:26;VisA/chewinggum;galad;448x448;50;50;150;4;1;0.9744;0.9872;0.9548;0.91;0.95;0.9952;0.7365;0.9978;0.786;53.1;10196
2026-01-26 14:17:46;VisA/fryum;galad;448x448;2;2;150;0;1;0.8708;0.9358;0.8643;0.52;0.74;0.9683;0.4102;0.9984;0.9145;4.6;13021
2026-01-26 14:17:46;VisA/fryum;galad;448x448;2;2;150;1;1;0.8912;0.9459;0.8731;0.69;0.77;0.9698;0.3941;0.9968;0.8981;5.2;13021
20/01/2026 23:27;VisA/fryum;galad;448x448;2;2;150;2;1;0.8822;0.9414;0.8788;0.45;0.72;0.9677;0.3792;0.9968;0.8894;11.1;7386
2026-01-26 14:17:46;VisA/fryum;galad;448x448;2;2;150;3;1;0.8492;0.9257;0.8485;0.57;0.65;0.9574;0.3481;0.9841;0.8845;4.4;13021
2026-01-26 14:17:46;VisA/fryum;galad;448x448;2;2;150;4;1;0.9102;0.9519;0.8912;0.75;0.84;0.9689;0.3955;0.9968;0.9353;4.4;13021
20/01/2026 21:55;VisA/fryum;galad;448x448;5;5;150;0;1;0.9026;0.9462;0.8889;0.75;0.78;0.969;0.3887;0.9968;0.9554;23.5;7386
2026-01-26 20:42:23;VisA/fryum;galad;448x448;5;5;150;1;1;0.8992;0.9478;0.8934;0.64;0.79;0.972;0.4286;0.9968;0.9326;10.4;13021
2026-01-26 20:42:23;VisA/fryum;galad;448x448;5;5;150;2;1;0.904;0.9466;0.89;0.72;0.8;0.9728;0.4271;0.9968;0.8744;8.0;13021
2026-01-26 20:42:23;VisA/fryum;galad;448x448;5;5;150;3;1;0.9062;0.9475;0.892;0.68;0.73;0.9681;0.4094;0.9968;0.9568;9.2;13021
20/01/2026 21:55;VisA/fryum;galad;448x448;5;5;150;4;1;0.8956;0.9418;0.8792;0.75;0.8;0.9717;0.4031;0.9968;0.8668;24.0;7386
21/01/2026 20:34;VisA/fryum;galad;448x448;10;10;150;0;1;0.9116;0.9464;0.8955;0.69;0.85;0.9693;0.3721;0.9968;0.857;13.5;7386
2026-01-27 03:31:26;VisA/fryum;galad;448x448;10;10;150;1;1;0.9204;0.9531;0.893;0.74;0.81;0.9722;0.4028;0.9968;0.8746;13.8;13021
21/01/2026 20:34;VisA/fryum;galad;448x448;10;10;150;2;1;0.9262;0.9518;0.9171;0.67;0.81;0.9697;0.3927;0.9968;0.8928;14.7;7386
2026-01-27 03:31:26;VisA/fryum;galad;448x448;10;10;150;3;1;0.9092;0.949;0.9032;0.67;0.74;0.9684;0.3951;0.9968;0.9207;15.4;13021
21/01/2026 20:34;VisA/fryum;galad;448x448;10;10;150;4;1;0.924;0.9486;0.9163;0.73;0.81;0.9638;0.3539;0.9968;0.9021;12.9;7386
2026-01-27 11:11:21;VisA/fryum;galad;448x448;20;20;150;0;1;0.915;0.9461;0.9073;0.62;0.82;0.9676;0.3749;0.9968;0.9488;28.8;13021
26/01/2026 11:00;VisA/fryum;galad;448x448;20;20;150;1;1;0.9348;0.9674;0.9048;0.76;0.82;0.9693;0.3755;0.9968;0.8976;22.2;11624
26/01/2026 11:00;VisA/fryum;galad;448x448;20;20;150;2;1;0.9238;0.9507;0.9179;0.67;0.82;0.967;0.3602;0.9984;0.9607;21.5;11624
26/01/2026 11:00;VisA/fryum;galad;448x448;20;20;150;3;1;0.9216;0.9497;0.9275;0.53;0.77;0.9577;0.268;0.9968;0.8507;37.3;11624
26/01/2026 11:00;VisA/fryum;galad;448x448;20;20;150;4;1;0.9316;0.9494;0.9275;0.77;0.84;0.9627;0.3103;0.9968;0.9235;19.8;11624
2026-01-27 20:48:47;VisA/fryum;galad;448x448;50;50;150;0;1;0.9208;0.9491;0.9126;0.65;0.8;0.9666;0.3792;0.9968;0.836;45.3;13021
22/01/2026 3:54;VisA/fryum;galad;448x448;50;50;150;1;1;0.9412;0.9661;0.9187;0.75;0.85;0.9666;0.3405;0.9968;0.9548;41.8;10196
2026-01-27 20:48:47;VisA/fryum;galad;448x448;50;50;150;2;1;0.9384;0.9628;0.9275;0.71;0.87;0.9639;0.3143;0.9968;0.9117;43.0;13021
22/01/2026 3:54;VisA/fryum;galad;448x448;50;50;150;3;1;0.927;0.9519;0.9171;0.69;0.83;0.9658;0.3626;0.9968;0.8494;33.1;10196
2026-01-27 20:48:47;VisA/fryum;galad;448x448;50;50;150;4;1;0.9298;0.9544;0.9179;0.75;0.81;0.9671;0.3719;0.9968;0.8589;42.9;13021
21/01/2026 0:18;VisA/macaroni1;galad;448x448;2;2;200;0;1;0.7082;0.7294;0.704;0.25;0.34;0.9885;0.0669;1.0;0.9118;18.5;7386
2026-01-26 14:25:47;VisA/macaroni1;galad;448x448;2;2;200;1;1;0.6726;0.6913;0.6897;0.26;0.31;0.9866;0.0792;0.9989;0.9122;6.1;13021
21/01/2026 0:18;VisA/macaroni1;galad;448x448;2;2;200;2;1;0.668;0.6881;0.6882;0.21;0.31;0.9899;0.072;0.9989;0.8713;12.8;7386
2026-01-26 14:25:47;VisA/macaroni1;galad;448x448;2;2;200;3;1;0.7213;0.7307;0.7212;0.26;0.31;0.988;0.0526;0.9989;0.8839;6.1;13021
2026-01-26 14:25:47;VisA/macaroni1;galad;448x448;2;2;200;4;1;0.7278;0.7535;0.7137;0.33;0.43;0.9807;0.0276;0.9976;0.9031;6.1;13021
2026-01-26 20:50:31;VisA/macaroni1;galad;448x448;5;5;200;0;1;0.7368;0.7581;0.717;0.28;0.34;0.9947;0.1087;0.9989;0.9781;8.1;13021
20/01/2026 22:25;VisA/macaroni1;galad;448x448;5;5;200;1;1;0.7647;0.7716;0.7342;0.3;0.49;0.9941;0.0885;0.9989;0.9881;25.8;7386
2026-01-26 20:50:31;VisA/macaroni1;galad;448x448;5;5;200;2;1;0.7162;0.7264;0.712;0.24;0.31;0.994;0.1025;0.9989;0.9116;8.9;13021
2026-01-26 20:50:31;VisA/macaroni1;galad;448x448;5;5;200;3;1;0.7433;0.76;0.7311;0.36;0.37;0.9948;0.098;0.9989;0.9888;8.1;13021
2026-01-26 20:50:31;VisA/macaroni1;galad;448x448;5;5;200;4;1;0.779;0.7975;0.7431;0.35;0.51;0.9937;0.0952;0.9989;0.8669;7.3;13021
21/01/2026 21:00;VisA/macaroni1;galad;448x448;10;10;200;0;1;0.775;0.7794;0.73;0.26;0.43;0.9936;0.0848;0.9989;0.9642;16.5;7386
21/01/2026 21:00;VisA/macaroni1;galad;448x448;10;10;200;1;1;0.7789;0.7846;0.7287;0.32;0.45;0.9933;0.0716;1.0;0.8794;13.3;7386
21/01/2026 21:00;VisA/macaroni1;galad;448x448;10;10;200;2;1;0.733;0.7389;0.717;0.22;0.36;0.9949;0.1078;0.9989;0.9334;14.2;7386
2026-01-27 03:40:12;VisA/macaroni1;galad;448x448;10;10;200;3;1;0.7795;0.7962;0.7348;0.41;0.5;0.9944;0.0931;1.0;0.979;17.1;13021
21/01/2026 21:00;VisA/macaroni1;galad;448x448;10;10;200;4;1;0.8106;0.821;0.7526;0.41;0.51;0.994;0.0984;0.9989;0.8713;16.9;7386
2026-01-27 11:21:46;VisA/macaroni1;galad;448x448;20;20;200;0;1;0.7841;0.7898;0.7343;0.26;0.51;0.9905;0.0435;1.0;0.9356;28.3;13021
26/01/2026 11:07;VisA/macaroni1;galad;448x448;20;20;200;1;1;0.8126;0.817;0.7549;0.39;0.51;0.9922;0.0872;1.0;0.9235;35.1;11624
2026-01-27 11:21:46;VisA/macaroni1;galad;448x448;20;20;200;2;1;0.7636;0.7769;0.7156;0.32;0.44;0.9935;0.0952;1.0;0.8967;38.6;13021
2026-01-27 11:21:46;VisA/macaroni1;galad;448x448;20;20;200;3;1;0.7894;0.7938;0.7444;0.38;0.47;0.9932;0.0901;1.0;0.9728;30.0;13021
26/01/2026 11:07;VisA/macaroni1;galad;448x448;20;20;200;4;1;0.792;0.7982;0.749;0.39;0.42;0.9932;0.096;1.0;0.9588;44.6;11624
2026-01-27 21:03:30;VisA/macaroni1;galad;448x448;50;50;200;0;1;0.7797;0.7931;0.7373;0.41;0.52;0.9922;0.0667;0.9989;0.9086;102.6;13021
2026-01-27 21:03:30;VisA/macaroni1;galad;448x448;50;50;200;1;1;0.7876;0.7988;0.7368;0.37;0.49;0.9924;0.0729;1.0;0.9558;90.2;13021
2026-01-27 21:03:30;VisA/macaroni1;galad;448x448;50;50;200;2;1;0.7875;0.7918;0.7347;0.31;0.49;0.9943;0.1;1.0;0.9404;49.7;13021
22/01/2026 4:27;VisA/macaroni1;galad;448x448;50;50;200;3;1;0.7736;0.7781;0.7273;0.38;0.47;0.9928;0.079;1.0;0.9484;99.3;10196
22/01/2026 4:27;VisA/macaroni1;galad;448x448;50;50;200;4;1;0.7843;0.7894;0.751;0.37;0.43;0.9943;0.0981;0.9989;0.8502;81.0;10196
2026-01-26 14:33:25;VisA/macaroni2;galad;448x448;2;2;200;0;1;0.5132;0.5002;0.6667;0.06;0.08;0.9597;0.0074;0.982;0.8484;5.5;13021
2026-01-26 14:33:25;VisA/macaroni2;galad;448x448;2;2;200;1;1;0.4907;0.4803;0.6807;0.03;0.06;0.9527;0.0052;0.9928;0.842;6.4;13021
2026-01-26 14:33:25;VisA/macaroni2;galad;448x448;2;2;200;2;1;0.613;0.5837;0.6923;0.07;0.15;0.9614;0.0093;0.9979;0.8925;6.2;13021
2026-01-26 14:33:25;VisA/macaroni2;galad;448x448;2;2;200;3;1;0.5754;0.5449;0.6667;0.04;0.14;0.9576;0.0064;0.9917;0.8584;6.3;13021
2026-01-26 14:33:25;VisA/macaroni2;galad;448x448;2;2;200;4;1;0.4805;0.4859;0.6782;0.05;0.06;0.9634;0.0062;0.9886;0.7695;6.2;13021
20/01/2026 22:52;VisA/macaroni2;galad;448x448;5;5;200;0;1;0.5926;0.6025;0.6738;0.1;0.16;0.9817;0.0322;1.0;0.927;11.8;7386
2026-01-26 20:58:27;VisA/macaroni2;galad;448x448;5;5;200;1;1;0.5815;0.5646;0.6736;0.07;0.17;0.9756;0.0155;1.0;0.8624;10.2;13021
20/01/2026 22:52;VisA/macaroni2;galad;448x448;5;5;200;2;1;0.5411;0.5226;0.6711;0.01;0.15;0.9837;0.0375;1.0;0.8962;34.0;7386
2026-01-26 20:58:27;VisA/macaroni2;galad;448x448;5;5;200;3;1;0.5833;0.564;0.6788;0.08;0.15;0.9906;0.0495;1.0;0.9186;11.4;13021
2026-01-26 20:58:27;VisA/macaroni2;galad;448x448;5;5;200;4;1;0.5568;0.502;0.6973;0.0;0.07;0.9882;0.0288;1.0;0.8539;10.3;13021
2026-01-27 03:48:50;VisA/macaroni2;galad;448x448;10;10;200;0;1;0.6488;0.6483;0.6902;0.16;0.21;0.9905;0.0463;1.0;0.97;26.0;13021
2026-01-27 03:48:50;VisA/macaroni2;galad;448x448;10;10;200;1;1;0.5551;0.5363;0.676;0.04;0.1;0.9853;0.023;1.0;0.9217;14.4;13021
2026-01-27 03:48:50;VisA/macaroni2;galad;448x448;10;10;200;2;1;0.5476;0.5136;0.6713;0.0;0.08;0.985;0.0204;1.0;0.9069;14.7;13021
21/01/2026 21:26;VisA/macaroni2;galad;448x448;10;10;200;3;1;0.5011;0.4871;0.6781;0.01;0.04;0.9841;0.019;1.0;0.9218;18.6;7386
2026-01-27 03:48:50;VisA/macaroni2;galad;448x448;10;10;200;4;1;0.58;0.5263;0.6792;0.02;0.09;0.9864;0.0219;1.0;0.9225;16.7;13021
26/01/2026 11:12;VisA/macaroni2;galad;448x448;20;20;200;0;1;0.6293;0.6301;0.6783;0.12;0.23;0.9918;0.0484;1.0;0.9582;32.2;11624
2026-01-27 11:31:09;VisA/macaroni2;galad;448x448;20;20;200;1;1;0.5656;0.5525;0.6807;0.07;0.18;0.9786;0.0117;1.0;0.8511;26.2;13021
26/01/2026 11:12;VisA/macaroni2;galad;448x448;20;20;200;2;1;0.6037;0.5498;0.6853;0.0;0.11;0.9905;0.049;1.0;0.8957;28.5;11624
2026-01-27 11:31:09;VisA/macaroni2;galad;448x448;20;20;200;3;1;0.5542;0.5186;0.6757;0.01;0.12;0.9887;0.0301;1.0;0.9286;24.8;13021
26/01/2026 11:12;VisA/macaroni2;galad;448x448;20;20;200;4;1;0.6298;0.5702;0.702;0.04;0.17;0.9871;0.0251;1.0;0.9331;18.9;11624
22/01/2026 4:59;VisA/macaroni2;galad;448x448;50;50;200;0;1;0.5984;0.5685;0.6781;0.05;0.09;0.9863;0.0223;1.0;0.9209;57.8;10196
22/01/2026 4:59;VisA/macaroni2;galad;448x448;50;50;200;1;1;0.5932;0.5523;0.6842;0.05;0.12;0.9874;0.0243;1.0;0.891;49.2;10196
22/01/2026 4:59;VisA/macaroni2;galad;448x448;50;50;200;2;1;0.5644;0.5257;0.6828;0.03;0.08;0.986;0.027;1.0;0.9213;102.0;10196
22/01/2026 4:59;VisA/macaroni2;galad;448x448;50;50;200;3;1;0.5886;0.5342;0.6889;0.04;0.06;0.9851;0.0169;1.0;0.8999;41.6;10196
22/01/2026 4:59;VisA/macaroni2;galad;448x448;50;50;200;4;1;0.5891;0.5551;0.6804;0.05;0.11;0.9849;0.0253;1.0;0.9174;84.9;10196
2026-01-26 14:39:24;VisA/pcb1;galad;448x448;2;2;200;0;1;0.8715;0.8517;0.8534;0.33;0.5;0.9462;0.4036;0.9814;0.6577;5.5;13021
21/01/2026 1:46;VisA/pcb1;galad;448x448;2;2;200;1;1;0.7739;0.7764;0.7639;0.27;0.31;0.9814;0.699;0.9813;0.7936;22.2;7386
21/01/2026 1:46;VisA/pcb1;galad;448x448;2;2;200;2;1;0.7531;0.7518;0.7396;0.28;0.36;0.9717;0.3907;0.9915;0.7435;12.8;7386
2026-01-26 14:39:24;VisA/pcb1;galad;448x448;2;2;200;3;1;0.8168;0.8378;0.7458;0.51;0.52;0.9677;0.486;0.9814;0.6162;6.2;13021
2026-01-26 14:39:24;VisA/pcb1;galad;448x448;2;2;200;4;1;0.8968;0.8896;0.8571;0.44;0.54;0.9787;0.4765;0.9963;0.8213;6.2;13021
20/01/2026 23:12;VisA/pcb1;galad;448x448;5;5;200;0;1;0.9472;0.9483;0.8792;0.68;0.82;0.9929;0.743;0.999;0.9714;9.4;7386
2026-01-26 21:04:39;VisA/pcb1;galad;448x448;5;5;200;1;1;0.8918;0.869;0.8609;0.47;0.53;0.9765;0.4321;0.9964;0.7925;9.1;13021
2026-01-26 21:04:39;VisA/pcb1;galad;448x448;5;5;200;2;1;0.9485;0.9496;0.8835;0.67;0.79;0.9935;0.8486;0.9977;0.9138;9.1;13021
2026-01-26 21:04:39;VisA/pcb1;galad;448x448;5;5;200;3;1;0.9215;0.903;0.8829;0.47;0.76;0.9675;0.2922;0.9937;0.6602;13.0;13021
20/01/2026 23:12;VisA/pcb1;galad;448x448;5;5;200;4;1;0.9466;0.9425;0.89;0.72;0.86;0.9816;0.1388;0.9984;0.821;10.1;7386
2026-01-27 03:55:45;VisA/pcb1;galad;448x448;10;10;200;0;1;0.9081;0.9069;0.8584;0.53;0.63;0.9864;0.7769;0.9975;0.8502;19.1;13021
21/01/2026 21:47;VisA/pcb1;galad;448x448;10;10;200;1;1;0.9732;0.9743;0.932;0.9;0.96;0.9961;0.8258;0.9985;0.8905;14.3;7386
2026-01-27 03:55:45;VisA/pcb1;galad;448x448;10;10;200;2;1;0.932;0.9278;0.8744;0.59;0.74;0.9929;0.8001;0.9989;0.8707;22.4;13021
21/01/2026 21:47;VisA/pcb1;galad;448x448;10;10;200;3;1;0.9716;0.9708;0.9275;0.76;0.94;0.997;0.8622;0.999;0.8469;14.8;7386
21/01/2026 21:47;VisA/pcb1;galad;448x448;10;10;200;4;1;0.9445;0.9403;0.8804;0.69;0.82;0.9896;0.5619;0.9978;0.8873;11.9;7386
2026-01-27 11:38:46;VisA/pcb1;galad;448x448;20;20;200;0;1;0.9561;0.955;0.9048;0.75;0.9;0.9953;0.8427;0.9973;0.8716;27.6;13021
26/01/2026 11:17;VisA/pcb1;galad;448x448;20;20;200;1;1;0.9766;0.9783;0.95;0.95;0.95;0.9943;0.6691;0.998;0.932;40.2;11624
26/01/2026 11:17;VisA/pcb1;galad;448x448;20;20;200;2;1;0.9851;0.9859;0.9557;0.96;0.97;0.9963;0.8464;0.9973;0.9081;19.0;11624
26/01/2026 11:17;VisA/pcb1;galad;448x448;20;20;200;3;1;0.9918;0.9923;0.9543;0.94;0.96;0.9969;0.8615;0.9987;0.9556;14.9;11624
26/01/2026 11:17;VisA/pcb1;galad;448x448;20;20;200;4;1;0.9628;0.9624;0.9082;0.78;0.89;0.9953;0.8301;0.9984;0.8879;17.8;11624
2026-01-27 21:26:51;VisA/pcb1;galad;448x448;50;50;200;0;1;0.9806;0.9817;0.9417;0.84;0.97;0.9962;0.8347;0.9971;0.9086;60.4;13021
22/01/2026 5:23;VisA/pcb1;galad;448x448;50;50;200;1;1;0.98;0.981;0.9378;0.86;0.96;0.996;0.8405;0.9983;0.9507;51.3;10196
2026-01-27 21:26:51;VisA/pcb1;galad;448x448;50;50;200;2;1;0.9678;0.9641;0.9216;0.87;0.94;0.995;0.629;0.9976;0.9236;70.8;13021
22/01/2026 5:23;VisA/pcb1;galad;448x448;50;50;200;3;1;0.9806;0.979;0.9458;0.92;0.98;0.9958;0.7362;0.9975;0.8884;29.4;10196
22/01/2026 5:23;VisA/pcb1;galad;448x448;50;50;200;4;1;0.9784;0.9809;0.9347;0.92;0.95;0.9959;0.8617;0.9974;0.9567;42.6;10196
21/01/2026 2:24;VisA/pcb2;galad;448x448;2;2;200;0;1;0.8107;0.8133;0.7698;0.37;0.5;0.9751;0.2974;0.957;0.8347;20.2;7386
2026-01-26 14:45:25;VisA/pcb2;galad;448x448;2;2;200;1;1;0.7992;0.7972;0.748;0.3;0.45;0.9621;0.1575;0.954;0.7395;7.4;13021
21/01/2026 2:24;VisA/pcb2;galad;448x448;2;2;200;2;1;0.6417;0.6848;0.6719;0.26;0.26;0.9723;0.3086;0.9718;0.8492;18.5;7386
2026-01-26 14:45:25;VisA/pcb2;galad;448x448;2;2;200;3;1;0.8329;0.8146;0.802;0.24;0.41;0.955;0.0472;0.9503;0.757;6.3;13021
2026-01-26 14:45:25;VisA/pcb2;galad;448x448;2;2;200;4;1;0.7884;0.8054;0.7444;0.38;0.53;0.9743;0.2585;0.9588;0.8728;6.3;13021
2026-01-26 21:10:57;VisA/pcb2;galad;448x448;5;5;200;0;1;0.8131;0.8315;0.7545;0.4;0.53;0.9772;0.2298;0.99;0.9027;8.4;13021
20/01/2026 23:35;VisA/pcb2;galad;448x448;5;5;200;1;1;0.7755;0.7683;0.765;0.37;0.4;0.9783;0.1907;0.9861;0.8939;13.2;7386
2026-01-26 21:10:57;VisA/pcb2;galad;448x448;5;5;200;2;1;0.7646;0.8086;0.7045;0.49;0.52;0.9754;0.2169;0.9887;0.8753;9.6;13021
2026-01-26 21:10:57;VisA/pcb2;galad;448x448;5;5;200;3;1;0.7;0.7267;0.7004;0.28;0.32;0.974;0.3141;0.9862;0.8985;8.6;13021
2026-01-26 21:10:57;VisA/pcb2;galad;448x448;5;5;200;4;1;0.8816;0.8945;0.8318;0.56;0.65;0.977;0.2377;0.9893;0.8606;15.1;13021
2026-01-27 04:03:03;VisA/pcb2;galad;448x448;10;10;200;0;1;0.7751;0.7952;0.7239;0.31;0.46;0.9792;0.2134;0.9908;0.9251;20.7;13021
21/01/2026 22:07;VisA/pcb2;galad;448x448;10;10;200;1;1;0.7976;0.7797;0.7845;0.3;0.43;0.9811;0.1418;0.9953;0.929;26.0;7386
21/01/2026 22:07;VisA/pcb2;galad;448x448;10;10;200;2;1;0.7901;0.8062;0.7404;0.4;0.59;0.9773;0.1476;0.9899;0.8826;18.4;7386
21/01/2026 22:07;VisA/pcb2;galad;448x448;10;10;200;3;1;0.8242;0.8494;0.7707;0.49;0.57;0.9393;0.0273;0.9835;0.7601;16.8;7386
2026-01-27 04:03:03;VisA/pcb2;galad;448x448;10;10;200;4;1;0.8571;0.8346;0.8152;0.36;0.54;0.9803;0.157;0.992;0.8786;12.9;13021
26/01/2026 11:21;VisA/pcb2;galad;448x448;20;20;200;0;1;0.8155;0.8006;0.787;0.24;0.53;0.9792;0.1598;0.9903;0.9057;15.0;11624
2026-01-27 11:46:09;VisA/pcb2;galad;448x448;20;20;200;1;1;0.839;0.8353;0.8091;0.39;0.55;0.9767;0.1083;0.9897;0.9149;24.5;13021
26/01/2026 11:21;VisA/pcb2;galad;448x448;20;20;200;2;1;0.8266;0.8543;0.7541;0.53;0.62;0.9789;0.1541;0.9937;0.9098;19.1;11624
26/01/2026 11:21;VisA/pcb2;galad;448x448;20;20;200;3;1;0.7894;0.8202;0.7227;0.41;0.56;0.9803;0.1511;0.9954;0.9204;23.2;11624
2026-01-27 11:46:09;VisA/pcb2;galad;448x448;20;20;200;4;1;0.812;0.8017;0.7822;0.25;0.52;0.9802;0.2235;0.9908;0.8825;26.5;13021
22/01/2026 5:48;VisA/pcb2;galad;448x448;50;50;200;0;1;0.8587;0.8505;0.8152;0.41;0.68;0.9774;0.1082;0.9914;0.9254;57.7;10196
2026-01-27 21:36:34;VisA/pcb2;galad;448x448;50;50;200;1;1;0.8346;0.8258;0.7841;0.33;0.54;0.9776;0.1652;0.9877;0.8739;54.2;13021
2026-01-27 21:36:34;VisA/pcb2;galad;448x448;50;50;200;2;1;0.8342;0.8536;0.7778;0.45;0.63;0.9783;0.1544;0.9926;0.9083;70.3;13021
22/01/2026 5:48;VisA/pcb2;galad;448x448;50;50;200;3;1;0.7523;0.7859;0.7252;0.38;0.47;0.9799;0.1798;0.99;0.9123;34.1;10196
2026-01-27 21:36:34;VisA/pcb2;galad;448x448;50;50;200;4;1;0.8012;0.816;0.75;0.35;0.48;0.98;0.3093;0.9895;0.8793;41.2;13021
2026-01-26 14:51:26;VisA/pcb3;galad;448x448;2;2;201;0;1;0.8572;0.8711;0.7928;0.5;0.64;0.9792;0.3836;0.997;0.8739;5.4;13021
21/01/2026 3:03;VisA/pcb3;galad;448x448;2;2;201;1;1;0.7935;0.8094;0.7455;0.4;0.49;0.9814;0.3144;0.9993;0.871;14.1;7386
21/01/2026 3:03;VisA/pcb3;galad;448x448;2;2;201;2;1;0.7754;0.8048;0.7243;0.42;0.46;0.9775;0.3602;0.9995;0.9047;12.8;7386
21/01/2026 3:03;VisA/pcb3;galad;448x448;2;2;201;3;1;0.782;0.8178;0.7347;0.44;0.55;0.9747;0.158;0.9995;0.9263;12.5;7386
21/01/2026 3:03;VisA/pcb3;galad;448x448;2;2;201;4;1;0.787;0.823;0.7273;0.47;0.54;0.9603;0.1024;0.9996;0.7866;18.5;7386
20/01/2026 23:59;VisA/pcb3;galad;448x448;5;5;201;0;1;0.8317;0.8501;0.7556;0.43;0.61;0.9797;0.1561;0.9997;0.9167;11.5;7386
2026-01-26 21:17:09;VisA/pcb3;galad;448x448;5;5;201;1;1;0.8446;0.8501;0.7892;0.49;0.67;0.9851;0.2091;0.9994;0.9341;8.8;13021
2026-01-26 21:17:09;VisA/pcb3;galad;448x448;5;5;201;2;1;0.8582;0.8736;0.8063;0.58;0.7;0.9787;0.1387;0.9996;0.9009;9.1;13021
2026-01-26 21:17:09;VisA/pcb3;galad;448x448;5;5;201;3;1;0.8401;0.8476;0.7782;0.44;0.62;0.9816;0.3031;0.9994;0.922;10.4;13021
2026-01-26 21:17:09;VisA/pcb3;galad;448x448;5;5;201;4;1;0.8753;0.8858;0.8168;0.52;0.72;0.9796;0.149;0.9995;0.8759;9.9;13021
21/01/2026 22:28;VisA/pcb3;galad;448x448;10;10;201;0;1;0.8203;0.825;0.7644;0.4;0.53;0.9813;0.2825;0.9992;0.9501;15.6;7386
21/01/2026 22:28;VisA/pcb3;galad;448x448;10;10;201;1;1;0.8641;0.8623;0.7982;0.43;0.69;0.9845;0.3118;0.9995;0.9257;22.6;7386
21/01/2026 22:28;VisA/pcb3;galad;448x448;10;10;201;2;1;0.8422;0.8433;0.7778;0.38;0.65;0.9828;0.2989;0.9993;0.934;11.6;7386
2026-01-27 04:09:40;VisA/pcb3;galad;448x448;10;10;201;3;1;0.8279;0.8311;0.7665;0.42;0.56;0.9796;0.3014;0.9993;0.9185;17.0;13021
2026-01-27 04:09:40;VisA/pcb3;galad;448x448;10;10;201;4;1;0.8732;0.8708;0.8263;0.52;0.69;0.9837;0.2227;0.999;0.9195;11.4;13021
26/01/2026 11:26;VisA/pcb3;galad;448x448;20;20;201;0;1;0.8628;0.8629;0.7933;0.46;0.71;0.9839;0.2011;0.999;0.9193;24.3;11624
26/01/2026 11:26;VisA/pcb3;galad;448x448;20;20;201;1;1;0.8839;0.8829;0.823;0.48;0.72;0.9841;0.3343;0.9991;0.9308;26.4;11624
26/01/2026 11:26;VisA/pcb3;galad;448x448;20;20;201;2;1;0.8666;0.8559;0.8077;0.4;0.65;0.9824;0.1313;0.9989;0.9057;22.1;11624
2026-01-27 11:53:53;VisA/pcb3;galad;448x448;20;20;201;3;1;0.8012;0.8238;0.7436;0.46;0.54;0.9862;0.2824;0.9996;0.9466;20.3;13021
2026-01-27 11:53:53;VisA/pcb3;galad;448x448;20;20;201;4;1;0.8779;0.8676;0.8137;0.53;0.71;0.9829;0.1431;0.9991;0.9349;34.0;13021
2026-01-27 21:47:15;VisA/pcb3;galad;448x448;50;50;201;0;1;0.902;0.8987;0.8502;0.53;0.78;0.9826;0.3881;0.9991;0.9382;42.9;13021
2026-01-27 21:47:15;VisA/pcb3;galad;448x448;50;50;201;1;1;0.8969;0.8936;0.8426;0.46;0.76;0.9809;0.3578;0.999;0.9334;69.5;13021
2026-01-27 21:47:15;VisA/pcb3;galad;448x448;50;50;201;2;1;0.8905;0.8742;0.8458;0.45;0.73;0.9823;0.1304;0.9993;0.9438;74.0;13021
22/01/2026 6:16;VisA/pcb3;galad;448x448;50;50;201;3;1;0.8829;0.8828;0.8367;0.59;0.77;0.9829;0.2579;0.9991;0.9481;41.7;10196
2026-01-27 21:47:15;VisA/pcb3;galad;448x448;50;50;201;4;1;0.9316;0.9195;0.8691;0.66;0.83;0.9821;0.364;0.9991;0.9374;53.2;13021
2026-01-26 14:58:04;VisA/pcb4;galad;448x448;2;2;201;0;1;0.9363;0.9398;0.8976;0.73;0.83;0.9857;0.4128;0.9999;0.9446;5.4;13021
21/01/2026 3:45;VisA/pcb4;galad;448x448;2;2;201;1;1;0.9874;0.9858;0.9655;0.98;0.99;0.9775;0.2735;1.0;0.9164;13.1;7386
21/01/2026 3:45;VisA/pcb4;galad;448x448;2;2;201;2;1;0.6233;0.6601;0.6757;0.19;0.32;0.9701;0.1961;0.9923;0.8167;26.2;7386
2026-01-26 14:58:04;VisA/pcb4;galad;448x448;2;2;201;3;1;0.9249;0.9126;0.8778;0.52;0.76;0.9375;0.0733;0.9996;0.8041;6.3;13021
21/01/2026 3:45;VisA/pcb4;galad;448x448;2;2;201;4;1;0.9849;0.9843;0.9552;0.96;0.97;0.9747;0.298;1.0;0.9487;12.8;7386
21/01/2026 0:27;VisA/pcb4;galad;448x448;5;5;201;0;1;0.9821;0.9578;0.9659;0.94;0.99;0.9869;0.385;1.0;0.9783;31.8;7386
2026-01-26 21:24:01;VisA/pcb4;galad;448x448;5;5;201;1;1;0.9605;0.9265;0.9353;0.89;0.94;0.9832;0.308;0.9976;0.8995;10.1;13021
21/01/2026 0:27;VisA/pcb4;galad;448x448;5;5;201;2;1;0.934;0.9412;0.8556;0.75;0.82;0.9786;0.3573;1.0;0.9088;12.6;7386
21/01/2026 0:27;VisA/pcb4;galad;448x448;5;5;201;3;1;0.9915;0.9911;0.9569;0.96;1.0;0.9722;0.1795;1.0;0.9594;24.0;7386
21/01/2026 0:27;VisA/pcb4;galad;448x448;5;5;201;4;1;0.991;0.991;0.9561;0.94;0.98;0.9859;0.4046;1.0;0.9688;36.5;7386
2026-01-27 04:16:59;VisA/pcb4;galad;448x448;10;10;201;0;1;0.9851;0.9534;0.9588;0.96;0.97;0.9866;0.324;0.9961;0.9309;12.3;13021
2026-01-27 04:16:59;VisA/pcb4;galad;448x448;10;10;201;1;1;0.9807;0.9698;0.9474;0.92;0.99;0.9856;0.374;1.0;0.9271;17.3;13021
21/01/2026 22:50;VisA/pcb4;galad;448x448;10;10;201;2;1;0.982;0.9492;0.96;0.96;0.99;0.9876;0.351;1.0;0.9328;14.5;7386
21/01/2026 22:50;VisA/pcb4;galad;448x448;10;10;201;3;1;0.9845;0.9524;0.9608;0.96;1.0;0.9859;0.3138;1.0;0.9633;11.2;7386
2026-01-27 04:16:59;VisA/pcb4;galad;448x448;10;10;201;4;1;0.9759;0.9552;0.9347;0.91;0.93;0.9595;0.1026;0.994;0.8746;16.0;13021
26/01/2026 11:31;VisA/pcb4;galad;448x448;20;20;201;0;1;0.9897;0.9887;0.9608;0.94;1.0;0.9828;0.3207;1.0;0.9558;20.7;11624
26/01/2026 11:31;VisA/pcb4;galad;448x448;20;20;201;1;1;0.9866;0.9857;0.9612;0.92;0.99;0.9842;0.3637;1.0;0.9514;19.9;11624
2026-01-27 12:02:24;VisA/pcb4;galad;448x448;20;20;201;2;1;0.9928;0.9929;0.9524;0.93;1.0;0.9854;0.3887;1.0;0.9758;27.6;13021
26/01/2026 11:31;VisA/pcb4;galad;448x448;20;20;201;3;1;0.9827;0.9508;0.9519;0.91;0.99;0.983;0.2984;1.0;0.9535;19.1;11624
26/01/2026 11:31;VisA/pcb4;galad;448x448;20;20;201;4;1;0.9856;0.9765;0.9519;0.95;0.99;0.9801;0.2903;1.0;0.9372;40.4;11624
2026-01-27 21:57:30;VisA/pcb4;galad;448x448;50;50;201;0;1;0.9862;0.9838;0.9565;0.9;1.0;0.9809;0.3207;1.0;0.9459;42.5;13021
22/01/2026 6:38;VisA/pcb4;galad;448x448;50;50;201;1;1;0.9874;0.985;0.9565;0.95;0.99;0.9797;0.3306;0.9999;0.9608;55.0;10196
2026-01-27 21:57:30;VisA/pcb4;galad;448x448;50;50;201;2;1;0.995;0.995;0.9612;0.96;1.0;0.9861;0.4115;1.0;0.9567;31.3;13021
22/01/2026 6:38;VisA/pcb4;galad;448x448;50;50;201;3;1;0.993;0.9929;0.9604;0.97;1.0;0.9849;0.3778;1.0;0.9659;44.6;10196
2026-01-27 21:57:30;VisA/pcb4;galad;448x448;50;50;201;4;1;0.9915;0.991;0.9569;0.95;1.0;0.9867;0.4181;1.0;0.9762;45.4;13021
2026-01-26 15:05:04;VisA/pipe_fryum;galad;448x448;2;2;150;0;1;0.6996;0.846;0.8066;0.36;0.43;0.9917;0.5451;1.0;0.9365;4.4;13021
2026-01-26 15:05:04;VisA/pipe_fryum;galad;448x448;2;2;150;1;1;0.8018;0.8999;0.8264;0.46;0.62;0.986;0.3829;1.0;0.9533;4.9;13021
2026-01-26 15:05:04;VisA/pipe_fryum;galad;448x448;2;2;150;2;1;0.7928;0.897;0.8163;0.46;0.55;0.9909;0.521;1.0;0.9146;4.7;13021
21/01/2026 4:30;VisA/pipe_fryum;galad;448x448;2;2;150;3;1;0.8434;0.9185;0.8708;0.5;0.6;0.9902;0.4684;1.0;0.9602;10.4;7386
2026-01-26 15:05:04;VisA/pipe_fryum;galad;448x448;2;2;150;4;1;0.7996;0.9048;0.8117;0.41;0.67;0.9857;0.393;1.0;0.9243;5.1;13021
2026-01-26 21:31:14;VisA/pipe_fryum;galad;448x448;5;5;150;0;1;0.793;0.8975;0.8225;0.45;0.56;0.9916;0.4994;1.0;0.956;9.8;13021
2026-01-26 21:31:14;VisA/pipe_fryum;galad;448x448;5;5;150;1;1;0.8204;0.9125;0.8311;0.48;0.65;0.9903;0.4775;1.0;0.9301;7.4;13021
2026-01-26 21:31:14;VisA/pipe_fryum;galad;448x448;5;5;150;2;1;0.8256;0.9089;0.8374;0.41;0.55;0.9913;0.4998;1.0;0.9146;7.0;13021
21/01/2026 0:55;VisA/pipe_fryum;galad;448x448;5;5;150;3;1;0.8286;0.9138;0.844;0.49;0.55;0.9914;0.5055;1.0;0.9335;10.5;7386
21/01/2026 0:55;VisA/pipe_fryum;galad;448x448;5;5;150;4;1;0.8494;0.9248;0.8559;0.52;0.66;0.9901;0.4566;1.0;0.9647;24.4;7386
2026-01-27 04:25:02;VisA/pipe_fryum;galad;448x448;10;10;150;0;1;0.8128;0.9031;0.8255;0.55;0.6;0.9906;0.4632;1.0;0.9399;20.2;13021
21/01/2026 23:14;VisA/pipe_fryum;galad;448x448;10;10;150;1;1;0.8248;0.9077;0.8396;0.4;0.61;0.9907;0.4534;1.0;0.973;15.2;7386
21/01/2026 23:14;VisA/pipe_fryum;galad;448x448;10;10;150;2;1;0.8378;0.9133;0.8462;0.42;0.65;0.9906;0.4515;1.0;0.896;17.9;7386
2026-01-27 04:25:02;VisA/pipe_fryum;galad;448x448;10;10;150;3;1;0.837;0.9157;0.8585;0.46;0.62;0.9928;0.5191;1.0;0.9792;20.0;13021
2026-01-27 04:25:02;VisA/pipe_fryum;galad;448x448;10;10;150;4;1;0.857;0.9241;0.8599;0.55;0.68;0.9921;0.5048;1.0;0.9847;16.1;13021
2026-01-27 12:12:14;VisA/pipe_fryum;galad;448x448;20;20;150;0;1;0.842;0.9169;0.8426;0.59;0.63;0.9915;0.4855;1.0;0.867;26.5;13021
2026-01-27 12:12:14;VisA/pipe_fryum;galad;448x448;20;20;150;1;1;0.8548;0.9222;0.8732;0.53;0.62;0.9913;0.4736;1.0;0.984;34.0;13021
2026-01-27 12:12:14;VisA/pipe_fryum;galad;448x448;20;20;150;2;1;0.8382;0.9131;0.8465;0.42;0.65;0.9923;0.5095;1.0;0.9014;33.1;13021
26/01/2026 11:37;VisA/pipe_fryum;galad;448x448;20;20;150;3;1;0.8332;0.9145;0.8517;0.46;0.62;0.992;0.5114;1.0;0.9026;28.1;11624
26/01/2026 11:37;VisA/pipe_fryum;galad;448x448;20;20;150;4;1;0.833;0.9124;0.8476;0.44;0.65;0.9915;0.4835;1.0;0.9336;30.7;11624
2026-01-27 22:12:46;VisA/pipe_fryum;galad;448x448;50;50;150;0;1;0.8366;0.9157;0.8436;0.48;0.65;0.9918;0.488;1.0;0.9449;109.7;13021
2026-01-27 22:12:46;VisA/pipe_fryum;galad;448x448;50;50;150;1;1;0.838;0.9169;0.8451;0.46;0.65;0.9917;0.4938;1.0;0.9761;68.6;13021
2026-01-27 22:12:46;VisA/pipe_fryum;galad;448x448;50;50;150;2;1;0.8198;0.9088;0.8295;0.51;0.63;0.9921;0.5213;1.0;0.9817;137.2;13021
2026-01-27 22:12:46;VisA/pipe_fryum;galad;448x448;50;50;150;3;1;0.8144;0.9043;0.8333;0.43;0.63;0.9923;0.5202;1.0;0.919;102.1;13021
2026-01-27 22:12:46;VisA/pipe_fryum;galad;448x448;50;50;150;4;1;0.8192;0.9077;0.8349;0.47;0.65;0.9917;0.4928;1.0;0.9786;92.1;13021
21/01/2026 11:15;btad/01;galad;448x448;2;2;70;0;1;0.9932;0.9973;0.9796;0.9796;0.9796;0.9779;0.5881;0.9962;0.9685;2.2;10196
21/01/2026 11:15;btad/01;galad;448x448;2;2;70;1;1;0.9903;0.9962;0.9792;0.9592;0.9592;0.9733;0.578;0.9945;0.9362;2.2;10196
2026-01-26 15:07:29;btad/01;galad;448x448;2;2;70;2;1;0.9699;0.9893;0.9684;0.9388;0.9388;0.9689;0.5607;0.994;0.9492;2.8;13021
2026-01-26 15:07:29;btad/01;galad;448x448;2;2;70;3;1;0.9689;0.9893;0.9684;0.9388;0.9388;0.9663;0.5462;0.994;0.9519;2.8;13021
2026-01-26 15:07:29;btad/01;galad;448x448;2;2;70;4;1;0.9845;0.9942;0.9792;0.9592;0.9592;0.9744;0.5699;0.9954;0.891;2.9;13021
2026-01-26 21:33:46;btad/01;galad;448x448;5;5;70;0;1;0.9874;0.9954;0.9792;0.9592;0.9796;0.9787;0.5986;0.9944;0.935;3.7;13021
2026-01-26 21:33:46;btad/01;galad;448x448;5;5;70;1;1;0.9786;0.9922;0.9684;0.9388;0.9592;0.9761;0.5958;0.994;0.913;4.2;13021
2026-01-26 21:33:46;btad/01;galad;448x448;5;5;70;2;1;0.9786;0.9921;0.9684;0.9388;0.9388;0.9767;0.593;0.994;0.9871;4.3;13021
21/01/2026 4:29;btad/01;galad;448x448;5;5;70;3;1;0.9903;0.9962;0.9792;0.9592;0.9592;0.9779;0.6051;0.994;0.9225;7.0;7386
21/01/2026 4:29;btad/01;galad;448x448;5;5;70;4;1;0.9922;0.9969;0.9697;0.9592;0.9796;0.9779;0.5962;0.994;0.9751;20.1;7386
22/01/2026 2:19;btad/01;galad;448x448;10;10;70;0;1;0.9913;0.9965;0.9792;0.9592;0.9592;0.9774;0.5917;0.994;0.8857;7.8;7386
22/01/2026 2:19;btad/01;galad;448x448;10;10;70;1;1;0.9825;0.9935;0.9684;0.9388;0.9592;0.9779;0.6063;0.994;0.9508;13.1;7386
2026-01-27 04:27:57;btad/01;galad;448x448;10;10;70;2;1;0.9796;0.9928;0.9684;0.9388;0.9388;0.9769;0.592;0.994;0.9053;9.5;13021
2026-01-27 04:27:57;btad/01;galad;448x448;10;10;70;3;1;0.9854;0.9944;0.9684;0.9388;0.9592;0.9775;0.6024;0.994;0.9699;7.4;13021
22/01/2026 2:19;btad/01;galad;448x448;10;10;70;4;1;0.9874;0.9953;0.9792;0.9592;0.9592;0.9763;0.5897;0.994;0.905;8.6;7386
2026-01-27 12:17:05;btad/01;galad;448x448;20;20;70;0;1;0.9815;0.9934;0.9684;0.9388;0.9592;0.974;0.5867;0.994;0.7849;35.5;13021
2026-01-27 12:17:05;btad/01;galad;448x448;20;20;70;1;1;0.9767;0.9915;0.9583;0.9388;0.9388;0.9753;0.5899;0.994;0.9539;25.6;13021
26/01/2026 11:40;btad/01;galad;448x448;20;20;70;2;1;0.9757;0.9916;0.9684;0.9388;0.9388;0.9759;0.5949;0.994;0.9687;14.9;11624
26/01/2026 11:40;btad/01;galad;448x448;20;20;70;3;1;0.9796;0.9926;0.9684;0.9388;0.9388;0.9739;0.5931;0.994;0.9906;26.7;11624
26/01/2026 11:40;btad/01;galad;448x448;20;20;70;4;1;0.9767;0.9927;0.9792;0.9592;0.9592;0.9744;0.5781;0.994;0.8528;23.6;11624
22/01/2026 7:49;btad/01;galad;448x448;50;50;70;0;1;0.9845;0.9941;0.9684;0.9388;0.9388;0.9768;0.6038;0.994;0.9066;42.3;7698
22/01/2026 7:49;btad/01;galad;448x448;50;50;70;1;1;0.9757;0.9919;0.9684;0.9388;0.9592;0.9742;0.5823;0.994;0.8879;30.6;7698
22/01/2026 7:49;btad/01;galad;448x448;50;50;70;2;1;0.9815;0.9934;0.9684;0.9388;0.9592;0.976;0.596;0.994;0.9757;32.5;7698
2026-01-27 22:19:38;btad/01;galad;448x448;50;50;70;3;1;0.9776;0.9923;0.9684;0.9388;0.9388;0.9736;0.5865;0.994;0.9576;79.0;13021
2026-01-27 22:19:38;btad/01;galad;448x448;50;50;70;4;1;0.9796;0.9931;0.9792;0.9592;0.9592;0.9768;0.5987;0.994;0.9295;45.6;13021
21/01/2026 11:26;btad/02;galad;448x448;2;2;229;0;1;0.8199;0.9708;0.9318;0.6181;0.6482;0.9646;0.5862;0.9459;0.8245;4.3;10196
2026-01-26 15:14:50;btad/02;galad;448x448;2;2;229;1;1;0.793;0.9652;0.9299;0.4824;0.5729;0.9676;0.6313;0.9625;0.9016;6.8;13021
21/01/2026 11:26;btad/02;galad;448x448;2;2;229;2;1;0.8008;0.9672;0.9321;0.5226;0.598;0.9688;0.6628;0.9567;0.8318;3.7;10196
21/01/2026 11:26;btad/02;galad;448x448;2;2;229;3;1;0.825;0.971;0.9299;0.5176;0.6281;0.9684;0.6407;0.9598;0.8496;3.8;10196
21/01/2026 11:26;btad/02;galad;448x448;2;2;229;4;1;0.7621;0.9607;0.9299;0.5075;0.5628;0.9666;0.6366;0.9481;0.8602;3.9;10196
21/01/2026 4:57;btad/02;galad;448x448;5;5;229;0;1;0.895;0.9827;0.9432;0.6432;0.7839;0.9664;0.6076;0.9669;0.8316;10.3;7386
2026-01-26 21:41:18;btad/02;galad;448x448;5;5;229;1;1;0.9218;0.9871;0.9519;0.7337;0.809;0.9689;0.625;0.9736;0.8539;9.2;13021
2026-01-26 21:41:18;btad/02;galad;448x448;5;5;229;2;1;0.9229;0.9874;0.9489;0.7337;0.8191;0.9695;0.6429;0.9793;0.9458;9.3;13021
21/01/2026 4:57;btad/02;galad;448x448;5;5;229;3;1;0.9181;0.9865;0.9502;0.7538;0.8342;0.9683;0.6183;0.9791;0.9332;38.8;7386
2026-01-26 21:41:18;btad/02;galad;448x448;5;5;229;4;1;0.9127;0.9859;0.9451;0.7889;0.809;0.9704;0.6544;0.9719;0.8322;8.5;13021
2026-01-27 04:36:22;btad/02;galad;448x448;10;10;229;0;1;0.8926;0.9821;0.9487;0.608;0.7387;0.9712;0.6854;0.9715;0.9361;18.2;13021
2026-01-27 04:36:22;btad/02;galad;448x448;10;10;229;1;1;0.9213;0.987;0.9505;0.7186;0.8241;0.9705;0.6661;0.9756;0.879;22.4;13021
22/01/2026 2:44;btad/02;galad;448x448;10;10;229;2;1;0.9251;0.9874;0.9535;0.6683;0.794;0.9719;0.6889;0.9759;0.8447;27.7;7386
2026-01-27 04:36:22;btad/02;galad;448x448;10;10;229;3;1;0.9131;0.9858;0.9492;0.7236;0.804;0.9685;0.6369;0.9769;0.8792;18.0;13021
22/01/2026 2:44;btad/02;galad;448x448;10;10;229;4;1;0.9136;0.9858;0.9463;0.6834;0.8141;0.9697;0.6593;0.9752;0.8753;22.1;7386
26/01/2026 11:47;btad/02;galad;448x448;20;20;229;0;1;0.9131;0.9855;0.951;0.6332;0.7638;0.9699;0.654;0.9751;0.9157;39.6;11624
2026-01-27 12:27:49;btad/02;galad;448x448;20;20;229;1;1;0.9211;0.987;0.9515;0.7085;0.8191;0.9728;0.7021;0.9767;0.8471;30.7;13021
26/01/2026 11:47;btad/02;galad;448x448;20;20;229;2;1;0.9169;0.9862;0.9559;0.7186;0.7387;0.9717;0.6899;0.9739;0.9484;34.4;11624
2026-01-27 12:27:49;btad/02;galad;448x448;20;20;229;3;1;0.9169;0.9862;0.9533;0.7136;0.799;0.9715;0.6895;0.9751;0.9197;50.4;13021
26/01/2026 11:47;btad/02;galad;448x448;20;20;229;4;1;0.9184;0.9867;0.9487;0.7337;0.799;0.9732;0.7056;0.9786;0.9383;51.6;11624
22/01/2026 8:37;btad/02;galad;448x448;50;50;229;0;1;0.9152;0.9859;0.951;0.7035;0.7739;0.9719;0.6879;0.9745;0.9119;91.5;10196
2026-01-27 22:35:30;btad/02;galad;448x448;50;50;229;1;1;0.9154;0.9859;0.9505;0.7085;0.7889;0.9709;0.6825;0.9738;0.9162;121.9;13021
22/01/2026 8:37;btad/02;galad;448x448;50;50;229;2;1;0.925;0.9875;0.9576;0.7286;0.804;0.971;0.6785;0.974;0.8334;97.7;10196
22/01/2026 8:37;btad/02;galad;448x448;50;50;229;3;1;0.9174;0.9863;0.9515;0.7337;0.7789;0.9717;0.6828;0.9737;0.8593;167.9;10196
22/01/2026 8:37;btad/02;galad;448x448;50;50;229;4;1;0.9238;0.9873;0.9533;0.7387;0.7739;0.9716;0.6895;0.9759;0.8378;187.5;10196
21/01/2026 11:41;btad/03;galad;448x448;2;2;431;0;1;0.9988;0.9858;0.9375;1.0;1.0;0.9886;0.217;0.9998;0.8867;9.9;10196
2026-01-26 15:23:44;btad/03;galad;448x448;2;2;431;1;1;0.9907;0.9327;0.8966;0.9355;0.9677;0.9951;0.5985;1.0;0.8943;10.1;13021
2026-01-26 15:23:44;btad/03;galad;448x448;2;2;431;2;1;0.9998;0.997;0.9688;1.0;1.0;0.9981;0.7364;1.0;0.8307;9.9;13021
2026-01-26 15:23:44;btad/03;galad;448x448;2;2;431;3;1;0.9999;0.999;0.9841;1.0;1.0;0.9976;0.6542;1.0;0.9517;10.1;13021
21/01/2026 11:41;btad/03;galad;448x448;2;2;431;4;1;0.9972;0.9752;0.9508;0.9677;1.0;0.9983;0.7173;1.0;0.9578;7.5;10196
21/01/2026 5:31;btad/03;galad;448x448;5;5;431;0;1;1.0;1.0;1.0;1.0;1.0;0.9987;0.76;1.0;0.9948;15.2;7386
2026-01-26 21:50:20;btad/03;galad;448x448;5;5;431;1;1;1.0;1.0;1.0;1.0;1.0;0.9977;0.6649;1.0;0.9032;17.2;13021
21/01/2026 5:31;btad/03;galad;448x448;5;5;431;2;1;0.9999;0.999;0.9841;1.0;1.0;0.9988;0.7556;1.0;0.9412;27.2;7386
21/01/2026 5:31;btad/03;galad;448x448;5;5;431;3;1;1.0;1.0;1.0;1.0;1.0;0.996;0.4465;1.0;0.8909;15.3;7386
2026-01-26 21:50:20;btad/03;galad;448x448;5;5;431;4;1;0.9999;0.999;0.9841;1.0;1.0;0.9987;0.7482;1.0;0.9128;13.3;13021
22/01/2026 3:13;btad/03;galad;448x448;10;10;431;0;1;0.9996;0.9946;0.9841;1.0;1.0;0.9988;0.7589;1.0;0.9699;16.3;7386
22/01/2026 3:13;btad/03;galad;448x448;10;10;431;1;1;1.0;1.0;1.0;1.0;1.0;0.999;0.773;1.0;0.9637;20.3;7386
22/01/2026 3:13;btad/03;galad;448x448;10;10;431;2;1;0.9996;0.9946;0.9841;1.0;1.0;0.9987;0.7191;1.0;0.8256;19.0;7386
22/01/2026 3:13;btad/03;galad;448x448;10;10;431;3;1;1.0;1.0;1.0;1.0;1.0;0.9983;0.6922;1.0;0.9176;17.5;7386
2026-01-27 04:45:46;btad/03;galad;448x448;10;10;431;4;1;0.9996;0.9946;0.9841;1.0;1.0;0.9985;0.7331;1.0;0.8038;17.5;13021
2026-01-27 12:39:00;btad/03;galad;448x448;20;20;431;0;1;0.9996;0.9946;0.9841;1.0;1.0;0.9988;0.7507;1.0;0.9083;37.1;13021
2026-01-27 12:39:00;btad/03;galad;448x448;20;20;431;1;1;0.9997;0.9958;0.9841;1.0;1.0;0.9989;0.7567;1.0;0.8931;36.1;13021
2026-01-27 12:39:00;btad/03;galad;448x448;20;20;431;2;1;0.9994;0.9922;0.9841;1.0;1.0;0.9989;0.7552;1.0;0.8809;38.1;13021
26/01/2026 11:53;btad/03;galad;448x448;20;20;431;3;1;0.9999;0.999;0.9841;1.0;1.0;0.9989;0.765;1.0;0.9874;23.9;11624
26/01/2026 11:53;btad/03;galad;448x448;20;20;431;4;1;0.9994;0.9909;0.9841;1.0;1.0;0.9987;0.7206;1.0;0.7948;29.3;11624
22/01/2026 9:03;btad/03;galad;448x448;50;50;431;0;1;0.9996;0.9946;0.9841;1.0;1.0;0.9989;0.7621;1.0;0.8223;54.1;10196
2026-01-27 22:49:10;btad/03;galad;448x448;50;50;431;1;1;0.9999;0.999;0.9841;1.0;1.0;0.9988;0.7554;1.0;0.7796;59.0;13021
2026-01-27 22:49:10;btad/03;galad;448x448;50;50;431;2;1;0.9996;0.9946;0.9841;1.0;1.0;0.9988;0.7435;1.0;0.7649;66.9;13021
2026-01-27 22:49:10;btad/03;galad;448x448;50;50;431;3;1;0.9999;0.999;0.9841;1.0;1.0;0.9988;0.7578;1.0;0.8238;49.6;13021
22/01/2026 9:03;btad/03;galad;448x448;50;50;431;4;1;0.9996;0.9946;0.9841;1.0;1.0;0.9988;0.7575;1.0;0.9987;57.6;10196
20/01/2026 12:04;mvtec_AD/bottle;galad;448x448;2;2;83;0;1;0.9976;0.9993;0.9844;0.9841;1.0;0.9894;0.8372;1.0;0.9638;3.9;7386
20/01/2026 12:04;mvtec_AD/bottle;galad;448x448;2;2;83;1;1;0.9992;0.9998;0.9921;1.0;1.0;0.9835;0.8048;1.0;0.9439;2.1;7386
20/01/2026 12:04;mvtec_AD/bottle;galad;448x448;2;2;83;2;1;0.9968;0.9991;0.992;0.9841;0.9841;0.9879;0.8197;1.0;0.9705;2.3;7386
20/01/2026 12:04;mvtec_AD/bottle;galad;448x448;2;2;83;3;1;0.9992;0.9998;0.9921;1.0;1.0;0.9869;0.819;1.0;0.9782;2.3;7386
2026-01-26 10:40:50;mvtec_AD/bottle;galad;448x448;2;2;83;4;1;0.9968;0.999;0.9844;0.9841;1.0;0.9902;0.8397;1.0;0.9334;4.7;8690
2026-01-26 17:48:51;mvtec_AD/bottle;galad;448x448;5;5;83;0;1;0.9817;0.9938;0.9767;0.8889;0.9841;0.9897;0.8177;1.0;0.8403;7.4;13021
2026-01-26 17:48:51;mvtec_AD/bottle;galad;448x448;5;5;83;1;1;0.9944;0.9982;0.9921;1.0;1.0;0.9891;0.815;1.0;0.9703;5.7;13021
20/01/2026 11:15;mvtec_AD/bottle;galad;448x448;5;5;83;2;1;0.996;0.9988;0.9841;0.9841;0.9841;0.9894;0.81;1.0;0.9824;17.5;7386
20/01/2026 11:15;mvtec_AD/bottle;galad;448x448;5;5;83;3;1;0.9865;0.9957;0.9841;0.9841;0.9841;0.9892;0.8111;1.0;0.8856;8.0;7386
2026-01-26 17:48:51;mvtec_AD/bottle;galad;448x448;5;5;83;4;1;0.9825;0.9941;0.9764;0.9206;0.9841;0.9888;0.8066;1.0;0.8931;6.4;13021
2026-01-27 00:20:16;mvtec_AD/bottle;galad;448x448;10;10;83;0;1;0.9944;0.9983;0.9841;0.9841;0.9841;0.9893;0.8088;1.0;0.9084;9.4;13021
2026-01-27 00:20:16;mvtec_AD/bottle;galad;448x448;10;10;83;1;1;0.9952;0.9985;0.9844;0.9841;1.0;0.9886;0.8103;1.0;0.8775;9.9;13021
2026-01-27 00:20:16;mvtec_AD/bottle;galad;448x448;10;10;83;2;1;0.9968;0.999;0.9841;0.9841;0.9841;0.9893;0.8119;1.0;0.9336;10.8;13021
21/01/2026 11:04;mvtec_AD/bottle;galad;448x448;10;10;83;3;1;0.996;0.9988;0.9841;0.9841;0.9841;0.989;0.8338;1.0;0.9378;14.1;7386
2026-01-27 00:20:16;mvtec_AD/bottle;galad;448x448;10;10;83;4;1;0.9849;0.9949;0.9764;0.9683;0.9841;0.9885;0.7995;1.0;0.9279;9.1;13021
22/01/2026 11:26;mvtec_AD/bottle;galad;448x448;20;20;83;0;1;0.996;0.9988;0.9841;0.9841;0.9841;0.9901;0.8253;1.0;0.9718;17.4;8947
2026-01-27 07:25:05;mvtec_AD/bottle;galad;448x448;20;20;83;1;1;0.9968;0.999;0.9844;0.9841;1.0;0.9896;0.7922;1.0;0.852;24.6;13021
2026-01-27 07:25:05;mvtec_AD/bottle;galad;448x448;20;20;83;2;1;0.9968;0.999;0.9844;0.9683;1.0;0.9898;0.7912;1.0;0.9285;21.7;13021
22/01/2026 11:26;mvtec_AD/bottle;galad;448x448;20;20;83;3;1;0.9897;0.9966;0.9841;0.9841;0.9841;0.9892;0.7837;1.0;0.8656;20.2;8947
2026-01-27 07:25:05;mvtec_AD/bottle;galad;448x448;20;20;83;4;1;0.9897;0.9967;0.9764;0.9683;0.9841;0.9897;0.7917;1.0;0.8226;22.3;13021
21/01/2026 14:41;mvtec_AD/bottle;galad;448x448;50;50;83;0;1;0.9905;0.9969;0.9767;0.9683;0.9841;0.9898;0.7979;1.0;0.8631;35.7;10196
21/01/2026 14:41;mvtec_AD/bottle;galad;448x448;50;50;83;1;1;0.996;0.9987;0.9844;0.9841;1.0;0.9899;0.8003;1.0;0.8925;42.1;10196
2026-01-27 15:42:41;mvtec_AD/bottle;galad;448x448;50;50;83;2;1;0.9976;0.9993;0.9844;0.9841;1.0;0.9901;0.8028;1.0;0.9715;55.5;13021
2026-01-27 15:42:41;mvtec_AD/bottle;galad;448x448;50;50;83;3;1;0.9984;0.9995;0.992;0.9841;1.0;0.9899;0.8279;1.0;0.9709;60.6;13021
21/01/2026 14:41;mvtec_AD/bottle;galad;448x448;50;50;83;4;1;0.9889;0.9965;0.9764;0.9683;0.9841;0.9899;0.8002;1.0;0.7367;36.5;10196
20/01/2026 12:09;mvtec_AD/cable;galad;448x448;2;2;150;0;1;0.7993;0.8965;0.7935;0.5435;0.6196;0.9465;0.5009;0.9683;0.8926;2.8;7386
20/01/2026 12:09;mvtec_AD/cable;galad;448x448;2;2;150;1;1;0.8615;0.919;0.8286;0.6087;0.6196;0.9611;0.6651;0.9842;0.9202;3.0;7386
2026-01-26 10:45:11;mvtec_AD/cable;galad;448x448;2;2;150;2;1;0.941;0.9635;0.8962;0.6739;0.8043;0.9696;0.6683;0.9991;0.9322;4.6;13021
20/01/2026 12:09;mvtec_AD/cable;galad;448x448;2;2;150;3;1;0.8182;0.8953;0.8091;0.4674;0.5761;0.9603;0.6327;0.9879;0.9305;3.0;7386
2026-01-26 10:45:11;mvtec_AD/cable;galad;448x448;2;2;150;4;1;0.8141;0.8924;0.8155;0.5217;0.5435;0.9514;0.6328;0.9797;0.9267;4.6;13021
20/01/2026 11:32;mvtec_AD/cable;galad;448x448;5;5;150;0;1;0.905;0.9465;0.8542;0.7065;0.75;0.9696;0.6849;0.9981;0.9476;32.7;7386
2026-01-26 17:53:01;mvtec_AD/cable;galad;448x448;5;5;150;1;1;0.9436;0.9658;0.9072;0.6739;0.7935;0.9709;0.6934;0.9978;0.9305;7.4;13021
2026-01-26 17:53:01;mvtec_AD/cable;galad;448x448;5;5;150;2;1;0.9672;0.9797;0.9305;0.8587;0.8804;0.9725;0.6981;0.9988;0.913;6.3;13021
20/01/2026 11:32;mvtec_AD/cable;galad;448x448;5;5;150;3;1;0.878;0.9361;0.8525;0.5761;0.7826;0.9528;0.6487;0.9764;0.9018;9.0;7386
2026-01-26 17:53:01;mvtec_AD/cable;galad;448x448;5;5;150;4;1;0.8403;0.9019;0.8396;0.5109;0.5543;0.9615;0.6777;0.9921;0.9304;7.7;13021
2026-01-27 00:25:04;mvtec_AD/cable;galad;448x448;10;10;150;0;1;0.944;0.968;0.8973;0.7826;0.7935;0.9715;0.7056;0.9961;0.8525;12.1;13021
2026-01-27 00:25:04;mvtec_AD/cable;galad;448x448;10;10;150;1;1;0.9584;0.9741;0.9184;0.7065;0.8696;0.9723;0.6942;0.9989;0.9036;14.8;13021
21/01/2026 11:19;mvtec_AD/cable;galad;448x448;10;10;150;2;1;0.9663;0.9785;0.9263;0.7826;0.8696;0.9744;0.709;0.999;0.9345;17.3;7386
2026-01-27 00:25:04;mvtec_AD/cable;galad;448x448;10;10;150;3;1;0.9189;0.9572;0.8796;0.7174;0.8152;0.9646;0.7017;0.9953;0.9518;14.0;13021
21/01/2026 11:19;mvtec_AD/cable;galad;448x448;10;10;150;4;1;0.9142;0.9469;0.8889;0.5978;0.6087;0.9694;0.705;0.9964;0.8854;12.5;7386
22/01/2026 11:30;mvtec_AD/cable;galad;448x448;20;20;150;0;1;0.9505;0.971;0.8977;0.7391;0.8587;0.9719;0.7064;0.9978;0.9111;28.4;10196
2026-01-27 07:31:05;mvtec_AD/cable;galad;448x448;20;20;150;1;1;0.9586;0.9745;0.9198;0.7609;0.8152;0.9708;0.7074;0.9981;0.931;33.4;13021
22/01/2026 11:30;mvtec_AD/cable;galad;448x448;20;20;150;2;1;0.9681;0.9797;0.9255;0.8043;0.8696;0.9736;0.7067;0.9988;0.9009;24.7;10196
2026-01-27 07:31:05;mvtec_AD/cable;galad;448x448;20;20;150;3;1;0.9428;0.9646;0.9062;0.6957;0.7391;0.9695;0.7098;0.9974;0.896;26.1;13021
2026-01-27 07:31:05;mvtec_AD/cable;galad;448x448;20;20;150;4;1;0.9363;0.96;0.9149;0.663;0.6957;0.9721;0.7111;0.997;0.8816;31.0;13021
21/01/2026 15:03;mvtec_AD/cable;galad;448x448;50;50;150;0;1;0.9483;0.9691;0.9206;0.7391;0.7935;0.9733;0.7142;0.9982;0.9072;58.7;10196
2026-01-27 15:51:05;mvtec_AD/cable;galad;448x448;50;50;150;1;1;0.9653;0.9787;0.9305;0.8043;0.8913;0.9733;0.703;0.9989;0.932;49.2;13021
21/01/2026 15:03;mvtec_AD/cable;galad;448x448;50;50;150;2;1;0.967;0.9798;0.9255;0.8587;0.8913;0.9727;0.7006;0.9987;0.9224;48.4;10196
21/01/2026 15:03;mvtec_AD/cable;galad;448x448;50;50;150;3;1;0.9573;0.9736;0.9149;0.7609;0.837;0.9721;0.6953;0.9976;0.858;49.9;10196
2026-01-27 15:51:05;mvtec_AD/cable;galad;448x448;50;50;150;4;1;0.9655;0.9792;0.9247;0.837;0.8913;0.9726;0.6954;0.9989;0.9577;59.1;13021
2026-01-26 10:49:07;mvtec_AD/capsule;galad;448x448;2;2;132;0;1;0.8871;0.9758;0.9304;0.7248;0.7248;0.9885;0.5295;1.0;0.9236;4.2;13021
20/01/2026 12:15;mvtec_AD/capsule;galad;448x448;2;2;132;1;1;0.8014;0.9485;0.9114;0.3486;0.422;0.9831;0.4228;1.0;0.9246;2.8;7386
2026-01-26 10:49:07;mvtec_AD/capsule;galad;448x448;2;2;132;2;1;0.8528;0.9659;0.9244;0.6055;0.6055;0.9868;0.4695;1.0;0.9427;4.4;13021
2026-01-26 10:49:07;mvtec_AD/capsule;galad;448x448;2;2;132;3;1;0.872;0.9705;0.9298;0.6055;0.633;0.9894;0.523;1.0;0.977;4.3;13021
2026-01-26 10:49:07;mvtec_AD/capsule;galad;448x448;2;2;132;4;1;0.8807;0.9724;0.9345;0.6697;0.6697;0.987;0.4995;1.0;0.9364;4.3;13021
20/01/2026 11:47;mvtec_AD/capsule;galad;448x448;5;5;132;0;1;0.8301;0.9581;0.9264;0.4495;0.4495;0.9894;0.5806;1.0;0.9515;8.7;7386
20/01/2026 11:47;mvtec_AD/capsule;galad;448x448;5;5;132;1;1;0.8847;0.9727;0.9327;0.633;0.7064;0.9894;0.5853;1.0;0.9348;30.1;7386
20/01/2026 11:47;mvtec_AD/capsule;galad;448x448;5;5;132;2;1;0.8404;0.9568;0.9391;0.4587;0.6697;0.9851;0.4939;1.0;0.9381;12.3;7386
20/01/2026 11:47;mvtec_AD/capsule;galad;448x448;5;5;132;3;1;0.8588;0.9665;0.9381;0.5413;0.6239;0.9868;0.5401;1.0;0.9445;10.5;7386
2026-01-26 17:56:58;mvtec_AD/capsule;galad;448x448;5;5;132;4;1;0.9294;0.9842;0.9432;0.8073;0.8165;0.9887;0.5247;1.0;0.9451;8.3;13021
21/01/2026 11:32;mvtec_AD/capsule;galad;448x448;10;10;132;0;1;0.6163;0.8583;0.9046;0.1009;0.1101;0.9453;0.0889;1.0;0.6584;13.2;7386
2026-01-27 00:29:40;mvtec_AD/capsule;galad;448x448;10;10;132;1;1;0.8584;0.9664;0.931;0.5688;0.578;0.9869;0.4678;1.0;0.9557;18.2;13021
21/01/2026 11:32;mvtec_AD/capsule;galad;448x448;10;10;132;2;1;0.9126;0.98;0.9397;0.6239;0.7706;0.9872;0.486;1.0;0.978;11.2;7386
21/01/2026 11:32;mvtec_AD/capsule;galad;448x448;10;10;132;3;1;0.8217;0.9543;0.9351;0.4495;0.4679;0.9801;0.2969;1.0;0.9033;10.8;7386
2026-01-27 00:29:40;mvtec_AD/capsule;galad;448x448;10;10;132;4;1;0.8819;0.9725;0.9375;0.5688;0.6972;0.9867;0.4769;1.0;0.9802;25.0;13021
22/01/2026 11:34;mvtec_AD/capsule;galad;448x448;20;20;132;0;1;0.8632;0.968;0.9351;0.6147;0.633;0.9893;0.5646;1.0;0.9836;19.4;10196
22/01/2026 11:34;mvtec_AD/capsule;galad;448x448;20;20;132;1;1;0.8736;0.9709;0.927;0.578;0.633;0.9896;0.5789;1.0;0.9748;15.5;10196
2026-01-27 07:36:24;mvtec_AD/capsule;galad;448x448;20;20;132;2;1;0.9023;0.9772;0.9432;0.6606;0.7431;0.9898;0.5778;1.0;0.9907;16.6;13021
2026-01-27 07:36:24;mvtec_AD/capsule;galad;448x448;20;20;132;3;1;0.8684;0.9693;0.9316;0.6055;0.633;0.9887;0.5276;1.0;0.9573;27.6;13021
2026-01-27 07:36:24;mvtec_AD/capsule;galad;448x448;20;20;132;4;1;0.8767;0.9718;0.9345;0.6055;0.633;0.9846;0.4173;1.0;0.954;29.9;13021
21/01/2026 15:23;mvtec_AD/capsule;galad;448x448;50;50;132;0;1;0.9007;0.9778;0.9316;0.6972;0.7339;0.9896;0.582;1.0;0.9896;50.0;10196
2026-01-27 15:59:59;mvtec_AD/capsule;galad;448x448;50;50;132;1;1;0.9003;0.9776;0.9327;0.6972;0.7156;0.9892;0.5516;1.0;0.9604;47.7;13021
2026-01-27 15:59:59;mvtec_AD/capsule;galad;448x448;50;50;132;2;1;0.9246;0.9834;0.9437;0.8073;0.8073;0.9883;0.5044;1.0;0.97;56.4;13021
21/01/2026 15:23;mvtec_AD/capsule;galad;448x448;50;50;132;3;1;0.8839;0.9735;0.9356;0.633;0.6606;0.9895;0.5688;1.0;0.9869;84.7;10196
21/01/2026 15:23;mvtec_AD/capsule;galad;448x448;50;50;132;4;1;0.9114;0.9791;0.9391;0.7982;0.7982;0.9906;0.5543;1.0;0.9456;30.1;10196
2026-01-26 10:55:02;mvtec_AD/carpet;galad;448x448;2;2;117;0;1;0.9683;0.9899;0.9508;0.7865;0.8989;0.9968;0.8341;1.0;0.9013;4.0;13021
2026-01-26 10:55:02;mvtec_AD/carpet;galad;448x448;2;2;117;1;1;0.9715;0.9912;0.96;0.8315;0.9438;0.9966;0.8332;1.0;0.8866;4.0;13021
20/01/2026 12:19;mvtec_AD/carpet;galad;448x448;2;2;117;2;1;0.9739;0.9909;0.9727;0.7079;0.9438;0.9968;0.836;1.0;0.8971;2.5;7386
2026-01-26 10:55:02;mvtec_AD/carpet;galad;448x448;2;2;117;3;1;0.9715;0.9908;0.9659;0.7865;0.9551;0.9966;0.8267;1.0;0.9531;18.0;13021
2026-01-26 10:55:02;mvtec_AD/carpet;galad;448x448;2;2;117;4;1;0.9663;0.9887;0.9667;0.7303;0.8764;0.9962;0.8099;1.0;0.9362;18.6;13021
2026-01-26 18:00:10;mvtec_AD/carpet;galad;448x448;5;5;117;0;1;0.9767;0.9924;0.9667;0.8652;0.9551;0.9968;0.8418;1.0;0.972;5.1;13021
20/01/2026 11:58;mvtec_AD/carpet;galad;448x448;5;5;117;1;1;0.9783;0.9932;0.9663;0.9101;0.9213;0.9966;0.8285;1.0;0.8391;8.2;7386
2026-01-26 18:00:10;mvtec_AD/carpet;galad;448x448;5;5;117;2;1;0.9755;0.9923;0.9605;0.8876;0.9326;0.9965;0.8254;1.0;0.9499;5.8;13021
2026-01-26 18:00:10;mvtec_AD/carpet;galad;448x448;5;5;117;3;1;0.9811;0.9942;0.9721;0.8876;0.9663;0.9959;0.7702;1.0;0.9221;5.6;13021
20/01/2026 11:58;mvtec_AD/carpet;galad;448x448;5;5;117;4;1;0.9751;0.9918;0.9721;0.8539;0.9213;0.9962;0.8241;1.0;0.8686;7.3;7386
21/01/2026 11:43;mvtec_AD/carpet;galad;448x448;10;10;117;0;1;0.9803;0.9937;0.9721;0.9213;0.9438;0.9967;0.843;1.0;0.9946;15.0;7386
2026-01-27 00:33:50;mvtec_AD/carpet;galad;448x448;10;10;117;1;1;0.9815;0.9942;0.9663;0.9213;0.9438;0.9966;0.8327;1.0;0.9095;16.1;13021
21/01/2026 11:43;mvtec_AD/carpet;galad;448x448;10;10;117;2;1;0.9807;0.994;0.9721;0.9213;0.9438;0.9963;0.8158;1.0;0.9149;18.7;7386
21/01/2026 11:43;mvtec_AD/carpet;galad;448x448;10;10;117;3;1;0.9848;0.9954;0.9718;0.9213;0.9663;0.9958;0.7579;1.0;0.9693;13.9;7386
21/01/2026 11:43;mvtec_AD/carpet;galad;448x448;10;10;117;4;1;0.9715;0.9907;0.9667;0.8202;0.9326;0.9962;0.8281;1.0;0.8833;15.9;7386
22/01/2026 11:43;mvtec_AD/carpet;galad;448x448;20;20;117;0;1;0.9823;0.9944;0.9721;0.9213;0.9438;0.9967;0.839;1.0;0.8776;39.1;10196
2026-01-27 07:42:25;mvtec_AD/carpet;galad;448x448;20;20;117;1;1;0.9819;0.9943;0.9721;0.9213;0.9326;0.9966;0.8405;1.0;0.8784;37.2;13021
2026-01-27 07:42:25;mvtec_AD/carpet;galad;448x448;20;20;117;2;1;0.9831;0.9949;0.9663;0.9213;0.9438;0.9966;0.8383;1.0;0.9385;33.8;13021
2026-01-27 07:42:25;mvtec_AD/carpet;galad;448x448;20;20;117;3;1;0.9843;0.9953;0.9663;0.9213;0.9551;0.996;0.7828;1.0;0.9096;40.6;13021
2026-01-27 07:42:25;mvtec_AD/carpet;galad;448x448;20;20;117;4;1;0.9783;0.9933;0.9663;0.9213;0.9438;0.9967;0.849;1.0;0.8716;42.3;13021
21/01/2026 16:04;mvtec_AD/carpet;galad;448x448;50;50;117;0;1;0.9827;0.9948;0.9721;0.9213;0.9438;0.9965;0.8311;1.0;0.9375;79.5;10196
21/01/2026 16:04;mvtec_AD/carpet;galad;448x448;50;50;117;1;1;0.9823;0.9947;0.9721;0.9213;0.9438;0.9965;0.8317;1.0;0.8186;102.0;10196
2026-01-27 16:10:21;mvtec_AD/carpet;galad;448x448;50;50;117;2;1;0.9835;0.9951;0.9721;0.9213;0.9438;0.9966;0.8302;1.0;0.8756;127.2;13021
2026-01-27 16:10:22;mvtec_AD/carpet;galad;448x448;50;50;117;3;1;0.9852;0.9955;0.9721;0.9213;0.9551;0.9962;0.8034;1.0;0.9253;83.1;13021
21/01/2026 16:04;mvtec_AD/carpet;galad;448x448;50;50;117;4;1;0.9819;0.9946;0.9667;0.9213;0.9438;0.9965;0.8301;1.0;0.8659;97.7;10196
2026-01-26 11:00:44;mvtec_AD/grid;galad;448x448;2;2;78;0;1;0.7845;0.9091;0.8793;0.4035;0.4035;0.9878;0.3499;0.9938;0.968;14.7;13021
20/01/2026 12:23;mvtec_AD/grid;galad;448x448;2;2;78;1;1;0.9674;0.989;0.9483;0.8947;0.9123;0.99;0.3771;1.0;0.9403;1.9;7386
2026-01-26 11:00:44;mvtec_AD/grid;galad;448x448;2;2;78;2;1;0.8279;0.9416;0.8636;0.6667;0.6667;0.9873;0.3284;0.9996;0.9618;15.9;13021
2026-01-26 11:00:44;mvtec_AD/grid;galad;448x448;2;2;78;3;1;0.817;0.9257;0.8833;0.4561;0.4737;0.9882;0.3539;0.9943;0.9572;15.2;13021
20/01/2026 12:23;mvtec_AD/grid;galad;448x448;2;2;78;4;1;0.9382;0.9774;0.9333;0.7544;0.807;0.9902;0.3657;1.0;0.947;1.9;7386
20/01/2026 12:10;mvtec_AD/grid;galad;448x448;5;5;78;0;1;0.9641;0.9878;0.9346;0.8772;0.8947;0.9909;0.3849;1.0;0.8983;10.2;7386
20/01/2026 12:10;mvtec_AD/grid;galad;448x448;5;5;78;1;1;0.9833;0.9939;0.9661;0.8772;0.9474;0.991;0.3824;1.0;0.917;10.3;7386
20/01/2026 12:10;mvtec_AD/grid;galad;448x448;5;5;78;2;1;0.99;0.9966;0.9825;0.9825;0.9825;0.9908;0.3715;1.0;0.9835;9.9;7386
20/01/2026 12:10;mvtec_AD/grid;galad;448x448;5;5;78;3;1;0.9699;0.9893;0.9455;0.9123;0.9123;0.9911;0.3837;1.0;0.978;19.3;7386
2026-01-26 18:03:04;mvtec_AD/grid;galad;448x448;5;5;78;4;1;0.9733;0.9901;0.9565;0.8246;0.9123;0.9908;0.3767;1.0;0.9461;6.9;13021
21/01/2026 11:54;mvtec_AD/grid;galad;448x448;10;10;78;0;1;0.9875;0.9957;0.9739;0.9474;0.9825;0.991;0.3767;1.0;0.9587;12.8;7386
2026-01-27 00:37:36;mvtec_AD/grid;galad;448x448;10;10;78;1;1;0.9808;0.9926;0.9739;0.8246;0.9825;0.9909;0.382;1.0;0.9131;18.9;13021
2026-01-27 00:37:36;mvtec_AD/grid;galad;448x448;10;10;78;2;1;0.9783;0.9922;0.9573;0.8947;0.8947;0.991;0.3722;1.0;0.94;27.6;13021
21/01/2026 11:54;mvtec_AD/grid;galad;448x448;10;10;78;3;1;0.9967;0.9988;0.9825;0.9825;0.9825;0.9908;0.3725;1.0;0.9192;11.6;7386
2026-01-27 00:37:36;mvtec_AD/grid;galad;448x448;10;10;78;4;1;0.9683;0.9879;0.9655;0.7895;0.8246;0.9904;0.3645;1.0;0.9672;13.7;13021
22/01/2026 12:03;mvtec_AD/grid;galad;448x448;20;20;78;0;1;0.9766;0.9917;0.95;0.8947;0.9123;0.9909;0.3765;1.0;0.9858;220.2;10196
2026-01-27 07:47:34;mvtec_AD/grid;galad;448x448;20;20;78;1;1;0.9933;0.9976;0.9735;0.9649;0.9649;0.9911;0.3799;1.0;0.9202;38.9;13021
2026-01-27 07:47:34;mvtec_AD/grid;galad;448x448;20;20;78;2;1;0.9825;0.9935;0.9744;0.8772;0.9123;0.9909;0.3767;1.0;0.9373;39.1;13021
2026-01-27 07:47:34;mvtec_AD/grid;galad;448x448;20;20;78;3;1;0.9992;0.9997;0.9913;1.0;1.0;0.9913;0.3791;1.0;0.9373;33.3;13021
22/01/2026 12:03;mvtec_AD/grid;galad;448x448;20;20;78;4;1;0.9958;0.9985;0.9825;0.9825;0.9825;0.991;0.3692;1.0;0.9873;313.8;10196
2026-01-27 16:21:36;mvtec_AD/grid;galad;448x448;50;50;78;0;1;0.9975;0.9991;0.9912;0.9825;0.9825;0.9911;0.3772;1.0;0.9552;103.0;13021
2026-01-27 16:21:36;mvtec_AD/grid;galad;448x448;50;50;78;1;1;1.0;1.0;1.0;1.0;1.0;0.991;0.3787;1.0;0.9595;70.0;13021
21/01/2026 16:39;mvtec_AD/grid;galad;448x448;50;50;78;2;1;0.9975;0.9991;0.9913;1.0;1.0;0.9907;0.3685;1.0;0.9591;150.2;10196
2026-01-27 16:21:36;mvtec_AD/grid;galad;448x448;50;50;78;3;1;1.0;1.0;1.0;1.0;1.0;0.9911;0.3725;1.0;0.96;85.8;13021
2026-01-27 16:21:36;mvtec_AD/grid;galad;448x448;50;50;78;4;1;0.9933;0.9976;0.9744;0.9649;0.9649;0.991;0.3715;1.0;0.9993;129.9;13021
2026-01-26 11:07:59;mvtec_AD/hazelnut;galad;448x448;2;2;110;0;1;0.54;0.7051;0.8;0.1429;0.1714;0.9752;0.5357;0.9997;0.7282;20.8;13021
2026-01-26 11:07:59;mvtec_AD/hazelnut;galad;448x448;2;2;110;1;1;0.9175;0.9551;0.8919;0.6429;0.7571;0.994;0.7703;0.9999;0.9211;19.8;13021
2026-01-26 11:07:59;mvtec_AD/hazelnut;galad;448x448;2;2;110;2;1;0.7336;0.8173;0.828;0.2286;0.2857;0.9866;0.6485;0.9995;0.8447;19.6;13021
20/01/2026 12:28;mvtec_AD/hazelnut;galad;448x448;2;2;110;3;1;0.7032;0.8165;0.791;0.2571;0.3;0.9765;0.3624;0.9861;0.7651;2.4;7386
20/01/2026 12:28;mvtec_AD/hazelnut;galad;448x448;2;2;110;4;1;0.8314;0.8986;0.8354;0.6286;0.6714;0.9938;0.7957;0.9995;0.9331;2.3;7386
20/01/2026 12:24;mvtec_AD/hazelnut;galad;448x448;5;5;110;0;1;0.8746;0.9348;0.8438;0.7286;0.7714;0.9937;0.7668;0.9997;0.941;8.5;7386
2026-01-26 18:06:35;mvtec_AD/hazelnut;galad;448x448;5;5;110;1;1;0.9311;0.9671;0.9185;0.8571;0.8857;0.9941;0.7554;0.9999;0.9647;9.4;13021
20/01/2026 12:24;mvtec_AD/hazelnut;galad;448x448;5;5;110;2;1;0.8957;0.948;0.8615;0.6857;0.8;0.9943;0.7819;0.9998;0.9612;26.1;7386
2026-01-26 18:06:35;mvtec_AD/hazelnut;galad;448x448;5;5;110;3;1;0.9204;0.9587;0.8951;0.7571;0.7714;0.9959;0.8203;1.0;0.9773;7.4;13021
2026-01-26 18:06:35;mvtec_AD/hazelnut;galad;448x448;5;5;110;4;1;0.9068;0.9503;0.8794;0.6571;0.7571;0.994;0.7694;0.9991;0.9418;9.5;13021
21/01/2026 12:06;mvtec_AD/hazelnut;galad;448x448;10;10;110;0;1;0.9554;0.9746;0.9296;0.8;0.8571;0.9943;0.7531;0.9994;0.9317;13.2;7386
2026-01-27 00:41:28;mvtec_AD/hazelnut;galad;448x448;10;10;110;1;1;0.935;0.9672;0.8872;0.8143;0.8429;0.9953;0.802;0.9995;0.9851;13.7;13021
2026-01-27 00:41:28;mvtec_AD/hazelnut;galad;448x448;10;10;110;2;1;0.9239;0.9626;0.8986;0.7714;0.7857;0.9947;0.784;0.9998;0.9543;12.4;13021
21/01/2026 12:06;mvtec_AD/hazelnut;galad;448x448;10;10;110;3;1;0.9375;0.969;0.8939;0.8;0.8429;0.9953;0.7998;0.9997;0.9946;12.9;7386
21/01/2026 12:06;mvtec_AD/hazelnut;galad;448x448;10;10;110;4;1;0.8832;0.9339;0.8758;0.5857;0.6714;0.9942;0.7856;0.9992;0.9711;12.3;7386
22/01/2026 13:55;mvtec_AD/hazelnut;galad;448x448;20;20;110;0;1;0.9279;0.9647;0.8919;0.7714;0.7857;0.9955;0.8236;0.9996;0.9461;23.7;10196
22/01/2026 13:55;mvtec_AD/hazelnut;galad;448x448;20;20;110;1;1;0.9525;0.974;0.9037;0.8;0.8714;0.9953;0.8001;0.9995;0.9758;16.9;10196
2026-01-27 07:52:20;mvtec_AD/hazelnut;galad;448x448;20;20;110;2;1;0.9179;0.9587;0.8759;0.7429;0.8143;0.9954;0.809;0.9998;0.9736;25.2;13021
22/01/2026 13:55;mvtec_AD/hazelnut;galad;448x448;20;20;110;3;1;0.9279;0.9629;0.8857;0.7571;0.7857;0.9961;0.8341;0.9998;0.9736;16.4;10196
22/01/2026 13:55;mvtec_AD/hazelnut;galad;448x448;20;20;110;4;1;0.9611;0.9789;0.9306;0.8429;0.8714;0.9957;0.8175;0.9995;0.9863;24.3;10196
21/01/2026 17:00;mvtec_AD/hazelnut;galad;448x448;50;50;110;0;1;0.9671;0.9817;0.9286;0.8429;0.9143;0.9961;0.8322;0.9995;0.9321;58.0;10196
21/01/2026 17:00;mvtec_AD/hazelnut;galad;448x448;50;50;110;1;1;0.9618;0.9789;0.9231;0.8429;0.8571;0.9959;0.8189;0.9995;0.9748;62.6;10196
21/01/2026 17:00;mvtec_AD/hazelnut;galad;448x448;50;50;110;2;1;0.9486;0.9735;0.913;0.8143;0.8143;0.9957;0.8098;0.9998;0.9829;48.9;10196
21/01/2026 17:00;mvtec_AD/hazelnut;galad;448x448;50;50;110;3;1;0.9539;0.9735;0.9252;0.7571;0.8143;0.9958;0.8191;0.9997;0.9893;55.4;10196
2026-01-27 16:30:31;mvtec_AD/hazelnut;galad;448x448;50;50;110;4;1;0.9636;0.9797;0.9444;0.8286;0.8429;0.996;0.823;0.9995;0.9787;92.6;13021
2026-01-26 11:15:03;mvtec_AD/leather;galad;448x448;2;2;124;0;1;1.0;1.0;1.0;1.0;1.0;0.9913;0.3871;1.0;0.9437;18.0;13021
2026-01-26 11:15:03;mvtec_AD/leather;galad;448x448;2;2;124;1;1;1.0;1.0;1.0;1.0;1.0;0.9906;0.37;1.0;0.8442;15.4;13021
20/01/2026 12:32;mvtec_AD/leather;galad;448x448;2;2;124;2;1;1.0;1.0;1.0;1.0;1.0;0.993;0.4203;1.0;0.9961;2.5;7386
2026-01-26 11:15:03;mvtec_AD/leather;galad;448x448;2;2;124;3;1;1.0;1.0;1.0;1.0;1.0;0.9912;0.3416;1.0;0.9902;20.3;13021
2026-01-26 11:15:03;mvtec_AD/leather;galad;448x448;2;2;124;4;1;0.9976;0.9992;0.9891;0.9891;0.9891;0.9911;0.3226;1.0;0.9546;19.9;13021
20/01/2026 12:39;mvtec_AD/leather;galad;448x448;5;5;124;0;1;1.0;1.0;1.0;1.0;1.0;0.9911;0.3288;1.0;0.8804;17.8;7386
20/01/2026 12:39;mvtec_AD/leather;galad;448x448;5;5;124;1;1;1.0;1.0;1.0;1.0;1.0;0.9911;0.3509;1.0;0.979;8.4;7386
20/01/2026 12:39;mvtec_AD/leather;galad;448x448;5;5;124;2;1;1.0;1.0;1.0;1.0;1.0;0.9917;0.3439;1.0;0.8792;19.0;7386
20/01/2026 12:39;mvtec_AD/leather;galad;448x448;5;5;124;3;1;1.0;1.0;1.0;1.0;1.0;0.9907;0.3272;1.0;0.9084;21.9;7386
20/01/2026 12:39;mvtec_AD/leather;galad;448x448;5;5;124;4;1;1.0;1.0;1.0;1.0;1.0;0.9919;0.361;1.0;0.8705;9.4;7386
21/01/2026 12:18;mvtec_AD/leather;galad;448x448;10;10;124;0;1;1.0;1.0;1.0;1.0;1.0;0.9913;0.3376;1.0;0.9889;15.7;7386
21/01/2026 12:18;mvtec_AD/leather;galad;448x448;10;10;124;1;1;1.0;1.0;1.0;1.0;1.0;0.9908;0.3129;1.0;0.9542;15.8;7386
21/01/2026 12:18;mvtec_AD/leather;galad;448x448;10;10;124;2;1;1.0;1.0;1.0;1.0;1.0;0.991;0.3058;1.0;0.8437;20.2;7386
21/01/2026 12:18;mvtec_AD/leather;galad;448x448;10;10;124;3;1;1.0;1.0;1.0;1.0;1.0;0.9912;0.3704;1.0;0.9755;18.0;7386
21/01/2026 12:18;mvtec_AD/leather;galad;448x448;10;10;124;4;1;1.0;1.0;1.0;1.0;1.0;0.9909;0.341;1.0;0.8293;15.2;7386
22/01/2026 14:00;mvtec_AD/leather;galad;448x448;20;20;124;0;1;1.0;1.0;1.0;1.0;1.0;0.9941;0.4786;1.0;0.9146;41.8;10196
2026-01-27 07:57:56;mvtec_AD/leather;galad;448x448;20;20;124;1;1;1.0;1.0;1.0;1.0;1.0;0.9922;0.3859;1.0;0.9062;29.1;13021
22/01/2026 14:00;mvtec_AD/leather;galad;448x448;20;20;124;2;1;1.0;1.0;1.0;1.0;1.0;0.9913;0.3535;1.0;0.9924;25.1;10196
22/01/2026 14:00;mvtec_AD/leather;galad;448x448;20;20;124;3;1;1.0;1.0;1.0;1.0;1.0;0.9923;0.426;1.0;0.9452;33.1;10196
22/01/2026 14:00;mvtec_AD/leather;galad;448x448;20;20;124;4;1;1.0;1.0;1.0;1.0;1.0;0.9916;0.3766;1.0;0.9629;33.9;10196
2026-01-27 16:38:52;mvtec_AD/leather;galad;448x448;50;50;124;0;1;1.0;1.0;1.0;1.0;1.0;0.9921;0.4065;1.0;0.9191;69.5;13021
2026-01-27 16:38:52;mvtec_AD/leather;galad;448x448;50;50;124;1;1;0.9997;0.9999;0.9946;1.0;1.0;0.9924;0.4095;1.0;0.9428;57.3;13021
2026-01-27 16:38:52;mvtec_AD/leather;galad;448x448;50;50;124;2;1;0.9997;0.9999;0.9946;1.0;1.0;0.9912;0.3437;1.0;0.9841;55.4;13021
21/01/2026 17:30;mvtec_AD/leather;galad;448x448;50;50;124;3;1;1.0;1.0;1.0;1.0;1.0;0.9916;0.3648;1.0;0.972;67.9;10196
21/01/2026 17:30;mvtec_AD/leather;galad;448x448;50;50;124;4;1;1.0;1.0;1.0;1.0;1.0;0.9922;0.4017;1.0;0.9994;55.3;10196
20/01/2026 12:37;mvtec_AD/metal_nut;galad;448x448;2;2;115;0;1;0.8851;0.9731;0.9239;0.6882;0.7634;0.9784;0.8024;0.9999;0.9769;2.4;7386
20/01/2026 12:37;mvtec_AD/metal_nut;galad;448x448;2;2;115;1;1;0.913;0.981;0.9239;0.8172;0.8387;0.9515;0.6848;0.9995;0.9458;2.4;7386
20/01/2026 12:37;mvtec_AD/metal_nut;galad;448x448;2;2;115;2;1;0.8543;0.9643;0.9146;0.6559;0.6774;0.9753;0.7665;0.999;0.9784;2.5;7386
20/01/2026 12:37;mvtec_AD/metal_nut;galad;448x448;2;2;115;3;1;0.8778;0.972;0.9118;0.7204;0.7419;0.9679;0.7709;0.9984;0.9354;2.5;7386
20/01/2026 12:37;mvtec_AD/metal_nut;galad;448x448;2;2;115;4;1;0.9751;0.9938;0.9738;0.828;0.9032;0.9448;0.5985;0.9993;0.8905;2.4;7386
20/01/2026 12:53;mvtec_AD/metal_nut;galad;448x448;5;5;115;0;1;0.935;0.9849;0.9442;0.8065;0.8602;0.9749;0.7325;0.9997;0.9252;18.0;7386
2026-01-26 18:13:27;mvtec_AD/metal_nut;galad;448x448;5;5;115;1;1;0.9477;0.9884;0.9368;0.8495;0.8602;0.9731;0.7187;0.9996;0.9412;6.4;13021
20/01/2026 12:53;mvtec_AD/metal_nut;galad;448x448;5;5;115;2;1;0.9096;0.9789;0.9192;0.7957;0.8172;0.9766;0.7645;0.9998;0.9414;20.8;7386
20/01/2026 12:53;mvtec_AD/metal_nut;galad;448x448;5;5;115;3;1;0.9477;0.9879;0.9424;0.8172;0.8495;0.9697;0.7055;1.0;0.9016;22.8;7386
2026-01-26 18:13:27;mvtec_AD/metal_nut;galad;448x448;5;5;115;4;1;0.9565;0.9898;0.949;0.8387;0.8387;0.9663;0.7065;1.0;0.8812;8.1;13021
21/01/2026 12:29;mvtec_AD/metal_nut;galad;448x448;10;10;115;0;1;0.9663;0.9923;0.9485;0.9032;0.9032;0.9798;0.8044;0.9998;0.9751;11.4;7386
2026-01-27 00:49:27;mvtec_AD/metal_nut;galad;448x448;10;10;115;1;1;0.957;0.9904;0.9424;0.871;0.871;0.9797;0.793;0.9998;0.9662;10.9;13021
2026-01-27 00:49:27;mvtec_AD/metal_nut;galad;448x448;10;10;115;2;1;0.9286;0.9835;0.9254;0.8387;0.8602;0.9798;0.7906;0.9999;0.9492;7.6;13021
21/01/2026 12:29;mvtec_AD/metal_nut;galad;448x448;10;10;115;3;1;0.98;0.9953;0.9684;0.8817;0.9032;0.9793;0.7707;0.9997;0.9597;12.8;7386
2026-01-27 00:49:27;mvtec_AD/metal_nut;galad;448x448;10;10;115;4;1;0.9218;0.9816;0.9326;0.7634;0.7957;0.9791;0.7825;0.9998;0.9307;7.1;13021
22/01/2026 14:03;mvtec_AD/metal_nut;galad;448x448;20;20;115;0;1;0.9677;0.9929;0.9524;0.8925;0.914;0.9778;0.7559;0.9997;0.9608;18.1;10196
2026-01-27 08:02:31;mvtec_AD/metal_nut;galad;448x448;20;20;115;1;1;0.9521;0.9894;0.9444;0.871;0.914;0.9808;0.8128;0.9996;0.9324;17.0;13021
22/01/2026 14:03;mvtec_AD/metal_nut;galad;448x448;20;20;115;2;1;0.9663;0.9924;0.9508;0.8817;0.9032;0.9798;0.7847;0.9997;0.9071;14.3;10196
22/01/2026 14:03;mvtec_AD/metal_nut;galad;448x448;20;20;115;3;1;0.9702;0.9934;0.957;0.914;0.914;0.9788;0.7679;0.9996;0.94;16.9;10196
2026-01-27 08:02:31;mvtec_AD/metal_nut;galad;448x448;20;20;115;4;1;0.9462;0.9879;0.9394;0.8602;0.871;0.9804;0.7913;0.9999;0.9964;24.6;13021
21/01/2026 17:48;mvtec_AD/metal_nut;galad;448x448;50;50;115;0;1;0.9648;0.9922;0.9468;0.9032;0.914;0.9816;0.8179;0.9992;0.9338;25.3;10196
2026-01-27 16:45:09;mvtec_AD/metal_nut;galad;448x448;50;50;115;1;1;0.9624;0.9915;0.9497;0.914;0.914;0.9798;0.7886;0.9995;0.9021;39.0;13021
21/01/2026 17:48;mvtec_AD/metal_nut;galad;448x448;50;50;115;2;1;0.9477;0.9885;0.9379;0.8925;0.8925;0.9808;0.7975;0.9997;0.9744;48.2;10196
2026-01-27 16:45:09;mvtec_AD/metal_nut;galad;448x448;50;50;115;3;1;0.9648;0.9922;0.9451;0.9032;0.914;0.9794;0.777;0.9996;0.9354;37.6;13021
21/01/2026 17:48;mvtec_AD/metal_nut;galad;448x448;50;50;115;4;1;0.9599;0.9909;0.9405;0.8602;0.8925;0.9797;0.7822;0.9996;0.9481;42.6;10196
2026-01-26 11:32:39;mvtec_AD/pill;galad;448x448;2;2;167;0;1;0.8955;0.9801;0.9268;0.6809;0.766;0.9723;0.5627;1.0;0.9798;25.1;13021
20/01/2026 12:44;mvtec_AD/pill;galad;448x448;2;2;167;1;1;0.8901;0.9787;0.9333;0.7234;0.7234;0.9657;0.5178;1.0;0.9112;3.1;7386
20/01/2026 12:44;mvtec_AD/pill;galad;448x448;2;2;167;2;1;0.9023;0.9808;0.931;0.7305;0.8085;0.9581;0.475;0.9999;0.8568;3.2;7386
20/01/2026 12:44;mvtec_AD/pill;galad;448x448;2;2;167;3;1;0.898;0.9787;0.9441;0.5674;0.5887;0.9512;0.3155;0.9999;0.8632;3.3;7386
20/01/2026 12:44;mvtec_AD/pill;galad;448x448;2;2;167;4;1;0.8721;0.9751;0.9365;0.6454;0.6596;0.9695;0.546;1.0;0.9142;3.1;7386
20/01/2026 13:14;mvtec_AD/pill;galad;448x448;5;5;167;0;1;0.9056;0.9821;0.936;0.7092;0.7234;0.9753;0.5769;0.9999;0.9393;27.8;7386
2026-01-26 18:18:38;mvtec_AD/pill;galad;448x448;5;5;167;1;1;0.8852;0.978;0.9291;0.6099;0.7234;0.9501;0.4497;0.9998;0.9675;9.2;13021
20/01/2026 13:14;mvtec_AD/pill;galad;448x448;5;5;167;2;1;0.9165;0.9842;0.936;0.7163;0.7376;0.9737;0.5633;0.9999;0.976;32.3;7386
2026-01-26 18:18:38;mvtec_AD/pill;galad;448x448;5;5;167;3;1;0.9138;0.9837;0.9375;0.695;0.8014;0.9638;0.5469;0.9998;0.946;8.4;13021
20/01/2026 13:14;mvtec_AD/pill;galad;448x448;5;5;167;4;1;0.9004;0.981;0.9333;0.6667;0.6667;0.9789;0.5761;1.0;0.9448;9.6;7386
2026-01-27 00:55:11;mvtec_AD/pill;galad;448x448;10;10;167;0;1;0.8925;0.9793;0.9347;0.6879;0.7021;0.979;0.5872;1.0;0.8853;21.1;13021
21/01/2026 12:47;mvtec_AD/pill;galad;448x448;10;10;167;1;1;0.8985;0.9807;0.9352;0.7021;0.7092;0.9746;0.58;0.9999;0.9573;10.2;7386
2026-01-27 00:55:11;mvtec_AD/pill;galad;448x448;10;10;167;2;1;0.9073;0.9827;0.9356;0.7092;0.7376;0.9761;0.597;0.9997;0.9154;18.8;13021
21/01/2026 12:47;mvtec_AD/pill;galad;448x448;10;10;167;3;1;0.9291;0.9867;0.9416;0.7234;0.7801;0.9791;0.612;1.0;0.9639;11.3;7386
21/01/2026 12:47;mvtec_AD/pill;galad;448x448;10;10;167;4;1;0.9165;0.9847;0.936;0.7305;0.7801;0.9755;0.5894;1.0;0.911;14.7;7386
2026-01-27 08:09:50;mvtec_AD/pill;galad;448x448;20;20;167;0;1;0.8996;0.9806;0.9392;0.7021;0.7021;0.9788;0.6111;1.0;0.9546;37.0;13021
2026-01-27 08:09:50;mvtec_AD/pill;galad;448x448;20;20;167;1;1;0.9105;0.9833;0.9379;0.7234;0.7447;0.9779;0.6063;1.0;0.8935;31.4;13021
2026-01-27 08:09:50;mvtec_AD/pill;galad;448x448;20;20;167;2;1;0.9179;0.9848;0.9388;0.7234;0.766;0.9788;0.611;0.9998;0.8982;30.3;13021
2026-01-27 08:09:50;mvtec_AD/pill;galad;448x448;20;20;167;3;1;0.9203;0.9852;0.9424;0.7305;0.8156;0.979;0.6065;1.0;0.8978;35.0;13021
22/01/2026 14:08;mvtec_AD/pill;galad;448x448;20;20;167;4;1;0.9133;0.9838;0.9392;0.7376;0.7376;0.978;0.6028;1.0;0.9912;25.6;10196
21/01/2026 18:10;mvtec_AD/pill;galad;448x448;50;50;167;0;1;0.9138;0.984;0.9392;0.7447;0.773;0.9807;0.6189;1.0;0.9022;43.3;10196
2026-01-27 16:55:07;mvtec_AD/pill;galad;448x448;50;50;167;1;1;0.9168;0.9843;0.942;0.6809;0.8156;0.9764;0.585;0.9999;0.954;54.8;13021
2026-01-27 16:55:07;mvtec_AD/pill;galad;448x448;50;50;167;2;1;0.9146;0.984;0.9416;0.7447;0.7589;0.9786;0.6105;0.9998;0.8941;56.6;13021
2026-01-27 16:55:07;mvtec_AD/pill;galad;448x448;50;50;167;3;1;0.916;0.9841;0.9456;0.7376;0.7376;0.9792;0.6172;1.0;0.9839;71.4;13021
21/01/2026 18:10;mvtec_AD/pill;galad;448x448;50;50;167;4;1;0.9165;0.9843;0.9392;0.7305;0.7376;0.9786;0.6068;1.0;0.9942;63.1;10196
2026-01-26 11:41:34;mvtec_AD/screw;galad;448x448;2;2;160;0;1;0.5665;0.7979;0.875;0.1681;0.2353;0.917;0.016;0.9783;0.6326;28.5;13021
20/01/2026 12:51;mvtec_AD/screw;galad;448x448;2;2;160;1;1;0.5466;0.7864;0.853;0.084;0.1933;0.9346;0.0204;0.9539;0.6843;2.9;7386
20/01/2026 12:51;mvtec_AD/screw;galad;448x448;2;2;160;2;1;0.4876;0.7234;0.8603;0.0252;0.0504;0.9456;0.0525;0.9906;0.7339;3.0;7386
20/01/2026 12:51;mvtec_AD/screw;galad;448x448;2;2;160;3;1;0.4821;0.7431;0.8561;0.0504;0.1092;0.9266;0.0427;0.9859;0.701;2.9;7386
20/01/2026 12:51;mvtec_AD/screw;galad;448x448;2;2;160;4;1;0.5317;0.7832;0.8623;0.1513;0.2017;0.9509;0.0307;0.9993;0.7978;3.0;7386
2026-01-26 18:23:12;mvtec_AD/screw;galad;448x448;5;5;160;0;1;0.5929;0.7838;0.875;0.0252;0.1092;0.9746;0.1593;0.9996;0.8043;10.7;13021
2026-01-26 18:23:12;mvtec_AD/screw;galad;448x448;5;5;160;1;1;0.5583;0.8095;0.8582;0.1597;0.1933;0.9759;0.0798;0.9959;0.856;8.6;13021
2026-01-26 18:23:12;mvtec_AD/screw;galad;448x448;5;5;160;2;1;0.5843;0.7712;0.8613;0.0672;0.1092;0.967;0.078;0.9976;0.802;8.0;13021
2026-01-26 18:23:12;mvtec_AD/screw;galad;448x448;5;5;160;3;1;0.5147;0.7288;0.853;0.042;0.042;0.9362;0.0182;0.9998;0.6713;10.0;13021
2026-01-26 18:23:12;mvtec_AD/screw;galad;448x448;5;5;160;4;1;0.5065;0.7355;0.8613;0.042;0.0672;0.9534;0.0434;0.9994;0.7653;6.9;13021
21/01/2026 13:01;mvtec_AD/screw;galad;448x448;10;10;160;0;1;0.8352;0.9382;0.888;0.4538;0.5546;0.9857;0.2122;1.0;0.8512;13.8;7386
2026-01-27 01:00:03;mvtec_AD/screw;galad;448x448;10;10;160;1;1;0.5985;0.8104;0.8561;0.1345;0.2017;0.986;0.2162;1.0;0.8661;12.5;13021
2026-01-27 01:00:03;mvtec_AD/screw;galad;448x448;10;10;160;2;1;0.6428;0.7981;0.8718;0.0672;0.1429;0.9754;0.091;1.0;0.7445;13.5;13021
2026-01-27 01:00:03;mvtec_AD/screw;galad;448x448;10;10;160;3;1;0.6678;0.8084;0.8655;0.0336;0.0756;0.9844;0.1903;0.9998;0.8694;9.4;13021
21/01/2026 13:01;mvtec_AD/screw;galad;448x448;10;10;160;4;1;0.5493;0.768;0.8635;0.042;0.1513;0.9673;0.0828;0.9999;0.8371;12.0;7386
2026-01-27 08:15:09;mvtec_AD/screw;galad;448x448;20;20;160;0;1;0.7461;0.8848;0.8675;0.2101;0.3277;0.9889;0.2611;0.9999;0.9093;15.4;13021
22/01/2026 14:11;mvtec_AD/screw;galad;448x448;20;20;160;1;1;0.7338;0.8928;0.8561;0.3529;0.4454;0.9868;0.2345;0.9999;0.8206;24.1;10196
22/01/2026 14:11;mvtec_AD/screw;galad;448x448;20;20;160;2;1;0.7796;0.8918;0.8821;0.2353;0.395;0.989;0.3092;1.0;0.9156;14.7;10196
22/01/2026 14:11;mvtec_AD/screw;galad;448x448;20;20;160;3;1;0.7385;0.893;0.8623;0.4034;0.4706;0.9873;0.2548;0.9999;0.8874;13.3;10196
2026-01-27 08:15:09;mvtec_AD/screw;galad;448x448;20;20;160;4;1;0.6206;0.7802;0.8626;0.0504;0.0504;0.9876;0.2241;0.9999;0.8682;16.5;13021
2026-01-27 17:03:15;mvtec_AD/screw;galad;448x448;50;50;160;0;1;0.7737;0.9043;0.8686;0.3529;0.4286;0.9859;0.2029;0.9999;0.9197;61.5;13021
21/01/2026 18:38;mvtec_AD/screw;galad;448x448;50;50;160;1;1;0.8164;0.9258;0.8934;0.395;0.4286;0.9882;0.2691;1.0;0.9307;38.3;10196
21/01/2026 18:38;mvtec_AD/screw;galad;448x448;50;50;160;2;1;0.8485;0.9368;0.9048;0.4202;0.437;0.9874;0.3097;1.0;0.9041;75.9;10196
2026-01-27 17:03:15;mvtec_AD/screw;galad;448x448;50;50;160;3;1;0.7579;0.8795;0.8726;0.2437;0.4034;0.9841;0.2058;0.9999;0.9131;52.1;13021
21/01/2026 18:38;mvtec_AD/screw;galad;448x448;50;50;160;4;1;0.8108;0.9149;0.8931;0.2605;0.4874;0.9878;0.3406;1.0;0.9032;43.7;10196
20/01/2026 12:55;mvtec_AD/tile;galad;448x448;2;2;117;0;1;1.0;1.0;1.0;1.0;1.0;0.9853;0.8237;1.0;0.9176;2.6;7386
20/01/2026 12:55;mvtec_AD/tile;galad;448x448;2;2;117;1;1;1.0;1.0;1.0;1.0;1.0;0.9835;0.7981;1.0;0.958;2.5;7386
20/01/2026 12:55;mvtec_AD/tile;galad;448x448;2;2;117;2;1;1.0;1.0;1.0;1.0;1.0;0.982;0.7714;1.0;0.9675;2.4;7386
20/01/2026 12:55;mvtec_AD/tile;galad;448x448;2;2;117;3;1;1.0;1.0;1.0;1.0;1.0;0.9828;0.7823;1.0;0.9833;2.3;7386
20/01/2026 12:55;mvtec_AD/tile;galad;448x448;2;2;117;4;1;1.0;1.0;1.0;1.0;1.0;0.9797;0.7652;1.0;0.9057;2.3;7386
20/01/2026 13:41;mvtec_AD/tile;galad;448x448;5;5;117;0;1;1.0;1.0;1.0;1.0;1.0;0.9844;0.8143;1.0;0.868;8.6;7386
20/01/2026 13:41;mvtec_AD/tile;galad;448x448;5;5;117;1;1;1.0;1.0;1.0;1.0;1.0;0.9819;0.7979;1.0;0.9748;9.1;7386
20/01/2026 13:41;mvtec_AD/tile;galad;448x448;5;5;117;2;1;1.0;1.0;1.0;1.0;1.0;0.9843;0.8156;1.0;0.938;28.7;7386
20/01/2026 13:41;mvtec_AD/tile;galad;448x448;5;5;117;3;1;1.0;1.0;1.0;1.0;1.0;0.9818;0.773;1.0;0.972;22.1;7386
20/01/2026 13:41;mvtec_AD/tile;galad;448x448;5;5;117;4;1;1.0;1.0;1.0;1.0;1.0;0.9825;0.7922;1.0;0.9987;8.8;7386
21/01/2026 13:13;mvtec_AD/tile;galad;448x448;10;10;117;0;1;1.0;1.0;1.0;1.0;1.0;0.9808;0.7711;1.0;0.9315;16.4;7386
21/01/2026 13:13;mvtec_AD/tile;galad;448x448;10;10;117;1;1;1.0;1.0;1.0;1.0;1.0;0.981;0.7832;1.0;0.9175;11.2;7386
21/01/2026 13:13;mvtec_AD/tile;galad;448x448;10;10;117;2;1;1.0;1.0;1.0;1.0;1.0;0.9809;0.7782;1.0;0.9997;18.1;7386
21/01/2026 13:13;mvtec_AD/tile;galad;448x448;10;10;117;3;1;1.0;1.0;1.0;1.0;1.0;0.9808;0.7775;1.0;0.9526;16.2;7386
21/01/2026 13:13;mvtec_AD/tile;galad;448x448;10;10;117;4;1;1.0;1.0;1.0;1.0;1.0;0.9812;0.7778;1.0;0.9789;20.0;7386
22/01/2026 14:16;mvtec_AD/tile;galad;448x448;20;20;117;0;1;1.0;1.0;1.0;1.0;1.0;0.9821;0.7873;1.0;0.8512;38.7;10196
22/01/2026 14:16;mvtec_AD/tile;galad;448x448;20;20;117;1;1;1.0;1.0;1.0;1.0;1.0;0.981;0.775;1.0;0.9013;45.2;10196
22/01/2026 14:16;mvtec_AD/tile;galad;448x448;20;20;117;2;1;1.0;1.0;1.0;1.0;1.0;0.9803;0.772;1.0;0.945;39.2;10196
22/01/2026 14:16;mvtec_AD/tile;galad;448x448;20;20;117;3;1;1.0;1.0;1.0;1.0;1.0;0.9819;0.7869;1.0;0.9334;65.4;10196
22/01/2026 14:16;mvtec_AD/tile;galad;448x448;20;20;117;4;1;1.0;1.0;1.0;1.0;1.0;0.9805;0.7746;1.0;0.9282;36.7;10196
21/01/2026 19:19;mvtec_AD/tile;galad;448x448;50;50;117;0;1;1.0;1.0;1.0;1.0;1.0;0.9805;0.7724;1.0;0.9005;53.8;10196
21/01/2026 19:19;mvtec_AD/tile;galad;448x448;50;50;117;1;1;1.0;1.0;1.0;1.0;1.0;0.9816;0.7829;1.0;0.9572;58.4;10196
21/01/2026 19:19;mvtec_AD/tile;galad;448x448;50;50;117;2;1;1.0;1.0;1.0;1.0;1.0;0.9789;0.7546;1.0;0.9365;55.7;10196
21/01/2026 19:19;mvtec_AD/tile;galad;448x448;50;50;117;3;1;1.0;1.0;1.0;1.0;1.0;0.9809;0.778;1.0;0.9347;60.6;10196
21/01/2026 19:19;mvtec_AD/tile;galad;448x448;50;50;117;4;1;1.0;1.0;1.0;1.0;1.0;0.9803;0.7708;1.0;0.8898;94.0;10196
2026-01-26 11:50:41;mvtec_AD/toothbrush;galad;448x448;2;2;42;0;1;0.8583;0.9419;0.9032;0.5333;0.6;0.9914;0.6611;1.0;0.9312;2.9;13021
20/01/2026 12:57;mvtec_AD/toothbrush;galad;448x448;2;2;42;1;1;0.9;0.9632;0.8824;0.7333;0.7333;0.9746;0.4249;1.0;0.8796;1.4;7386
20/01/2026 12:57;mvtec_AD/toothbrush;galad;448x448;2;2;42;2;1;0.9;0.9637;0.8929;0.6667;0.8333;0.9941;0.721;1.0;0.9704;1.5;7386
2026-01-26 11:50:41;mvtec_AD/toothbrush;galad;448x448;2;2;42;3;1;0.9417;0.9779;0.9206;0.8;0.8;0.9946;0.7158;1.0;0.9803;11.1;13021
20/01/2026 12:57;mvtec_AD/toothbrush;galad;448x448;2;2;42;4;1;0.8361;0.942;0.8657;0.6667;0.6667;0.991;0.6803;1.0;0.9396;1.5;7386
2026-01-26 18:28:09;mvtec_AD/toothbrush;galad;448x448;5;5;42;0;1;0.8722;0.9495;0.9206;0.6;0.6667;0.993;0.6553;1.0;0.9506;9.7;13021
20/01/2026 13:47;mvtec_AD/toothbrush;galad;448x448;5;5;42;1;1;0.9694;0.9911;0.9831;0.9667;0.9667;0.9938;0.6408;1.0;0.9605;10.1;7386
2026-01-26 18:28:09;mvtec_AD/toothbrush;galad;448x448;5;5;42;2;1;0.9667;0.9886;0.9508;0.9;0.9;0.9942;0.6718;1.0;0.9874;6.6;13021
20/01/2026 13:47;mvtec_AD/toothbrush;galad;448x448;5;5;42;3;1;0.9611;0.9855;0.931;0.8333;0.9;0.9938;0.6785;1.0;0.9767;11.6;7386
20/01/2026 13:47;mvtec_AD/toothbrush;galad;448x448;5;5;42;4;1;0.9556;0.9842;0.9333;0.8667;0.8667;0.9847;0.3393;1.0;0.8891;10.2;7386
2026-01-27 01:06:05;mvtec_AD/toothbrush;galad;448x448;10;10;42;0;1;0.9778;0.993;0.9831;0.9667;0.9667;0.9939;0.6358;1.0;0.9666;9.7;13021
21/01/2026 13:19;mvtec_AD/toothbrush;galad;448x448;10;10;42;1;1;0.9667;0.9905;0.9831;0.9667;0.9667;0.994;0.6396;1.0;0.9879;10.7;7386
21/01/2026 13:19;mvtec_AD/toothbrush;galad;448x448;10;10;42;2;1;0.9694;0.9911;0.9831;0.9667;0.9667;0.9948;0.6897;1.0;0.9912;7.8;7386
21/01/2026 13:19;mvtec_AD/toothbrush;galad;448x448;10;10;42;3;1;0.9917;0.997;0.9831;0.9667;0.9667;0.9941;0.6552;1.0;0.9742;9.1;7386
21/01/2026 13:19;mvtec_AD/toothbrush;galad;448x448;10;10;42;4;1;0.9889;0.9957;0.9677;0.9;0.9667;0.994;0.657;1.0;0.9666;8.8;7386
22/01/2026 14:18;mvtec_AD/toothbrush;galad;448x448;20;20;42;0;1;0.975;0.9923;0.9831;0.9667;0.9667;0.994;0.6405;1.0;0.9701;15.4;10196
22/01/2026 14:18;mvtec_AD/toothbrush;galad;448x448;20;20;42;1;1;0.9694;0.9911;0.9831;0.9667;0.9667;0.9931;0.596;1.0;0.9784;14.3;10196
2026-01-27 08:24:02;mvtec_AD/toothbrush;galad;448x448;20;20;42;2;1;0.9667;0.9905;0.9831;0.9667;0.9667;0.9944;0.6622;1.0;0.9887;18.7;13021
22/01/2026 14:18;mvtec_AD/toothbrush;galad;448x448;20;20;42;3;1;0.9722;0.9917;0.9831;0.9667;0.9667;0.9944;0.6601;1.0;0.9952;14.8;10196
22/01/2026 14:18;mvtec_AD/toothbrush;galad;448x448;20;20;42;4;1;0.975;0.9909;0.9508;0.9;0.9;0.9938;0.6454;1.0;0.9835;17.0;10196
2026-01-27 17:19:19;mvtec_AD/toothbrush;galad;448x448;50;50;42;0;1;0.975;0.9923;0.9831;0.9667;0.9667;0.9948;0.6818;1.0;0.9807;71.7;13021
2026-01-27 17:19:19;mvtec_AD/toothbrush;galad;448x448;50;50;42;1;1;0.975;0.9923;0.9831;0.9667;0.9667;0.9938;0.6252;1.0;0.9692;94.6;13021
2026-01-27 17:19:19;mvtec_AD/toothbrush;galad;448x448;50;50;42;2;1;0.975;0.9923;0.9831;0.9667;0.9667;0.9949;0.6905;1.0;0.9791;48.5;13021
21/01/2026 19:34;mvtec_AD/toothbrush;galad;448x448;50;50;42;3;1;0.9694;0.9911;0.9831;0.9667;0.9667;0.9936;0.609;1.0;0.9893;40.9;10196
2026-01-27 17:19:19;mvtec_AD/toothbrush;galad;448x448;50;50;42;4;1;0.9722;0.9917;0.9831;0.9667;0.9667;0.9939;0.6375;1.0;0.9813;59.0;13021
20/01/2026 13:01;mvtec_AD/transistor;galad;448x448;2;2;100;0;1;0.3842;0.4162;0.5714;0.075;0.2;0.7794;0.1156;0.7533;0.4011;2.1;7386
2026-01-26 11:55:58;mvtec_AD/transistor;galad;448x448;2;2;100;1;1;0.3933;0.4211;0.5714;0.1;0.125;0.8088;0.1245;0.7753;0.4537;18.8;13021
2026-01-26 11:55:58;mvtec_AD/transistor;galad;448x448;2;2;100;2;1;0.945;0.9363;0.8571;0.8;0.825;0.911;0.5077;0.8743;0.7851;20.9;13021
2026-01-26 11:55:58;mvtec_AD/transistor;galad;448x448;2;2;100;3;1;0.8267;0.82;0.75;0.475;0.6;0.8592;0.3706;0.7649;0.5683;17.2;13021
2026-01-26 11:55:58;mvtec_AD/transistor;galad;448x448;2;2;100;4;1;0.9279;0.9294;0.8649;0.8;0.8;0.8734;0.4433;0.806;0.718;19.4;13021
20/01/2026 13:56;mvtec_AD/transistor;galad;448x448;5;5;100;0;1;0.9754;0.9679;0.907;0.85;0.95;0.9089;0.5199;0.8268;0.7357;8.9;7386
2026-01-26 18:30:45;mvtec_AD/transistor;galad;448x448;5;5;100;1;1;0.9625;0.9607;0.9;0.825;0.9;0.9244;0.5408;0.8411;0.724;6.1;13021
20/01/2026 13:56;mvtec_AD/transistor;galad;448x448;5;5;100;2;1;0.9621;0.9576;0.8916;0.825;0.925;0.9367;0.5619;0.8898;0.7538;7.7;7386
20/01/2026 13:56;mvtec_AD/transistor;galad;448x448;5;5;100;3;1;0.9688;0.9615;0.9114;0.9;0.9;0.94;0.5651;0.8975;0.7982;8.2;7386
20/01/2026 13:56;mvtec_AD/transistor;galad;448x448;5;5;100;4;1;0.9629;0.959;0.8941;0.825;0.925;0.9289;0.5353;0.8726;0.7563;8.9;7386
2026-01-27 01:09:15;mvtec_AD/transistor;galad;448x448;10;10;100;0;1;0.9629;0.9592;0.9;0.875;0.9;0.9354;0.5863;0.8681;0.7404;12.5;13021
21/01/2026 13:28;mvtec_AD/transistor;galad;448x448;10;10;100;1;1;0.9642;0.9588;0.8941;0.8;0.9;0.9229;0.5651;0.8558;0.7812;12.6;7386
2026-01-27 01:09:15;mvtec_AD/transistor;galad;448x448;10;10;100;2;1;0.9579;0.9525;0.8916;0.85;0.925;0.9374;0.5709;0.8853;0.7494;10.1;13021
21/01/2026 13:28;mvtec_AD/transistor;galad;448x448;10;10;100;3;1;0.965;0.9559;0.8947;0.85;0.9;0.9329;0.5627;0.8934;0.7622;18.0;7386
2026-01-27 01:09:15;mvtec_AD/transistor;galad;448x448;10;10;100;4;1;0.975;0.9746;0.9268;0.9;0.95;0.9424;0.5876;0.8951;0.8027;15.7;13021
2026-01-27 08:28:34;mvtec_AD/transistor;galad;448x448;20;20;100;0;1;0.97;0.9662;0.9367;0.925;0.925;0.9341;0.578;0.8686;0.7713;37.9;13021
2026-01-27 08:28:34;mvtec_AD/transistor;galad;448x448;20;20;100;1;1;0.9738;0.9684;0.9136;0.85;0.925;0.9318;0.5811;0.8622;0.7614;25.4;13021
2026-01-27 08:28:34;mvtec_AD/transistor;galad;448x448;20;20;100;2;1;0.9721;0.9671;0.9383;0.95;0.95;0.941;0.5856;0.9078;0.8011;33.2;13021
22/01/2026 14:21;mvtec_AD/transistor;galad;448x448;20;20;100;3;1;0.9808;0.9716;0.9383;0.95;0.95;0.9287;0.573;0.8512;0.721;19.2;10196
22/01/2026 14:21;mvtec_AD/transistor;galad;448x448;20;20;100;4;1;0.9754;0.9711;0.9136;0.875;0.95;0.9388;0.5887;0.8851;0.8021;13.8;10196
2026-01-27 17:26:06;mvtec_AD/transistor;galad;448x448;50;50;100;0;1;0.9704;0.9632;0.9114;0.9;0.9;0.9353;0.5916;0.8636;0.7388;42.4;13021
2026-01-27 17:26:06;mvtec_AD/transistor;galad;448x448;50;50;100;1;1;0.9708;0.9656;0.925;0.925;0.925;0.9329;0.5908;0.8601;0.7862;49.7;13021
21/01/2026 19:56;mvtec_AD/transistor;galad;448x448;50;50;100;2;1;0.9688;0.9637;0.9114;0.9;0.925;0.9354;0.5826;0.8739;0.767;39.5;10196
21/01/2026 19:56;mvtec_AD/transistor;galad;448x448;50;50;100;3;1;0.97;0.9672;0.9114;0.9;0.9;0.9373;0.5903;0.8844;0.7684;64.1;10196
21/01/2026 19:56;mvtec_AD/transistor;galad;448x448;50;50;100;4;1;0.9667;0.9654;0.9136;0.9;0.925;0.9428;0.6026;0.8867;0.7752;42.9;10196
2026-01-26 12:01:30;mvtec_AD/wood;galad;448x448;2;2;79;0;1;0.964;0.9875;0.9677;0.65;0.85;0.9685;0.6643;0.9983;0.9197;14.8;13021
20/01/2026 13:04;mvtec_AD/wood;galad;448x448;2;2;79;1;1;0.9684;0.9895;0.9587;0.7;0.9;0.9637;0.7095;0.9876;0.8958;1.9;7386
20/01/2026 13:04;mvtec_AD/wood;galad;448x448;2;2;79;2;1;0.964;0.9896;0.9492;0.8333;0.9167;0.9707;0.6781;0.9986;0.9658;1.9;7386
20/01/2026 13:04;mvtec_AD/wood;galad;448x448;2;2;79;3;1;0.9789;0.9927;0.9748;0.7;0.9667;0.9693;0.6878;0.9999;0.8684;1.9;7386
20/01/2026 13:04;mvtec_AD/wood;galad;448x448;2;2;79;4;1;0.9395;0.9785;0.9516;0.5833;0.65;0.9654;0.6745;0.9983;0.9177;1.8;7386
2026-01-26 18:33:33;mvtec_AD/wood;galad;448x448;5;5;79;0;1;0.9781;0.9926;0.9677;0.7333;0.9167;0.9729;0.7;0.999;0.9377;5.8;13021
2026-01-26 18:33:33;mvtec_AD/wood;galad;448x448;5;5;79;1;1;0.9649;0.9883;0.9672;0.7;0.8333;0.9694;0.6958;0.9994;0.901;4.9;13021
2026-01-26 18:33:33;mvtec_AD/wood;galad;448x448;5;5;79;2;1;0.9368;0.9779;0.9593;0.55;0.7333;0.9693;0.6911;0.9989;0.948;6.4;13021
2026-01-26 18:33:33;mvtec_AD/wood;galad;448x448;5;5;79;3;1;0.964;0.9873;0.9672;0.6167;0.8333;0.9671;0.6918;0.9993;0.9309;5.4;13021
20/01/2026 14:07;mvtec_AD/wood;galad;448x448;5;5;79;4;1;0.9596;0.9861;0.96;0.65;0.8;0.9658;0.6814;0.9985;0.9138;7.9;7386
2026-01-27 01:13:09;mvtec_AD/wood;galad;448x448;10;10;79;0;1;0.9588;0.9862;0.9587;0.6833;0.8;0.9669;0.6874;0.9987;0.9637;25.8;13021
2026-01-27 01:13:09;mvtec_AD/wood;galad;448x448;10;10;79;1;1;0.957;0.985;0.9672;0.6333;0.7667;0.9679;0.7059;0.9989;0.891;10.7;13021
21/01/2026 13:39;mvtec_AD/wood;galad;448x448;10;10;79;2;1;0.9404;0.9792;0.9593;0.5667;0.7167;0.9633;0.6742;0.9983;0.9443;12.4;7386
2026-01-27 01:13:09;mvtec_AD/wood;galad;448x448;10;10;79;3;1;0.9667;0.9884;0.96;0.65;0.85;0.967;0.6945;0.9992;0.9373;27.0;13021
2026-01-27 01:13:09;mvtec_AD/wood;galad;448x448;10;10;79;4;1;0.9553;0.9843;0.9672;0.6167;0.7667;0.9642;0.6765;0.9987;0.9591;14.2;13021
2026-01-27 08:34:08;mvtec_AD/wood;galad;448x448;20;20;79;0;1;0.9588;0.9862;0.9593;0.7;0.7833;0.9677;0.6972;0.9988;0.8976;27.0;13021
2026-01-27 08:34:08;mvtec_AD/wood;galad;448x448;20;20;79;1;1;0.9614;0.9869;0.9593;0.65;0.8167;0.9672;0.6871;0.999;0.9551;42.3;13021
2026-01-27 08:34:08;mvtec_AD/wood;galad;448x448;20;20;79;2;1;0.9421;0.9799;0.9593;0.6;0.6667;0.9658;0.6832;0.9987;0.9389;60.7;13021
22/01/2026 14:26;mvtec_AD/wood;galad;448x448;20;20;79;3;1;0.9614;0.9867;0.9593;0.6333;0.8333;0.9674;0.6946;0.9991;0.9843;31.7;10196
2026-01-27 08:34:08;mvtec_AD/wood;galad;448x448;20;20;79;4;1;0.9579;0.9858;0.9593;0.7;0.7833;0.964;0.671;0.9988;0.9712;29.5;13021
21/01/2026 20:31;mvtec_AD/wood;galad;448x448;50;50;79;0;1;0.9544;0.9843;0.9593;0.6333;0.7667;0.9671;0.7004;0.9986;0.8969;113.0;10196
2026-01-27 17:36:33;mvtec_AD/wood;galad;448x448;50;50;79;1;1;0.9561;0.9853;0.9587;0.65;0.7833;0.9678;0.6905;0.9989;0.9364;69.7;13021
2026-01-27 17:36:33;mvtec_AD/wood;galad;448x448;50;50;79;2;1;0.9632;0.9878;0.9593;0.7;0.8167;0.9654;0.6834;0.9926;0.9155;78.2;13021
21/01/2026 20:31;mvtec_AD/wood;galad;448x448;50;50;79;3;1;0.9535;0.9844;0.9593;0.6333;0.7833;0.9662;0.6815;0.9987;0.9643;113.7;10196
21/01/2026 20:31;mvtec_AD/wood;galad;448x448;50;50;79;4;1;0.9509;0.983;0.9593;0.6167;0.75;0.9654;0.6861;0.9984;0.8916;108.4;10196
20/01/2026 13:11;mvtec_AD/zipper;galad;448x448;2;2;151;0;1;0.9924;0.9981;0.9785;0.958;0.9748;0.9907;0.6987;1.0;0.9436;3.0;7386
20/01/2026 13:11;mvtec_AD/zipper;galad;448x448;2;2;151;1;1;0.9908;0.9974;0.9832;0.958;0.9832;0.9896;0.6928;1.0;0.9886;2.9;7386
2026-01-26 12:10:31;mvtec_AD/zipper;galad;448x448;2;2;151;2;1;0.9882;0.9968;0.9712;0.9244;0.9664;0.9863;0.6196;1.0;0.983;28.0;13021
20/01/2026 13:11;mvtec_AD/zipper;galad;448x448;2;2;151;3;1;0.9968;0.9992;0.9876;0.9664;1.0;0.9896;0.6744;1.0;0.9227;3.0;7386
2026-01-26 12:10:31;mvtec_AD/zipper;galad;448x448;2;2;151;4;1;0.9947;0.9986;0.9874;0.9412;0.9916;0.9895;0.6649;1.0;0.9107;24.4;13021
2026-01-26 18:37:59;mvtec_AD/zipper;galad;448x448;5;5;151;0;1;0.9979;0.9994;0.9876;0.9832;1.0;0.9912;0.7035;1.0;0.9568;6.9;13021
2026-01-26 18:37:59;mvtec_AD/zipper;galad;448x448;5;5;151;1;1;0.9905;0.9974;0.9752;0.958;0.9664;0.988;0.6335;1.0;0.8741;7.7;13021
20/01/2026 14:21;mvtec_AD/zipper;galad;448x448;5;5;151;2;1;0.9905;0.9974;0.9754;0.9496;0.958;0.9895;0.6624;1.0;0.8903;9.2;7386
2026-01-26 18:37:59;mvtec_AD/zipper;galad;448x448;5;5;151;3;1;0.9963;0.9991;0.9874;0.9832;0.9916;0.9915;0.7117;1.0;0.9009;6.1;13021
2026-01-26 18:37:59;mvtec_AD/zipper;galad;448x448;5;5;151;4;1;0.9963;0.999;0.9876;0.9664;1.0;0.9915;0.721;1.0;0.9422;6.4;13021
21/01/2026 13:54;mvtec_AD/zipper;galad;448x448;10;10;151;0;1;0.9974;0.9993;0.9917;0.9664;1.0;0.9931;0.7383;1.0;0.9775;13.3;7386
21/01/2026 13:54;mvtec_AD/zipper;galad;448x448;10;10;151;1;1;0.9982;0.9995;0.9917;0.9748;1.0;0.9929;0.7163;1.0;0.952;14.0;7386
2026-01-27 01:18:18;mvtec_AD/zipper;galad;448x448;10;10;151;2;1;0.995;0.9987;0.9832;0.9496;0.9832;0.9932;0.7455;1.0;0.9618;13.9;13021
2026-01-27 01:18:18;mvtec_AD/zipper;galad;448x448;10;10;151;3;1;0.9995;0.9999;0.9958;0.9916;1.0;0.9938;0.7758;1.0;0.9476;13.8;13021
2026-01-27 01:18:18;mvtec_AD/zipper;galad;448x448;10;10;151;4;1;0.9984;0.9996;0.9876;0.9832;1.0;0.9948;0.7989;1.0;0.9687;18.5;13021
2026-01-27 08:39:45;mvtec_AD/zipper;galad;448x448;20;20;151;0;1;0.9976;0.9994;0.9917;0.9748;1.0;0.9934;0.7348;1.0;0.9521;22.3;13021
2026-01-27 08:39:45;mvtec_AD/zipper;galad;448x448;20;20;151;1;1;0.9992;0.9998;0.9917;0.9916;1.0;0.9949;0.7949;1.0;0.8529;17.9;13021
2026-01-27 08:39:45;mvtec_AD/zipper;galad;448x448;20;20;151;2;1;0.9968;0.9992;0.9835;0.9664;0.9832;0.9941;0.7689;1.0;0.8667;18.1;13021
22/01/2026 14:29;mvtec_AD/zipper;galad;448x448;20;20;151;3;1;0.9995;0.9999;0.9958;0.9916;1.0;0.9943;0.7773;1.0;0.8582;20.0;10196
2026-01-27 08:39:45;mvtec_AD/zipper;galad;448x448;20;20;151;4;1;0.9992;0.9998;0.9958;1.0;1.0;0.9946;0.798;1.0;0.943;18.5;13021
21/01/2026 20:51;mvtec_AD/zipper;galad;448x448;50;50;151;0;1;0.9979;0.9994;0.9917;0.9916;1.0;0.9939;0.7537;1.0;0.9485;30.0;10196
2026-01-27 17:44:35;mvtec_AD/zipper;galad;448x448;50;50;151;1;1;0.9989;0.9997;0.9916;0.9916;1.0;0.9943;0.7656;1.0;0.8831;36.6;13021
21/01/2026 20:51;mvtec_AD/zipper;galad;448x448;50;50;151;2;1;0.9974;0.9993;0.9876;0.9832;1.0;0.9944;0.8042;1.0;0.9622;31.7;10196
21/01/2026 20:51;mvtec_AD/zipper;galad;448x448;50;50;151;3;1;0.9974;0.9993;0.9876;0.9832;1.0;0.9938;0.7698;1.0;0.9782;55.9;10196
21/01/2026 20:51;mvtec_AD/zipper;galad;448x448;50;50;151;4;1;0.9987;0.9996;0.9917;0.9916;1.0;0.9941;0.7677;1.0;0.8743;28.5;10196
26/01/2026 12:59;mvtec_ad_2/can;galad;448x448;2;2;162;0;1;0.4052;0.4732;0.7317;0.0;0.0111;0.862;0.0005;0.6143;0.3834;4.9;11624
26/01/2026 12:59;mvtec_ad_2/can;galad;448x448;2;2;162;1;1;0.7187;0.6986;0.75;0.0111;0.4556;0.8271;0.0001;0.6667;0.3796;3.4;11624
26/01/2026 12:59;mvtec_ad_2/can;galad;448x448;2;2;162;2;1;0.3565;0.447;0.7143;0.0;0.0;0.5354;0.0;0.4296;0.1119;3.1;11624
2026-01-26 16:59:17;mvtec_ad_2/can;galad;448x448;2;2;162;3;1;0.5582;0.6314;0.7434;0.1333;0.1333;0.8438;0.0001;0.7817;0.4723;5.3;13021
2026-01-26 16:59:17;mvtec_ad_2/can;galad;448x448;2;2;162;4;1;0.5182;0.5691;0.72;0.0222;0.1667;0.5673;0.0;0.4226;0.288;5.4;13021
26/01/2026 13:24;mvtec_ad_2/can;galad;448x448;5;5;162;0;1;0.5852;0.6566;0.7531;0.1556;0.1778;0.7809;0.0001;0.5511;0.3551;4.1;11624
2026-01-26 23:28:17;mvtec_ad_2/can;galad;448x448;5;5;162;1;1;0.5474;0.5899;0.7521;0.0667;0.1;0.7749;0.0001;0.7197;0.3776;6.4;13021
2026-01-26 23:28:17;mvtec_ad_2/can;galad;448x448;5;5;162;2;1;0.498;0.598;0.7143;0.0556;0.2;0.7466;0.0001;0.7024;0.2642;6.5;13021
26/01/2026 13:24;mvtec_ad_2/can;galad;448x448;5;5;162;3;1;0.6366;0.705;0.7368;0.0889;0.4;0.7859;0.0001;0.7232;0.5323;4.5;11624
26/01/2026 13:24;mvtec_ad_2/can;galad;448x448;5;5;162;4;1;0.5414;0.5845;0.7414;0.0667;0.0778;0.8229;0.0001;0.7954;0.4515;5.0;11624
2026-01-27 06:26:56;mvtec_ad_2/can;galad;448x448;10;10;162;0;1;0.5377;0.583;0.7531;0.0667;0.0778;0.7279;0.0001;0.4722;0.2596;14.0;13021
2026-01-27 06:26:56;mvtec_ad_2/can;galad;448x448;10;10;162;1;1;0.6188;0.6876;0.735;0.0889;0.1778;0.7779;0.0001;0.7184;0.4743;11.9;13021
26/01/2026 13:52;mvtec_ad_2/can;galad;448x448;10;10;162;2;1;0.3906;0.4717;0.7143;0.0222;0.0222;0.7082;0.0001;0.3915;0.1492;9.0;11624
2026-01-27 06:26:56;mvtec_ad_2/can;galad;448x448;10;10;162;3;1;0.5679;0.6752;0.7304;0.1556;0.2778;0.7801;0.0001;0.7692;0.4381;12.0;13021
2026-01-27 06:26:56;mvtec_ad_2/can;galad;448x448;10;10;162;4;1;0.4559;0.5753;0.7258;0.0667;0.1444;0.8194;0.0001;0.7243;0.4118;9.5;13021
2026-01-27 14:33:57;mvtec_ad_2/can;galad;448x448;20;20;162;0;1;0.527;0.5834;0.72;0.0556;0.0889;0.7254;0.0001;0.616;0.3073;19.2;13021
26/01/2026 14:26;mvtec_ad_2/can;galad;448x448;20;20;162;1;1;0.542;0.5921;0.7424;0.0667;0.1111;0.7562;0.0001;0.6448;0.3861;22.0;11624
2026-01-27 14:33:57;mvtec_ad_2/can;galad;448x448;20;20;162;2;1;0.4029;0.4858;0.7236;0.0222;0.0444;0.7522;0.0001;0.4188;0.1871;14.0;13021
26/01/2026 14:26;mvtec_ad_2/can;galad;448x448;20;20;162;3;1;0.5796;0.6598;0.7534;0.1889;0.1889;0.7702;0.0001;0.7681;0.4147;16.2;11624
2026-01-27 14:33:57;mvtec_ad_2/can;galad;448x448;20;20;162;4;1;0.5147;0.5893;0.72;0.0667;0.1778;0.7844;0.0001;0.6414;0.3587;25.2;13021
2026-01-28 01:00:37;mvtec_ad_2/can;galad;448x448;50;50;162;0;1;0.4582;0.5192;0.7171;0.0222;0.0667;0.7253;0.0001;0.6614;0.2609;37.7;13021
26/01/2026 15:10;mvtec_ad_2/can;galad;448x448;50;50;162;1;1;0.5545;0.6066;0.7355;0.0778;0.0889;0.7414;0.0001;0.7033;0.2652;76.9;11624
2026-01-28 01:00:37;mvtec_ad_2/can;galad;448x448;50;50;162;2;1;0.4798;0.5622;0.7143;0.0556;0.0889;0.7041;0.0001;0.6364;0.354;49.5;13021
2026-01-28 01:00:37;mvtec_ad_2/can;galad;448x448;50;50;162;3;1;0.5574;0.6;0.75;0.0889;0.0889;0.7837;0.0001;0.8075;0.3395;37.2;13021
26/01/2026 15:10;mvtec_ad_2/can;galad;448x448;50;50;162;4;1;0.5778;0.6768;0.7236;0.2111;0.3333;0.8285;0.0001;0.7949;0.3531;59.0;11624
26/01/2026 13:02;mvtec_ad_2/fabric;galad;448x448;2;2;156;0;1;0.5631;0.6661;0.7438;0.1111;0.1556;0.9535;0.1275;0.734;0.5651;3.2;11624
26/01/2026 13:02;mvtec_ad_2/fabric;galad;448x448;2;2;156;1;1;0.5364;0.614;0.7725;0.0778;0.1;0.9767;0.2293;0.8474;0.5632;3.1;11624
26/01/2026 13:02;mvtec_ad_2/fabric;galad;448x448;2;2;156;2;1;0.4512;0.5493;0.75;0.0444;0.0556;0.9366;0.0703;0.7237;0.4859;3.3;11624
26/01/2026 13:02;mvtec_ad_2/fabric;galad;448x448;2;2;156;3;1;0.3924;0.5661;0.7317;0.0667;0.1222;0.9151;0.1496;0.6417;0.4445;3.2;11624
26/01/2026 13:02;mvtec_ad_2/fabric;galad;448x448;2;2;156;4;1;0.5416;0.6361;0.7345;0.1;0.1444;0.8618;0.1306;0.7534;0.491;3.2;11624
2026-01-26 23:34:28;mvtec_ad_2/fabric;galad;448x448;5;5;156;0;1;0.4551;0.6036;0.7317;0.1111;0.1444;0.9618;0.204;0.8164;0.5525;6.8;13021
2026-01-26 23:34:28;mvtec_ad_2/fabric;galad;448x448;5;5;156;1;1;0.5069;0.5955;0.7542;0.0778;0.0889;0.9682;0.2073;0.8349;0.5023;6.8;13021
2026-01-26 23:34:28;mvtec_ad_2/fabric;galad;448x448;5;5;156;2;1;0.4429;0.5969;0.7317;0.0778;0.1444;0.9718;0.2104;0.816;0.5745;7.1;13021
26/01/2026 13:28;mvtec_ad_2/fabric;galad;448x448;5;5;156;3;1;0.4586;0.5847;0.7321;0.0889;0.1;0.9515;0.1777;0.7734;0.613;7.3;11624
26/01/2026 13:28;mvtec_ad_2/fabric;galad;448x448;5;5;156;4;1;0.315;0.5336;0.7317;0.0889;0.1111;0.9648;0.2056;0.7605;0.5024;6.3;11624
2026-01-27 06:34:37;mvtec_ad_2/fabric;galad;448x448;10;10;156;0;1;0.5012;0.6289;0.7317;0.1222;0.1667;0.9767;0.2271;0.7715;0.5436;28.0;13021
26/01/2026 13:57;mvtec_ad_2/fabric;galad;448x448;10;10;156;1;1;0.4167;0.5758;0.7347;0.0889;0.1222;0.9794;0.2495;0.7435;0.4871;38.2;11624
26/01/2026 13:57;mvtec_ad_2/fabric;galad;448x448;10;10;156;2;1;0.4507;0.6062;0.7317;0.0889;0.1667;0.9788;0.2255;0.7253;0.4487;25.1;11624
26/01/2026 13:57;mvtec_ad_2/fabric;galad;448x448;10;10;156;3;1;0.4069;0.5739;0.7317;0.0667;0.1333;0.9689;0.2138;0.7432;0.5179;30.7;11624
26/01/2026 13:57;mvtec_ad_2/fabric;galad;448x448;10;10;156;4;1;0.4157;0.5936;0.7317;0.0889;0.1778;0.9774;0.2173;0.7445;0.5262;29.2;11624
26/01/2026 14:32;mvtec_ad_2/fabric;galad;448x448;20;20;156;0;1;0.5212;0.641;0.7317;0.0889;0.1889;0.98;0.2474;0.8152;0.5262;47.5;11624
26/01/2026 14:32;mvtec_ad_2/fabric;galad;448x448;20;20;156;1;1;0.5057;0.6295;0.7347;0.1;0.1889;0.9812;0.2474;0.7696;0.5179;35.9;11624
2026-01-27 14:43:29;mvtec_ad_2/fabric;galad;448x448;20;20;156;2;1;0.4586;0.6106;0.7317;0.0889;0.1778;0.9795;0.2292;0.7609;0.5394;38.2;13021
2026-01-27 14:43:29;mvtec_ad_2/fabric;galad;448x448;20;20;156;3;1;0.4481;0.6015;0.7317;0.0778;0.1556;0.9758;0.2294;0.7558;0.5297;41.0;13021
2026-01-27 14:43:29;mvtec_ad_2/fabric;galad;448x448;20;20;156;4;1;0.438;0.6018;0.7317;0.0889;0.1667;0.9795;0.2319;0.7356;0.4766;29.7;13021
2026-01-28 01:13:07;mvtec_ad_2/fabric;galad;448x448;50;50;156;0;1;0.4944;0.6309;0.7317;0.1111;0.1889;0.9806;0.247;0.7671;0.504;87.6;13021
2026-01-28 01:13:07;mvtec_ad_2/fabric;galad;448x448;50;50;156;1;1;0.4744;0.6145;0.7317;0.0889;0.1556;0.9818;0.2594;0.7794;0.5655;67.8;13021
2026-01-28 01:13:07;mvtec_ad_2/fabric;galad;448x448;50;50;156;2;1;0.4512;0.6064;0.7317;0.0889;0.1667;0.9795;0.2334;0.7901;0.5701;74.1;13021
2026-01-28 01:13:07;mvtec_ad_2/fabric;galad;448x448;50;50;156;3;1;0.4751;0.6166;0.7317;0.0889;0.1778;0.9781;0.2388;0.7651;0.5286;71.8;13021
26/01/2026 15:20;mvtec_ad_2/fabric;galad;448x448;50;50;156;4;1;0.4503;0.606;0.7317;0.0889;0.1667;0.9804;0.2499;0.7594;0.5203;63.7;11624
26/01/2026 13:05;mvtec_ad_2/fruit_jelly;galad;448x448;2;2;80;0;1;0.7658;0.9192;0.8571;0.4333;0.5333;0.8754;0.0443;0.8712;0.4568;2.7;11624
26/01/2026 13:05;mvtec_ad_2/fruit_jelly;galad;448x448;2;2;80;1;1;0.6383;0.7971;0.8633;0.0167;0.0333;0.8903;0.0697;0.9933;0.5524;2.5;11624
2026-01-26 17:11:26;mvtec_ad_2/fruit_jelly;galad;448x448;2;2;80;2;1;0.7725;0.9257;0.8682;0.5667;0.5667;0.915;0.0548;0.9199;0.6167;3.5;13021
2026-01-26 17:11:26;mvtec_ad_2/fruit_jelly;galad;448x448;2;2;80;3;1;0.7075;0.8955;0.8682;0.4333;0.4333;0.8928;0.0418;0.9478;0.5518;3.6;13021
2026-01-26 17:11:26;mvtec_ad_2/fruit_jelly;galad;448x448;2;2;80;4;1;0.6283;0.8426;0.8676;0.1833;0.1833;0.9218;0.0644;0.9913;0.5991;3.4;13021
26/01/2026 13:31;mvtec_ad_2/fruit_jelly;galad;448x448;5;5;80;0;1;0.8433;0.9483;0.9023;0.6333;0.65;0.9433;0.0901;0.9638;0.6421;5.6;11624
26/01/2026 13:31;mvtec_ad_2/fruit_jelly;galad;448x448;5;5;80;1;1;0.7817;0.9249;0.8824;0.55;0.55;0.9382;0.0899;0.954;0.5991;5.4;11624
26/01/2026 13:31;mvtec_ad_2/fruit_jelly;galad;448x448;5;5;80;2;1;0.8158;0.9338;0.8814;0.4333;0.5333;0.948;0.1618;0.9975;0.6695;4.4;11624
26/01/2026 13:31;mvtec_ad_2/fruit_jelly;galad;448x448;5;5;80;3;1;0.7917;0.9245;0.8855;0.4667;0.4833;0.9578;0.1292;0.9903;0.7598;5.0;11624
2026-01-26 23:41:02;mvtec_ad_2/fruit_jelly;galad;448x448;5;5;80;4;1;0.78;0.9256;0.8696;0.5333;0.55;0.9425;0.1073;0.9564;0.6474;7.0;13021
26/01/2026 14:01;mvtec_ad_2/fruit_jelly;galad;448x448;10;10;80;0;1;0.7767;0.9202;0.8824;0.4333;0.45;0.9632;0.2408;0.9788;0.7339;6.0;11624
2026-01-27 06:41:35;mvtec_ad_2/fruit_jelly;galad;448x448;10;10;80;1;1;0.7775;0.917;0.8824;0.4;0.4333;0.9632;0.2214;0.9957;0.7157;10.0;13021
2026-01-27 06:41:35;mvtec_ad_2/fruit_jelly;galad;448x448;10;10;80;2;1;0.76;0.882;0.8906;0.2333;0.2833;0.9148;0.0836;0.8946;0.544;8.8;13021
26/01/2026 14:01;mvtec_ad_2/fruit_jelly;galad;448x448;10;10;80;3;1;0.7642;0.9058;0.8696;0.3;0.3333;0.9656;0.2648;0.9962;0.7579;11.3;11624
2026-01-27 06:41:35;mvtec_ad_2/fruit_jelly;galad;448x448;10;10;80;4;1;0.7417;0.9004;0.8824;0.3667;0.4;0.9725;0.3425;0.993;0.7551;11.6;13021
2026-01-27 14:51:08;mvtec_ad_2/fruit_jelly;galad;448x448;20;20;80;0;1;0.7592;0.9094;0.8759;0.3667;0.3667;0.9693;0.3261;0.9899;0.7115;14.2;13021
26/01/2026 14:36;mvtec_ad_2/fruit_jelly;galad;448x448;20;20;80;1;1;0.7642;0.9099;0.8682;0.35;0.3667;0.9611;0.2888;0.9801;0.7176;10.3;11624
26/01/2026 14:36;mvtec_ad_2/fruit_jelly;galad;448x448;20;20;80;2;1;0.7658;0.9068;0.8824;0.3333;0.3333;0.9655;0.3056;0.9856;0.7081;12.2;11624
26/01/2026 14:36;mvtec_ad_2/fruit_jelly;galad;448x448;20;20;80;3;1;0.745;0.898;0.8759;0.2833;0.3;0.9582;0.214;0.9716;0.6978;15.3;11624
26/01/2026 14:36;mvtec_ad_2/fruit_jelly;galad;448x448;20;20;80;4;1;0.7367;0.9017;0.8613;0.3833;0.3833;0.9586;0.2964;0.9703;0.6714;12.6;11624
26/01/2026 15:26;mvtec_ad_2/fruit_jelly;galad;448x448;50;50;80;0;1;0.6933;0.8767;0.8741;0.3667;0.3667;0.9447;0.3538;0.9852;0.666;38.8;11624
26/01/2026 15:26;mvtec_ad_2/fruit_jelly;galad;448x448;50;50;80;1;1;0.7658;0.9126;0.8806;0.4;0.4667;0.9423;0.3265;0.975;0.6501;30.4;11624
2026-01-28 01:23:56;mvtec_ad_2/fruit_jelly;galad;448x448;50;50;80;2;1;0.7208;0.8975;0.8759;0.3833;0.4;0.9645;0.4048;0.9774;0.7087;52.7;13021
26/01/2026 15:26;mvtec_ad_2/fruit_jelly;galad;448x448;50;50;80;3;1;0.7033;0.8831;0.8741;0.3333;0.35;0.9449;0.3262;0.9704;0.6491;41.1;11624
2026-01-28 01:23:56;mvtec_ad_2/fruit_jelly;galad;448x448;50;50;80;4;1;0.7483;0.9039;0.8689;0.3667;0.3667;0.9628;0.3259;0.9741;0.6719;57.4;13021
26/01/2026 13:08;mvtec_ad_2/rice;galad;448x448;2;2;132;0;1;0.7257;0.8359;0.85;0.1667;0.3556;0.8979;0.3044;0.6626;0.4224;2.6;11624
26/01/2026 13:08;mvtec_ad_2/rice;galad;448x448;2;2;132;1;1;0.7095;0.8484;0.8276;0.2556;0.3667;0.9135;0.2697;0.8504;0.6446;2.6;11624
2026-01-26 17:15:57;mvtec_ad_2/rice;galad;448x448;2;2;132;2;1;0.7024;0.839;0.8372;0.3;0.3889;0.9199;0.3375;0.8443;0.5771;4.0;13021
2026-01-26 17:15:57;mvtec_ad_2/rice;galad;448x448;2;2;132;3;1;0.8024;0.8882;0.8796;0.2778;0.3778;0.8984;0.2158;0.8279;0.5278;4.0;13021
26/01/2026 13:08;mvtec_ad_2/rice;galad;448x448;2;2;132;4;1;0.7233;0.856;0.8224;0.3;0.3444;0.9073;0.2703;0.7843;0.4929;2.9;11624
2026-01-26 23:45:47;mvtec_ad_2/rice;galad;448x448;5;5;132;0;1;0.6497;0.8224;0.8108;0.3;0.3;0.941;0.4013;0.9035;0.7246;8.8;13021
26/01/2026 13:33;mvtec_ad_2/rice;galad;448x448;5;5;132;1;1;0.6381;0.8166;0.8108;0.2889;0.2889;0.941;0.3844;0.8855;0.7446;4.1;11624
26/01/2026 13:33;mvtec_ad_2/rice;galad;448x448;5;5;132;2;1;0.6569;0.8266;0.8145;0.3;0.3111;0.9389;0.3909;0.8908;0.7186;5.3;11624
26/01/2026 13:33;mvtec_ad_2/rice;galad;448x448;5;5;132;3;1;0.678;0.8345;0.8165;0.3111;0.3222;0.9333;0.4065;0.9002;0.7968;5.4;11624
26/01/2026 13:33;mvtec_ad_2/rice;galad;448x448;5;5;132;4;1;0.6315;0.8087;0.8108;0.2333;0.3444;0.9367;0.3868;0.8964;0.7322;4.8;11624
2026-01-27 06:47:04;mvtec_ad_2/rice;galad;448x448;10;10;132;0;1;0.6534;0.8267;0.8108;0.3111;0.3222;0.9463;0.4016;0.9122;0.7717;11.4;13021
2026-01-27 06:47:04;mvtec_ad_2/rice;galad;448x448;10;10;132;1;1;0.6481;0.8228;0.8182;0.3;0.3333;0.9472;0.4092;0.9161;0.8251;11.6;13021
2026-01-27 06:47:04;mvtec_ad_2/rice;galad;448x448;10;10;132;2;1;0.6656;0.8318;0.8108;0.3111;0.3333;0.946;0.4026;0.9113;0.7177;18.0;13021
26/01/2026 14:04;mvtec_ad_2/rice;galad;448x448;10;10;132;3;1;0.6783;0.8373;0.8108;0.2889;0.3333;0.9471;0.403;0.9185;0.8478;13.9;11624
2026-01-27 06:47:04;mvtec_ad_2/rice;galad;448x448;10;10;132;4;1;0.6294;0.8132;0.8108;0.2778;0.3;0.9461;0.4033;0.9057;0.7541;15.5;13021
26/01/2026 14:41;mvtec_ad_2/rice;galad;448x448;20;20;132;0;1;0.6616;0.8311;0.8108;0.2889;0.3444;0.9501;0.4031;0.9177;0.733;25.1;11624
26/01/2026 14:41;mvtec_ad_2/rice;galad;448x448;20;20;132;1;1;0.6561;0.8297;0.8108;0.2889;0.3889;0.9495;0.4049;0.9162;0.7284;27.4;11624
26/01/2026 14:41;mvtec_ad_2/rice;galad;448x448;20;20;132;2;1;0.6733;0.8389;0.8108;0.3667;0.3667;0.9476;0.3997;0.9181;0.8458;28.8;11624
26/01/2026 14:41;mvtec_ad_2/rice;galad;448x448;20;20;132;3;1;0.6521;0.827;0.8108;0.2889;0.3222;0.9507;0.4018;0.9207;0.731;24.7;11624
2026-01-27 14:58:01;mvtec_ad_2/rice;galad;448x448;20;20;132;4;1;0.6426;0.8224;0.8108;0.2778;0.3444;0.9446;0.3984;0.9027;0.7638;26.3;13021
2026-01-28 01:33:53;mvtec_ad_2/rice;galad;448x448;50;50;132;0;1;0.6513;0.8283;0.8108;0.3111;0.3667;0.9483;0.4037;0.9177;0.8336;73.6;13021
26/01/2026 15:34;mvtec_ad_2/rice;galad;448x448;50;50;132;1;1;0.6418;0.8236;0.8108;0.2889;0.3444;0.9493;0.4037;0.9145;0.7187;54.4;11624
2026-01-28 01:33:53;mvtec_ad_2/rice;galad;448x448;50;50;132;2;1;0.6601;0.8322;0.8108;0.3222;0.3667;0.9492;0.3979;0.9175;0.8012;48.4;13021
2026-01-28 01:33:53;mvtec_ad_2/rice;galad;448x448;50;50;132;3;1;0.6537;0.8306;0.8108;0.3;0.3667;0.9484;0.4061;0.9148;0.7478;55.0;13021
26/01/2026 15:34;mvtec_ad_2/rice;galad;448x448;50;50;132;4;1;0.6553;0.8321;0.8108;0.3556;0.3667;0.9511;0.4031;0.9201;0.7778;62.7;11624
2026-01-26 17:29:10;mvtec_ad_2/sheet_metal;galad;448x448;2;2;114;0;1;0.7463;0.9275;0.8955;0.4;0.4;0.8977;0.1697;0.6472;0.4655;3.8;13021
26/01/2026 13:14;mvtec_ad_2/sheet_metal;galad;448x448;2;2;114;1;1;0.6384;0.8847;0.8824;0.3111;0.3333;0.871;0.1738;0.4632;0.2865;2.4;11624
26/01/2026 13:14;mvtec_ad_2/sheet_metal;galad;448x448;2;2;114;2;1;0.6722;0.8971;0.8911;0.3;0.3778;0.8856;0.1566;0.5112;0.3824;2.4;11624
26/01/2026 13:14;mvtec_ad_2/sheet_metal;galad;448x448;2;2;114;3;1;0.6731;0.8969;0.8889;0.3222;0.3556;0.8809;0.1585;0.494;0.3097;2.4;11624
26/01/2026 13:14;mvtec_ad_2/sheet_metal;galad;448x448;2;2;114;4;1;0.7208;0.9135;0.9045;0.4111;0.4333;0.8957;0.1827;0.5425;0.3983;2.4;11624
26/01/2026 13:40;mvtec_ad_2/sheet_metal;galad;448x448;5;5;114;0;1;0.7667;0.9335;0.8911;0.5111;0.5556;0.8999;0.2304;0.6104;0.4492;8.8;11624
26/01/2026 13:40;mvtec_ad_2/sheet_metal;galad;448x448;5;5;114;1;1;0.7611;0.9302;0.8955;0.4778;0.4778;0.896;0.1985;0.6093;0.4454;6.1;11624
2026-01-26 23:59:12;mvtec_ad_2/sheet_metal;galad;448x448;5;5;114;2;1;0.7495;0.9297;0.8955;0.5444;0.5556;0.9083;0.1854;0.6808;0.5147;6.6;13021
26/01/2026 13:40;mvtec_ad_2/sheet_metal;galad;448x448;5;5;114;3;1;0.7653;0.9326;0.9045;0.5333;0.5667;0.8962;0.1902;0.6279;0.4624;4.9;11624
2026-01-26 23:59:12;mvtec_ad_2/sheet_metal;galad;448x448;5;5;114;4;1;0.744;0.9241;0.8955;0.4667;0.4667;0.9048;0.2254;0.6122;0.4789;5.9;13021
26/01/2026 14:12;mvtec_ad_2/sheet_metal;galad;448x448;10;10;114;0;1;0.7551;0.9293;0.8911;0.4667;0.4778;0.898;0.1959;0.6694;0.5328;20.0;11624
26/01/2026 14:12;mvtec_ad_2/sheet_metal;galad;448x448;10;10;114;1;1;0.7514;0.9272;0.8911;0.4667;0.4667;0.8968;0.2239;0.6361;0.4655;18.6;11624
2026-01-27 07:01:31;mvtec_ad_2/sheet_metal;galad;448x448;10;10;114;2;1;0.6986;0.8974;0.9045;0.2444;0.3222;0.8981;0.2617;0.6381;0.4616;13.4;13021
2026-01-27 07:01:31;mvtec_ad_2/sheet_metal;galad;448x448;10;10;114;3;1;0.7171;0.9198;0.8955;0.5222;0.5222;0.891;0.1513;0.6337;0.4877;13.5;13021
2026-01-27 07:01:31;mvtec_ad_2/sheet_metal;galad;448x448;10;10;114;4;1;0.7273;0.9211;0.8955;0.4556;0.4556;0.8983;0.1749;0.6453;0.4788;21.7;13021
2026-01-27 15:13:45;mvtec_ad_2/sheet_metal;galad;448x448;20;20;114;0;1;0.7162;0.9124;0.9;0.3889;0.4111;0.8946;0.3747;0.63;0.4167;37.2;13021
2026-01-27 15:13:45;mvtec_ad_2/sheet_metal;galad;448x448;20;20;114;1;1;0.6949;0.9058;0.8955;0.3778;0.4111;0.8878;0.2707;0.6017;0.4227;25.6;13021
2026-01-27 15:13:45;mvtec_ad_2/sheet_metal;galad;448x448;20;20;114;2;1;0.706;0.9081;0.8955;0.3333;0.3556;0.9012;0.3796;0.6483;0.4426;33.5;13021
26/01/2026 14:50;mvtec_ad_2/sheet_metal;galad;448x448;20;20;114;3;1;0.6986;0.9085;0.8955;0.3889;0.4;0.8909;0.251;0.6353;0.4923;29.8;11624
26/01/2026 14:50;mvtec_ad_2/sheet_metal;galad;448x448;20;20;114;4;1;0.675;0.8964;0.8867;0.3111;0.3667;0.9028;0.3089;0.6318;0.404;38.9;11624
26/01/2026 15:47;mvtec_ad_2/sheet_metal;galad;448x448;50;50;114;0;1;0.7259;0.92;0.8955;0.4667;0.4667;0.8973;0.3755;0.6651;0.4992;75.4;11624
2026-01-28 01:53:14;mvtec_ad_2/sheet_metal;galad;448x448;50;50;114;1;1;0.719;0.9162;0.89;0.4778;0.4889;0.9007;0.3654;0.6244;0.4195;81.9;13021
26/01/2026 15:47;mvtec_ad_2/sheet_metal;galad;448x448;50;50;114;2;1;0.7315;0.9214;0.89;0.4778;0.4778;0.8985;0.3709;0.6546;0.4864;50.4;11624
26/01/2026 15:47;mvtec_ad_2/sheet_metal;galad;448x448;50;50;114;3;1;0.6815;0.9008;0.8934;0.3333;0.4333;0.8913;0.2691;0.6028;0.3831;104.9;11624
26/01/2026 15:47;mvtec_ad_2/sheet_metal;galad;448x448;50;50;114;4;1;0.687;0.902;0.8955;0.3889;0.3889;0.888;0.2553;0.6394;0.446;54.1;11624
2026-01-26 17:33:23;mvtec_ad_2/vial;galad;448x448;2;2;140;0;1;0.7962;0.9191;0.8714;0.3429;0.5429;0.912;0.1692;0.9884;0.7989;4.7;13021
2026-01-26 17:33:23;mvtec_ad_2/vial;galad;448x448;2;2;140;1;1;0.5823;0.7952;0.8824;0.0667;0.0857;0.9404;0.1757;1.0;0.8323;5.5;13021
2026-01-26 17:33:23;mvtec_ad_2/vial;galad;448x448;2;2;140;2;1;0.6718;0.8361;0.8619;0.0286;0.1905;0.8359;0.0565;0.9874;0.5899;5.3;13021
2026-01-26 17:33:23;mvtec_ad_2/vial;galad;448x448;2;2;140;3;1;0.7657;0.9174;0.8655;0.3524;0.4952;0.9377;0.2788;0.9997;0.9312;5.2;13021
26/01/2026 13:16;mvtec_ad_2/vial;galad;448x448;2;2;140;4;1;0.606;0.8322;0.8608;0.2;0.2;0.8944;0.1662;0.9965;0.7958;3.6;11624
2026-01-27 00:03:36;mvtec_ad_2/vial;galad;448x448;5;5;140;0;1;0.8871;0.9651;0.8898;0.7524;0.7619;0.9473;0.3596;1.0;0.9359;7.2;13021
2026-01-27 00:03:36;mvtec_ad_2/vial;galad;448x448;5;5;140;1;1;0.8288;0.9415;0.8739;0.5333;0.5619;0.8929;0.0947;0.9994;0.7506;6.5;13021
26/01/2026 13:42;mvtec_ad_2/vial;galad;448x448;5;5;140;2;1;0.8008;0.9227;0.8761;0.2095;0.5714;0.9231;0.2426;0.9998;0.9022;5.1;11624
2026-01-27 00:03:36;mvtec_ad_2/vial;galad;448x448;5;5;140;3;1;0.858;0.954;0.8772;0.6095;0.6381;0.94;0.2529;0.9965;0.8978;7.9;13021
2026-01-27 00:03:36;mvtec_ad_2/vial;galad;448x448;5;5;140;4;1;0.6076;0.8113;0.8714;0.0857;0.1333;0.8786;0.0989;0.9917;0.772;8.6;13021
2026-01-27 07:06:16;mvtec_ad_2/vial;galad;448x448;10;10;140;0;1;0.7162;0.8908;0.8655;0.3048;0.3429;0.8828;0.1032;0.9942;0.7498;10.2;13021
2026-01-27 07:06:16;mvtec_ad_2/vial;galad;448x448;10;10;140;1;1;0.7203;0.8639;0.8879;0.1714;0.1714;0.9232;0.2741;0.9917;0.8733;14.9;13021
2026-01-27 07:06:16;mvtec_ad_2/vial;galad;448x448;10;10;140;2;1;0.6457;0.8269;0.8714;0.0762;0.1238;0.903;0.1259;0.9948;0.8068;10.8;13021
2026-01-27 07:06:16;mvtec_ad_2/vial;galad;448x448;10;10;140;3;1;0.6109;0.8156;0.8571;0.0857;0.1429;0.8856;0.0976;0.9918;0.7708;10.0;13021
26/01/2026 14:14;mvtec_ad_2/vial;galad;448x448;10;10;140;4;1;0.6234;0.7931;0.8714;0.019;0.1048;0.8596;0.068;0.9761;0.6543;9.7;11624
2026-01-27 15:19:20;mvtec_ad_2/vial;galad;448x448;20;20;140;0;1;0.6922;0.8284;0.8787;0.0571;0.0952;0.9083;0.1068;0.9959;0.8023;20.3;13021
2026-01-27 15:19:20;mvtec_ad_2/vial;galad;448x448;20;20;140;1;1;0.9056;0.9678;0.9109;0.6286;0.6381;0.9384;0.3129;0.9994;0.9185;21.9;13021
2026-01-27 15:19:20;mvtec_ad_2/vial;galad;448x448;20;20;140;2;1;0.8201;0.9348;0.8787;0.4095;0.4857;0.935;0.3117;0.9995;0.9148;18.7;13021
2026-01-27 15:19:20;mvtec_ad_2/vial;galad;448x448;20;20;140;3;1;0.8035;0.9315;0.8707;0.4381;0.5429;0.9393;0.3017;0.9996;0.9446;16.0;13021
26/01/2026 14:53;mvtec_ad_2/vial;galad;448x448;20;20;140;4;1;0.714;0.8523;0.8787;0.1143;0.1429;0.906;0.1131;0.9976;0.8504;19.3;11624
26/01/2026 15:51;mvtec_ad_2/vial;galad;448x448;50;50;140;0;1;0.739;0.8674;0.8714;0.0667;0.1619;0.9221;0.2429;0.998;0.8681;29.6;11624
26/01/2026 15:51;mvtec_ad_2/vial;galad;448x448;50;50;140;1;1;0.7116;0.8448;0.875;0.0476;0.1048;0.9071;0.1393;0.9957;0.8248;28.9;11624
26/01/2026 15:51;mvtec_ad_2/vial;galad;448x448;50;50;140;2;1;0.8354;0.9445;0.875;0.5238;0.619;0.9327;0.2779;0.9993;0.903;25.8;11624
26/01/2026 15:51;mvtec_ad_2/vial;galad;448x448;50;50;140;3;1;0.7801;0.9156;0.875;0.3143;0.3905;0.9308;0.3034;0.999;0.9173;31.9;11624
26/01/2026 15:51;mvtec_ad_2/vial;galad;448x448;50;50;140;4;1;0.7429;0.8748;0.8783;0.1143;0.181;0.9224;0.2829;0.9968;0.861;44.2;11624
2026-01-26 17:37:36;mvtec_ad_2/wallplugs;galad;448x448;2;2;150;0;1;0.4648;0.551;0.7568;0.0;0.0;0.8731;0.0413;0.541;0.2942;4.4;13021
26/01/2026 13:18;mvtec_ad_2/wallplugs;galad;448x448;2;2;150;1;1;0.5126;0.5892;0.7639;0.0;0.0111;0.86;0.0182;0.544;0.285;3.1;11624
2026-01-26 17:37:36;mvtec_ad_2/wallplugs;galad;448x448;2;2;150;2;1;0.5387;0.6064;0.7692;0.0;0.0667;0.8121;0.0106;0.4875;0.2645;4.7;13021
2026-01-26 17:37:36;mvtec_ad_2/wallplugs;galad;448x448;2;2;150;3;1;0.4985;0.5889;0.75;0.0111;0.0889;0.86;0.0285;0.5637;0.3377;4.8;13021
26/01/2026 13:18;mvtec_ad_2/wallplugs;galad;448x448;2;2;150;4;1;0.4059;0.5262;0.7595;0.0111;0.0111;0.8756;0.0444;0.4544;0.2657;2.8;11624
26/01/2026 13:44;mvtec_ad_2/wallplugs;galad;448x448;5;5;150;0;1;0.4083;0.5243;0.75;0.0;0.0111;0.8982;0.1821;0.5671;0.3279;5.5;11624
2026-01-27 00:08:05;mvtec_ad_2/wallplugs;galad;448x448;5;5;150;1;1;0.4191;0.5437;0.75;0.0;0.0667;0.8574;0.0185;0.5576;0.3025;7.6;13021
2026-01-27 00:08:05;mvtec_ad_2/wallplugs;galad;448x448;5;5;150;2;1;0.3854;0.5136;0.75;0.0;0.0;0.859;0.0497;0.5371;0.2746;5.8;13021
2026-01-27 00:08:05;mvtec_ad_2/wallplugs;galad;448x448;5;5;150;3;1;0.4526;0.5622;0.75;0.0222;0.0444;0.8643;0.0217;0.5506;0.3148;14.6;13021
2026-01-27 00:08:05;mvtec_ad_2/wallplugs;galad;448x448;5;5;150;4;1;0.403;0.5258;0.75;0.0222;0.0222;0.8888;0.1057;0.5757;0.3449;7.2;13021
26/01/2026 14:18;mvtec_ad_2/wallplugs;galad;448x448;10;10;150;0;1;0.4456;0.5676;0.7531;0.0444;0.1111;0.8333;0.01;0.5545;0.3034;21.1;11624
26/01/2026 14:18;mvtec_ad_2/wallplugs;galad;448x448;10;10;150;1;1;0.4157;0.5503;0.75;0.0222;0.1111;0.8305;0.0105;0.5232;0.2551;26.7;11624
2026-01-27 07:11:33;mvtec_ad_2/wallplugs;galad;448x448;10;10;150;2;1;0.4239;0.5487;0.75;0.0111;0.1;0.8369;0.0136;0.5023;0.2238;12.5;13021
26/01/2026 14:18;mvtec_ad_2/wallplugs;galad;448x448;10;10;150;3;1;0.458;0.5715;0.75;0.0333;0.1111;0.8513;0.0141;0.5516;0.3134;12.1;11624
2026-01-27 07:11:33;mvtec_ad_2/wallplugs;galad;448x448;10;10;150;4;1;0.4359;0.5556;0.75;0.0222;0.1;0.8836;0.0398;0.5775;0.3304;17.9;13021
26/01/2026 14:57;mvtec_ad_2/wallplugs;galad;448x448;20;20;150;0;1;0.4437;0.565;0.75;0.0444;0.1111;0.8521;0.015;0.5465;0.2721;25.7;11624
2026-01-27 15:25:25;mvtec_ad_2/wallplugs;galad;448x448;20;20;150;1;1;0.4269;0.5528;0.75;0.0222;0.1;0.8374;0.0125;0.5575;0.3107;32.8;13021
26/01/2026 14:57;mvtec_ad_2/wallplugs;galad;448x448;20;20;150;2;1;0.4419;0.5584;0.75;0.0222;0.1111;0.8359;0.0129;0.5268;0.2562;23.1;11624
2026-01-27 15:25:25;mvtec_ad_2/wallplugs;galad;448x448;20;20;150;3;1;0.4359;0.5569;0.75;0.0333;0.1111;0.8502;0.0147;0.5408;0.2667;21.8;13021
2026-01-27 15:25:25;mvtec_ad_2/wallplugs;galad;448x448;20;20;150;4;1;0.4402;0.5652;0.75;0.0444;0.1111;0.8529;0.0146;0.5422;0.248;24.7;13021
2026-01-28 02:09:24;mvtec_ad_2/wallplugs;galad;448x448;50;50;150;0;1;0.4409;0.5607;0.75;0.0333;0.1111;0.8517;0.0147;0.5394;0.2668;42.3;13021
26/01/2026 15:58;mvtec_ad_2/wallplugs;galad;448x448;50;50;150;1;1;0.4285;0.5499;0.75;0.0;0.1;0.8532;0.016;0.5455;0.2909;45.4;11624
2026-01-28 02:09:24;mvtec_ad_2/wallplugs;galad;448x448;50;50;150;2;1;0.43;0.55;0.75;0.0;0.1;0.8552;0.0164;0.5438;0.2999;60.7;13021
26/01/2026 15:58;mvtec_ad_2/wallplugs;galad;448x448;50;50;150;3;1;0.4311;0.5563;0.75;0.0111;0.1111;0.8597;0.0169;0.5497;0.2854;64.4;11624
26/01/2026 15:58;mvtec_ad_2/wallplugs;galad;448x448;50;50;150;4;1;0.4304;0.5555;0.75;0.0333;0.1;0.8471;0.0144;0.5606;0.31;40.1;11624
2026-01-26 17:46:18;mvtec_ad_2/walnuts;galad;448x448;2;2;150;0;1;0.808;0.8711;0.8168;0.4222;0.4333;0.9389;0.3984;0.9915;0.6867;4.6;13021
26/01/2026 13:22;mvtec_ad_2/walnuts;galad;448x448;2;2;150;1;1;0.8165;0.8855;0.8287;0.4556;0.5;0.9714;0.4138;0.9802;0.7746;2.9;11624
26/01/2026 13:22;mvtec_ad_2/walnuts;galad;448x448;2;2;150;2;1;0.833;0.9023;0.7965;0.5556;0.6667;0.966;0.4302;0.9522;0.7116;3.2;11624
2026-01-26 17:46:18;mvtec_ad_2/walnuts;galad;448x448;2;2;150;3;1;0.7943;0.875;0.7841;0.4778;0.5556;0.9447;0.296;0.9289;0.6628;4.5;13021
26/01/2026 13:22;mvtec_ad_2/walnuts;galad;448x448;2;2;150;4;1;0.8454;0.8959;0.8396;0.5111;0.5556;0.9662;0.6084;0.9008;0.6682;3.1;11624
26/01/2026 13:49;mvtec_ad_2/walnuts;galad;448x448;5;5;150;0;1;0.7622;0.8517;0.8119;0.4333;0.4444;0.9634;0.5627;0.9331;0.5985;14.0;11624
2026-01-27 00:17:20;mvtec_ad_2/walnuts;galad;448x448;5;5;150;1;1;0.7391;0.8163;0.802;0.3;0.3444;0.9658;0.5025;0.9683;0.6766;12.3;13021
2026-01-27 00:17:20;mvtec_ad_2/walnuts;galad;448x448;5;5;150;2;1;0.823;0.8915;0.8367;0.5444;0.5444;0.9689;0.6283;0.9751;0.7232;7.4;13021
26/01/2026 13:49;mvtec_ad_2/walnuts;galad;448x448;5;5;150;3;1;0.8033;0.8778;0.82;0.5;0.5667;0.9716;0.6398;0.9942;0.6974;8.7;11624
26/01/2026 13:49;mvtec_ad_2/walnuts;galad;448x448;5;5;150;4;1;0.768;0.8566;0.7897;0.4;0.5111;0.9508;0.4146;0.9481;0.6215;8.2;11624
2026-01-27 07:21:06;mvtec_ad_2/walnuts;galad;448x448;10;10;150;0;1;0.7148;0.7875;0.7961;0.2444;0.2667;0.9579;0.2622;0.9248;0.5771;16.4;13021
2026-01-27 07:21:06;mvtec_ad_2/walnuts;galad;448x448;10;10;150;1;1;0.6996;0.7502;0.7944;0.1889;0.2;0.9625;0.2501;0.8799;0.5778;10.7;13021
26/01/2026 14:23;mvtec_ad_2/walnuts;galad;448x448;10;10;150;2;1;0.7415;0.7931;0.8134;0.2111;0.2778;0.9622;0.2919;0.9499;0.6169;13.7;11624
2026-01-27 07:21:06;mvtec_ad_2/walnuts;galad;448x448;10;10;150;3;1;0.7074;0.7726;0.8039;0.1889;0.2556;0.9592;0.2267;0.9451;0.579;12.6;13021
2026-01-27 07:21:06;mvtec_ad_2/walnuts;galad;448x448;10;10;150;4;1;0.7156;0.781;0.8;0.2;0.2444;0.9619;0.2479;0.9396;0.6081;14.2;13021
26/01/2026 15:03;mvtec_ad_2/walnuts;galad;448x448;20;20;150;0;1;0.7391;0.8054;0.8119;0.2444;0.3111;0.9644;0.3017;0.959;0.6434;18.9;11624
26/01/2026 15:03;mvtec_ad_2/walnuts;galad;448x448;20;20;150;1;1;0.7006;0.7538;0.8039;0.1889;0.1889;0.9619;0.2531;0.9531;0.6623;20.5;11624
2026-01-27 15:36:02;mvtec_ad_2/walnuts;galad;448x448;20;20;150;2;1;0.7294;0.7925;0.8119;0.2222;0.2778;0.9601;0.2362;0.9625;0.6391;27.0;13021
2026-01-27 15:36:02;mvtec_ad_2/walnuts;galad;448x448;20;20;150;3;1;0.7306;0.7894;0.8119;0.2111;0.2444;0.9617;0.2703;0.9758;0.6649;22.1;13021
26/01/2026 15:03;mvtec_ad_2/walnuts;galad;448x448;20;20;150;4;1;0.7446;0.8043;0.8041;0.2;0.3667;0.9656;0.3278;0.9635;0.6377;23.4;11624
2026-01-28 02:22:44;mvtec_ad_2/walnuts;galad;448x448;50;50;150;0;1;0.7478;0.8088;0.8159;0.2333;0.3222;0.9636;0.2896;0.968;0.6839;53.4;13021
26/01/2026 16:07;mvtec_ad_2/walnuts;galad;448x448;50;50;150;1;1;0.7309;0.7913;0.8119;0.2111;0.2889;0.9606;0.2524;0.968;0.6637;41.4;11624
26/01/2026 16:07;mvtec_ad_2/walnuts;galad;448x448;50;50;150;2;1;0.7437;0.8053;0.82;0.2444;0.2778;0.9615;0.2702;0.9648;0.6587;36.6;11624
26/01/2026 16:07;mvtec_ad_2/walnuts;galad;448x448;50;50;150;3;1;0.7406;0.8;0.8159;0.2333;0.2444;0.9613;0.2759;0.9634;0.6582;61.9;11624
26/01/2026 16:07;mvtec_ad_2/walnuts;galad;448x448;50;50;150;4;1;0.7533;0.8102;0.8119;0.2444;0.3222;0.9639;0.285;0.9692;0.6702;50.1;11624
2026-01-26 13:11:44;mvtec_loco_AD/breakfast_box;galad;448x448;2;2;275;0;1;0.6169;0.769;0.7723;0.2428;0.289;0.8117;0.2077;0.8289;0.4556;6.9;13021
2026-01-26 13:11:44;mvtec_loco_AD/breakfast_box;galad;448x448;2;2;275;1;1;0.5834;0.7492;0.7723;0.2312;0.2601;0.797;0.2696;0.7986;0.413;8.3;13021
2026-01-26 13:11:44;mvtec_loco_AD/breakfast_box;galad;448x448;2;2;275;2;1;0.7847;0.8784;0.8033;0.4566;0.4682;0.8862;0.4925;0.9111;0.7333;8.1;13021
2026-01-26 13:11:44;mvtec_loco_AD/breakfast_box;galad;448x448;2;2;275;3;1;0.6395;0.7771;0.7791;0.2601;0.289;0.8247;0.2453;0.851;0.5197;8.0;13021
2026-01-26 13:11:44;mvtec_loco_AD/breakfast_box;galad;448x448;2;2;275;4;1;0.7083;0.8068;0.7783;0.2139;0.3468;0.7489;0.1281;0.7318;0.3766;8.1;13021
20/01/2026 17:47;mvtec_loco_AD/breakfast_box;galad;448x448;5;5;275;0;1;0.6327;0.7894;0.7723;0.2948;0.3295;0.8561;0.2449;0.9056;0.505;22.7;7386
20/01/2026 17:47;mvtec_loco_AD/breakfast_box;galad;448x448;5;5;275;1;1;0.796;0.8919;0.7884;0.4913;0.5838;0.9052;0.614;0.9255;0.68;30.5;7386
2026-01-26 19:33:53;mvtec_loco_AD/breakfast_box;galad;448x448;5;5;275;2;1;0.8086;0.8928;0.804;0.474;0.5607;0.8988;0.5223;0.913;0.65;10.1;13021
2026-01-26 19:33:53;mvtec_loco_AD/breakfast_box;galad;448x448;5;5;275;3;1;0.7868;0.8789;0.8021;0.4855;0.5549;0.8954;0.5185;0.9067;0.6211;10.3;13021
2026-01-26 19:33:53;mvtec_loco_AD/breakfast_box;galad;448x448;5;5;275;4;1;0.794;0.8816;0.8041;0.4451;0.5434;0.8966;0.5388;0.9056;0.645;10.6;13021
21/01/2026 16:52;mvtec_loco_AD/breakfast_box;galad;448x448;10;10;275;0;1;0.817;0.9054;0.8083;0.578;0.6012;0.9152;0.6481;0.9447;0.806;16.8;7386
2026-01-27 02:16:38;mvtec_loco_AD/breakfast_box;galad;448x448;10;10;275;1;1;0.7931;0.8921;0.7863;0.5434;0.5549;0.9153;0.653;0.9317;0.6917;15.1;13021
21/01/2026 16:52;mvtec_loco_AD/breakfast_box;galad;448x448;10;10;275;2;1;0.8316;0.9139;0.8062;0.6127;0.6532;0.907;0.6192;0.9253;0.6572;18.8;7386
2026-01-27 02:16:38;mvtec_loco_AD/breakfast_box;galad;448x448;10;10;275;3;1;0.8221;0.9089;0.8083;0.5838;0.659;0.9142;0.6483;0.938;0.7422;16.0;13021
2026-01-27 02:16:38;mvtec_loco_AD/breakfast_box;galad;448x448;10;10;275;4;1;0.8332;0.9116;0.8201;0.5954;0.6416;0.9041;0.5779;0.9316;0.7086;18.3;13021
22/01/2026 15:05;mvtec_loco_AD/breakfast_box;galad;448x448;20;20;275;0;1;0.8251;0.9109;0.8045;0.5665;0.6358;0.9037;0.5788;0.9351;0.7136;16.5;10196
2026-01-27 09:42:54;mvtec_loco_AD/breakfast_box;galad;448x448;20;20;275;1;1;0.8546;0.925;0.8238;0.659;0.6936;0.9205;0.6129;0.926;0.6768;18.7;13021
2026-01-27 09:42:54;mvtec_loco_AD/breakfast_box;galad;448x448;20;20;275;2;1;0.8149;0.9035;0.8063;0.5723;0.6185;0.9126;0.6385;0.945;0.745;20.3;13021
22/01/2026 15:05;mvtec_loco_AD/breakfast_box;galad;448x448;20;20;275;3;1;0.8474;0.919;0.8263;0.6127;0.6763;0.904;0.5798;0.9316;0.6919;16.1;10196
2026-01-27 09:42:54;mvtec_loco_AD/breakfast_box;galad;448x448;20;20;275;4;1;0.832;0.9144;0.8129;0.5896;0.6358;0.917;0.6453;0.9431;0.7033;23.9;13021
2026-01-27 19:06:56;mvtec_loco_AD/breakfast_box;galad;448x448;50;50;275;0;1;0.8362;0.915;0.8152;0.578;0.6532;0.9122;0.6554;0.9381;0.702;36.7;13021
2026-01-27 19:06:56;mvtec_loco_AD/breakfast_box;galad;448x448;50;50;275;1;1;0.8305;0.9125;0.8146;0.5838;0.6301;0.9159;0.6509;0.935;0.6618;85.2;13021
2026-01-27 19:06:56;mvtec_loco_AD/breakfast_box;galad;448x448;50;50;275;2;1;0.8206;0.91;0.7967;0.5896;0.6416;0.9158;0.6439;0.9372;0.6838;36.5;13021
2026-01-27 19:06:56;mvtec_loco_AD/breakfast_box;galad;448x448;50;50;275;3;1;0.8287;0.913;0.8095;0.578;0.6705;0.9174;0.6529;0.9522;0.8243;43.8;13021
2026-01-27 19:06:56;mvtec_loco_AD/breakfast_box;galad;448x448;50;50;275;4;1;0.8406;0.9168;0.8232;0.6012;0.6474;0.9049;0.5852;0.926;0.6557;41.1;13021
2026-01-26 13:20:53;mvtec_loco_AD/juice_bottle;galad;448x448;2;2;330;0;1;0.6704;0.8508;0.8379;0.2712;0.3178;0.7552;0.0995;0.8154;0.346;8.8;13021
20/01/2026 14:46;mvtec_loco_AD/juice_bottle;galad;448x448;2;2;330;1;1;0.5483;0.7671;0.8339;0.1102;0.178;0.7401;0.0928;0.7996;0.324;5.7;7386
20/01/2026 14:46;mvtec_loco_AD/juice_bottle;galad;448x448;2;2;330;2;1;0.6601;0.8463;0.8438;0.2669;0.339;0.7901;0.1144;0.9192;0.3785;6.5;7386
20/01/2026 14:46;mvtec_loco_AD/juice_bottle;galad;448x448;2;2;330;3;1;0.8596;0.9433;0.8768;0.572;0.6229;0.8372;0.2043;0.9345;0.689;5.9;7386
2026-01-26 13:20:53;mvtec_loco_AD/juice_bottle;galad;448x448;2;2;330;4;1;0.6907;0.8552;0.8339;0.1992;0.3347;0.7634;0.1028;0.8198;0.3895;8.8;13021
20/01/2026 18:19;mvtec_loco_AD/juice_bottle;galad;448x448;5;5;330;0;1;0.7722;0.8979;0.855;0.3432;0.4195;0.8715;0.2205;0.9557;0.6348;20.3;7386
20/01/2026 18:19;mvtec_loco_AD/juice_bottle;galad;448x448;5;5;330;1;1;0.7762;0.8998;0.8588;0.3602;0.4025;0.8693;0.2195;0.966;0.7263;16.9;7386
2026-01-26 19:43:28;mvtec_loco_AD/juice_bottle;galad;448x448;5;5;330;2;1;0.8246;0.9269;0.8697;0.4661;0.5339;0.8743;0.2423;0.9678;0.7267;11.9;13021
2026-01-26 19:43:28;mvtec_loco_AD/juice_bottle;galad;448x448;5;5;330;3;1;0.8407;0.9396;0.8556;0.6017;0.6695;0.8996;0.3858;0.9741;0.7838;12.1;13021
20/01/2026 18:19;mvtec_loco_AD/juice_bottle;galad;448x448;5;5;330;4;1;0.8424;0.9391;0.8533;0.5508;0.6271;0.8882;0.2416;0.9661;0.649;14.5;7386
2026-01-27 02:26:46;mvtec_loco_AD/juice_bottle;galad;448x448;10;10;330;0;1;0.8627;0.9479;0.8603;0.6186;0.6907;0.9064;0.3916;0.9777;0.8695;18.9;13021
2026-01-27 02:26:46;mvtec_loco_AD/juice_bottle;galad;448x448;10;10;330;1;1;0.8413;0.9329;0.875;0.4831;0.5847;0.9053;0.452;0.9702;0.8363;21.3;13021
21/01/2026 17:21;mvtec_loco_AD/juice_bottle;galad;448x448;10;10;330;2;1;0.8888;0.9562;0.8835;0.6229;0.7331;0.9115;0.4163;0.9794;0.8189;18.3;7386
21/01/2026 17:21;mvtec_loco_AD/juice_bottle;galad;448x448;10;10;330;3;1;0.8995;0.9628;0.8775;0.6949;0.7585;0.9062;0.4154;0.9754;0.8315;19.4;7386
21/01/2026 17:21;mvtec_loco_AD/juice_bottle;galad;448x448;10;10;330;4;1;0.9075;0.9638;0.897;0.6017;0.7458;0.912;0.4156;0.9816;0.8553;16.6;7386
22/01/2026 15:11;mvtec_loco_AD/juice_bottle;galad;448x448;20;20;330;0;1;0.8908;0.9604;0.8698;0.7119;0.7712;0.9183;0.4558;0.9861;0.8718;19.3;10196
2026-01-27 09:55:06;mvtec_loco_AD/juice_bottle;galad;448x448;20;20;330;1;1;0.8773;0.9539;0.873;0.6949;0.7119;0.9198;0.4646;0.9877;0.8849;31.2;13021
22/01/2026 15:11;mvtec_loco_AD/juice_bottle;galad;448x448;20;20;330;2;1;0.9108;0.9671;0.8898;0.7458;0.7839;0.9204;0.4705;0.986;0.8831;20.2;10196
22/01/2026 15:11;mvtec_loco_AD/juice_bottle;galad;448x448;20;20;330;3;1;0.9175;0.9698;0.8907;0.7797;0.8178;0.9197;0.4665;0.9843;0.8599;20.0;10196
22/01/2026 15:11;mvtec_loco_AD/juice_bottle;galad;448x448;20;20;330;4;1;0.9193;0.9702;0.8957;0.7542;0.8093;0.9125;0.4291;0.9816;0.8973;20.6;10196
22/01/2026 0:15;mvtec_loco_AD/juice_bottle;galad;448x448;50;50;330;0;1;0.9254;0.9729;0.9046;0.7839;0.8008;0.922;0.4833;0.984;0.8937;40.2;10196
22/01/2026 0:15;mvtec_loco_AD/juice_bottle;galad;448x448;50;50;330;1;1;0.9043;0.9655;0.8908;0.7288;0.7839;0.921;0.4712;0.9868;0.876;42.3;10196
22/01/2026 0:15;mvtec_loco_AD/juice_bottle;galad;448x448;50;50;330;2;1;0.8912;0.958;0.8794;0.6568;0.7076;0.9158;0.4339;0.9852;0.8788;30.5;10196
22/01/2026 0:15;mvtec_loco_AD/juice_bottle;galad;448x448;50;50;330;3;1;0.9178;0.9699;0.8898;0.7627;0.7712;0.922;0.4782;0.9843;0.9076;39.8;10196
2026-01-27 19:19:28;mvtec_loco_AD/juice_bottle;galad;448x448;50;50;330;4;1;0.9252;0.9732;0.9095;0.7839;0.8136;0.9219;0.4895;0.9812;0.8689;41.8;13021
20/01/2026 15:00;mvtec_loco_AD/pushpins;galad;448x448;2;2;310;0;1;0.5145;0.5958;0.7182;0.0756;0.1512;0.634;0.0381;0.7008;0.3037;5.0;7386
20/01/2026 15:00;mvtec_loco_AD/pushpins;galad;448x448;2;2;310;1;1;0.4462;0.552;0.7137;0.0698;0.0872;0.5964;0.045;0.7485;0.4824;5.3;7386
20/01/2026 15:00;mvtec_loco_AD/pushpins;galad;448x448;2;2;310;2;1;0.563;0.5895;0.7167;0.0291;0.0814;0.5582;0.0303;0.5424;0.1766;5.4;7386
2026-01-26 13:30:26;mvtec_loco_AD/pushpins;galad;448x448;2;2;310;3;1;0.5452;0.6252;0.7137;0.1105;0.157;0.6325;0.0653;0.7709;0.5347;8.6;13021
2026-01-26 13:30:26;mvtec_loco_AD/pushpins;galad;448x448;2;2;310;4;1;0.5688;0.616;0.7188;0.0465;0.1279;0.5084;0.0265;0.4973;0.1484;8.7;13021
20/01/2026 18:50;mvtec_loco_AD/pushpins;galad;448x448;5;5;310;0;1;0.6125;0.672;0.717;0.1105;0.1337;0.6848;0.0903;0.8335;0.6321;13.5;7386
2026-01-26 19:53:19;mvtec_loco_AD/pushpins;galad;448x448;5;5;310;1;1;0.569;0.622;0.7167;0.0988;0.1221;0.6749;0.0885;0.8228;0.6133;12.0;13021
20/01/2026 18:50;mvtec_loco_AD/pushpins;galad;448x448;5;5;310;2;1;0.5366;0.6068;0.7152;0.0814;0.1047;0.6578;0.0813;0.7885;0.5546;13.4;7386
2026-01-26 19:53:19;mvtec_loco_AD/pushpins;galad;448x448;5;5;310;3;1;0.5404;0.6108;0.7152;0.093;0.1279;0.683;0.0936;0.8304;0.6181;10.7;13021
2026-01-26 19:53:19;mvtec_loco_AD/pushpins;galad;448x448;5;5;310;4;1;0.5542;0.6217;0.7177;0.0988;0.1279;0.6726;0.0948;0.8244;0.628;13.0;13021
21/01/2026 17:52;mvtec_loco_AD/pushpins;galad;448x448;10;10;310;0;1;0.5923;0.6495;0.7173;0.0988;0.1395;0.6918;0.0976;0.8224;0.633;16.6;7386
2026-01-27 02:37:26;mvtec_loco_AD/pushpins;galad;448x448;10;10;310;1;1;0.5432;0.5929;0.7257;0.0698;0.093;0.7113;0.1145;0.8135;0.5833;18.9;13021
21/01/2026 17:52;mvtec_loco_AD/pushpins;galad;448x448;10;10;310;2;1;0.5606;0.617;0.7161;0.093;0.1105;0.6902;0.107;0.8191;0.588;23.7;7386
21/01/2026 17:52;mvtec_loco_AD/pushpins;galad;448x448;10;10;310;3;1;0.5445;0.5927;0.7273;0.0814;0.1047;0.7211;0.1284;0.811;0.5304;20.2;7386
2026-01-27 02:37:26;mvtec_loco_AD/pushpins;galad;448x448;10;10;310;4;1;0.5215;0.5758;0.7277;0.0581;0.0988;0.7213;0.1162;0.7815;0.4808;19.1;13021
22/01/2026 15:17;mvtec_loco_AD/pushpins;galad;448x448;20;20;310;0;1;0.5704;0.6155;0.7289;0.093;0.1163;0.7309;0.1357;0.8269;0.5556;21.6;10196
2026-01-27 10:06:44;mvtec_loco_AD/pushpins;galad;448x448;20;20;310;1;1;0.553;0.6021;0.7281;0.0814;0.1047;0.7314;0.1419;0.8303;0.5596;38.8;13021
2026-01-27 10:06:44;mvtec_loco_AD/pushpins;galad;448x448;20;20;310;2;1;0.545;0.6024;0.7182;0.0814;0.1453;0.7019;0.1062;0.8402;0.6309;21.5;13021
22/01/2026 15:17;mvtec_loco_AD/pushpins;galad;448x448;20;20;310;3;1;0.5709;0.6239;0.7354;0.1047;0.1337;0.7247;0.1346;0.8238;0.562;24.2;10196
22/01/2026 15:17;mvtec_loco_AD/pushpins;galad;448x448;20;20;310;4;1;0.5515;0.6018;0.7257;0.0814;0.1163;0.7281;0.1448;0.8164;0.5581;17.8;10196
2026-01-27 19:32:34;mvtec_loco_AD/pushpins;galad;448x448;50;50;310;0;1;0.569;0.6171;0.7281;0.093;0.1337;0.7377;0.1605;0.845;0.618;48.0;13021
22/01/2026 0:43;mvtec_loco_AD/pushpins;galad;448x448;50;50;310;1;1;0.5581;0.6063;0.733;0.0872;0.1221;0.7346;0.1407;0.8324;0.5665;58.6;10196
22/01/2026 0:43;mvtec_loco_AD/pushpins;galad;448x448;50;50;310;2;1;0.5582;0.6119;0.7216;0.0988;0.1221;0.7288;0.1433;0.8247;0.5531;44.6;10196
22/01/2026 0:43;mvtec_loco_AD/pushpins;galad;448x448;50;50;310;3;1;0.5589;0.6133;0.7225;0.0988;0.1105;0.7211;0.1436;0.8106;0.5515;55.0;10196
2026-01-27 19:32:34;mvtec_loco_AD/pushpins;galad;448x448;50;50;310;4;1;0.5611;0.615;0.7249;0.093;0.1163;0.7375;0.161;0.8467;0.6309;43.3;13021
20/01/2026 15:15;mvtec_loco_AD/screw_bag;galad;448x448;2;2;341;0;1;0.5416;0.6976;0.7821;0.1187;0.1872;0.6994;0.1314;0.7487;0.4751;5.9;7386
2026-01-26 13:39:58;mvtec_loco_AD/screw_bag;galad;448x448;2;2;341;1;1;0.6338;0.7721;0.7821;0.1963;0.2877;0.6544;0.1089;0.6515;0.4228;8.2;13021
20/01/2026 15:15;mvtec_loco_AD/screw_bag;galad;448x448;2;2;341;2;1;0.6465;0.7804;0.7823;0.2374;0.3242;0.6318;0.0983;0.621;0.4004;5.6;7386
2026-01-26 13:39:58;mvtec_loco_AD/screw_bag;galad;448x448;2;2;341;3;1;0.5422;0.7056;0.7835;0.0868;0.1781;0.6889;0.1255;0.7516;0.5123;8.1;13021
20/01/2026 15:15;mvtec_loco_AD/screw_bag;galad;448x448;2;2;341;4;1;0.595;0.7281;0.7835;0.1689;0.2374;0.6212;0.0969;0.5316;0.3142;6.0;7386
2026-01-26 20:02:58;mvtec_loco_AD/screw_bag;galad;448x448;5;5;341;0;1;0.4939;0.6631;0.7821;0.0822;0.1461;0.6014;0.0816;0.7337;0.3826;10.1;13021
2026-01-26 20:02:58;mvtec_loco_AD/screw_bag;galad;448x448;5;5;341;1;1;0.609;0.7526;0.7835;0.1735;0.2192;0.6969;0.1278;0.7909;0.5546;11.3;13021
20/01/2026 19:25;mvtec_loco_AD/screw_bag;galad;448x448;5;5;341;2;1;0.575;0.7124;0.7836;0.0959;0.1598;0.6986;0.1285;0.7445;0.4876;12.1;7386
20/01/2026 19:25;mvtec_loco_AD/screw_bag;galad;448x448;5;5;341;3;1;0.5221;0.7011;0.7821;0.137;0.1963;0.707;0.1295;0.8186;0.5374;12.2;7386
2026-01-26 20:02:58;mvtec_loco_AD/screw_bag;galad;448x448;5;5;341;4;1;0.6037;0.7614;0.7849;0.2192;0.2511;0.699;0.1253;0.7965;0.5132;10.6;13021
2026-01-27 02:47:42;mvtec_loco_AD/screw_bag;galad;448x448;10;10;341;0;1;0.6204;0.7633;0.7835;0.2283;0.2785;0.7157;0.1313;0.8727;0.6751;17.6;13021
2026-01-27 02:47:42;mvtec_loco_AD/screw_bag;galad;448x448;10;10;341;1;1;0.638;0.7847;0.7849;0.2146;0.2922;0.6969;0.1262;0.8639;0.6599;17.7;13021
21/01/2026 18:23;mvtec_loco_AD/screw_bag;galad;448x448;10;10;341;2;1;0.6439;0.7911;0.7849;0.2831;0.3059;0.689;0.1228;0.8469;0.6255;15.3;7386
2026-01-27 02:47:42;mvtec_loco_AD/screw_bag;galad;448x448;10;10;341;3;1;0.6047;0.7604;0.7821;0.1781;0.2511;0.7184;0.1334;0.8741;0.6749;19.5;13021
21/01/2026 18:23;mvtec_loco_AD/screw_bag;galad;448x448;10;10;341;4;1;0.6792;0.8044;0.7933;0.2466;0.2831;0.6842;0.1202;0.8363;0.5815;14.8;7386
22/01/2026 15:32;mvtec_loco_AD/screw_bag;galad;448x448;20;20;341;0;1;0.6437;0.7752;0.7834;0.1963;0.2603;0.7226;0.1334;0.865;0.6277;33.8;10196
22/01/2026 15:32;mvtec_loco_AD/screw_bag;galad;448x448;20;20;341;1;1;0.6071;0.761;0.7828;0.1781;0.2237;0.7218;0.1335;0.876;0.6705;49.8;10196
22/01/2026 15:32;mvtec_loco_AD/screw_bag;galad;448x448;20;20;341;2;1;0.6216;0.7735;0.7835;0.2146;0.2557;0.7193;0.133;0.8775;0.6536;55.2;10196
22/01/2026 15:32;mvtec_loco_AD/screw_bag;galad;448x448;20;20;341;3;1;0.609;0.7633;0.7849;0.1918;0.2466;0.7113;0.1315;0.8616;0.6016;96.2;10196
22/01/2026 15:32;mvtec_loco_AD/screw_bag;galad;448x448;20;20;341;4;1;0.6542;0.773;0.7855;0.1781;0.2557;0.7221;0.1319;0.8845;0.691;284.6;10196
22/01/2026 1:14;mvtec_loco_AD/screw_bag;galad;448x448;50;50;341;0;1;0.6125;0.7657;0.7821;0.242;0.2877;0.7209;0.1335;0.8727;0.6598;49.1;10196
2026-01-27 19:46:53;mvtec_loco_AD/screw_bag;galad;448x448;50;50;341;1;1;0.6108;0.7632;0.7835;0.2009;0.2374;0.7277;0.1351;0.8764;0.6594;52.9;13021
22/01/2026 1:14;mvtec_loco_AD/screw_bag;galad;448x448;50;50;341;2;1;0.6339;0.7762;0.7821;0.2055;0.242;0.7146;0.1316;0.8833;0.6875;59.8;10196
2026-01-27 19:46:53;mvtec_loco_AD/screw_bag;galad;448x448;50;50;341;3;1;0.617;0.771;0.7821;0.2009;0.2648;0.7176;0.1321;0.8667;0.6112;62.7;13021
22/01/2026 1:14;mvtec_loco_AD/screw_bag;galad;448x448;50;50;341;4;1;0.6419;0.7784;0.7849;0.2055;0.2877;0.7273;0.1339;0.8701;0.6288;70.9;10196
2026-01-26 13:49:50;mvtec_loco_AD/splicing_connectors;galad;448x448;2;2;312;0;1;0.6835;0.7885;0.7813;0.228;0.2746;0.6306;0.1326;0.8561;0.5363;7.5;13021
20/01/2026 20:25;mvtec_loco_AD/splicing_connectors;galad;448x448;2;2;312;1;1;0.6609;0.7852;0.7644;0.2332;0.2798;0.6803;0.1494;0.9108;0.7136;18.4;7386
2026-01-26 13:49:50;mvtec_loco_AD/splicing_connectors;galad;448x448;2;2;312;2;1;0.6242;0.7361;0.7692;0.1295;0.1969;0.6923;0.1665;0.9128;0.6653;8.7;13021
2026-01-26 13:49:50;mvtec_loco_AD/splicing_connectors;galad;448x448;2;2;312;3;1;0.7322;0.8352;0.7695;0.3472;0.4249;0.6573;0.1648;0.884;0.6389;8.8;13021
20/01/2026 20:25;mvtec_loco_AD/splicing_connectors;galad;448x448;2;2;312;4;1;0.6333;0.7508;0.7739;0.1813;0.2487;0.6424;0.1207;0.8507;0.4965;24.1;7386
2026-01-26 20:13:04;mvtec_loco_AD/splicing_connectors;galad;448x448;5;5;312;0;1;0.639;0.7408;0.7806;0.1606;0.1865;0.6847;0.1819;0.9079;0.7153;12.0;13021
20/01/2026 20:03;mvtec_loco_AD/splicing_connectors;galad;448x448;5;5;312;1;1;0.736;0.8393;0.783;0.3005;0.4715;0.6916;0.1939;0.9144;0.7304;34.1;7386
2026-01-26 20:13:04;mvtec_loco_AD/splicing_connectors;galad;448x448;5;5;312;2;1;0.6828;0.7943;0.7726;0.2902;0.3212;0.7102;0.1896;0.9163;0.7279;10.9;13021
20/01/2026 20:03;mvtec_loco_AD/splicing_connectors;galad;448x448;5;5;312;3;1;0.7584;0.8566;0.7826;0.3523;0.4663;0.6901;0.2143;0.9121;0.7586;15.1;7386
20/01/2026 20:03;mvtec_loco_AD/splicing_connectors;galad;448x448;5;5;312;4;1;0.7366;0.8378;0.7844;0.3627;0.4041;0.6982;0.2023;0.911;0.7261;16.3;7386
21/01/2026 18:54;mvtec_loco_AD/splicing_connectors;galad;448x448;10;10;312;0;1;0.7477;0.8526;0.7905;0.3886;0.5181;0.695;0.221;0.9139;0.7546;16.8;7386
2026-01-27 02:58:07;mvtec_loco_AD/splicing_connectors;galad;448x448;10;10;312;1;1;0.5825;0.7427;0.7644;0.1554;0.3264;0.6771;0.1403;0.9163;0.6214;14.9;13021
21/01/2026 18:54;mvtec_loco_AD/splicing_connectors;galad;448x448;10;10;312;2;1;0.8094;0.8929;0.8029;0.4819;0.5596;0.7015;0.2196;0.9133;0.7409;14.8;7386
21/01/2026 18:54;mvtec_loco_AD/splicing_connectors;galad;448x448;10;10;312;3;1;0.5488;0.6742;0.7644;0.0984;0.1399;0.6606;0.1201;0.9089;0.6979;13.5;7386
21/01/2026 18:54;mvtec_loco_AD/splicing_connectors;galad;448x448;10;10;312;4;1;0.7912;0.8721;0.8114;0.4249;0.4922;0.7019;0.2286;0.9144;0.7445;20.4;7386
26/01/2026 10:31;mvtec_loco_AD/splicing_connectors;galad;448x448;20;20;312;0;1;0.7999;0.8828;0.8019;0.4456;0.5337;0.7031;0.2208;0.9123;0.7339;20.1;11624
26/01/2026 10:31;mvtec_loco_AD/splicing_connectors;galad;448x448;20;20;312;1;1;0.7952;0.8826;0.8;0.4611;0.5233;0.7044;0.1989;0.9168;0.7223;24.7;11624
2026-01-27 10:30:11;mvtec_loco_AD/splicing_connectors;galad;448x448;20;20;312;2;1;0.8231;0.902;0.8133;0.4715;0.6166;0.6978;0.2131;0.9118;0.7302;20.1;13021
26/01/2026 10:31;mvtec_loco_AD/splicing_connectors;galad;448x448;20;20;312;3;1;0.7668;0.8604;0.8018;0.4093;0.4819;0.6989;0.2223;0.9089;0.7203;24.8;11624
26/01/2026 10:31;mvtec_loco_AD/splicing_connectors;galad;448x448;20;20;312;4;1;0.7878;0.8773;0.7937;0.4404;0.5233;0.7089;0.2432;0.9144;0.7527;21.4;11624
22/01/2026 1:43;mvtec_loco_AD/splicing_connectors;galad;448x448;50;50;312;0;1;0.8011;0.8828;0.7965;0.456;0.5233;0.6973;0.2054;0.9139;0.7508;44.5;10196
22/01/2026 1:43;mvtec_loco_AD/splicing_connectors;galad;448x448;50;50;312;1;1;0.8188;0.8945;0.8113;0.487;0.5389;0.7017;0.224;0.9116;0.7316;38.9;10196
22/01/2026 1:43;mvtec_loco_AD/splicing_connectors;galad;448x448;50;50;312;2;1;0.8211;0.897;0.8109;0.487;0.5751;0.6993;0.216;0.9129;0.7567;43.6;10196
22/01/2026 1:43;mvtec_loco_AD/splicing_connectors;galad;448x448;50;50;312;3;1;0.7998;0.8839;0.7981;0.4404;0.5751;0.699;0.2204;0.9104;0.7351;28.6;10196
2026-01-27 20:00:05;mvtec_loco_AD/splicing_connectors;galad;448x448;50;50;312;4;1;0.8151;0.89;0.8096;0.4197;0.5544;0.6997;0.2179;0.9129;0.7451;36.4;13021
