dataset;train_limit;model;n_seeds;img_auroc;img_aupr;tpr_tnr90;tpr_tnr95;pix_auroc;spro;auspro
AutoVI/engine_wiring;2;galad;5;0.328 ± 0.137;0.424 ± 0.080;0.062 ± 0.047;0.041 ± 0.032;0.789 ± 0.067;0.789 ± 0.126;0.344 ± 0.108
AutoVI/engine_wiring;2;patchcore;5;0.540 ± 0.042;0.554 ± 0.030;0.138 ± 0.021;0.082 ± 0.020;0.839 ± 0.021;0.749 ± 0.042;0.355 ± 0.037
AutoVI/engine_wiring;2;reverse_distillation;5;0.553 ± 0.027;0.574 ± 0.011;0.153 ± 0.023;0.102 ± 0.021;0.830 ± 0.018;0.915 ± 0.027;0.607 ± 0.041
AutoVI/engine_wiring;5;dinomaly;5;0.591 ± 0.029;0.586 ± 0.022;0.162 ± 0.024;0.093 ± 0.020;0.828 ± 0.133;0.683 ± 0.170;0.320 ± 0.086
AutoVI/engine_wiring;5;galad;5;0.661 ± 0.126;0.674 ± 0.113;0.291 ± 0.154;0.188 ± 0.111;0.913 ± 0.010;0.902 ± 0.012;0.561 ± 0.068
AutoVI/engine_wiring;5;padim;5;0.555 ± 0.064;0.551 ± 0.054;0.133 ± 0.044;0.064 ± 0.036;0.776 ± 0.019;0.692 ± 0.080;0.367 ± 0.088
AutoVI/engine_wiring;5;patchcore;5;0.569 ± 0.035;0.579 ± 0.029;0.156 ± 0.029;0.103 ± 0.018;0.872 ± 0.015;0.781 ± 0.036;0.401 ± 0.042
AutoVI/engine_wiring;5;reverse_distillation;5;0.597 ± 0.042;0.595 ± 0.040;0.170 ± 0.053;0.100 ± 0.048;0.847 ± 0.026;0.911 ± 0.011;0.609 ± 0.041
AutoVI/engine_wiring;10;dinomaly;5;0.527 ± 0.071;0.551 ± 0.050;0.143 ± 0.034;0.086 ± 0.033;0.853 ± 0.013;0.514 ± 0.093;0.214 ± 0.060
AutoVI/engine_wiring;10;galad;5;0.679 ± 0.055;0.680 ± 0.047;0.278 ± 0.050;0.197 ± 0.042;0.935 ± 0.006;0.876 ± 0.010;0.532 ± 0.017
AutoVI/engine_wiring;10;padim;5;0.568 ± 0.081;0.563 ± 0.068;0.153 ± 0.064;0.081 ± 0.037;0.804 ± 0.021;0.757 ± 0.059;0.416 ± 0.070
AutoVI/engine_wiring;10;patchcore;5;0.581 ± 0.036;0.595 ± 0.030;0.182 ± 0.025;0.105 ± 0.011;0.880 ± 0.009;0.832 ± 0.032;0.482 ± 0.047
AutoVI/engine_wiring;10;reverse_distillation;5;0.598 ± 0.030;0.609 ± 0.029;0.174 ± 0.045;0.118 ± 0.024;0.841 ± 0.014;0.913 ± 0.023;0.611 ± 0.038
AutoVI/engine_wiring;20;dinomaly;5;0.600 ± 0.021;0.597 ± 0.017;0.156 ± 0.024;0.093 ± 0.015;0.814 ± 0.120;0.523 ± 0.283;0.225 ± 0.136
AutoVI/engine_wiring;20;galad;5;0.698 ± 0.030;0.706 ± 0.028;0.312 ± 0.045;0.199 ± 0.020;0.933 ± 0.007;0.853 ± 0.037;0.502 ± 0.065
AutoVI/engine_wiring;20;padim;5;0.585 ± 0.090;0.579 ± 0.079;0.163 ± 0.084;0.076 ± 0.045;0.817 ± 0.025;0.746 ± 0.070;0.404 ± 0.102
AutoVI/engine_wiring;20;patchcore;5;0.600 ± 0.005;0.613 ± 0.007;0.176 ± 0.025;0.108 ± 0.019;0.892 ± 0.003;0.855 ± 0.026;0.516 ± 0.039
AutoVI/engine_wiring;20;reverse_distillation;5;0.594 ± 0.010;0.603 ± 0.019;0.178 ± 0.024;0.104 ± 0.021;0.839 ± 0.004;0.916 ± 0.017;0.620 ± 0.046
AutoVI/engine_wiring;50;dinomaly;5;0.500 ± 0.121;0.530 ± 0.081;0.120 ± 0.060;0.077 ± 0.039;0.851 ± 0.056;0.611 ± 0.267;0.261 ± 0.122
AutoVI/engine_wiring;50;galad;5;0.713 ± 0.035;0.720 ± 0.033;0.349 ± 0.045;0.205 ± 0.033;0.941 ± 0.004;0.908 ± 0.009;0.579 ± 0.017
AutoVI/engine_wiring;50;padim;5;0.583 ± 0.100;0.580 ± 0.086;0.163 ± 0.091;0.087 ± 0.057;0.818 ± 0.030;0.689 ± 0.060;0.340 ± 0.118
AutoVI/engine_wiring;50;patchcore;5;0.589 ± 0.009;0.601 ± 0.009;0.180 ± 0.021;0.104 ± 0.010;0.901 ± 0.004;0.859 ± 0.014;0.531 ± 0.025
AutoVI/engine_wiring;50;reverse_distillation;5;0.568 ± 0.018;0.566 ± 0.015;0.147 ± 0.033;0.072 ± 0.005;0.855 ± 0.005;0.897 ± 0.011;0.579 ± 0.012
AutoVI/pipe_clip;2;galad;5;0.566 ± 0.067;0.499 ± 0.081;0.175 ± 0.116;0.094 ± 0.066;0.640 ± 0.076;0.296 ± 0.269;0.113 ± 0.154
AutoVI/pipe_clip;2;patchcore;5;0.536 ± 0.008;0.470 ± 0.007;0.137 ± 0.008;0.087 ± 0.025;0.758 ± 0.029;0.703 ± 0.092;0.275 ± 0.019
AutoVI/pipe_clip;2;reverse_distillation;5;0.521 ± 0.026;0.441 ± 0.015;0.132 ± 0.009;0.056 ± 0.016;0.728 ± 0.030;0.610 ± 0.047;0.266 ± 0.027
AutoVI/pipe_clip;5;dinomaly;5;0.520 ± 0.013;0.460 ± 0.019;0.135 ± 0.018;0.080 ± 0.018;0.663 ± 0.012;0.431 ± 0.061;0.155 ± 0.040
AutoVI/pipe_clip;5;galad;5;0.579 ± 0.026;0.482 ± 0.016;0.154 ± 0.024;0.072 ± 0.014;0.792 ± 0.046;0.748 ± 0.139;0.325 ± 0.107
AutoVI/pipe_clip;5;padim;5;0.538 ± 0.006;0.491 ± 0.031;0.156 ± 0.037;0.110 ± 0.049;0.745 ± 0.029;0.615 ± 0.075;0.249 ± 0.054
AutoVI/pipe_clip;5;patchcore;5;0.544 ± 0.020;0.468 ± 0.028;0.130 ± 0.017;0.080 ± 0.039;0.820 ± 0.031;0.865 ± 0.072;0.410 ± 0.091
AutoVI/pipe_clip;5;reverse_distillation;5;0.597 ± 0.009;0.491 ± 0.009;0.151 ± 0.015;0.082 ± 0.028;0.801 ± 0.020;0.783 ± 0.043;0.417 ± 0.067
AutoVI/pipe_clip;10;dinomaly;5;0.504 ± 0.017;0.436 ± 0.018;0.103 ± 0.040;0.058 ± 0.015;0.634 ± 0.027;0.334 ± 0.072;0.120 ± 0.032
AutoVI/pipe_clip;10;galad;5;0.587 ± 0.015;0.493 ± 0.012;0.137 ± 0.012;0.090 ± 0.017;0.840 ± 0.026;0.880 ± 0.046;0.440 ± 0.055
AutoVI/pipe_clip;10;padim;5;0.535 ± 0.005;0.494 ± 0.030;0.163 ± 0.031;0.121 ± 0.043;0.775 ± 0.034;0.690 ± 0.089;0.292 ± 0.063
AutoVI/pipe_clip;10;patchcore;5;0.567 ± 0.019;0.472 ± 0.019;0.111 ± 0.016;0.079 ± 0.026;0.872 ± 0.028;0.948 ± 0.021;0.561 ± 0.073
AutoVI/pipe_clip;10;reverse_distillation;5;0.533 ± 0.019;0.446 ± 0.017;0.118 ± 0.015;0.062 ± 0.021;0.825 ± 0.010;0.843 ± 0.017;0.472 ± 0.026
AutoVI/pipe_clip;20;dinomaly;5;0.503 ± 0.021;0.432 ± 0.011;0.092 ± 0.013;0.059 ± 0.009;0.672 ± 0.079;0.497 ± 0.195;0.215 ± 0.118
AutoVI/pipe_clip;20;galad;5;0.591 ± 0.010;0.506 ± 0.008;0.152 ± 0.023;0.083 ± 0.014;0.866 ± 0.008;0.912 ± 0.019;0.496 ± 0.063
AutoVI/pipe_clip;20;padim;5;0.535 ± 0.003;0.494 ± 0.030;0.161 ± 0.049;0.121 ± 0.044;0.790 ± 0.044;0.727 ± 0.124;0.324 ± 0.100
AutoVI/pipe_clip;20;patchcore;5;0.574 ± 0.021;0.468 ± 0.008;0.123 ± 0.012;0.061 ± 0.013;0.908 ± 0.012;0.976 ± 0.009;0.677 ± 0.074
AutoVI/pipe_clip;20;reverse_distillation;5;0.536 ± 0.018;0.440 ± 0.018;0.100 ± 0.019;0.044 ± 0.022;0.835 ± 0.014;0.871 ± 0.022;0.524 ± 0.030
AutoVI/pipe_clip;50;dinomaly;5;0.500 ± 0.019;0.442 ± 0.019;0.108 ± 0.027;0.065 ± 0.016;0.628 ± 0.030;0.334 ± 0.083;0.129 ± 0.039
AutoVI/pipe_clip;50;galad;5;0.583 ± 0.004;0.496 ± 0.006;0.144 ± 0.012;0.083 ± 0.017;0.870 ± 0.009;0.928 ± 0.011;0.515 ± 0.038
AutoVI/pipe_clip;50;padim;5;0.533 ± 0.007;0.495 ± 0.018;0.170 ± 0.031;0.117 ± 0.035;0.788 ± 0.044;0.703 ± 0.134;0.320 ± 0.123
AutoVI/pipe_clip;50;patchcore;5;0.603 ± 0.037;0.486 ± 0.031;0.137 ± 0.052;0.061 ± 0.012;0.936 ± 0.004;0.990 ± 0.002;0.751 ± 0.037
AutoVI/pipe_clip;50;reverse_distillation;5;0.586 ± 0.021;0.474 ± 0.016;0.114 ± 0.027;0.061 ± 0.013;0.863 ± 0.005;0.900 ± 0.015;0.566 ± 0.022
AutoVI/tank_screw;2;galad;5;0.506 ± 0.034;0.255 ± 0.035;0.120 ± 0.068;0.063 ± 0.034;0.840 ± 0.037;0.863 ± 0.109;0.479 ± 0.071
AutoVI/tank_screw;2;patchcore;5;0.438 ± 0.038;0.204 ± 0.022;0.046 ± 0.027;0.023 ± 0.017;0.908 ± 0.026;0.878 ± 0.086;0.564 ± 0.060
AutoVI/tank_screw;2;reverse_distillation;5;0.425 ± 0.026;0.206 ± 0.019;0.074 ± 0.030;0.034 ± 0.019;0.823 ± 0.025;0.778 ± 0.089;0.407 ± 0.081
AutoVI/tank_screw;5;dinomaly;5;0.346 ± 0.021;0.171 ± 0.005;0.006 ± 0.006;0.000;0.849 ± 0.021;0.863 ± 0.077;0.413 ± 0.050
AutoVI/tank_screw;5;galad;5;0.500 ± 0.031;0.225 ± 0.017;0.036 ± 0.023;0.013 ± 0.019;0.918 ± 0.027;0.969 ± 0.033;0.637 ± 0.096
AutoVI/tank_screw;5;padim;5;0.478 ± 0.015;0.224 ± 0.011;0.103 ± 0.034;0.038 ± 0.022;0.891 ± 0.042;0.904 ± 0.089;0.565 ± 0.131
AutoVI/tank_screw;5;patchcore;5;0.450 ± 0.030;0.198 ± 0.010;0.029 ± 0.022;0.008 ± 0.009;0.935 ± 0.015;0.884 ± 0.076;0.632 ± 0.076
AutoVI/tank_screw;5;reverse_distillation;5;0.456 ± 0.034;0.220 ± 0.016;0.097 ± 0.034;0.051 ± 0.020;0.854 ± 0.039;0.849 ± 0.092;0.504 ± 0.099
AutoVI/tank_screw;10;dinomaly;5;0.374 ± 0.065;0.186 ± 0.026;0.036 ± 0.030;0.021 ± 0.029;0.724 ± 0.207;0.644 ± 0.362;0.319 ± 0.179
AutoVI/tank_screw;10;galad;5;0.505 ± 0.021;0.226 ± 0.013;0.048 ± 0.038;0.021 ± 0.025;0.935 ± 0.017;0.988 ± 0.012;0.714 ± 0.049
AutoVI/tank_screw;10;padim;5;0.466 ± 0.008;0.215 ± 0.006;0.065 ± 0.027;0.027 ± 0.009;0.906 ± 0.030;0.920 ± 0.082;0.567 ± 0.126
AutoVI/tank_screw;10;patchcore;5;0.493 ± 0.029;0.213 ± 0.014;0.051 ± 0.028;0.008 ± 0.009;0.955 ± 0.010;0.944 ± 0.038;0.678 ± 0.039
AutoVI/tank_screw;10;reverse_distillation;5;0.459 ± 0.038;0.224 ± 0.029;0.093 ± 0.036;0.053 ± 0.027;0.886 ± 0.024;0.929 ± 0.026;0.617 ± 0.064
AutoVI/tank_screw;20;dinomaly;5;0.347 ± 0.022;0.172 ± 0.007;0.021 ± 0.021;0.004 ± 0.009;0.844 ± 0.024;0.864 ± 0.061;0.429 ± 0.053
AutoVI/tank_screw;20;galad;5;0.510 ± 0.018;0.223 ± 0.008;0.029 ± 0.017;0.004 ± 0.006;0.949 ± 0.006;0.997 ± 0.003;0.774 ± 0.053
AutoVI/tank_screw;20;padim;5;0.468 ± 0.013;0.216 ± 0.006;0.069 ± 0.024;0.030 ± 0.009;0.917 ± 0.022;0.950 ± 0.052;0.623 ± 0.131
AutoVI/tank_screw;20;patchcore;5;0.560 ± 0.026;0.237 ± 0.016;0.046 ± 0.022;0.023 ± 0.020;0.967 ± 0.009;0.957 ± 0.041;0.725 ± 0.075
AutoVI/tank_screw;20;reverse_distillation;5;0.455 ± 0.035;0.212 ± 0.019;0.067 ± 0.032;0.034 ± 0.014;0.879 ± 0.019;0.925 ± 0.023;0.633 ± 0.050
AutoVI/tank_screw;50;dinomaly;5;0.339 ± 0.014;0.171 ± 0.005;0.021 ± 0.017;0.002 ± 0.005;0.860 ± 0.020;0.887 ± 0.039;0.432 ± 0.034
AutoVI/tank_screw;50;galad;5;0.515 ± 0.017;0.222 ± 0.006;0.017 ± 0.006;0.000;0.957 ± 0.005;0.999 ± 0.000;0.805 ± 0.034
AutoVI/tank_screw;50;padim;5;0.458 ± 0.030;0.215 ± 0.010;0.078 ± 0.026;0.036 ± 0.016;0.894 ± 0.027;0.930 ± 0.054;0.546 ± 0.121
AutoVI/tank_screw;50;patchcore;5;0.678 ± 0.031;0.300 ± 0.023;0.059 ± 0.026;0.015 ± 0.006;0.981 ± 0.002;0.987 ± 0.006;0.823 ± 0.042
AutoVI/tank_screw;50;reverse_distillation;5;0.466 ± 0.031;0.216 ± 0.013;0.065 ± 0.026;0.023 ± 0.020;0.893 ± 0.003;0.941 ± 0.008;0.668 ± 0.030
AutoVI/underbody_pipes;2;galad;5;0.746 ± 0.116;0.759 ± 0.115;0.409 ± 0.233;0.292 ± 0.193;0.947 ± 0.039;0.994 ± 0.012;0.711 ± 0.173
AutoVI/underbody_pipes;2;patchcore;5;0.979 ± 0.003;0.981 ± 0.003;0.955 ± 0.015;0.895 ± 0.035;0.964 ± 0.011;0.998 ± 0.001;0.916 ± 0.040
AutoVI/underbody_pipes;2;reverse_distillation;5;0.925 ± 0.013;0.926 ± 0.022;0.753 ± 0.065;0.612 ± 0.085;0.938 ± 0.018;0.996 ± 0.004;0.934 ± 0.030
AutoVI/underbody_pipes;5;dinomaly;5;0.969 ± 0.016;0.952 ± 0.025;0.977 ± 0.017;0.810 ± 0.154;0.991 ± 0.004;1.000 ± 0.000;0.958 ± 0.024
AutoVI/underbody_pipes;5;galad;5;0.908 ± 0.048;0.902 ± 0.047;0.778 ± 0.133;0.627 ± 0.155;0.990 ± 0.003;0.999 ± 0.001;0.898 ± 0.051
AutoVI/underbody_pipes;5;padim;5;0.657 ± 0.115;0.625 ± 0.122;0.174 ± 0.189;0.079 ± 0.105;0.928 ± 0.017;0.968 ± 0.010;0.796 ± 0.063
AutoVI/underbody_pipes;5;patchcore;5;0.986 ± 0.002;0.987 ± 0.002;0.977 ± 0.008;0.927 ± 0.027;0.971 ± 0.002;0.999 ± 0.000;0.918 ± 0.055
AutoVI/underbody_pipes;5;reverse_distillation;5;0.968 ± 0.012;0.974 ± 0.011;0.925 ± 0.032;0.845 ± 0.055;0.952 ± 0.006;0.998 ± 0.001;0.932 ± 0.030
AutoVI/underbody_pipes;10;dinomaly;5;0.981 ± 0.007;0.977 ± 0.010;0.987 ± 0.014;0.958 ± 0.026;0.983 ± 0.010;0.999 ± 0.001;0.940 ± 0.034
AutoVI/underbody_pipes;10;galad;5;0.943 ± 0.006;0.934 ± 0.007;0.847 ± 0.020;0.740 ± 0.044;0.994 ± 0.001;1.000;0.894 ± 0.064
AutoVI/underbody_pipes;10;padim;5;0.686 ± 0.125;0.652 ± 0.140;0.180 ± 0.187;0.130 ± 0.151;0.950 ± 0.009;0.984 ± 0.005;0.839 ± 0.077
AutoVI/underbody_pipes;10;patchcore;5;0.988 ± 0.002;0.990 ± 0.001;0.985 ± 0.005;0.937 ± 0.023;0.977 ± 0.002;0.999 ± 0.000;0.930 ± 0.043
AutoVI/underbody_pipes;10;reverse_distillation;5;0.973 ± 0.007;0.978 ± 0.006;0.922 ± 0.026;0.874 ± 0.046;0.958 ± 0.004;0.999 ± 0.000;0.938 ± 0.027
AutoVI/underbody_pipes;20;dinomaly;5;0.983 ± 0.007;0.977 ± 0.014;0.985 ± 0.012;0.927 ± 0.050;0.986 ± 0.009;0.999 ± 0.001;0.955 ± 0.020
AutoVI/underbody_pipes;20;galad;5;0.953 ± 0.006;0.946 ± 0.005;0.870 ± 0.036;0.795 ± 0.027;0.994 ± 0.000;1.000;0.883 ± 0.054
AutoVI/underbody_pipes;20;padim;5;0.702 ± 0.146;0.674 ± 0.169;0.269 ± 0.320;0.179 ± 0.220;0.960 ± 0.007;0.987 ± 0.004;0.775 ± 0.050
AutoVI/underbody_pipes;20;patchcore;5;0.991 ± 0.003;0.992 ± 0.002;0.988 ± 0.006;0.957 ± 0.014;0.979 ± 0.001;0.999 ± 0.000;0.903 ± 0.055
AutoVI/underbody_pipes;20;reverse_distillation;5;0.979 ± 0.009;0.982 ± 0.009;0.942 ± 0.023;0.891 ± 0.047;0.963 ± 0.005;0.999 ± 0.000;0.901 ± 0.026
AutoVI/underbody_pipes;50;dinomaly;5;0.973 ± 0.019;0.965 ± 0.018;0.952 ± 0.044;0.906 ± 0.053;0.985 ± 0.011;0.998 ± 0.003;0.921 ± 0.042
AutoVI/underbody_pipes;50;galad;5;0.944 ± 0.014;0.938 ± 0.014;0.849 ± 0.042;0.733 ± 0.079;0.994 ± 0.001;1.000 ± 0.000;0.924 ± 0.056
AutoVI/underbody_pipes;50;padim;5;0.709 ± 0.159;0.685 ± 0.180;0.286 ± 0.357;0.230 ± 0.294;0.964 ± 0.006;0.990 ± 0.003;0.769 ± 0.101
AutoVI/underbody_pipes;50;patchcore;5;0.992 ± 0.003;0.993 ± 0.002;0.991 ± 0.005;0.957 ± 0.017;0.980 ± 0.001;0.999 ± 0.000;0.927 ± 0.058
AutoVI/underbody_pipes;50;reverse_distillation;5;0.983 ± 0.004;0.986 ± 0.003;0.956 ± 0.016;0.915 ± 0.030;0.967 ± 0.003;1.000 ± 0.000;0.914 ± 0.025
AutoVI/underbody_screw;2;galad;5;0.637 ± 0.100;0.075 ± 0.019;0.133 ± 0.093;0.100 ± 0.046;0.945 ± 0.021;1.000;0.762 ± 0.068
AutoVI/underbody_screw;2;patchcore;5;0.745 ± 0.016;0.084 ± 0.004;0.000;0.000;0.970 ± 0.006;0.998 ± 0.003;0.837 ± 0.038
AutoVI/underbody_screw;2;reverse_distillation;5;0.590 ± 0.094;0.063 ± 0.013;0.144 ± 0.063;0.044 ± 0.025;0.963 ± 0.011;1.000 ± 0.000;0.852 ± 0.047
AutoVI/underbody_screw;5;dinomaly;5;0.524 ± 0.069;0.068 ± 0.033;0.122 ± 0.099;0.067 ± 0.091;0.935 ± 0.033;0.999 ± 0.002;0.742 ± 0.100
AutoVI/underbody_screw;5;galad;5;0.727 ± 0.074;0.169 ± 0.134;0.178 ± 0.186;0.167 ± 0.188;0.969 ± 0.020;1.000;0.847 ± 0.066
AutoVI/underbody_screw;5;padim;5;0.218 ± 0.184;0.031 ± 0.009;0.011 ± 0.025;0.011 ± 0.025;0.929 ± 0.030;0.991 ± 0.015;0.704 ± 0.105
AutoVI/underbody_screw;5;patchcore;5;0.814 ± 0.033;0.114 ± 0.021;0.000;0.000;0.986 ± 0.010;1.000 ± 0.000;0.888 ± 0.054
AutoVI/underbody_screw;5;reverse_distillation;5;0.775 ± 0.124;0.142 ± 0.085;0.222 ± 0.184;0.122 ± 0.133;0.988 ± 0.005;1.000 ± 0.000;0.899 ± 0.030
AutoVI/underbody_screw;10;dinomaly;5;0.506 ± 0.117;0.085 ± 0.063;0.144 ± 0.084;0.089 ± 0.108;0.905 ± 0.053;0.976 ± 0.034;0.646 ± 0.186
AutoVI/underbody_screw;10;galad;5;0.796 ± 0.049;0.244 ± 0.099;0.267 ± 0.164;0.244 ± 0.150;0.995 ± 0.004;1.000;0.925 ± 0.041
AutoVI/underbody_screw;10;padim;5;0.183 ± 0.168;0.031 ± 0.010;0.011 ± 0.025;0.011 ± 0.025;0.916 ± 0.041;0.988 ± 0.020;0.669 ± 0.172
AutoVI/underbody_screw;10;patchcore;5;0.859 ± 0.011;0.144 ± 0.010;0.000;0.000;0.997 ± 0.002;1.000;0.911 ± 0.043
AutoVI/underbody_screw;10;reverse_distillation;5;0.841 ± 0.063;0.168 ± 0.065;0.367 ± 0.214;0.189 ± 0.160;0.995 ± 0.004;1.000;0.909 ± 0.034
AutoVI/underbody_screw;20;dinomaly;5;0.456 ± 0.129;0.078 ± 0.071;0.100 ± 0.114;0.078 ± 0.108;0.906 ± 0.045;0.987 ± 0.017;0.627 ± 0.133
AutoVI/underbody_screw;20;galad;5;0.790 ± 0.045;0.198 ± 0.108;0.233 ± 0.154;0.144 ± 0.108;0.996 ± 0.003;1.000;0.943 ± 0.041
AutoVI/underbody_screw;20;padim;5;0.165 ± 0.161;0.029 ± 0.008;0.011 ± 0.025;0.011 ± 0.025;0.901 ± 0.046;0.974 ± 0.036;0.554 ± 0.172
AutoVI/underbody_screw;20;patchcore;5;0.916 ± 0.046;0.255 ± 0.106;0.567 ± 0.501;0.333 ± 0.322;0.999 ± 0.001;1.000;0.913 ± 0.047
AutoVI/underbody_screw;20;reverse_distillation;5;0.889 ± 0.058;0.288 ± 0.179;0.511 ± 0.292;0.278 ± 0.258;0.997 ± 0.001;1.000;0.928 ± 0.050
AutoVI/underbody_screw;50;dinomaly;5;0.506 ± 0.151;0.142 ± 0.086;0.200 ± 0.128;0.156 ± 0.099;0.949 ± 0.043;0.996 ± 0.007;0.795 ± 0.145
AutoVI/underbody_screw;50;galad;5;0.782 ± 0.026;0.193 ± 0.059;0.222 ± 0.088;0.144 ± 0.084;0.996 ± 0.003;1.000;0.908 ± 0.029
AutoVI/underbody_screw;50;padim;5;0.130 ± 0.112;0.027 ± 0.004;0.000;0.000;0.854 ± 0.073;0.890 ± 0.147;0.437 ± 0.226
AutoVI/underbody_screw;50;patchcore;5;0.977 ± 0.017;0.559 ± 0.172;1.000;0.878 ± 0.194;0.999 ± 0.001;1.000;0.891 ± 0.070
AutoVI/underbody_screw;50;reverse_distillation;5;0.894 ± 0.042;0.310 ± 0.140;0.533 ± 0.256;0.411 ± 0.199;0.997 ± 0.001;1.000;0.943 ± 0.031
GoodsAD/cigarette_box;2;galad;5;0.751 ± 0.089;0.741 ± 0.075;0.259 ± 0.134;0.113 ± 0.077;0.922 ± 0.049;0.991 ± 0.012;0.737 ± 0.167
GoodsAD/cigarette_box;2;patchcore;5;0.538 ± 0.014;0.611 ± 0.008;0.136 ± 0.027;0.069 ± 0.015;0.808 ± 0.008;0.772 ± 0.040;0.402 ± 0.023
GoodsAD/cigarette_box;2;reverse_distillation;5;0.560 ± 0.033;0.631 ± 0.029;0.136 ± 0.037;0.084 ± 0.008;0.786 ± 0.013;0.769 ± 0.026;0.416 ± 0.033
GoodsAD/cigarette_box;5;dinomaly;5;0.574 ± 0.021;0.596 ± 0.018;0.084 ± 0.013;0.039 ± 0.012;0.902 ± 0.006;0.956 ± 0.012;0.633 ± 0.016
GoodsAD/cigarette_box;5;galad;5;0.798 ± 0.044;0.804 ± 0.053;0.377 ± 0.139;0.190 ± 0.091;0.953 ± 0.011;0.999 ± 0.000;0.807 ± 0.036
GoodsAD/cigarette_box;5;padim;5;0.463 ± 0.045;0.544 ± 0.039;0.078 ± 0.049;0.042 ± 0.025;0.729 ± 0.018;0.566 ± 0.052;0.310 ± 0.064
GoodsAD/cigarette_box;5;patchcore;5;0.539 ± 0.024;0.616 ± 0.022;0.159 ± 0.027;0.083 ± 0.034;0.841 ± 0.006;0.861 ± 0.020;0.473 ± 0.024
GoodsAD/cigarette_box;5;reverse_distillation;5;0.534 ± 0.023;0.592 ± 0.009;0.095 ± 0.007;0.054 ± 0.012;0.801 ± 0.013;0.793 ± 0.026;0.445 ± 0.026
GoodsAD/cigarette_box;10;dinomaly;5;0.515 ± 0.021;0.568 ± 0.009;0.091 ± 0.020;0.049 ± 0.014;0.839 ± 0.039;0.842 ± 0.077;0.494 ± 0.093
GoodsAD/cigarette_box;10;galad;5;0.808 ± 0.040;0.814 ± 0.035;0.360 ± 0.089;0.239 ± 0.116;0.953 ± 0.010;0.997 ± 0.003;0.788 ± 0.056
GoodsAD/cigarette_box;10;padim;5;0.483 ± 0.049;0.552 ± 0.038;0.072 ± 0.037;0.039 ± 0.018;0.754 ± 0.018;0.628 ± 0.022;0.351 ± 0.028
GoodsAD/cigarette_box;10;patchcore;5;0.547 ± 0.023;0.618 ± 0.021;0.148 ± 0.034;0.080 ± 0.033;0.852 ± 0.009;0.883 ± 0.039;0.494 ± 0.039
GoodsAD/cigarette_box;10;reverse_distillation;5;0.534 ± 0.016;0.586 ± 0.012;0.073 ± 0.014;0.061 ± 0.018;0.792 ± 0.011;0.777 ± 0.031;0.446 ± 0.037
GoodsAD/cigarette_box;20;dinomaly;5;0.660 ± 0.032;0.656 ± 0.030;0.120 ± 0.050;0.054 ± 0.019;0.925 ± 0.002;0.981 ± 0.003;0.702 ± 0.010
GoodsAD/cigarette_box;20;galad;5;0.830 ± 0.017;0.838 ± 0.013;0.480 ± 0.094;0.287 ± 0.049;0.957 ± 0.005;0.996 ± 0.003;0.790 ± 0.043
GoodsAD/cigarette_box;20;padim;5;0.501 ± 0.055;0.559 ± 0.042;0.071 ± 0.039;0.039 ± 0.018;0.773 ± 0.016;0.664 ± 0.031;0.377 ± 0.056
GoodsAD/cigarette_box;20;patchcore;5;0.577 ± 0.011;0.634 ± 0.013;0.145 ± 0.028;0.102 ± 0.029;0.880 ± 0.005;0.953 ± 0.007;0.612 ± 0.011
GoodsAD/cigarette_box;20;reverse_distillation;5;0.548 ± 0.017;0.592 ± 0.007;0.082 ± 0.014;0.058 ± 0.011;0.795 ± 0.014;0.780 ± 0.027;0.463 ± 0.019
GoodsAD/cigarette_box;50;dinomaly;5;0.708 ± 0.055;0.691 ± 0.040;0.174 ± 0.067;0.057 ± 0.031;0.936 ± 0.008;0.984 ± 0.002;0.751 ± 0.014
GoodsAD/cigarette_box;50;galad;5;0.809 ± 0.021;0.817 ± 0.025;0.426 ± 0.086;0.254 ± 0.067;0.949 ± 0.003;0.991 ± 0.003;0.759 ± 0.046
GoodsAD/cigarette_box;50;padim;5;0.532 ± 0.086;0.578 ± 0.070;0.085 ± 0.068;0.046 ± 0.032;0.794 ± 0.032;0.706 ± 0.076;0.432 ± 0.076
GoodsAD/cigarette_box;50;patchcore;5;0.653 ± 0.008;0.670 ± 0.009;0.156 ± 0.012;0.108 ± 0.010;0.912 ± 0.007;0.976 ± 0.009;0.714 ± 0.018
GoodsAD/cigarette_box;50;reverse_distillation;5;0.569 ± 0.004;0.594 ± 0.008;0.067 ± 0.021;0.029 ± 0.011;0.814 ± 0.010;0.808 ± 0.031;0.501 ± 0.041
GoodsAD/drink_bottle;2;galad;5;0.560 ± 0.010;0.594 ± 0.011;0.144 ± 0.014;0.073 ± 0.017;0.919 ± 0.012;0.954 ± 0.093;0.676 ± 0.105
GoodsAD/drink_bottle;2;patchcore;5;0.509 ± 0.019;0.557 ± 0.017;0.115 ± 0.023;0.062 ± 0.014;0.897 ± 0.005;0.991 ± 0.005;0.682 ± 0.022
GoodsAD/drink_bottle;2;reverse_distillation;5;0.528 ± 0.006;0.562 ± 0.008;0.095 ± 0.017;0.051 ± 0.011;0.884 ± 0.005;0.986 ± 0.011;0.676 ± 0.035
GoodsAD/drink_bottle;5;dinomaly;5;0.593 ± 0.011;0.606 ± 0.009;0.144 ± 0.009;0.059 ± 0.011;0.934 ± 0.011;0.991 ± 0.011;0.692 ± 0.028
GoodsAD/drink_bottle;5;galad;5;0.569 ± 0.011;0.603 ± 0.003;0.139 ± 0.011;0.083 ± 0.015;0.937 ± 0.012;1.000 ± 0.000;0.755 ± 0.022
GoodsAD/drink_bottle;5;padim;5;0.467 ± 0.021;0.522 ± 0.022;0.084 ± 0.019;0.040 ± 0.013;0.844 ± 0.031;0.964 ± 0.028;0.624 ± 0.041
GoodsAD/drink_bottle;5;patchcore;5;0.516 ± 0.012;0.560 ± 0.012;0.120 ± 0.014;0.056 ± 0.014;0.903 ± 0.010;0.994 ± 0.004;0.690 ± 0.028
GoodsAD/drink_bottle;5;reverse_distillation;5;0.543 ± 0.027;0.572 ± 0.023;0.108 ± 0.019;0.050 ± 0.018;0.890 ± 0.008;0.992 ± 0.009;0.689 ± 0.017
GoodsAD/drink_bottle;10;dinomaly;5;0.566 ± 0.009;0.580 ± 0.005;0.097 ± 0.008;0.048 ± 0.010;0.924 ± 0.005;1.000;0.758 ± 0.009
GoodsAD/drink_bottle;10;galad;5;0.568 ± 0.017;0.599 ± 0.011;0.135 ± 0.006;0.072 ± 0.009;0.929 ± 0.008;0.990 ± 0.008;0.676 ± 0.049
GoodsAD/drink_bottle;10;padim;5;0.469 ± 0.022;0.520 ± 0.017;0.080 ± 0.020;0.042 ± 0.013;0.856 ± 0.018;0.980 ± 0.011;0.655 ± 0.021
GoodsAD/drink_bottle;10;patchcore;5;0.534 ± 0.008;0.569 ± 0.007;0.110 ± 0.018;0.059 ± 0.009;0.912 ± 0.008;0.994 ± 0.001;0.699 ± 0.013
GoodsAD/drink_bottle;10;reverse_distillation;5;0.537 ± 0.055;0.572 ± 0.040;0.112 ± 0.026;0.067 ± 0.024;0.796 ± 0.220;0.813 ± 0.410;0.579 ± 0.307
GoodsAD/drink_bottle;20;dinomaly;5;0.602 ± 0.006;0.621 ± 0.005;0.161 ± 0.025;0.084 ± 0.015;0.944 ± 0.005;0.997 ± 0.002;0.727 ± 0.037
GoodsAD/drink_bottle;20;galad;5;0.572 ± 0.008;0.604 ± 0.007;0.167 ± 0.016;0.061 ± 0.006;0.932 ± 0.004;0.998 ± 0.000;0.691 ± 0.008
GoodsAD/drink_bottle;20;padim;5;0.477 ± 0.017;0.524 ± 0.012;0.078 ± 0.014;0.040 ± 0.013;0.869 ± 0.010;0.988 ± 0.008;0.646 ± 0.036
GoodsAD/drink_bottle;20;patchcore;5;0.546 ± 0.008;0.577 ± 0.007;0.112 ± 0.002;0.058 ± 0.007;0.917 ± 0.005;0.993 ± 0.003;0.704 ± 0.009
GoodsAD/drink_bottle;20;reverse_distillation;5;0.590 ± 0.012;0.616 ± 0.012;0.151 ± 0.020;0.068 ± 0.008;0.897 ± 0.006;0.996 ± 0.004;0.713 ± 0.016
GoodsAD/drink_bottle;50;dinomaly;5;0.617 ± 0.008;0.635 ± 0.005;0.179 ± 0.026;0.082 ± 0.010;0.952 ± 0.002;0.999 ± 0.001;0.791 ± 0.008
GoodsAD/drink_bottle;50;galad;5;0.577 ± 0.007;0.609 ± 0.004;0.164 ± 0.018;0.069 ± 0.006;0.933 ± 0.003;0.999 ± 0.000;0.695 ± 0.004
GoodsAD/drink_bottle;50;padim;5;0.493 ± 0.023;0.533 ± 0.016;0.078 ± 0.011;0.035 ± 0.014;0.876 ± 0.006;0.987 ± 0.006;0.650 ± 0.009
GoodsAD/drink_bottle;50;patchcore;5;0.559 ± 0.012;0.585 ± 0.007;0.127 ± 0.024;0.057 ± 0.011;0.929 ± 0.003;0.994 ± 0.002;0.713 ± 0.014
GoodsAD/drink_bottle;50;reverse_distillation;5;0.597 ± 0.007;0.626 ± 0.014;0.177 ± 0.016;0.093 ± 0.023;0.898 ± 0.002;0.996 ± 0.003;0.715 ± 0.022
GoodsAD/drink_can;2;galad;5;0.563 ± 0.037;0.534 ± 0.045;0.089 ± 0.077;0.053 ± 0.059;0.893 ± 0.033;0.993 ± 0.012;0.622 ± 0.047
GoodsAD/drink_can;2;patchcore;5;0.526 ± 0.019;0.535 ± 0.017;0.115 ± 0.033;0.078 ± 0.026;0.875 ± 0.017;0.982 ± 0.016;0.597 ± 0.011
GoodsAD/drink_can;2;reverse_distillation;5;0.544 ± 0.031;0.535 ± 0.018;0.105 ± 0.028;0.048 ± 0.022;0.876 ± 0.012;0.988 ± 0.007;0.621 ± 0.016
GoodsAD/drink_can;5;dinomaly;5;0.545 ± 0.026;0.531 ± 0.028;0.108 ± 0.028;0.056 ± 0.021;0.897 ± 0.007;0.994 ± 0.006;0.641 ± 0.050
GoodsAD/drink_can;5;galad;5;0.585 ± 0.025;0.577 ± 0.035;0.173 ± 0.075;0.099 ± 0.055;0.909 ± 0.016;0.995 ± 0.010;0.662 ± 0.047
GoodsAD/drink_can;5;padim;5;0.513 ± 0.034;0.517 ± 0.024;0.105 ± 0.026;0.055 ± 0.025;0.860 ± 0.016;0.928 ± 0.048;0.509 ± 0.075
GoodsAD/drink_can;5;patchcore;5;0.529 ± 0.009;0.539 ± 0.010;0.119 ± 0.026;0.092 ± 0.014;0.880 ± 0.009;0.984 ± 0.014;0.617 ± 0.033
GoodsAD/drink_can;5;reverse_distillation;5;0.577 ± 0.030;0.558 ± 0.030;0.127 ± 0.043;0.062 ± 0.039;0.886 ± 0.005;0.989 ± 0.006;0.648 ± 0.015
GoodsAD/drink_can;10;dinomaly;5;0.544 ± 0.010;0.545 ± 0.006;0.130 ± 0.020;0.079 ± 0.010;0.903 ± 0.008;0.984 ± 0.016;0.613 ± 0.053
GoodsAD/drink_can;10;galad;5;0.596 ± 0.014;0.609 ± 0.022;0.238 ± 0.041;0.167 ± 0.042;0.921 ± 0.005;1.000 ± 0.000;0.672 ± 0.044
GoodsAD/drink_can;10;padim;5;0.524 ± 0.039;0.528 ± 0.030;0.107 ± 0.040;0.067 ± 0.020;0.873 ± 0.010;0.956 ± 0.028;0.537 ± 0.060
GoodsAD/drink_can;10;patchcore;5;0.559 ± 0.012;0.560 ± 0.012;0.125 ± 0.018;0.085 ± 0.012;0.891 ± 0.007;0.977 ± 0.011;0.635 ± 0.030
GoodsAD/drink_can;10;reverse_distillation;5;0.567 ± 0.021;0.548 ± 0.013;0.100 ± 0.006;0.058 ± 0.010;0.886 ± 0.002;0.986 ± 0.012;0.665 ± 0.023
GoodsAD/drink_can;20;dinomaly;5;0.582 ± 0.010;0.559 ± 0.013;0.122 ± 0.033;0.071 ± 0.018;0.915 ± 0.010;0.978 ± 0.011;0.640 ± 0.023
GoodsAD/drink_can;20;galad;5;0.618 ± 0.006;0.629 ± 0.012;0.274 ± 0.037;0.200 ± 0.026;0.923 ± 0.003;0.999 ± 0.001;0.677 ± 0.028
GoodsAD/drink_can;20;padim;5;0.526 ± 0.016;0.528 ± 0.016;0.118 ± 0.034;0.059 ± 0.025;0.880 ± 0.007;0.967 ± 0.011;0.539 ± 0.057
GoodsAD/drink_can;20;patchcore;5;0.563 ± 0.006;0.563 ± 0.005;0.145 ± 0.028;0.084 ± 0.015;0.896 ± 0.007;0.959 ± 0.024;0.630 ± 0.027
GoodsAD/drink_can;20;reverse_distillation;5;0.584 ± 0.012;0.565 ± 0.010;0.129 ± 0.027;0.075 ± 0.016;0.886 ± 0.003;0.986 ± 0.004;0.667 ± 0.016
GoodsAD/drink_can;50;dinomaly;5;0.618 ± 0.011;0.578 ± 0.010;0.127 ± 0.019;0.077 ± 0.018;0.919 ± 0.003;0.986 ± 0.010;0.651 ± 0.025
GoodsAD/drink_can;50;galad;5;0.596 ± 0.014;0.602 ± 0.014;0.226 ± 0.016;0.142 ± 0.009;0.909 ± 0.002;1.000 ± 0.000;0.664 ± 0.015
GoodsAD/drink_can;50;padim;5;0.534 ± 0.039;0.532 ± 0.024;0.121 ± 0.024;0.074 ± 0.033;0.887 ± 0.005;0.938 ± 0.032;0.522 ± 0.044
GoodsAD/drink_can;50;patchcore;5;0.598 ± 0.009;0.579 ± 0.009;0.144 ± 0.026;0.086 ± 0.033;0.904 ± 0.004;0.972 ± 0.012;0.646 ± 0.023
GoodsAD/drink_can;50;reverse_distillation;5;0.587 ± 0.016;0.560 ± 0.011;0.140 ± 0.023;0.066 ± 0.023;0.887 ± 0.000;0.985 ± 0.004;0.658 ± 0.019
GoodsAD/food_bottle;2;galad;5;0.537 ± 0.032;0.635 ± 0.037;0.126 ± 0.047;0.072 ± 0.035;0.917 ± 0.016;0.973 ± 0.029;0.623 ± 0.043
GoodsAD/food_bottle;2;patchcore;5;0.517 ± 0.012;0.612 ± 0.014;0.109 ± 0.015;0.047 ± 0.018;0.878 ± 0.011;0.961 ± 0.013;0.569 ± 0.015
GoodsAD/food_bottle;2;reverse_distillation;5;0.570 ± 0.014;0.641 ± 0.021;0.128 ± 0.038;0.068 ± 0.037;0.879 ± 0.011;0.973 ± 0.005;0.651 ± 0.029
GoodsAD/food_bottle;5;dinomaly;5;0.609 ± 0.033;0.672 ± 0.026;0.146 ± 0.021;0.084 ± 0.029;0.932 ± 0.009;0.991 ± 0.002;0.716 ± 0.020
GoodsAD/food_bottle;5;galad;5;0.575 ± 0.031;0.673 ± 0.023;0.166 ± 0.039;0.109 ± 0.029;0.938 ± 0.011;0.988 ± 0.006;0.679 ± 0.047
GoodsAD/food_bottle;5;padim;5;0.548 ± 0.013;0.625 ± 0.012;0.116 ± 0.034;0.058 ± 0.021;0.858 ± 0.012;0.958 ± 0.015;0.585 ± 0.022
GoodsAD/food_bottle;5;patchcore;5;0.535 ± 0.008;0.617 ± 0.008;0.122 ± 0.012;0.053 ± 0.013;0.887 ± 0.009;0.968 ± 0.012;0.601 ± 0.022
GoodsAD/food_bottle;5;reverse_distillation;5;0.578 ± 0.016;0.656 ± 0.016;0.140 ± 0.019;0.088 ± 0.015;0.884 ± 0.009;0.973 ± 0.005;0.673 ± 0.024
GoodsAD/food_bottle;10;dinomaly;5;0.594 ± 0.018;0.658 ± 0.023;0.148 ± 0.040;0.080 ± 0.037;0.916 ± 0.012;0.993 ± 0.000;0.712 ± 0.035
GoodsAD/food_bottle;10;galad;5;0.576 ± 0.027;0.677 ± 0.025;0.169 ± 0.045;0.104 ± 0.037;0.941 ± 0.010;0.979 ± 0.023;0.676 ± 0.045
GoodsAD/food_bottle;10;padim;5;0.553 ± 0.017;0.631 ± 0.016;0.116 ± 0.023;0.069 ± 0.026;0.871 ± 0.003;0.969 ± 0.015;0.605 ± 0.037
GoodsAD/food_bottle;10;patchcore;5;0.541 ± 0.015;0.620 ± 0.009;0.127 ± 0.011;0.052 ± 0.019;0.901 ± 0.005;0.965 ± 0.014;0.625 ± 0.023
GoodsAD/food_bottle;10;reverse_distillation;5;0.579 ± 0.015;0.649 ± 0.011;0.132 ± 0.035;0.068 ± 0.024;0.891 ± 0.002;0.972 ± 0.005;0.677 ± 0.009
GoodsAD/food_bottle;20;dinomaly;5;0.627 ± 0.021;0.695 ± 0.021;0.211 ± 0.050;0.085 ± 0.024;0.947 ± 0.003;0.990 ± 0.002;0.754 ± 0.027
GoodsAD/food_bottle;20;galad;5;0.584 ± 0.026;0.685 ± 0.023;0.201 ± 0.023;0.115 ± 0.029;0.944 ± 0.007;0.989 ± 0.005;0.686 ± 0.025
GoodsAD/food_bottle;20;padim;5;0.562 ± 0.015;0.645 ± 0.022;0.137 ± 0.051;0.075 ± 0.040;0.880 ± 0.003;0.981 ± 0.009;0.646 ± 0.035
GoodsAD/food_bottle;20;patchcore;5;0.561 ± 0.014;0.632 ± 0.015;0.113 ± 0.020;0.044 ± 0.008;0.911 ± 0.003;0.972 ± 0.011;0.650 ± 0.015
GoodsAD/food_bottle;20;reverse_distillation;5;0.575 ± 0.049;0.657 ± 0.029;0.152 ± 0.027;0.087 ± 0.014;0.873 ± 0.053;0.937 ± 0.076;0.631 ± 0.139
GoodsAD/food_bottle;50;dinomaly;5;0.678 ± 0.008;0.752 ± 0.017;0.283 ± 0.037;0.178 ± 0.021;0.957 ± 0.002;0.993 ± 0.001;0.787 ± 0.007
GoodsAD/food_bottle;50;galad;5;0.595 ± 0.013;0.697 ± 0.011;0.232 ± 0.030;0.148 ± 0.032;0.932 ± 0.002;0.993 ± 0.001;0.675 ± 0.013
GoodsAD/food_bottle;50;padim;5;0.595 ± 0.015;0.664 ± 0.017;0.161 ± 0.048;0.081 ± 0.043;0.894 ± 0.007;0.977 ± 0.012;0.658 ± 0.039
GoodsAD/food_bottle;50;patchcore;5;0.607 ± 0.016;0.672 ± 0.014;0.160 ± 0.035;0.069 ± 0.021;0.928 ± 0.003;0.974 ± 0.004;0.683 ± 0.020
GoodsAD/food_bottle;50;reverse_distillation;5;0.611 ± 0.015;0.677 ± 0.014;0.162 ± 0.025;0.082 ± 0.025;0.900 ± 0.003;0.971 ± 0.004;0.707 ± 0.009
GoodsAD/food_box;2;galad;5;0.602 ± 0.014;0.712 ± 0.019;0.181 ± 0.026;0.112 ± 0.020;0.875 ± 0.034;0.981 ± 0.015;0.619 ± 0.050
GoodsAD/food_box;2;patchcore;5;0.550 ± 0.016;0.670 ± 0.021;0.140 ± 0.031;0.062 ± 0.033;0.816 ± 0.006;0.971 ± 0.005;0.506 ± 0.027
GoodsAD/food_box;2;reverse_distillation;5;0.545 ± 0.024;0.671 ± 0.021;0.126 ± 0.017;0.088 ± 0.029;0.824 ± 0.009;0.983 ± 0.004;0.593 ± 0.046
GoodsAD/food_box;5;dinomaly;5;0.551 ± 0.013;0.665 ± 0.007;0.105 ± 0.024;0.063 ± 0.013;0.881 ± 0.007;0.990 ± 0.003;0.649 ± 0.031
GoodsAD/food_box;5;galad;5;0.623 ± 0.014;0.718 ± 0.015;0.175 ± 0.024;0.088 ± 0.016;0.911 ± 0.010;0.997 ± 0.002;0.688 ± 0.033
GoodsAD/food_box;5;padim;5;0.509 ± 0.027;0.642 ± 0.021;0.115 ± 0.018;0.057 ± 0.023;0.801 ± 0.015;0.916 ± 0.037;0.506 ± 0.028
GoodsAD/food_box;5;patchcore;5;0.544 ± 0.017;0.665 ± 0.020;0.123 ± 0.043;0.073 ± 0.035;0.830 ± 0.008;0.967 ± 0.011;0.532 ± 0.024
GoodsAD/food_box;5;reverse_distillation;5;0.561 ± 0.015;0.684 ± 0.022;0.138 ± 0.045;0.080 ± 0.028;0.839 ± 0.005;0.986 ± 0.004;0.624 ± 0.015
GoodsAD/food_box;10;dinomaly;5;0.549 ± 0.022;0.670 ± 0.017;0.120 ± 0.018;0.070 ± 0.026;0.854 ± 0.016;0.991 ± 0.004;0.646 ± 0.026
GoodsAD/food_box;10;galad;5;0.607 ± 0.027;0.711 ± 0.014;0.169 ± 0.026;0.096 ± 0.018;0.906 ± 0.019;0.989 ± 0.014;0.666 ± 0.030
GoodsAD/food_box;10;padim;5;0.511 ± 0.018;0.641 ± 0.018;0.102 ± 0.020;0.050 ± 0.024;0.813 ± 0.012;0.931 ± 0.034;0.528 ± 0.032
GoodsAD/food_box;10;patchcore;5;0.547 ± 0.015;0.664 ± 0.010;0.115 ± 0.011;0.057 ± 0.023;0.840 ± 0.007;0.967 ± 0.007;0.538 ± 0.011
GoodsAD/food_box;10;reverse_distillation;5;0.565 ± 0.017;0.692 ± 0.015;0.143 ± 0.033;0.100 ± 0.035;0.844 ± 0.003;0.984 ± 0.005;0.626 ± 0.017
GoodsAD/food_box;20;dinomaly;5;0.572 ± 0.014;0.667 ± 0.015;0.104 ± 0.033;0.054 ± 0.029;0.900 ± 0.003;0.991 ± 0.001;0.678 ± 0.022
GoodsAD/food_box;20;galad;5;0.612 ± 0.007;0.710 ± 0.009;0.166 ± 0.039;0.097 ± 0.035;0.890 ± 0.012;0.995 ± 0.003;0.635 ± 0.020
GoodsAD/food_box;20;padim;5;0.533 ± 0.013;0.659 ± 0.013;0.130 ± 0.025;0.065 ± 0.043;0.826 ± 0.007;0.965 ± 0.015;0.567 ± 0.020
GoodsAD/food_box;20;patchcore;5;0.561 ± 0.013;0.675 ± 0.017;0.131 ± 0.039;0.076 ± 0.019;0.852 ± 0.007;0.967 ± 0.011;0.554 ± 0.019
GoodsAD/food_box;20;reverse_distillation;5;0.570 ± 0.017;0.695 ± 0.016;0.171 ± 0.036;0.097 ± 0.027;0.845 ± 0.003;0.979 ± 0.007;0.633 ± 0.011
GoodsAD/food_box;50;dinomaly;5;0.612 ± 0.024;0.695 ± 0.021;0.121 ± 0.017;0.057 ± 0.025;0.922 ± 0.003;0.988 ± 0.006;0.720 ± 0.033
GoodsAD/food_box;50;galad;5;0.602 ± 0.006;0.707 ± 0.009;0.184 ± 0.014;0.076 ± 0.032;0.881 ± 0.001;0.997 ± 0.001;0.623 ± 0.008
GoodsAD/food_box;50;padim;5;0.540 ± 0.029;0.664 ± 0.020;0.108 ± 0.026;0.061 ± 0.013;0.842 ± 0.003;0.956 ± 0.014;0.565 ± 0.014
GoodsAD/food_box;50;patchcore;5;0.575 ± 0.017;0.688 ± 0.016;0.148 ± 0.022;0.079 ± 0.039;0.884 ± 0.007;0.969 ± 0.016;0.616 ± 0.034
GoodsAD/food_box;50;reverse_distillation;5;0.590 ± 0.013;0.701 ± 0.013;0.151 ± 0.041;0.092 ± 0.017;0.857 ± 0.002;0.979 ± 0.007;0.649 ± 0.014
GoodsAD/food_package;2;galad;5;0.536 ± 0.012;0.515 ± 0.019;0.128 ± 0.023;0.059 ± 0.021;0.919 ± 0.016;0.933 ± 0.038;0.581 ± 0.051
GoodsAD/food_package;2;patchcore;5;0.520 ± 0.016;0.481 ± 0.008;0.098 ± 0.013;0.033 ± 0.007;0.868 ± 0.010;0.919 ± 0.023;0.463 ± 0.040
GoodsAD/food_package;2;reverse_distillation;5;0.543 ± 0.024;0.505 ± 0.014;0.112 ± 0.015;0.058 ± 0.018;0.890 ± 0.012;0.991 ± 0.004;0.641 ± 0.040
GoodsAD/food_package;5;dinomaly;5;0.509 ± 0.010;0.484 ± 0.010;0.090 ± 0.015;0.045 ± 0.009;0.914 ± 0.007;0.990 ± 0.004;0.626 ± 0.027
GoodsAD/food_package;5;galad;5;0.531 ± 0.012;0.515 ± 0.018;0.136 ± 0.040;0.066 ± 0.027;0.935 ± 0.005;0.966 ± 0.017;0.600 ± 0.034
GoodsAD/food_package;5;padim;5;0.510 ± 0.010;0.492 ± 0.012;0.105 ± 0.015;0.055 ± 0.015;0.848 ± 0.011;0.897 ± 0.033;0.479 ± 0.032
GoodsAD/food_package;5;patchcore;5;0.524 ± 0.013;0.485 ± 0.004;0.100 ± 0.021;0.039 ± 0.005;0.877 ± 0.004;0.932 ± 0.024;0.475 ± 0.027
GoodsAD/food_package;5;reverse_distillation;5;0.546 ± 0.010;0.511 ± 0.016;0.126 ± 0.026;0.051 ± 0.009;0.903 ± 0.006;0.991 ± 0.003;0.676 ± 0.013
GoodsAD/food_package;10;dinomaly;5;0.513 ± 0.010;0.478 ± 0.008;0.089 ± 0.014;0.039 ± 0.006;0.885 ± 0.014;0.981 ± 0.007;0.588 ± 0.033
GoodsAD/food_package;10;galad;5;0.538 ± 0.010;0.519 ± 0.021;0.137 ± 0.026;0.076 ± 0.030;0.937 ± 0.010;0.932 ± 0.032;0.601 ± 0.032
GoodsAD/food_package;10;padim;5;0.510 ± 0.004;0.492 ± 0.013;0.107 ± 0.018;0.060 ± 0.010;0.860 ± 0.006;0.932 ± 0.023;0.517 ± 0.023
GoodsAD/food_package;10;patchcore;5;0.526 ± 0.016;0.490 ± 0.012;0.099 ± 0.011;0.039 ± 0.010;0.884 ± 0.007;0.941 ± 0.007;0.513 ± 0.021
GoodsAD/food_package;10;reverse_distillation;5;0.549 ± 0.006;0.504 ± 0.007;0.107 ± 0.014;0.053 ± 0.013;0.902 ± 0.008;0.979 ± 0.011;0.662 ± 0.025
GoodsAD/food_package;20;dinomaly;5;0.536 ± 0.023;0.506 ± 0.021;0.104 ± 0.022;0.056 ± 0.013;0.930 ± 0.005;0.989 ± 0.004;0.679 ± 0.018
GoodsAD/food_package;20;galad;5;0.540 ± 0.011;0.521 ± 0.016;0.153 ± 0.037;0.074 ± 0.010;0.935 ± 0.008;0.924 ± 0.016;0.594 ± 0.018
GoodsAD/food_package;20;padim;5;0.517 ± 0.019;0.500 ± 0.019;0.116 ± 0.024;0.059 ± 0.013;0.872 ± 0.005;0.954 ± 0.018;0.536 ± 0.027
GoodsAD/food_package;20;patchcore;5;0.530 ± 0.009;0.491 ± 0.008;0.090 ± 0.024;0.039 ± 0.008;0.894 ± 0.002;0.958 ± 0.011;0.550 ± 0.011
GoodsAD/food_package;20;reverse_distillation;5;0.560 ± 0.013;0.519 ± 0.020;0.127 ± 0.027;0.063 ± 0.022;0.905 ± 0.003;0.975 ± 0.008;0.666 ± 0.018
GoodsAD/food_package;50;dinomaly;5;0.565 ± 0.016;0.524 ± 0.008;0.131 ± 0.023;0.056 ± 0.009;0.942 ± 0.003;0.991 ± 0.002;0.707 ± 0.008
GoodsAD/food_package;50;galad;5;0.540 ± 0.004;0.516 ± 0.009;0.144 ± 0.016;0.071 ± 0.019;0.938 ± 0.008;0.929 ± 0.015;0.606 ± 0.021
GoodsAD/food_package;50;padim;5;0.535 ± 0.019;0.513 ± 0.019;0.129 ± 0.027;0.053 ± 0.022;0.884 ± 0.004;0.960 ± 0.020;0.564 ± 0.052
GoodsAD/food_package;50;patchcore;5;0.542 ± 0.011;0.499 ± 0.009;0.111 ± 0.016;0.039 ± 0.004;0.909 ± 0.004;0.971 ± 0.009;0.581 ± 0.025
GoodsAD/food_package;50;reverse_distillation;5;0.569 ± 0.007;0.529 ± 0.004;0.130 ± 0.013;0.077 ± 0.022;0.907 ± 0.003;0.974 ± 0.004;0.669 ± 0.009
MPDD/bracket_black;2;patchcore;5;0.561 ± 0.128;0.661 ± 0.097;0.123 ± 0.073;0.081 ± 0.049;0.956 ± 0.013;0.991 ± 0.012;0.821 ± 0.049
MPDD/bracket_black;2;reverse_distillation;5;0.580 ± 0.114;0.673 ± 0.081;0.170 ± 0.080;0.081 ± 0.065;0.949 ± 0.030;0.985 ± 0.021;0.857 ± 0.062
MPDD/bracket_black;5;dinomaly;5;0.658 ± 0.062;0.754 ± 0.065;0.319 ± 0.100;0.196 ± 0.150;0.974 ± 0.008;0.999 ± 0.000;0.901 ± 0.025
MPDD/bracket_black;5;padim;5;0.471 ± 0.041;0.580 ± 0.029;0.094 ± 0.024;0.021 ± 0.021;0.937 ± 0.015;1.000;0.754 ± 0.081
MPDD/bracket_black;5;patchcore;5;0.546 ± 0.077;0.646 ± 0.063;0.102 ± 0.046;0.064 ± 0.040;0.959 ± 0.007;0.998 ± 0.003;0.803 ± 0.065
MPDD/bracket_black;5;reverse_distillation;5;0.547 ± 0.072;0.643 ± 0.060;0.132 ± 0.073;0.068 ± 0.055;0.946 ± 0.014;0.994 ± 0.006;0.807 ± 0.035
MPDD/bracket_black;10;dinomaly;5;0.698 ± 0.066;0.789 ± 0.056;0.379 ± 0.087;0.221 ± 0.098;0.977 ± 0.006;0.999 ± 0.000;0.919 ± 0.028
MPDD/bracket_black;10;padim;5;0.537 ± 0.063;0.637 ± 0.052;0.123 ± 0.046;0.047 ± 0.046;0.937 ± 0.017;1.000;0.766 ± 0.058
MPDD/bracket_black;10;patchcore;5;0.636 ± 0.068;0.724 ± 0.053;0.234 ± 0.110;0.136 ± 0.093;0.965 ± 0.006;0.999 ± 0.000;0.852 ± 0.046
MPDD/bracket_black;10;reverse_distillation;5;0.553 ± 0.067;0.666 ± 0.059;0.153 ± 0.079;0.128 ± 0.060;0.953 ± 0.009;0.997 ± 0.004;0.840 ± 0.029
MPDD/bracket_black;20;dinomaly;5;0.739 ± 0.054;0.815 ± 0.050;0.409 ± 0.189;0.298 ± 0.136;0.980 ± 0.005;1.000 ± 0.000;0.925 ± 0.024
MPDD/bracket_black;20;padim;5;0.538 ± 0.058;0.631 ± 0.047;0.123 ± 0.046;0.051 ± 0.047;0.940 ± 0.014;1.000;0.781 ± 0.052
MPDD/bracket_black;20;patchcore;5;0.662 ± 0.061;0.731 ± 0.054;0.302 ± 0.157;0.162 ± 0.186;0.968 ± 0.010;0.998 ± 0.004;0.887 ± 0.024
MPDD/bracket_black;20;reverse_distillation;5;0.554 ± 0.078;0.645 ± 0.072;0.128 ± 0.092;0.072 ± 0.053;0.955 ± 0.012;0.997 ± 0.005;0.884 ± 0.021
MPDD/bracket_black;50;dinomaly;5;0.789 ± 0.022;0.861 ± 0.028;0.540 ± 0.093;0.396 ± 0.172;0.987 ± 0.001;1.000 ± 0.000;0.936 ± 0.020
MPDD/bracket_black;50;padim;5;0.564 ± 0.029;0.678 ± 0.030;0.238 ± 0.120;0.111 ± 0.071;0.947 ± 0.009;1.000 ± 0.000;0.815 ± 0.044
MPDD/bracket_black;50;patchcore;5;0.715 ± 0.033;0.829 ± 0.020;0.519 ± 0.032;0.434 ± 0.075;0.974 ± 0.004;1.000 ± 0.000;0.880 ± 0.018
MPDD/bracket_black;50;reverse_distillation;5;0.667 ± 0.086;0.726 ± 0.074;0.221 ± 0.133;0.106 ± 0.097;0.962 ± 0.006;0.997 ± 0.002;0.864 ± 0.039
MPDD/bracket_brown;2;patchcore;5;0.650 ± 0.062;0.764 ± 0.035;0.173 ± 0.064;0.126 ± 0.053;0.932 ± 0.011;0.989 ± 0.007;0.839 ± 0.030
MPDD/bracket_brown;2;reverse_distillation;5;0.538 ± 0.097;0.674 ± 0.054;0.063 ± 0.047;0.039 ± 0.031;0.951 ± 0.004;0.996 ± 0.002;0.881 ± 0.016
MPDD/bracket_brown;5;dinomaly;5;0.642 ± 0.067;0.752 ± 0.046;0.137 ± 0.057;0.098 ± 0.075;0.954 ± 0.003;0.999 ± 0.001;0.874 ± 0.032
MPDD/bracket_brown;5;padim;5;0.516 ± 0.129;0.691 ± 0.075;0.133 ± 0.067;0.106 ± 0.058;0.950 ± 0.006;0.998 ± 0.001;0.830 ± 0.037
MPDD/bracket_brown;5;patchcore;5;0.763 ± 0.078;0.844 ± 0.049;0.380 ± 0.155;0.298 ± 0.211;0.937 ± 0.011;0.991 ± 0.004;0.857 ± 0.014
MPDD/bracket_brown;5;reverse_distillation;5;0.633 ± 0.107;0.749 ± 0.092;0.165 ± 0.148;0.157 ± 0.153;0.952 ± 0.004;0.997 ± 0.001;0.861 ± 0.029
MPDD/bracket_brown;10;dinomaly;5;0.683 ± 0.078;0.786 ± 0.070;0.224 ± 0.146;0.180 ± 0.143;0.960 ± 0.006;0.999 ± 0.001;0.863 ± 0.044
MPDD/bracket_brown;10;padim;5;0.531 ± 0.097;0.694 ± 0.075;0.137 ± 0.084;0.125 ± 0.093;0.952 ± 0.005;0.997 ± 0.002;0.801 ± 0.059
MPDD/bracket_brown;10;patchcore;5;0.813 ± 0.045;0.877 ± 0.037;0.388 ± 0.123;0.306 ± 0.147;0.932 ± 0.006;0.992 ± 0.003;0.838 ± 0.030
MPDD/bracket_brown;10;reverse_distillation;5;0.629 ± 0.028;0.735 ± 0.029;0.090 ± 0.075;0.071 ± 0.066;0.948 ± 0.005;0.998 ± 0.002;0.892 ± 0.024
MPDD/bracket_brown;20;dinomaly;5;0.700 ± 0.074;0.804 ± 0.059;0.271 ± 0.201;0.188 ± 0.140;0.963 ± 0.004;0.999 ± 0.001;0.861 ± 0.038
MPDD/bracket_brown;20;padim;5;0.551 ± 0.117;0.708 ± 0.078;0.145 ± 0.138;0.082 ± 0.035;0.953 ± 0.008;0.997 ± 0.002;0.810 ± 0.064
MPDD/bracket_brown;20;patchcore;5;0.863 ± 0.049;0.931 ± 0.021;0.667 ± 0.120;0.596 ± 0.129;0.929 ± 0.004;0.991 ± 0.003;0.837 ± 0.037
MPDD/bracket_brown;20;reverse_distillation;5;0.655 ± 0.024;0.765 ± 0.021;0.129 ± 0.036;0.114 ± 0.038;0.941 ± 0.011;0.997 ± 0.002;0.889 ± 0.030
MPDD/bracket_brown;50;dinomaly;5;0.729 ± 0.043;0.849 ± 0.048;0.416 ± 0.135;0.365 ± 0.186;0.964 ± 0.002;0.999 ± 0.001;0.862 ± 0.034
MPDD/bracket_brown;50;padim;5;0.598 ± 0.133;0.734 ± 0.086;0.141 ± 0.073;0.126 ± 0.066;0.942 ± 0.015;0.993 ± 0.002;0.803 ± 0.094
MPDD/bracket_brown;50;patchcore;5;0.847 ± 0.062;0.938 ± 0.029;0.745 ± 0.147;0.725 ± 0.159;0.923 ± 0.006;0.992 ± 0.001;0.808 ± 0.022
MPDD/bracket_brown;50;reverse_distillation;5;0.804 ± 0.023;0.859 ± 0.034;0.282 ± 0.172;0.227 ± 0.155;0.927 ± 0.009;0.994 ± 0.001;0.903 ± 0.041
MPDD/bracket_white;2;patchcore;5;0.510 ± 0.179;0.513 ± 0.120;0.140 ± 0.179;0.013 ± 0.030;0.961 ± 0.004;0.991 ± 0.013;0.722 ± 0.061
MPDD/bracket_white;2;reverse_distillation;5;0.512 ± 0.095;0.516 ± 0.059;0.133 ± 0.085;0.007 ± 0.015;0.973 ± 0.003;0.967 ± 0.038;0.732 ± 0.016
MPDD/bracket_white;5;dinomaly;5;0.578 ± 0.116;0.600 ± 0.103;0.167 ± 0.153;0.107 ± 0.101;0.982 ± 0.008;0.969 ± 0.015;0.872 ± 0.035
MPDD/bracket_white;5;padim;5;0.503 ± 0.183;0.516 ± 0.126;0.140 ± 0.130;0.033 ± 0.047;0.838 ± 0.042;0.645 ± 0.190;0.281 ± 0.051
MPDD/bracket_white;5;patchcore;5;0.501 ± 0.112;0.482 ± 0.060;0.020 ± 0.030;0.000;0.959 ± 0.007;0.972 ± 0.035;0.698 ± 0.102
MPDD/bracket_white;5;reverse_distillation;5;0.577 ± 0.139;0.575 ± 0.129;0.153 ± 0.126;0.060 ± 0.072;0.974 ± 0.003;0.954 ± 0.031;0.760 ± 0.058
MPDD/bracket_white;10;dinomaly;5;0.595 ± 0.100;0.640 ± 0.085;0.260 ± 0.142;0.147 ± 0.069;0.986 ± 0.004;0.960 ± 0.012;0.849 ± 0.043
MPDD/bracket_white;10;padim;5;0.514 ± 0.151;0.532 ± 0.124;0.173 ± 0.233;0.040 ± 0.055;0.852 ± 0.024;0.664 ± 0.240;0.311 ± 0.069
MPDD/bracket_white;10;patchcore;5;0.526 ± 0.030;0.503 ± 0.020;0.013 ± 0.018;0.007 ± 0.015;0.957 ± 0.005;0.964 ± 0.025;0.662 ± 0.064
MPDD/bracket_white;10;reverse_distillation;5;0.522 ± 0.062;0.542 ± 0.062;0.153 ± 0.090;0.060 ± 0.068;0.972 ± 0.008;0.953 ± 0.021;0.763 ± 0.062
MPDD/bracket_white;20;dinomaly;5;0.657 ± 0.096;0.730 ± 0.070;0.440 ± 0.089;0.340 ± 0.148;0.986 ± 0.005;0.962 ± 0.019;0.851 ± 0.056
MPDD/bracket_white;20;padim;5;0.552 ± 0.117;0.551 ± 0.118;0.120 ± 0.154;0.060 ± 0.072;0.858 ± 0.034;0.673 ± 0.232;0.336 ± 0.057
MPDD/bracket_white;20;patchcore;5;0.656 ± 0.081;0.714 ± 0.092;0.413 ± 0.112;0.307 ± 0.185;0.959 ± 0.004;0.977 ± 0.022;0.694 ± 0.030
MPDD/bracket_white;20;reverse_distillation;5;0.586 ± 0.047;0.606 ± 0.053;0.200 ± 0.062;0.113 ± 0.061;0.958 ± 0.010;0.942 ± 0.020;0.736 ± 0.055
MPDD/bracket_white;50;dinomaly;5;0.679 ± 0.034;0.752 ± 0.027;0.407 ± 0.037;0.347 ± 0.051;0.984 ± 0.003;0.960 ± 0.013;0.854 ± 0.026
MPDD/bracket_white;50;padim;5;0.562 ± 0.098;0.562 ± 0.100;0.153 ± 0.150;0.133 ± 0.133;0.828 ± 0.047;0.530 ± 0.174;0.273 ± 0.060
MPDD/bracket_white;50;patchcore;5;0.746 ± 0.022;0.801 ± 0.014;0.507 ± 0.064;0.473 ± 0.068;0.961 ± 0.003;0.975 ± 0.011;0.716 ± 0.036
MPDD/bracket_white;50;reverse_distillation;5;0.761 ± 0.045;0.733 ± 0.069;0.347 ± 0.195;0.207 ± 0.183;0.963 ± 0.003;0.955 ± 0.017;0.734 ± 0.023
MPDD/connector;2;patchcore;5;0.803 ± 0.087;0.583 ± 0.113;0.314 ± 0.301;0.186 ± 0.186;0.961 ± 0.006;0.994 ± 0.004;0.839 ± 0.042
MPDD/connector;2;reverse_distillation;5;0.630 ± 0.121;0.437 ± 0.092;0.171 ± 0.164;0.043 ± 0.096;0.955 ± 0.006;0.989 ± 0.005;0.812 ± 0.017
MPDD/connector;5;dinomaly;5;0.985 ± 0.014;0.968 ± 0.030;0.986 ± 0.032;0.871 ± 0.117;0.975 ± 0.004;0.996 ± 0.002;0.867 ± 0.043
MPDD/connector;5;padim;5;0.506 ± 0.089;0.348 ± 0.060;0.071 ± 0.101;0.029 ± 0.039;0.953 ± 0.010;0.998 ± 0.002;0.797 ± 0.048
MPDD/connector;5;patchcore;5;0.925 ± 0.085;0.836 ± 0.186;0.757 ± 0.352;0.614 ± 0.330;0.963 ± 0.004;0.993 ± 0.006;0.876 ± 0.032
MPDD/connector;5;reverse_distillation;5;0.833 ± 0.030;0.731 ± 0.073;0.543 ± 0.108;0.457 ± 0.164;0.969 ± 0.002;0.995 ± 0.003;0.852 ± 0.040
MPDD/connector;10;dinomaly;5;0.989 ± 0.015;0.971 ± 0.039;1.000;0.886 ± 0.164;0.973 ± 0.005;0.995 ± 0.002;0.889 ± 0.041
MPDD/connector;10;padim;5;0.637 ± 0.069;0.412 ± 0.055;0.071 ± 0.051;0.043 ± 0.039;0.962 ± 0.005;0.998 ± 0.001;0.828 ± 0.049
MPDD/connector;10;patchcore;5;0.933 ± 0.108;0.857 ± 0.196;0.814 ± 0.377;0.743 ± 0.383;0.968 ± 0.005;0.996 ± 0.003;0.905 ± 0.044
MPDD/connector;10;reverse_distillation;5;0.900 ± 0.045;0.807 ± 0.116;0.771 ± 0.117;0.471 ± 0.306;0.972 ± 0.002;0.995 ± 0.001;0.859 ± 0.050
MPDD/connector;20;dinomaly;5;1.000;1.000;1.000;1.000;0.973 ± 0.002;0.996 ± 0.001;0.896 ± 0.049
MPDD/connector;20;padim;5;0.750 ± 0.052;0.500 ± 0.060;0.157 ± 0.137;0.057 ± 0.032;0.969 ± 0.004;0.998 ± 0.001;0.812 ± 0.066
MPDD/connector;20;patchcore;5;0.995 ± 0.009;0.987 ± 0.027;1.000;1.000;0.972 ± 0.003;0.999 ± 0.001;0.883 ± 0.033
MPDD/connector;20;reverse_distillation;5;0.935 ± 0.022;0.867 ± 0.059;0.857 ± 0.087;0.700 ± 0.163;0.975 ± 0.002;0.995 ± 0.002;0.874 ± 0.024
MPDD/connector;50;dinomaly;5;1.000;1.000;1.000;1.000;0.966 ± 0.004;0.993 ± 0.003;0.876 ± 0.024
MPDD/connector;50;padim;5;0.820 ± 0.035;0.599 ± 0.047;0.257 ± 0.193;0.157 ± 0.128;0.971 ± 0.009;0.992 ± 0.009;0.812 ± 0.085
MPDD/connector;50;patchcore;5;0.999 ± 0.002;0.997 ± 0.004;1.000;1.000;0.972 ± 0.002;0.999 ± 0.001;0.918 ± 0.031
MPDD/connector;50;reverse_distillation;5;0.985 ± 0.007;0.970 ± 0.014;0.971 ± 0.039;0.914 ± 0.060;0.975 ± 0.003;0.994 ± 0.002;0.895 ± 0.038
MPDD/metal_plate;2;patchcore;5;0.688 ± 0.065;0.824 ± 0.044;0.206 ± 0.142;0.147 ± 0.096;0.892 ± 0.009;0.910 ± 0.015;0.730 ± 0.022
MPDD/metal_plate;2;reverse_distillation;5;0.576 ± 0.170;0.793 ± 0.090;0.200 ± 0.115;0.135 ± 0.108;0.928 ± 0.014;0.978 ± 0.009;0.836 ± 0.023
MPDD/metal_plate;5;dinomaly;5;1.000;1.000;1.000;1.000;0.986 ± 0.002;0.983 ± 0.003;0.909 ± 0.024
MPDD/metal_plate;5;padim;5;0.354 ± 0.100;0.654 ± 0.048;0.031 ± 0.012;0.014 ± 0.014;0.809 ± 0.083;0.856 ± 0.115;0.528 ± 0.075
MPDD/metal_plate;5;patchcore;5;0.827 ± 0.019;0.906 ± 0.024;0.349 ± 0.137;0.265 ± 0.090;0.890 ± 0.008;0.909 ± 0.015;0.716 ± 0.031
MPDD/metal_plate;5;reverse_distillation;5;0.862 ± 0.043;0.944 ± 0.019;0.600 ± 0.072;0.513 ± 0.112;0.944 ± 0.011;0.980 ± 0.005;0.853 ± 0.036
MPDD/metal_plate;10;dinomaly;5;1.000;1.000;1.000;1.000;0.988 ± 0.001;0.984 ± 0.001;0.900 ± 0.027
MPDD/metal_plate;10;padim;5;0.385 ± 0.066;0.683 ± 0.040;0.068 ± 0.068;0.017 ± 0.015;0.818 ± 0.092;0.857 ± 0.124;0.544 ± 0.091
MPDD/metal_plate;10;patchcore;5;0.894 ± 0.031;0.949 ± 0.014;0.563 ± 0.110;0.515 ± 0.076;0.884 ± 0.012;0.908 ± 0.015;0.714 ± 0.016
MPDD/metal_plate;10;reverse_distillation;5;0.842 ± 0.160;0.932 ± 0.072;0.577 ± 0.239;0.541 ± 0.224;0.957 ± 0.012;0.989 ± 0.006;0.859 ± 0.024
MPDD/metal_plate;20;dinomaly;5;1.000;1.000;1.000;1.000;0.989 ± 0.001;0.984 ± 0.000;0.916 ± 0.038
MPDD/metal_plate;20;padim;5;0.445 ± 0.050;0.726 ± 0.032;0.138 ± 0.044;0.045 ± 0.031;0.794 ± 0.126;0.821 ± 0.165;0.556 ± 0.146
MPDD/metal_plate;20;patchcore;5;0.949 ± 0.016;0.977 ± 0.011;0.794 ± 0.139;0.623 ± 0.153;0.872 ± 0.013;0.904 ± 0.010;0.689 ± 0.017
MPDD/metal_plate;20;reverse_distillation;5;0.899 ± 0.059;0.957 ± 0.025;0.586 ± 0.131;0.546 ± 0.141;0.943 ± 0.015;0.981 ± 0.008;0.868 ± 0.034
MPDD/metal_plate;50;dinomaly;5;1.000;1.000;1.000;1.000;0.989 ± 0.001;0.983 ± 0.001;0.921 ± 0.030
MPDD/metal_plate;50;padim;5;0.506 ± 0.040;0.784 ± 0.036;0.211 ± 0.101;0.155 ± 0.064;0.667 ± 0.195;0.648 ± 0.242;0.418 ± 0.146
MPDD/metal_plate;50;patchcore;5;0.984 ± 0.006;0.994 ± 0.002;0.913 ± 0.044;0.887 ± 0.050;0.862 ± 0.004;0.900 ± 0.007;0.686 ± 0.010
MPDD/metal_plate;50;reverse_distillation;5;0.980 ± 0.011;0.992 ± 0.006;0.938 ± 0.042;0.856 ± 0.049;0.939 ± 0.015;0.979 ± 0.006;0.841 ± 0.033
MPDD/tubes;2;patchcore;5;0.905 ± 0.035;0.960 ± 0.014;0.783 ± 0.085;0.710 ± 0.061;0.986 ± 0.002;1.000 ± 0.000;0.926 ± 0.020
MPDD/tubes;2;reverse_distillation;5;0.785 ± 0.044;0.878 ± 0.025;0.452 ± 0.080;0.243 ± 0.121;0.979 ± 0.002;1.000;0.898 ± 0.015
MPDD/tubes;5;dinomaly;5;0.923 ± 0.016;0.972 ± 0.005;0.878 ± 0.008;0.864 ± 0.008;0.990 ± 0.000;0.998 ± 0.001;0.906 ± 0.014
MPDD/tubes;5;padim;5;0.562 ± 0.043;0.773 ± 0.014;0.258 ± 0.012;0.194 ± 0.024;0.926 ± 0.007;1.000;0.749 ± 0.030
MPDD/tubes;5;patchcore;5;0.953 ± 0.015;0.980 ± 0.006;0.884 ± 0.038;0.820 ± 0.057;0.989 ± 0.002;1.000 ± 0.000;0.931 ± 0.013
MPDD/tubes;5;reverse_distillation;5;0.869 ± 0.042;0.942 ± 0.020;0.728 ± 0.071;0.600 ± 0.148;0.984 ± 0.002;1.000;0.915 ± 0.014
MPDD/tubes;10;dinomaly;5;0.922 ± 0.016;0.972 ± 0.005;0.881 ± 0.016;0.841 ± 0.029;0.990 ± 0.001;0.998 ± 0.001;0.894 ± 0.031
MPDD/tubes;10;padim;5;0.533 ± 0.076;0.745 ± 0.034;0.203 ± 0.049;0.159 ± 0.032;0.932 ± 0.007;1.000;0.762 ± 0.030
MPDD/tubes;10;patchcore;5;0.960 ± 0.013;0.984 ± 0.005;0.910 ± 0.035;0.864 ± 0.048;0.989 ± 0.001;1.000 ± 0.000;0.932 ± 0.012
MPDD/tubes;10;reverse_distillation;5;0.896 ± 0.013;0.959 ± 0.007;0.809 ± 0.056;0.730 ± 0.091;0.985 ± 0.001;1.000;0.925 ± 0.016
MPDD/tubes;20;dinomaly;5;0.929 ± 0.013;0.975 ± 0.005;0.896 ± 0.021;0.887 ± 0.024;0.992 ± 0.001;0.999 ± 0.001;0.893 ± 0.021
MPDD/tubes;20;padim;5;0.510 ± 0.123;0.725 ± 0.070;0.185 ± 0.102;0.122 ± 0.033;0.940 ± 0.008;1.000;0.794 ± 0.029
MPDD/tubes;20;patchcore;5;0.969 ± 0.002;0.988 ± 0.001;0.928 ± 0.018;0.896 ± 0.021;0.990 ± 0.001;1.000 ± 0.000;0.941 ± 0.014
MPDD/tubes;20;reverse_distillation;5;0.915 ± 0.019;0.968 ± 0.007;0.855 ± 0.023;0.791 ± 0.055;0.987 ± 0.000;1.000 ± 0.000;0.917 ± 0.014
MPDD/tubes;50;dinomaly;5;0.937 ± 0.004;0.978 ± 0.001;0.910 ± 0.006;0.904 ± 0.013;0.993 ± 0.000;0.998 ± 0.000;0.900 ± 0.017
MPDD/tubes;50;padim;5;0.577 ± 0.105;0.755 ± 0.061;0.220 ± 0.142;0.119 ± 0.092;0.945 ± 0.006;1.000 ± 0.000;0.815 ± 0.018
MPDD/tubes;50;patchcore;5;0.980 ± 0.005;0.992 ± 0.002;0.954 ± 0.012;0.936 ± 0.039;0.992 ± 0.000;1.000;0.953 ± 0.010
MPDD/tubes;50;reverse_distillation;5;0.926 ± 0.011;0.971 ± 0.003;0.864 ± 0.013;0.806 ± 0.026;0.990 ± 0.001;1.000 ± 0.000;0.944 ± 0.009
VAD;2;patchcore;5;0.763 ± 0.018;0.781 ± 0.018;0.443 ± 0.045;0.350 ± 0.047;0.913 ± 0.010;0.930 ± 0.010;0.751 ± 0.047
VAD;2;reverse_distillation;5;0.631 ± 0.078;0.617 ± 0.074;0.212 ± 0.100;0.116 ± 0.054;0.879 ± 0.018;0.900 ± 0.060;0.724 ± 0.090
VAD;5;dinomaly;5;0.580 ± 0.022;0.559 ± 0.014;0.153 ± 0.012;0.080 ± 0.013;0.854 ± 0.006;0.882 ± 0.010;0.613 ± 0.025
VAD;5;padim;5;0.653 ± 0.039;0.635 ± 0.042;0.240 ± 0.050;0.139 ± 0.028;0.908 ± 0.007;0.872 ± 0.024;0.656 ± 0.050
VAD;5;patchcore;5;0.799 ± 0.007;0.813 ± 0.005;0.516 ± 0.019;0.386 ± 0.016;0.931 ± 0.002;0.955 ± 0.004;0.842 ± 0.019
VAD;5;reverse_distillation;5;0.741 ± 0.014;0.733 ± 0.017;0.375 ± 0.034;0.231 ± 0.034;0.906 ± 0.004;0.941 ± 0.004;0.803 ± 0.020
VAD;10;dinomaly;5;0.593 ± 0.021;0.574 ± 0.017;0.178 ± 0.019;0.072 ± 0.005;0.808 ± 0.016;0.881 ± 0.021;0.622 ± 0.030
VAD;10;padim;5;0.689 ± 0.018;0.670 ± 0.019;0.283 ± 0.030;0.166 ± 0.017;0.919 ± 0.005;0.890 ± 0.022;0.691 ± 0.039
VAD;10;patchcore;5;0.822 ± 0.008;0.837 ± 0.006;0.561 ± 0.018;0.439 ± 0.011;0.931 ± 0.004;0.957 ± 0.004;0.788 ± 0.034
VAD;10;reverse_distillation;5;0.756 ± 0.019;0.749 ± 0.030;0.389 ± 0.059;0.256 ± 0.048;0.902 ± 0.008;0.942 ± 0.003;0.814 ± 0.015
VAD;20;dinomaly;5;0.552 ± 0.025;0.536 ± 0.018;0.135 ± 0.016;0.069 ± 0.007;0.854 ± 0.006;0.892 ± 0.012;0.621 ± 0.046
VAD;20;padim;5;0.704 ± 0.017;0.688 ± 0.022;0.311 ± 0.028;0.189 ± 0.037;0.923 ± 0.006;0.899 ± 0.018;0.721 ± 0.048
VAD;20;patchcore;5;0.837 ± 0.004;0.852 ± 0.006;0.605 ± 0.022;0.479 ± 0.022;0.937 ± 0.004;0.965 ± 0.004;0.824 ± 0.052
VAD;20;reverse_distillation;5;0.771 ± 0.012;0.758 ± 0.022;0.420 ± 0.023;0.266 ± 0.034;0.899 ± 0.004;0.947 ± 0.005;0.812 ± 0.039
VAD;50;dinomaly;5;0.553 ± 0.006;0.536 ± 0.003;0.134 ± 0.008;0.069 ± 0.003;0.855 ± 0.004;0.893 ± 0.012;0.620 ± 0.040
VAD;50;padim;5;0.673 ± 0.042;0.662 ± 0.041;0.283 ± 0.046;0.180 ± 0.017;0.928 ± 0.006;0.891 ± 0.020;0.658 ± 0.055
VAD;50;patchcore;5;0.853 ± 0.005;0.869 ± 0.004;0.639 ± 0.010;0.531 ± 0.013;0.942 ± 0.003;0.969 ± 0.002;0.837 ± 0.040
VAD;50;reverse_distillation;5;0.781 ± 0.006;0.768 ± 0.021;0.465 ± 0.018;0.299 ± 0.043;0.898 ± 0.002;0.947 ± 0.002;0.811 ± 0.028
VisA/candle;2;galad;5;0.809 ± 0.169;0.825 ± 0.152;0.576 ± 0.267;0.502 ± 0.250;0.982 ± 0.024;0.986 ± 0.004;0.842 ± 0.064
VisA/candle;2;patchcore;5;0.795 ± 0.017;0.806 ± 0.018;0.518 ± 0.040;0.432 ± 0.053;0.932 ± 0.007;0.973 ± 0.008;0.860 ± 0.037
VisA/candle;2;reverse_distillation;5;0.718 ± 0.022;0.690 ± 0.027;0.286 ± 0.038;0.180 ± 0.056;0.933 ± 0.004;0.978 ± 0.005;0.851 ± 0.022
VisA/candle;5;dinomaly;5;0.809 ± 0.037;0.820 ± 0.035;0.544 ± 0.075;0.356 ± 0.091;0.960 ± 0.004;0.955 ± 0.006;0.845 ± 0.020
VisA/candle;5;galad;5;0.937 ± 0.008;0.915 ± 0.009;0.842 ± 0.029;0.742 ± 0.036;0.996 ± 0.000;0.996 ± 0.001;0.890 ± 0.061
VisA/candle;5;padim;5;0.462 ± 0.065;0.466 ± 0.049;0.044 ± 0.035;0.010 ± 0.017;0.665 ± 0.049;0.759 ± 0.091;0.333 ± 0.119
VisA/candle;5;patchcore;5;0.775 ± 0.010;0.791 ± 0.011;0.464 ± 0.027;0.390 ± 0.038;0.925 ± 0.003;0.963 ± 0.007;0.827 ± 0.027
VisA/candle;5;reverse_distillation;5;0.700 ± 0.003;0.684 ± 0.007;0.240 ± 0.045;0.148 ± 0.026;0.928 ± 0.004;0.973 ± 0.003;0.824 ± 0.017
VisA/candle;10;dinomaly;5;0.855 ± 0.075;0.871 ± 0.071;0.636 ± 0.162;0.526 ± 0.136;0.965 ± 0.019;0.970 ± 0.018;0.875 ± 0.031
VisA/candle;10;galad;5;0.942 ± 0.013;0.911 ± 0.013;0.844 ± 0.065;0.726 ± 0.070;0.996 ± 0.000;0.997 ± 0.000;0.875 ± 0.033
VisA/candle;10;padim;5;0.460 ± 0.062;0.466 ± 0.048;0.044 ± 0.030;0.014 ± 0.026;0.669 ± 0.054;0.755 ± 0.099;0.304 ± 0.100
VisA/candle;10;patchcore;5;0.766 ± 0.018;0.787 ± 0.016;0.474 ± 0.055;0.378 ± 0.029;0.923 ± 0.005;0.960 ± 0.011;0.796 ± 0.046
VisA/candle;10;reverse_distillation;5;0.677 ± 0.016;0.676 ± 0.014;0.224 ± 0.017;0.158 ± 0.024;0.933 ± 0.004;0.975 ± 0.006;0.849 ± 0.040
VisA/candle;20;dinomaly;5;0.794 ± 0.208;0.810 ± 0.194;0.598 ± 0.297;0.466 ± 0.240;0.872 ± 0.241;0.812 ± 0.388;0.736 ± 0.394
VisA/candle;20;galad;5;0.946 ± 0.007;0.899 ± 0.015;0.876 ± 0.040;0.738 ± 0.032;0.995 ± 0.000;0.997 ± 0.001;0.946 ± 0.039
VisA/candle;20;padim;5;0.447 ± 0.050;0.457 ± 0.039;0.038 ± 0.026;0.008 ± 0.018;0.665 ± 0.055;0.740 ± 0.114;0.282 ± 0.105
VisA/candle;20;patchcore;5;0.775 ± 0.013;0.798 ± 0.016;0.478 ± 0.044;0.354 ± 0.011;0.924 ± 0.004;0.959 ± 0.012;0.797 ± 0.038
VisA/candle;20;reverse_distillation;5;0.624 ± 0.025;0.617 ± 0.027;0.192 ± 0.044;0.112 ± 0.037;0.925 ± 0.003;0.972 ± 0.005;0.842 ± 0.019
VisA/candle;50;dinomaly;5;0.792 ± 0.106;0.810 ± 0.100;0.576 ± 0.185;0.362 ± 0.135;0.961 ± 0.026;0.951 ± 0.038;0.838 ± 0.097
VisA/candle;50;galad;5;0.940 ± 0.003;0.888 ± 0.007;0.854 ± 0.029;0.712 ± 0.024;0.995 ± 0.000;0.997 ± 0.000;0.900 ± 0.030
VisA/candle;50;padim;5;0.424 ± 0.022;0.440 ± 0.014;0.030 ± 0.024;0.004 ± 0.005;0.647 ± 0.050;0.664 ± 0.151;0.240 ± 0.115
VisA/candle;50;patchcore;5;0.763 ± 0.014;0.793 ± 0.021;0.466 ± 0.080;0.364 ± 0.048;0.921 ± 0.004;0.954 ± 0.009;0.785 ± 0.027
VisA/candle;50;reverse_distillation;5;0.569 ± 0.015;0.577 ± 0.012;0.160 ± 0.020;0.096 ± 0.033;0.916 ± 0.003;0.969 ± 0.003;0.788 ± 0.039
VisA/capsules;2;galad;5;0.814 ± 0.103;0.878 ± 0.054;0.632 ± 0.149;0.556 ± 0.111;0.995 ± 0.001;0.995 ± 0.000;0.908 ± 0.058
VisA/capsules;2;patchcore;5;0.739 ± 0.058;0.845 ± 0.032;0.490 ± 0.060;0.412 ± 0.090;0.975 ± 0.003;0.962 ± 0.008;0.781 ± 0.056
VisA/capsules;2;reverse_distillation;5;0.628 ± 0.043;0.747 ± 0.030;0.252 ± 0.072;0.182 ± 0.062;0.970 ± 0.006;0.995 ± 0.003;0.835 ± 0.020
VisA/capsules;5;dinomaly;5;0.932 ± 0.020;0.960 ± 0.010;0.834 ± 0.036;0.748 ± 0.083;0.985 ± 0.002;0.998 ± 0.000;0.879 ± 0.051
VisA/capsules;5;galad;5;0.857 ± 0.060;0.902 ± 0.037;0.702 ± 0.129;0.580 ± 0.076;0.994 ± 0.002;0.996 ± 0.002;0.913 ± 0.072
VisA/capsules;5;padim;5;0.511 ± 0.049;0.640 ± 0.044;0.120 ± 0.063;0.074 ± 0.039;0.863 ± 0.025;0.777 ± 0.083;0.417 ± 0.077
VisA/capsules;5;patchcore;5;0.761 ± 0.037;0.861 ± 0.021;0.544 ± 0.063;0.456 ± 0.063;0.983 ± 0.001;0.978 ± 0.006;0.834 ± 0.041
VisA/capsules;5;reverse_distillation;5;0.792 ± 0.032;0.874 ± 0.011;0.586 ± 0.038;0.492 ± 0.036;0.982 ± 0.002;0.999 ± 0.001;0.900 ± 0.021
VisA/capsules;10;dinomaly;5;0.934 ± 0.021;0.962 ± 0.009;0.842 ± 0.049;0.730 ± 0.043;0.972 ± 0.006;0.994 ± 0.004;0.903 ± 0.040
VisA/capsules;10;galad;5;0.897 ± 0.038;0.932 ± 0.019;0.758 ± 0.066;0.686 ± 0.022;0.991 ± 0.002;0.995 ± 0.000;0.826 ± 0.074
VisA/capsules;10;padim;5;0.514 ± 0.059;0.649 ± 0.050;0.144 ± 0.094;0.100 ± 0.070;0.880 ± 0.020;0.845 ± 0.057;0.479 ± 0.058
VisA/capsules;10;patchcore;5;0.808 ± 0.015;0.890 ± 0.009;0.604 ± 0.023;0.554 ± 0.030;0.987 ± 0.001;0.985 ± 0.004;0.833 ± 0.048
VisA/capsules;10;reverse_distillation;5;0.880 ± 0.027;0.922 ± 0.014;0.674 ± 0.058;0.606 ± 0.038;0.987 ± 0.001;0.999 ± 0.001;0.892 ± 0.021
VisA/capsules;20;dinomaly;5;0.938 ± 0.023;0.963 ± 0.012;0.844 ± 0.058;0.694 ± 0.051;0.980 ± 0.010;0.995 ± 0.006;0.907 ± 0.051
VisA/capsules;20;galad;5;0.905 ± 0.009;0.938 ± 0.007;0.766 ± 0.021;0.710 ± 0.033;0.992 ± 0.001;0.995 ± 0.000;0.882 ± 0.080
VisA/capsules;20;padim;5;0.537 ± 0.063;0.661 ± 0.052;0.144 ± 0.069;0.106 ± 0.063;0.901 ± 0.017;0.898 ± 0.061;0.538 ± 0.110
VisA/capsules;20;patchcore;5;0.834 ± 0.015;0.908 ± 0.005;0.656 ± 0.051;0.612 ± 0.022;0.990 ± 0.001;0.989 ± 0.007;0.853 ± 0.058
VisA/capsules;20;reverse_distillation;5;0.916 ± 0.009;0.941 ± 0.009;0.802 ± 0.029;0.688 ± 0.080;0.989 ± 0.001;0.999 ± 0.000;0.908 ± 0.032
VisA/capsules;50;dinomaly;5;0.936 ± 0.033;0.962 ± 0.017;0.842 ± 0.091;0.756 ± 0.095;0.980 ± 0.011;0.991 ± 0.011;0.851 ± 0.021
VisA/capsules;50;galad;5;0.908 ± 0.007;0.941 ± 0.004;0.786 ± 0.023;0.748 ± 0.004;0.992 ± 0.000;0.995 ± 0.000;0.901 ± 0.049
VisA/capsules;50;padim;5;0.567 ± 0.070;0.681 ± 0.055;0.148 ± 0.082;0.104 ± 0.088;0.923 ± 0.011;0.909 ± 0.033;0.577 ± 0.047
VisA/capsules;50;patchcore;5;0.866 ± 0.017;0.923 ± 0.006;0.722 ± 0.016;0.642 ± 0.044;0.993 ± 0.000;0.993 ± 0.003;0.847 ± 0.031
VisA/capsules;50;reverse_distillation;5;0.929 ± 0.003;0.949 ± 0.008;0.846 ± 0.033;0.718 ± 0.059;0.992 ± 0.000;1.000 ± 0.000;0.918 ± 0.049
VisA/cashew;2;galad;5;0.848 ± 0.139;0.913 ± 0.085;0.626 ± 0.241;0.522 ± 0.226;0.982 ± 0.019;1.000;0.918 ± 0.095
VisA/cashew;2;patchcore;5;0.779 ± 0.069;0.899 ± 0.029;0.586 ± 0.070;0.528 ± 0.047;0.825 ± 0.034;0.756 ± 0.027;0.632 ± 0.049
VisA/cashew;2;reverse_distillation;5;0.829 ± 0.016;0.924 ± 0.006;0.668 ± 0.029;0.600 ± 0.016;0.746 ± 0.037;0.855 ± 0.015;0.721 ± 0.041
VisA/cashew;5;dinomaly;5;0.535 ± 0.097;0.767 ± 0.046;0.336 ± 0.058;0.288 ± 0.069;0.752 ± 0.052;0.843 ± 0.075;0.640 ± 0.107
VisA/cashew;5;galad;5;0.935 ± 0.007;0.960 ± 0.006;0.792 ± 0.024;0.604 ± 0.064;0.994 ± 0.000;1.000;0.934 ± 0.029
VisA/cashew;5;padim;5;0.573 ± 0.085;0.775 ± 0.072;0.328 ± 0.108;0.242 ± 0.111;0.868 ± 0.020;0.697 ± 0.033;0.532 ± 0.036
VisA/cashew;5;patchcore;5;0.796 ± 0.046;0.907 ± 0.021;0.608 ± 0.056;0.542 ± 0.054;0.808 ± 0.014;0.753 ± 0.015;0.609 ± 0.037
VisA/cashew;5;reverse_distillation;5;0.848 ± 0.041;0.933 ± 0.017;0.694 ± 0.040;0.654 ± 0.045;0.781 ± 0.017;0.906 ± 0.011;0.805 ± 0.040
VisA/cashew;10;dinomaly;5;0.660 ± 0.071;0.823 ± 0.037;0.396 ± 0.076;0.360 ± 0.067;0.838 ± 0.024;0.965 ± 0.012;0.833 ± 0.066
VisA/cashew;10;galad;5;0.945 ± 0.010;0.962 ± 0.008;0.872 ± 0.036;0.666 ± 0.131;0.994 ± 0.001;1.000;0.938 ± 0.030
VisA/cashew;10;padim;5;0.550 ± 0.114;0.768 ± 0.087;0.336 ± 0.138;0.256 ± 0.130;0.871 ± 0.024;0.702 ± 0.037;0.552 ± 0.031
VisA/cashew;10;patchcore;5;0.800 ± 0.034;0.909 ± 0.015;0.600 ± 0.045;0.554 ± 0.036;0.801 ± 0.009;0.747 ± 0.008;0.608 ± 0.036
VisA/cashew;10;reverse_distillation;5;0.879 ± 0.012;0.948 ± 0.004;0.740 ± 0.017;0.708 ± 0.036;0.771 ± 0.027;0.902 ± 0.016;0.787 ± 0.047
VisA/cashew;20;dinomaly;5;0.600 ± 0.014;0.796 ± 0.003;0.358 ± 0.013;0.312 ± 0.039;0.831 ± 0.022;0.955 ± 0.011;0.822 ± 0.055
VisA/cashew;20;galad;5;0.945 ± 0.008;0.960 ± 0.005;0.850 ± 0.019;0.726 ± 0.104;0.994 ± 0.000;1.000;0.899 ± 0.034
VisA/cashew;20;padim;5;0.533 ± 0.115;0.765 ± 0.094;0.352 ± 0.160;0.290 ± 0.185;0.870 ± 0.027;0.693 ± 0.052;0.527 ± 0.072
VisA/cashew;20;patchcore;5;0.806 ± 0.027;0.912 ± 0.013;0.626 ± 0.052;0.534 ± 0.032;0.797 ± 0.010;0.723 ± 0.004;0.603 ± 0.044
VisA/cashew;20;reverse_distillation;5;0.871 ± 0.007;0.945 ± 0.003;0.750 ± 0.029;0.710 ± 0.048;0.763 ± 0.016;0.903 ± 0.011;0.784 ± 0.034
VisA/cashew;50;dinomaly;5;0.482 ± 0.144;0.724 ± 0.099;0.262 ± 0.160;0.238 ± 0.154;0.754 ± 0.059;0.841 ± 0.128;0.670 ± 0.188
VisA/cashew;50;galad;5;0.950 ± 0.002;0.963 ± 0.003;0.892 ± 0.008;0.796 ± 0.033;0.995 ± 0.000;1.000;0.889 ± 0.048
VisA/cashew;50;padim;5;0.486 ± 0.108;0.744 ± 0.096;0.330 ± 0.157;0.274 ± 0.171;0.866 ± 0.031;0.662 ± 0.062;0.529 ± 0.060
VisA/cashew;50;patchcore;5;0.777 ± 0.010;0.899 ± 0.006;0.602 ± 0.038;0.534 ± 0.032;0.798 ± 0.004;0.708 ± 0.012;0.567 ± 0.023
VisA/cashew;50;reverse_distillation;5;0.816 ± 0.022;0.921 ± 0.011;0.670 ± 0.049;0.640 ± 0.039;0.764 ± 0.017;0.885 ± 0.022;0.760 ± 0.037
VisA/chewinggum;2;galad;5;0.962 ± 0.012;0.981 ± 0.006;0.902 ± 0.041;0.846 ± 0.072;0.996 ± 0.001;0.999 ± 0.002;0.886 ± 0.072
VisA/chewinggum;2;patchcore;5;0.982 ± 0.009;0.993 ± 0.003;0.960 ± 0.016;0.952 ± 0.016;0.993 ± 0.001;0.923 ± 0.008;0.807 ± 0.044
VisA/chewinggum;2;reverse_distillation;5;0.953 ± 0.009;0.980 ± 0.004;0.890 ± 0.028;0.848 ± 0.037;0.988 ± 0.002;0.879 ± 0.016;0.744 ± 0.054
VisA/chewinggum;5;dinomaly;5;0.914 ± 0.031;0.963 ± 0.014;0.828 ± 0.069;0.772 ± 0.104;0.985 ± 0.005;0.851 ± 0.036;0.727 ± 0.054
VisA/chewinggum;5;galad;5;0.972 ± 0.009;0.985 ± 0.004;0.940 ± 0.035;0.870 ± 0.064;0.996 ± 0.000;1.000;0.813 ± 0.077
VisA/chewinggum;5;padim;5;0.584 ± 0.087;0.749 ± 0.060;0.228 ± 0.130;0.104 ± 0.070;0.805 ± 0.069;0.438 ± 0.098;0.261 ± 0.061
VisA/chewinggum;5;patchcore;5;0.980 ± 0.003;0.992 ± 0.001;0.966 ± 0.009;0.944 ± 0.011;0.993 ± 0.001;0.937 ± 0.006;0.825 ± 0.045
VisA/chewinggum;5;reverse_distillation;5;0.946 ± 0.012;0.977 ± 0.005;0.894 ± 0.027;0.866 ± 0.034;0.988 ± 0.001;0.888 ± 0.005;0.782 ± 0.022
VisA/chewinggum;10;dinomaly;5;0.963 ± 0.010;0.984 ± 0.005;0.918 ± 0.022;0.906 ± 0.037;0.993 ± 0.002;0.902 ± 0.018;0.801 ± 0.032
VisA/chewinggum;10;galad;5;0.972 ± 0.005;0.985 ± 0.003;0.938 ± 0.022;0.850 ± 0.046;0.995 ± 0.000;1.000;0.841 ± 0.070
VisA/chewinggum;10;padim;5;0.576 ± 0.081;0.746 ± 0.061;0.212 ± 0.117;0.130 ± 0.089;0.831 ± 0.063;0.434 ± 0.090;0.245 ± 0.066
VisA/chewinggum;10;patchcore;5;0.982 ± 0.005;0.993 ± 0.002;0.964 ± 0.005;0.958 ± 0.004;0.993 ± 0.000;0.933 ± 0.005;0.806 ± 0.052
VisA/chewinggum;10;reverse_distillation;5;0.963 ± 0.013;0.985 ± 0.006;0.922 ± 0.038;0.874 ± 0.055;0.986 ± 0.001;0.877 ± 0.015;0.766 ± 0.039
VisA/chewinggum;20;dinomaly;5;0.920 ± 0.060;0.965 ± 0.027;0.826 ± 0.129;0.826 ± 0.129;0.986 ± 0.010;0.857 ± 0.063;0.755 ± 0.100
VisA/chewinggum;20;galad;5;0.970 ± 0.004;0.985 ± 0.002;0.950 ± 0.007;0.888 ± 0.043;0.995 ± 0.000;0.998 ± 0.001;0.848 ± 0.068
VisA/chewinggum;20;padim;5;0.576 ± 0.091;0.747 ± 0.068;0.220 ± 0.133;0.128 ± 0.081;0.846 ± 0.058;0.447 ± 0.090;0.276 ± 0.061
VisA/chewinggum;20;patchcore;5;0.980 ± 0.005;0.992 ± 0.002;0.954 ± 0.011;0.944 ± 0.009;0.993 ± 0.001;0.936 ± 0.009;0.809 ± 0.026
VisA/chewinggum;20;reverse_distillation;5;0.955 ± 0.003;0.981 ± 0.002;0.892 ± 0.024;0.874 ± 0.030;0.984 ± 0.001;0.843 ± 0.015;0.733 ± 0.040
VisA/chewinggum;50;dinomaly;5;0.940 ± 0.033;0.974 ± 0.015;0.884 ± 0.071;0.834 ± 0.092;0.988 ± 0.004;0.872 ± 0.031;0.761 ± 0.056
VisA/chewinggum;50;galad;5;0.972 ± 0.002;0.986 ± 0.001;0.950 ± 0.007;0.908 ± 0.015;0.995 ± 0.000;0.997 ± 0.001;0.826 ± 0.059
VisA/chewinggum;50;padim;5;0.603 ± 0.093;0.767 ± 0.069;0.240 ± 0.157;0.168 ± 0.124;0.885 ± 0.043;0.500 ± 0.097;0.281 ± 0.061
VisA/chewinggum;50;patchcore;5;0.979 ± 0.002;0.992 ± 0.001;0.962 ± 0.008;0.944 ± 0.011;0.993 ± 0.000;0.951 ± 0.007;0.807 ± 0.037
VisA/chewinggum;50;reverse_distillation;5;0.936 ± 0.007;0.973 ± 0.004;0.860 ± 0.025;0.832 ± 0.038;0.984 ± 0.001;0.816 ± 0.012;0.670 ± 0.024
VisA/fryum;2;galad;5;0.881 ± 0.023;0.940 ± 0.010;0.744 ± 0.069;0.596 ± 0.123;0.966 ± 0.005;0.995 ± 0.006;0.904 ± 0.021
VisA/fryum;2;patchcore;5;0.912 ± 0.028;0.959 ± 0.013;0.800 ± 0.068;0.702 ± 0.089;0.858 ± 0.022;0.938 ± 0.029;0.703 ± 0.059
VisA/fryum;2;reverse_distillation;5;0.778 ± 0.040;0.894 ± 0.022;0.558 ± 0.075;0.468 ± 0.059;0.929 ± 0.004;0.999 ± 0.001;0.780 ± 0.028
VisA/fryum;5;dinomaly;5;0.968 ± 0.003;0.984 ± 0.001;0.900 ± 0.016;0.858 ± 0.015;0.935 ± 0.004;0.980 ± 0.003;0.874 ± 0.040
VisA/fryum;5;galad;5;0.902 ± 0.004;0.946 ± 0.002;0.780 ± 0.029;0.708 ± 0.048;0.971 ± 0.002;0.997;0.917 ± 0.044
VisA/fryum;5;padim;5;0.707 ± 0.057;0.828 ± 0.040;0.308 ± 0.122;0.232 ± 0.109;0.929 ± 0.011;0.959 ± 0.042;0.663 ± 0.058
VisA/fryum;5;patchcore;5;0.933 ± 0.014;0.968 ± 0.009;0.834 ± 0.077;0.720 ± 0.106;0.867 ± 0.013;0.954 ± 0.022;0.760 ± 0.038
VisA/fryum;5;reverse_distillation;5;0.856 ± 0.027;0.933 ± 0.013;0.650 ± 0.044;0.576 ± 0.049;0.937 ± 0.006;0.998 ± 0.000;0.823 ± 0.026
VisA/fryum;10;dinomaly;5;0.965 ± 0.032;0.984 ± 0.014;0.906 ± 0.084;0.866 ± 0.082;0.956 ± 0.004;0.997 ± 0.001;0.900 ± 0.021
VisA/fryum;10;galad;5;0.918 ± 0.008;0.950 ± 0.003;0.804 ± 0.040;0.700 ± 0.033;0.969 ± 0.003;0.997;0.889 ± 0.025
VisA/fryum;10;padim;5;0.747 ± 0.035;0.847 ± 0.037;0.392 ± 0.114;0.240 ± 0.150;0.940 ± 0.007;0.951 ± 0.040;0.668 ± 0.053
VisA/fryum;10;patchcore;5;0.958 ± 0.007;0.979 ± 0.004;0.882 ± 0.022;0.828 ± 0.031;0.861 ± 0.011;0.950 ± 0.018;0.742 ± 0.030
VisA/fryum;10;reverse_distillation;5;0.900 ± 0.021;0.955 ± 0.010;0.772 ± 0.044;0.696 ± 0.083;0.940 ± 0.003;0.998 ± 0.000;0.852 ± 0.025
VisA/fryum;20;dinomaly;5;0.963 ± 0.032;0.983 ± 0.014;0.894 ± 0.081;0.848 ± 0.066;0.952 ± 0.001;0.993 ± 0.003;0.894 ± 0.025
VisA/fryum;20;galad;5;0.925 ± 0.008;0.953 ± 0.008;0.814 ± 0.026;0.670 ± 0.100;0.965 ± 0.005;0.997 ± 0.001;0.916 ± 0.044
VisA/fryum;20;padim;5;0.787 ± 0.020;0.864 ± 0.028;0.462 ± 0.058;0.188 ± 0.114;0.946 ± 0.006;0.953 ± 0.034;0.691 ± 0.047
VisA/fryum;20;patchcore;5;0.963 ± 0.005;0.982 ± 0.003;0.906 ± 0.030;0.852 ± 0.026;0.860 ± 0.009;0.952 ± 0.010;0.764 ± 0.032
VisA/fryum;20;reverse_distillation;5;0.938 ± 0.010;0.973 ± 0.004;0.870 ± 0.016;0.816 ± 0.032;0.943 ± 0.003;0.998 ± 0.000;0.872 ± 0.017
VisA/fryum;50;dinomaly;5;0.978 ± 0.004;0.989 ± 0.002;0.926 ± 0.021;0.872 ± 0.054;0.935 ± 0.029;0.988 ± 0.010;0.898 ± 0.037
VisA/fryum;50;galad;5;0.931 ± 0.008;0.957 ± 0.007;0.832 ± 0.029;0.710 ± 0.042;0.966 ± 0.001;0.997;0.882 ± 0.050
VisA/fryum;50;padim;5;0.820 ± 0.031;0.897 ± 0.017;0.534 ± 0.087;0.312 ± 0.101;0.923 ± 0.018;0.865 ± 0.062;0.618 ± 0.056
VisA/fryum;50;patchcore;5;0.971 ± 0.003;0.986 ± 0.002;0.928 ± 0.027;0.828 ± 0.058;0.856 ± 0.005;0.953 ± 0.006;0.754 ± 0.041
VisA/fryum;50;reverse_distillation;5;0.969 ± 0.002;0.987 ± 0.001;0.908 ± 0.013;0.890 ± 0.021;0.945 ± 0.001;0.998 ± 0.000;0.906 ± 0.016
VisA/macaroni1;2;galad;5;0.700 ± 0.028;0.719 ± 0.028;0.340 ± 0.052;0.262 ± 0.043;0.987 ± 0.004;0.999 ± 0.001;0.896 ± 0.018
VisA/macaroni1;2;patchcore;5;0.712 ± 0.018;0.727 ± 0.022;0.358 ± 0.016;0.290 ± 0.029;0.961 ± 0.012;0.869 ± 0.053;0.669 ± 0.088
VisA/macaroni1;2;reverse_distillation;5;0.589 ± 0.068;0.589 ± 0.056;0.170 ± 0.027;0.102 ± 0.023;0.972 ± 0.006;0.917 ± 0.029;0.667 ± 0.040
VisA/macaroni1;5;dinomaly;5;0.802 ± 0.022;0.799 ± 0.021;0.466 ± 0.032;0.324 ± 0.057;0.983 ± 0.001;0.896 ± 0.010;0.799 ± 0.025
VisA/macaroni1;5;galad;5;0.748 ± 0.024;0.763 ± 0.026;0.404 ± 0.090;0.306 ± 0.050;0.994 ± 0.000;0.999 ± 0.000;0.947 ± 0.055
VisA/macaroni1;5;padim;5;0.656 ± 0.074;0.664 ± 0.060;0.256 ± 0.059;0.154 ± 0.053;0.948 ± 0.012;0.901 ± 0.042;0.619 ± 0.032
VisA/macaroni1;5;patchcore;5;0.772 ± 0.049;0.780 ± 0.044;0.468 ± 0.064;0.352 ± 0.103;0.976 ± 0.005;0.917 ± 0.012;0.736 ± 0.053
VisA/macaroni1;5;reverse_distillation;5;0.731 ± 0.023;0.757 ± 0.017;0.416 ± 0.065;0.304 ± 0.050;0.989 ± 0.002;0.962 ± 0.009;0.830 ± 0.035
VisA/macaroni1;10;dinomaly;5;0.813 ± 0.051;0.813 ± 0.053;0.464 ± 0.091;0.374 ± 0.115;0.989 ± 0.003;0.978 ± 0.018;0.862 ± 0.024
VisA/macaroni1;10;galad;5;0.775 ± 0.028;0.784 ± 0.030;0.450 ± 0.060;0.324 ± 0.086;0.994 ± 0.001;0.999 ± 0.001;0.925 ± 0.049
VisA/macaroni1;10;padim;5;0.694 ± 0.113;0.702 ± 0.079;0.310 ± 0.126;0.244 ± 0.119;0.957 ± 0.009;0.924 ± 0.039;0.662 ± 0.051
VisA/macaroni1;10;patchcore;5;0.795 ± 0.037;0.802 ± 0.034;0.508 ± 0.086;0.398 ± 0.054;0.978 ± 0.003;0.916 ± 0.011;0.758 ± 0.043
VisA/macaroni1;10;reverse_distillation;5;0.826 ± 0.029;0.834 ± 0.035;0.528 ± 0.081;0.426 ± 0.076;0.991 ± 0.002;0.958 ± 0.014;0.841 ± 0.031
VisA/macaroni1;20;dinomaly;5;0.741 ± 0.119;0.744 ± 0.106;0.386 ± 0.160;0.278 ± 0.128;0.927 ± 0.131;0.855 ± 0.216;0.719 ± 0.283
VisA/macaroni1;20;galad;5;0.788 ± 0.018;0.795 ± 0.015;0.470 ± 0.041;0.348 ± 0.057;0.993 ± 0.001;1.000;0.937 ± 0.030
VisA/macaroni1;20;padim;5;0.673 ± 0.123;0.693 ± 0.071;0.318 ± 0.041;0.224 ± 0.061;0.963 ± 0.010;0.929 ± 0.056;0.686 ± 0.073
VisA/macaroni1;20;patchcore;5;0.847 ± 0.024;0.845 ± 0.023;0.558 ± 0.053;0.446 ± 0.059;0.983 ± 0.002;0.933 ± 0.008;0.787 ± 0.038
VisA/macaroni1;20;reverse_distillation;5;0.889 ± 0.021;0.894 ± 0.020;0.638 ± 0.071;0.530 ± 0.062;0.994 ± 0.001;0.969 ± 0.003;0.876 ± 0.020
VisA/macaroni1;50;dinomaly;5;0.809 ± 0.066;0.805 ± 0.067;0.512 ± 0.137;0.390 ± 0.156;0.984 ± 0.008;0.949 ± 0.056;0.827 ± 0.099
VisA/macaroni1;50;galad;5;0.783 ± 0.006;0.790 ± 0.008;0.480 ± 0.033;0.368 ± 0.036;0.993 ± 0.001;1.000 ± 0.001;0.921 ± 0.043
VisA/macaroni1;50;padim;5;0.608 ± 0.183;0.659 ± 0.129;0.328 ± 0.154;0.236 ± 0.107;0.950 ± 0.028;0.839 ± 0.108;0.597 ± 0.100
VisA/macaroni1;50;patchcore;5;0.863 ± 0.010;0.861 ± 0.011;0.600 ± 0.034;0.434 ± 0.046;0.986 ± 0.002;0.941 ± 0.009;0.822 ± 0.045
VisA/macaroni1;50;reverse_distillation;5;0.954 ± 0.004;0.954 ± 0.006;0.846 ± 0.021;0.702 ± 0.043;0.996 ± 0.000;0.979 ± 0.005;0.861 ± 0.034
VisA/macaroni2;2;galad;5;0.535 ± 0.057;0.519 ± 0.044;0.098 ± 0.044;0.050 ± 0.016;0.959 ± 0.004;0.991 ± 0.006;0.842 ± 0.045
VisA/macaroni2;2;patchcore;5;0.623 ± 0.040;0.629 ± 0.050;0.234 ± 0.082;0.172 ± 0.065;0.930 ± 0.019;0.845 ± 0.063;0.633 ± 0.068
VisA/macaroni2;2;reverse_distillation;5;0.545 ± 0.042;0.540 ± 0.030;0.116 ± 0.040;0.076 ± 0.023;0.952 ± 0.005;0.886 ± 0.023;0.631 ± 0.028
VisA/macaroni2;5;dinomaly;5;0.620 ± 0.034;0.596 ± 0.074;0.166 ± 0.105;0.106 ± 0.123;0.986 ± 0.001;0.966 ± 0.010;0.832 ± 0.034
VisA/macaroni2;5;galad;5;0.571 ± 0.021;0.551 ± 0.039;0.140 ± 0.040;0.052 ± 0.044;0.984 ± 0.006;1.000;0.892 ± 0.033
VisA/macaroni2;5;padim;5;0.578 ± 0.039;0.592 ± 0.030;0.152 ± 0.054;0.106 ± 0.033;0.934 ± 0.009;0.972 ± 0.032;0.631 ± 0.039
VisA/macaroni2;5;patchcore;5;0.650 ± 0.032;0.653 ± 0.041;0.264 ± 0.071;0.180 ± 0.064;0.948 ± 0.003;0.870 ± 0.018;0.662 ± 0.051
VisA/macaroni2;5;reverse_distillation;5;0.588 ± 0.046;0.597 ± 0.059;0.220 ± 0.102;0.134 ± 0.068;0.969 ± 0.003;0.915 ± 0.028;0.706 ± 0.045
VisA/macaroni2;10;dinomaly;5;0.642 ± 0.056;0.610 ± 0.055;0.198 ± 0.029;0.102 ± 0.037;0.981 ± 0.012;0.991 ± 0.010;0.824 ± 0.030
VisA/macaroni2;10;galad;5;0.567 ± 0.054;0.542 ± 0.062;0.104 ± 0.063;0.046 ± 0.065;0.986 ± 0.003;1.000;0.929 ± 0.024
VisA/macaroni2;10;padim;5;0.607 ± 0.052;0.616 ± 0.063;0.214 ± 0.070;0.130 ± 0.087;0.938 ± 0.009;0.963 ± 0.029;0.626 ± 0.038
VisA/macaroni2;10;patchcore;5;0.670 ± 0.018;0.668 ± 0.032;0.306 ± 0.049;0.184 ± 0.065;0.956 ± 0.003;0.888 ± 0.015;0.690 ± 0.042
VisA/macaroni2;10;reverse_distillation;5;0.703 ± 0.020;0.714 ± 0.016;0.328 ± 0.019;0.262 ± 0.025;0.979 ± 0.001;0.932 ± 0.024;0.770 ± 0.027
VisA/macaroni2;20;dinomaly;5;0.672 ± 0.042;0.628 ± 0.055;0.240 ± 0.083;0.078 ± 0.069;0.987 ± 0.005;0.992 ± 0.008;0.843 ± 0.037
VisA/macaroni2;20;galad;5;0.597 ± 0.035;0.564 ± 0.041;0.162 ± 0.049;0.048 ± 0.049;0.987 ± 0.005;1.000;0.913 ± 0.041
VisA/macaroni2;20;padim;5;0.628 ± 0.043;0.633 ± 0.056;0.234 ± 0.077;0.140 ± 0.049;0.943 ± 0.011;0.956 ± 0.026;0.635 ± 0.045
VisA/macaroni2;20;patchcore;5;0.679 ± 0.015;0.685 ± 0.029;0.302 ± 0.054;0.220 ± 0.074;0.961 ± 0.001;0.889 ± 0.015;0.689 ± 0.027
VisA/macaroni2;20;reverse_distillation;5;0.764 ± 0.010;0.784 ± 0.014;0.430 ± 0.063;0.328 ± 0.055;0.985 ± 0.001;0.947 ± 0.004;0.772 ± 0.018
VisA/macaroni2;50;dinomaly;5;0.683 ± 0.026;0.656 ± 0.022;0.312 ± 0.078;0.124 ± 0.067;0.990 ± 0.002;0.989 ± 0.020;0.874 ± 0.044
VisA/macaroni2;50;galad;5;0.587 ± 0.013;0.547 ± 0.017;0.092 ± 0.024;0.044 ± 0.009;0.986 ± 0.001;1.000;0.910 ± 0.014
VisA/macaroni2;50;padim;5;0.669 ± 0.036;0.667 ± 0.050;0.238 ± 0.098;0.180 ± 0.058;0.943 ± 0.011;0.941 ± 0.035;0.641 ± 0.052
VisA/macaroni2;50;patchcore;5;0.685 ± 0.018;0.698 ± 0.024;0.322 ± 0.037;0.236 ± 0.040;0.963 ± 0.002;0.902 ± 0.008;0.704 ± 0.036
VisA/macaroni2;50;reverse_distillation;5;0.851 ± 0.019;0.869 ± 0.021;0.606 ± 0.048;0.552 ± 0.065;0.988 ± 0.002;0.950 ± 0.009;0.789 ± 0.027
VisA/pcb1;2;galad;5;0.822 ± 0.062;0.821 ± 0.056;0.446 ± 0.104;0.366 ± 0.105;0.969 ± 0.014;0.986 ± 0.007;0.726 ± 0.088
VisA/pcb1;2;patchcore;5;0.888 ± 0.012;0.875 ± 0.007;0.644 ± 0.080;0.488 ± 0.037;0.982 ± 0.011;0.992 ± 0.003;0.892 ± 0.013
VisA/pcb1;2;reverse_distillation;5;0.760 ± 0.077;0.740 ± 0.067;0.336 ± 0.147;0.216 ± 0.092;0.958 ± 0.014;0.987 ± 0.004;0.853 ± 0.024
VisA/pcb1;5;dinomaly;5;0.945 ± 0.009;0.934 ± 0.014;0.856 ± 0.035;0.748 ± 0.077;0.989 ± 0.003;0.992 ± 0.002;0.899 ± 0.054
VisA/pcb1;5;galad;5;0.931 ± 0.025;0.922 ± 0.036;0.752 ± 0.129;0.602 ± 0.122;0.982 ± 0.011;0.997 ± 0.002;0.832 ± 0.120
VisA/pcb1;5;padim;5;0.733 ± 0.056;0.682 ± 0.053;0.248 ± 0.120;0.142 ± 0.048;0.916 ± 0.023;0.985 ± 0.001;0.770 ± 0.014
VisA/pcb1;5;patchcore;5;0.918 ± 0.025;0.898 ± 0.014;0.770 ± 0.144;0.566 ± 0.124;0.983 ± 0.011;0.992 ± 0.001;0.883 ± 0.020
VisA/pcb1;5;reverse_distillation;5;0.827 ± 0.036;0.789 ± 0.063;0.400 ± 0.157;0.274 ± 0.124;0.966 ± 0.011;0.990 ± 0.003;0.887 ± 0.022
VisA/pcb1;10;dinomaly;5;0.928 ± 0.016;0.928 ± 0.014;0.780 ± 0.074;0.670 ± 0.051;0.986 ± 0.003;0.990 ± 0.001;0.913 ± 0.041
VisA/pcb1;10;galad;5;0.946 ± 0.028;0.944 ± 0.029;0.818 ± 0.138;0.694 ± 0.145;0.992 ± 0.004;0.998 ± 0.001;0.869 ± 0.020
VisA/pcb1;10;padim;5;0.724 ± 0.068;0.677 ± 0.030;0.212 ± 0.081;0.154 ± 0.048;0.922 ± 0.028;0.987 ± 0.002;0.792 ± 0.020
VisA/pcb1;10;patchcore;5;0.916 ± 0.030;0.897 ± 0.021;0.750 ± 0.180;0.568 ± 0.088;0.983 ± 0.011;0.994 ± 0.002;0.895 ± 0.043
VisA/pcb1;10;reverse_distillation;5;0.842 ± 0.029;0.809 ± 0.044;0.424 ± 0.129;0.282 ± 0.084;0.969 ± 0.013;0.992 ± 0.003;0.867 ± 0.027
VisA/pcb1;20;dinomaly;5;0.942 ± 0.022;0.937 ± 0.020;0.832 ± 0.117;0.758 ± 0.123;0.986 ± 0.005;0.990 ± 0.002;0.920 ± 0.034
VisA/pcb1;20;galad;5;0.974 ± 0.015;0.975 ± 0.016;0.934 ± 0.036;0.876 ± 0.102;0.996 ± 0.001;0.998 ± 0.001;0.911 ± 0.034
VisA/pcb1;20;padim;5;0.746 ± 0.044;0.712 ± 0.045;0.292 ± 0.106;0.214 ± 0.089;0.959 ± 0.017;0.988 ± 0.002;0.835 ± 0.019
VisA/pcb1;20;patchcore;5;0.951 ± 0.005;0.919 ± 0.007;0.952 ± 0.019;0.726 ± 0.104;0.995 ± 0.000;0.990 ± 0.004;0.895 ± 0.023
VisA/pcb1;20;reverse_distillation;5;0.894 ± 0.033;0.865 ± 0.035;0.630 ± 0.107;0.400 ± 0.079;0.986 ± 0.005;0.990 ± 0.002;0.917 ± 0.053
VisA/pcb1;50;dinomaly;5;0.896 ± 0.105;0.894 ± 0.090;0.736 ± 0.229;0.638 ± 0.233;0.973 ± 0.034;0.943 ± 0.104;0.833 ± 0.172
VisA/pcb1;50;galad;5;0.977 ± 0.005;0.977 ± 0.007;0.960 ± 0.016;0.882 ± 0.036;0.996 ± 0.000;0.998 ± 0.000;0.926 ± 0.029
VisA/pcb1;50;padim;5;0.788 ± 0.019;0.751 ± 0.018;0.368 ± 0.023;0.236 ± 0.044;0.975 ± 0.004;0.990 ± 0.002;0.872 ± 0.041
VisA/pcb1;50;patchcore;5;0.951 ± 0.005;0.921 ± 0.008;0.940 ± 0.024;0.762 ± 0.128;0.996 ± 0.000;0.989 ± 0.003;0.915 ± 0.041
VisA/pcb1;50;reverse_distillation;5;0.937 ± 0.009;0.909 ± 0.012;0.868 ± 0.106;0.570 ± 0.063;0.990 ± 0.001;0.987 ± 0.001;0.872 ± 0.059
VisA/pcb2;2;galad;5;0.775 ± 0.076;0.783 ± 0.055;0.430 ± 0.106;0.310 ± 0.063;0.968 ± 0.009;0.958 ± 0.008;0.811 ± 0.059
VisA/pcb2;2;patchcore;5;0.843 ± 0.023;0.841 ± 0.017;0.666 ± 0.062;0.454 ± 0.144;0.969 ± 0.003;0.966 ± 0.006;0.845 ± 0.032
VisA/pcb2;2;reverse_distillation;5;0.781 ± 0.022;0.810 ± 0.022;0.524 ± 0.036;0.424 ± 0.043;0.940 ± 0.004;0.959 ± 0.005;0.789 ± 0.013
VisA/pcb2;5;dinomaly;5;0.888 ± 0.016;0.854 ± 0.011;0.764 ± 0.040;0.522 ± 0.041;0.978 ± 0.003;0.959 ± 0.007;0.791 ± 0.050
VisA/pcb2;5;galad;5;0.787 ± 0.067;0.806 ± 0.064;0.484 ± 0.127;0.420 ± 0.108;0.976 ± 0.002;0.988 ± 0.002;0.886 ± 0.018
VisA/pcb2;5;padim;5;0.613 ± 0.050;0.613 ± 0.062;0.218 ± 0.095;0.138 ± 0.062;0.947 ± 0.009;0.981 ± 0.015;0.760 ± 0.033
VisA/pcb2;5;patchcore;5;0.875 ± 0.024;0.864 ± 0.014;0.730 ± 0.043;0.540 ± 0.114;0.972 ± 0.002;0.973 ± 0.006;0.867 ± 0.024
VisA/pcb2;5;reverse_distillation;5;0.838 ± 0.019;0.859 ± 0.020;0.616 ± 0.061;0.496 ± 0.040;0.951 ± 0.006;0.962 ± 0.004;0.832 ± 0.024
VisA/pcb2;10;dinomaly;5;0.873 ± 0.029;0.862 ± 0.011;0.728 ± 0.054;0.568 ± 0.055;0.964 ± 0.013;0.956 ± 0.006;0.799 ± 0.061
VisA/pcb2;10;galad;5;0.809 ± 0.032;0.813 ± 0.029;0.518 ± 0.070;0.372 ± 0.077;0.971 ± 0.018;0.990 ± 0.004;0.875 ± 0.068
VisA/pcb2;10;padim;5;0.675 ± 0.050;0.687 ± 0.080;0.312 ± 0.123;0.234 ± 0.109;0.960 ± 0.007;0.982 ± 0.008;0.785 ± 0.028
VisA/pcb2;10;patchcore;5;0.883 ± 0.011;0.867 ± 0.009;0.738 ± 0.018;0.522 ± 0.102;0.974 ± 0.001;0.974 ± 0.001;0.822 ± 0.037
VisA/pcb2;10;reverse_distillation;5;0.872 ± 0.031;0.880 ± 0.029;0.676 ± 0.097;0.528 ± 0.083;0.957 ± 0.003;0.964 ± 0.007;0.840 ± 0.039
VisA/pcb2;20;dinomaly;5;0.784 ± 0.212;0.797 ± 0.159;0.608 ± 0.242;0.512 ± 0.227;0.947 ± 0.042;0.952 ± 0.016;0.791 ± 0.099
VisA/pcb2;20;galad;5;0.817 ± 0.018;0.822 ± 0.023;0.556 ± 0.039;0.364 ± 0.121;0.979 ± 0.001;0.992 ± 0.002;0.907 ± 0.015
VisA/pcb2;20;padim;5;0.693 ± 0.056;0.713 ± 0.058;0.330 ± 0.103;0.264 ± 0.094;0.966 ± 0.004;0.983 ± 0.010;0.817 ± 0.020
VisA/pcb2;20;patchcore;5;0.891 ± 0.009;0.872 ± 0.011;0.768 ± 0.031;0.496 ± 0.086;0.974 ± 0.001;0.975 ± 0.003;0.850 ± 0.040
VisA/pcb2;20;reverse_distillation;5;0.908 ± 0.009;0.908 ± 0.003;0.804 ± 0.038;0.684 ± 0.059;0.962 ± 0.002;0.972 ± 0.003;0.871 ± 0.030
VisA/pcb2;50;dinomaly;5;0.896 ± 0.033;0.872 ± 0.019;0.748 ± 0.077;0.596 ± 0.073;0.971 ± 0.015;0.957 ± 0.008;0.817 ± 0.042
VisA/pcb2;50;galad;5;0.816 ± 0.041;0.826 ± 0.028;0.560 ± 0.092;0.384 ± 0.048;0.979 ± 0.001;0.990 ± 0.002;0.900 ± 0.022
VisA/pcb2;50;padim;5;0.607 ± 0.099;0.668 ± 0.070;0.354 ± 0.091;0.234 ± 0.055;0.965 ± 0.005;0.950 ± 0.017;0.744 ± 0.027
VisA/pcb2;50;patchcore;5;0.907 ± 0.010;0.891 ± 0.010;0.794 ± 0.037;0.656 ± 0.054;0.974 ± 0.001;0.975 ± 0.007;0.803 ± 0.031
VisA/pcb2;50;reverse_distillation;5;0.919 ± 0.008;0.919 ± 0.013;0.800 ± 0.025;0.724 ± 0.059;0.964 ± 0.001;0.974 ± 0.003;0.904 ± 0.015
VisA/pcb3;2;galad;5;0.799 ± 0.033;0.825 ± 0.027;0.536 ± 0.069;0.446 ± 0.040;0.975 ± 0.008;0.999 ± 0.001;0.872 ± 0.053
VisA/pcb3;2;patchcore;5;0.844 ± 0.029;0.853 ± 0.040;0.538 ± 0.086;0.456 ± 0.111;0.982 ± 0.001;0.982 ± 0.008;0.824 ± 0.029
VisA/pcb3;2;reverse_distillation;5;0.744 ± 0.028;0.725 ± 0.025;0.288 ± 0.069;0.206 ± 0.048;0.963 ± 0.003;0.994 ± 0.005;0.823 ± 0.034
VisA/pcb3;5;dinomaly;5;0.887 ± 0.021;0.887 ± 0.021;0.644 ± 0.103;0.468 ± 0.097;0.979 ± 0.001;0.995 ± 0.003;0.892 ± 0.026
VisA/pcb3;5;galad;5;0.850 ± 0.017;0.861 ± 0.017;0.664 ± 0.048;0.492 ± 0.061;0.981 ± 0.003;1.000 ± 0.000;0.910 ± 0.022
VisA/pcb3;5;padim;5;0.705 ± 0.046;0.681 ± 0.060;0.246 ± 0.100;0.162 ± 0.081;0.973 ± 0.004;1.000 ± 0.000;0.823 ± 0.041
VisA/pcb3;5;patchcore;5;0.870 ± 0.027;0.881 ± 0.029;0.612 ± 0.119;0.518 ± 0.104;0.985 ± 0.001;0.989 ± 0.006;0.863 ± 0.036
VisA/pcb3;5;reverse_distillation;5;0.832 ± 0.032;0.820 ± 0.041;0.446 ± 0.122;0.354 ± 0.117;0.972 ± 0.002;0.996 ± 0.004;0.858 ± 0.019
VisA/pcb3;10;dinomaly;5;0.816 ± 0.042;0.844 ± 0.021;0.578 ± 0.044;0.470 ± 0.053;0.954 ± 0.017;0.995 ± 0.002;0.836 ± 0.045
VisA/pcb3;10;galad;5;0.846 ± 0.023;0.847 ± 0.020;0.624 ± 0.075;0.430 ± 0.054;0.982 ± 0.002;0.999 ± 0.000;0.930 ± 0.013
VisA/pcb3;10;padim;5;0.725 ± 0.038;0.711 ± 0.044;0.292 ± 0.091;0.202 ± 0.060;0.979 ± 0.004;0.999 ± 0.001;0.825 ± 0.036
VisA/pcb3;10;patchcore;5;0.888 ± 0.022;0.902 ± 0.020;0.690 ± 0.091;0.596 ± 0.097;0.986 ± 0.000;0.989 ± 0.002;0.860 ± 0.021
VisA/pcb3;10;reverse_distillation;5;0.909 ± 0.026;0.907 ± 0.036;0.712 ± 0.078;0.572 ± 0.131;0.978 ± 0.002;0.998 ± 0.000;0.880 ± 0.028
VisA/pcb3;20;dinomaly;5;0.727 ± 0.180;0.774 ± 0.159;0.492 ± 0.213;0.412 ± 0.204;0.937 ± 0.037;0.993 ± 0.005;0.790 ± 0.102
VisA/pcb3;20;galad;5;0.858 ± 0.033;0.859 ± 0.022;0.666 ± 0.076;0.466 ± 0.047;0.984 ± 0.001;0.999 ± 0.000;0.927 ± 0.016
VisA/pcb3;20;padim;5;0.728 ± 0.033;0.718 ± 0.041;0.302 ± 0.073;0.204 ± 0.074;0.981 ± 0.002;0.999 ± 0.002;0.829 ± 0.038
VisA/pcb3;20;patchcore;5;0.903 ± 0.022;0.914 ± 0.022;0.724 ± 0.108;0.650 ± 0.147;0.988 ± 0.000;0.988 ± 0.005;0.825 ± 0.057
VisA/pcb3;20;reverse_distillation;5;0.930 ± 0.014;0.926 ± 0.018;0.788 ± 0.059;0.630 ± 0.060;0.980 ± 0.001;0.996 ± 0.002;0.856 ± 0.021
VisA/pcb3;50;dinomaly;5;0.753 ± 0.193;0.787 ± 0.168;0.502 ± 0.213;0.416 ± 0.198;0.945 ± 0.041;0.993 ± 0.005;0.820 ± 0.118
VisA/pcb3;50;galad;5;0.901 ± 0.019;0.894 ± 0.017;0.774 ± 0.036;0.538 ± 0.089;0.982 ± 0.001;0.999 ± 0.000;0.940 ± 0.006
VisA/pcb3;50;padim;5;0.707 ± 0.035;0.703 ± 0.047;0.314 ± 0.090;0.198 ± 0.085;0.981 ± 0.001;0.989 ± 0.013;0.782 ± 0.061
VisA/pcb3;50;patchcore;5;0.922 ± 0.007;0.931 ± 0.009;0.800 ± 0.026;0.708 ± 0.100;0.988 ± 0.000;0.992 ± 0.004;0.831 ± 0.050
VisA/pcb3;50;reverse_distillation;5;0.957 ± 0.014;0.961 ± 0.011;0.884 ± 0.030;0.826 ± 0.030;0.984 ± 0.001;0.998 ± 0.001;0.913 ± 0.018
VisA/pcb4;2;galad;5;0.891 ± 0.152;0.897 ± 0.136;0.774 ± 0.271;0.676 ± 0.330;0.969 ± 0.019;0.998 ± 0.003;0.886 ± 0.070
VisA/pcb4;2;patchcore;5;0.908 ± 0.103;0.919 ± 0.069;0.826 ± 0.185;0.746 ± 0.166;0.936 ± 0.009;0.957 ± 0.019;0.773 ± 0.046
VisA/pcb4;2;reverse_distillation;5;0.736 ± 0.161;0.733 ± 0.115;0.318 ± 0.129;0.236 ± 0.076;0.886 ± 0.025;0.971 ± 0.029;0.618 ± 0.095
VisA/pcb4;5;dinomaly;5;0.982 ± 0.009;0.980 ± 0.009;0.970 ± 0.032;0.902 ± 0.064;0.931 ± 0.025;0.914 ± 0.055;0.717 ± 0.077
VisA/pcb4;5;galad;5;0.972 ± 0.025;0.962 ± 0.029;0.946 ± 0.074;0.896 ± 0.086;0.981 ± 0.006;1.000 ± 0.001;0.943 ± 0.036
VisA/pcb4;5;padim;5;0.725 ± 0.029;0.677 ± 0.034;0.266 ± 0.079;0.138 ± 0.036;0.765 ± 0.058;0.633 ± 0.126;0.311 ± 0.124
VisA/pcb4;5;patchcore;5;0.960 ± 0.017;0.953 ± 0.019;0.908 ± 0.068;0.762 ± 0.094;0.946 ± 0.005;0.969 ± 0.016;0.855 ± 0.035
VisA/pcb4;5;reverse_distillation;5;0.892 ± 0.087;0.891 ± 0.074;0.736 ± 0.245;0.626 ± 0.216;0.910 ± 0.015;0.976 ± 0.023;0.701 ± 0.075
VisA/pcb4;10;dinomaly;5;0.916 ± 0.094;0.914 ± 0.095;0.774 ± 0.220;0.678 ± 0.230;0.931 ± 0.033;0.981 ± 0.008;0.814 ± 0.069
VisA/pcb4;10;galad;5;0.982 ± 0.004;0.956 ± 0.008;0.976 ± 0.028;0.942 ± 0.025;0.981 ± 0.012;0.998 ± 0.003;0.926 ± 0.032
VisA/pcb4;10;padim;5;0.736 ± 0.030;0.686 ± 0.032;0.292 ± 0.065;0.132 ± 0.032;0.773 ± 0.051;0.703 ± 0.104;0.330 ± 0.154
VisA/pcb4;10;patchcore;5;0.966 ± 0.012;0.958 ± 0.015;0.940 ± 0.039;0.834 ± 0.060;0.949 ± 0.003;0.971 ± 0.012;0.823 ± 0.047
VisA/pcb4;10;reverse_distillation;5;0.962 ± 0.030;0.952 ± 0.034;0.900 ± 0.143;0.802 ± 0.205;0.934 ± 0.013;0.987 ± 0.010;0.786 ± 0.050
VisA/pcb4;20;dinomaly;5;0.928 ± 0.090;0.924 ± 0.091;0.824 ± 0.222;0.696 ± 0.198;0.931 ± 0.033;0.981 ± 0.007;0.823 ± 0.066
VisA/pcb4;20;galad;5;0.987 ± 0.004;0.979 ± 0.017;0.994 ± 0.005;0.930 ± 0.016;0.983 ± 0.002;1.000;0.955 ± 0.014
VisA/pcb4;20;padim;5;0.744 ± 0.020;0.694 ± 0.020;0.286 ± 0.051;0.138 ± 0.039;0.755 ± 0.046;0.650 ± 0.124;0.275 ± 0.134
VisA/pcb4;20;patchcore;5;0.973 ± 0.005;0.968 ± 0.007;0.968 ± 0.013;0.882 ± 0.043;0.943 ± 0.015;0.942 ± 0.044;0.783 ± 0.092
VisA/pcb4;20;reverse_distillation;5;0.981 ± 0.009;0.977 ± 0.011;0.972 ± 0.036;0.896 ± 0.057;0.943 ± 0.006;0.990 ± 0.006;0.827 ± 0.038
VisA/pcb4;50;dinomaly;5;0.924 ± 0.091;0.919 ± 0.090;0.816 ± 0.225;0.708 ± 0.213;0.932 ± 0.032;0.967 ± 0.012;0.793 ± 0.062
VisA/pcb4;50;galad;5;0.991 ± 0.004;0.990 ± 0.005;0.998 ± 0.004;0.946 ± 0.027;0.984 ± 0.003;1.000 ± 0.000;0.961 ± 0.011
VisA/pcb4;50;padim;5;0.751 ± 0.019;0.708 ± 0.012;0.326 ± 0.059;0.170 ± 0.023;0.708 ± 0.031;0.532 ± 0.106;0.171 ± 0.063
VisA/pcb4;50;patchcore;5;0.975 ± 0.003;0.974 ± 0.003;0.962 ± 0.023;0.908 ± 0.016;0.942 ± 0.007;0.949 ± 0.017;0.794 ± 0.057
VisA/pcb4;50;reverse_distillation;5;0.992 ± 0.001;0.991 ± 0.001;1.000;0.976 ± 0.015;0.947 ± 0.003;0.988 ± 0.005;0.854 ± 0.033
VisA/pipe_fryum;2;galad;5;0.787 ± 0.053;0.893 ± 0.028;0.574 ± 0.091;0.438 ± 0.054;0.989 ± 0.003;1.000;0.938 ± 0.019
VisA/pipe_fryum;2;patchcore;5;0.681 ± 0.023;0.844 ± 0.015;0.406 ± 0.061;0.364 ± 0.039;0.715 ± 0.040;0.681 ± 0.053;0.394 ± 0.056
VisA/pipe_fryum;2;reverse_distillation;5;0.772 ± 0.035;0.894 ± 0.017;0.578 ± 0.049;0.524 ± 0.029;0.754 ± 0.037;0.775 ± 0.038;0.564 ± 0.058
VisA/pipe_fryum;5;dinomaly;5;0.829 ± 0.037;0.912 ± 0.018;0.604 ± 0.070;0.466 ± 0.080;0.778 ± 0.023;0.877 ± 0.017;0.755 ± 0.039
VisA/pipe_fryum;5;galad;5;0.823 ± 0.020;0.911 ± 0.010;0.594 ± 0.056;0.470 ± 0.042;0.991 ± 0.001;1.000;0.940 ± 0.020
VisA/pipe_fryum;5;padim;5;0.245 ± 0.038;0.534 ± 0.022;0.044 ± 0.025;0.008 ± 0.013;0.472 ± 0.200;0.189 ± 0.109;0.054 ± 0.043
VisA/pipe_fryum;5;patchcore;5;0.666 ± 0.015;0.835 ± 0.011;0.370 ± 0.034;0.334 ± 0.038;0.687 ± 0.016;0.622 ± 0.064;0.348 ± 0.043
VisA/pipe_fryum;5;reverse_distillation;5;0.709 ± 0.053;0.858 ± 0.032;0.456 ± 0.086;0.422 ± 0.086;0.763 ± 0.012;0.805 ± 0.013;0.595 ± 0.034
VisA/pipe_fryum;10;dinomaly;5;0.916 ± 0.014;0.953 ± 0.009;0.844 ± 0.026;0.664 ± 0.073;0.924 ± 0.020;0.970 ± 0.017;0.865 ± 0.015
VisA/pipe_fryum;10;galad;5;0.834 ± 0.016;0.913 ± 0.008;0.632 ± 0.033;0.476 ± 0.071;0.991 ± 0.001;1.000;0.955 ± 0.037
VisA/pipe_fryum;10;padim;5;0.240 ± 0.031;0.530 ± 0.021;0.034 ± 0.027;0.010 ± 0.012;0.452 ± 0.203;0.167 ± 0.092;0.049 ± 0.036
VisA/pipe_fryum;10;patchcore;5;0.654 ± 0.019;0.827 ± 0.012;0.362 ± 0.036;0.318 ± 0.030;0.671 ± 0.018;0.589 ± 0.037;0.333 ± 0.028
VisA/pipe_fryum;10;reverse_distillation;5;0.653 ± 0.053;0.831 ± 0.029;0.410 ± 0.087;0.366 ± 0.075;0.738 ± 0.015;0.758 ± 0.046;0.549 ± 0.043
VisA/pipe_fryum;20;dinomaly;5;0.922 ± 0.024;0.956 ± 0.012;0.852 ± 0.051;0.670 ± 0.099;0.922 ± 0.028;0.968 ± 0.015;0.918 ± 0.037
VisA/pipe_fryum;20;galad;5;0.840 ± 0.009;0.916 ± 0.004;0.634 ± 0.015;0.488 ± 0.070;0.992 ± 0.000;1.000;0.918 ± 0.044
VisA/pipe_fryum;20;padim;5;0.258 ± 0.017;0.540 ± 0.017;0.036 ± 0.029;0.010 ± 0.012;0.423 ± 0.198;0.165 ± 0.110;0.050 ± 0.044
VisA/pipe_fryum;20;patchcore;5;0.650 ± 0.020;0.824 ± 0.012;0.346 ± 0.046;0.306 ± 0.034;0.652 ± 0.018;0.556 ± 0.013;0.311 ± 0.011
VisA/pipe_fryum;20;reverse_distillation;5;0.550 ± 0.041;0.760 ± 0.032;0.250 ± 0.065;0.230 ± 0.071;0.731 ± 0.010;0.735 ± 0.042;0.501 ± 0.037
VisA/pipe_fryum;50;dinomaly;5;0.869 ± 0.091;0.931 ± 0.045;0.734 ± 0.167;0.608 ± 0.119;0.843 ± 0.121;0.909 ± 0.093;0.772 ± 0.119
VisA/pipe_fryum;50;galad;5;0.826 ± 0.011;0.911 ± 0.005;0.642 ± 0.011;0.470 ± 0.029;0.992 ± 0.000;1.000;0.960 ± 0.027
VisA/pipe_fryum;50;padim;5;0.264 ± 0.018;0.541 ± 0.018;0.040 ± 0.030;0.010 ± 0.012;0.360 ± 0.159;0.119 ± 0.081;0.040 ± 0.037
VisA/pipe_fryum;50;patchcore;5;0.635 ± 0.013;0.814 ± 0.009;0.312 ± 0.019;0.288 ± 0.011;0.642 ± 0.012;0.524 ± 0.034;0.297 ± 0.018
VisA/pipe_fryum;50;reverse_distillation;5;0.434 ± 0.011;0.686 ± 0.008;0.144 ± 0.009;0.138 ± 0.013;0.685 ± 0.010;0.603 ± 0.020;0.389 ± 0.014
btad/01;2;galad;5;0.981 ± 0.011;0.993 ± 0.004;0.955 ± 0.017;0.955 ± 0.017;0.972 ± 0.005;0.995 ± 0.001;0.939 ± 0.029
btad/01;2;patchcore;5;0.994 ± 0.005;0.998 ± 0.002;0.984 ± 0.017;0.976 ± 0.009;0.980 ± 0.001;0.990 ± 0.003;0.927 ± 0.046
btad/01;2;reverse_distillation;5;0.996 ± 0.004;0.998 ± 0.002;0.988 ± 0.011;0.988 ± 0.011;0.984 ± 0.001;0.996 ± 0.001;0.955 ± 0.025
btad/01;5;dinomaly;5;0.999 ± 0.001;1.000 ± 0.000;1.000;0.992 ± 0.011;0.983 ± 0.000;0.995 ± 0.001;0.956 ± 0.023
btad/01;5;galad;5;0.985 ± 0.006;0.995 ± 0.002;0.963 ± 0.017;0.951 ± 0.011;0.977 ± 0.001;0.994 ± 0.000;0.947 ± 0.033
btad/01;5;padim;5;0.983 ± 0.005;0.994 ± 0.002;0.971 ± 0.011;0.951 ± 0.018;0.959 ± 0.006;0.982 ± 0.009;0.896 ± 0.014
btad/01;5;patchcore;5;0.997 ± 0.002;0.999 ± 0.001;0.992 ± 0.011;0.992 ± 0.011;0.982 ± 0.001;0.991 ± 0.001;0.930 ± 0.015
btad/01;5;reverse_distillation;5;0.852 ± 0.321;0.919 ± 0.178;0.792 ± 0.431;0.792 ± 0.431;0.887 ± 0.217;0.827 ± 0.378;0.753 ± 0.401
btad/01;10;dinomaly;5;0.998 ± 0.001;0.999 ± 0.000;1.000;0.992 ± 0.011;0.977 ± 0.007;0.978 ± 0.010;0.884 ± 0.041
btad/01;10;galad;5;0.985 ± 0.004;0.995 ± 0.001;0.955 ± 0.009;0.947 ± 0.011;0.977 ± 0.001;0.994;0.923 ± 0.035
btad/01;10;padim;5;0.964 ± 0.015;0.988 ± 0.005;0.939 ± 0.020;0.931 ± 0.034;0.961 ± 0.007;0.980 ± 0.011;0.893 ± 0.029
btad/01;10;patchcore;5;0.997 ± 0.002;0.999 ± 0.001;0.988 ± 0.011;0.988 ± 0.011;0.982 ± 0.001;0.991 ± 0.001;0.904 ± 0.055
btad/01;10;reverse_distillation;5;0.998 ± 0.002;0.999 ± 0.001;0.992 ± 0.011;0.988 ± 0.011;0.984 ± 0.001;0.997 ± 0.000;0.932 ± 0.013
btad/01;20;dinomaly;5;1.000 ± 0.001;1.000 ± 0.000;1.000;1.000;0.983 ± 0.001;0.994 ± 0.002;0.924 ± 0.027
btad/01;20;galad;5;0.978 ± 0.002;0.992 ± 0.001;0.947 ± 0.011;0.943 ± 0.009;0.975 ± 0.001;0.994;0.910 ± 0.088
btad/01;20;padim;5;0.890 ± 0.078;0.962 ± 0.027;0.849 ± 0.081;0.841 ± 0.089;0.948 ± 0.019;0.964 ± 0.016;0.822 ± 0.073
btad/01;20;patchcore;5;0.997 ± 0.002;0.999 ± 0.001;0.992 ± 0.011;0.992 ± 0.011;0.983 ± 0.000;0.991 ± 0.001;0.937 ± 0.043
btad/01;20;reverse_distillation;5;0.999 ± 0.001;1.000 ± 0.000;1.000;0.996 ± 0.009;0.984 ± 0.001;0.997 ± 0.001;0.958 ± 0.028
btad/01;50;dinomaly;5;0.999 ± 0.001;1.000 ± 0.000;1.000;0.996 ± 0.009;0.983 ± 0.000;0.993 ± 0.003;0.921 ± 0.026
btad/01;50;galad;5;0.980 ± 0.003;0.993 ± 0.001;0.951 ± 0.011;0.943 ± 0.009;0.975 ± 0.001;0.994;0.931 ± 0.036
btad/01;50;padim;5;0.590 ± 0.165;0.825 ± 0.074;0.400 ± 0.116;0.384 ± 0.118;0.843 ± 0.046;0.822 ± 0.094;0.492 ± 0.092
btad/01;50;patchcore;5;0.999 ± 0.000;0.999 ± 0.000;1.000;0.992 ± 0.011;0.983 ± 0.000;0.991 ± 0.001;0.928 ± 0.032
btad/01;50;reverse_distillation;5;0.999 ± 0.002;0.999 ± 0.001;1.000;0.996 ± 0.009;0.984 ± 0.001;0.998 ± 0.001;0.949 ± 0.021
btad/02;2;galad;5;0.800 ± 0.025;0.967 ± 0.004;0.602 ± 0.036;0.530 ± 0.052;0.967 ± 0.002;0.955 ± 0.007;0.854 ± 0.030
btad/02;2;patchcore;5;0.863 ± 0.009;0.977 ± 0.002;0.660 ± 0.049;0.579 ± 0.058;0.962 ± 0.000;0.927 ± 0.006;0.831 ± 0.047
btad/02;2;reverse_distillation;5;0.842 ± 0.038;0.973 ± 0.007;0.565 ± 0.091;0.520 ± 0.051;0.967 ± 0.001;0.936 ± 0.008;0.805 ± 0.049
btad/02;5;dinomaly;5;0.811 ± 0.009;0.968 ± 0.002;0.561 ± 0.021;0.518 ± 0.014;0.967 ± 0.001;0.944 ± 0.009;0.820 ± 0.034
btad/02;5;galad;5;0.914 ± 0.011;0.986 ± 0.002;0.811 ± 0.018;0.731 ± 0.054;0.969 ± 0.002;0.974 ± 0.005;0.879 ± 0.056
btad/02;5;padim;5;0.738 ± 0.027;0.956 ± 0.005;0.551 ± 0.039;0.491 ± 0.053;0.936 ± 0.006;0.836 ± 0.031;0.705 ± 0.031
btad/02;5;patchcore;5;0.876 ± 0.010;0.979 ± 0.002;0.688 ± 0.062;0.592 ± 0.034;0.963 ± 0.001;0.933 ± 0.006;0.822 ± 0.044
btad/02;5;reverse_distillation;5;0.844 ± 0.016;0.973 ± 0.003;0.529 ± 0.014;0.514 ± 0.017;0.968 ± 0.001;0.942 ± 0.005;0.820 ± 0.043
btad/02;10;dinomaly;5;0.841 ± 0.009;0.973 ± 0.001;0.613 ± 0.022;0.578 ± 0.013;0.969 ± 0.002;0.930 ± 0.014;0.823 ± 0.030
btad/02;10;galad;5;0.913 ± 0.013;0.986 ± 0.002;0.795 ± 0.033;0.680 ± 0.047;0.970 ± 0.001;0.975 ± 0.002;0.883 ± 0.033
btad/02;10;padim;5;0.745 ± 0.014;0.958 ± 0.002;0.576 ± 0.024;0.520 ± 0.018;0.940 ± 0.005;0.846 ± 0.030;0.702 ± 0.042
btad/02;10;patchcore;5;0.900 ± 0.022;0.983 ± 0.004;0.744 ± 0.044;0.624 ± 0.020;0.964 ± 0.001;0.937 ± 0.002;0.835 ± 0.029
btad/02;10;reverse_distillation;5;0.834 ± 0.008;0.972 ± 0.001;0.547 ± 0.018;0.534 ± 0.013;0.969 ± 0.001;0.939 ± 0.006;0.823 ± 0.035
btad/02;20;dinomaly;5;0.811 ± 0.020;0.969 ± 0.004;0.608 ± 0.059;0.540 ± 0.038;0.966 ± 0.001;0.939 ± 0.005;0.810 ± 0.028
btad/02;20;galad;5;0.917 ± 0.003;0.986 ± 0.001;0.784 ± 0.032;0.702 ± 0.039;0.972 ± 0.001;0.976 ± 0.002;0.914 ± 0.040
btad/02;20;padim;5;0.710 ± 0.036;0.952 ± 0.006;0.551 ± 0.035;0.510 ± 0.014;0.943 ± 0.004;0.857 ± 0.023;0.726 ± 0.021
btad/02;20;patchcore;5;0.904 ± 0.014;0.984 ± 0.002;0.769 ± 0.053;0.627 ± 0.036;0.965 ± 0.001;0.935 ± 0.003;0.824 ± 0.034
btad/02;20;reverse_distillation;5;0.832 ± 0.011;0.971 ± 0.001;0.540 ± 0.013;0.524 ± 0.014;0.969 ± 0.001;0.941 ± 0.004;0.827 ± 0.033
btad/02;50;dinomaly;5;0.818 ± 0.012;0.969 ± 0.002;0.577 ± 0.033;0.531 ± 0.036;0.965 ± 0.000;0.936 ± 0.002;0.802 ± 0.031
btad/02;50;galad;5;0.919 ± 0.005;0.987 ± 0.001;0.784 ± 0.013;0.723 ± 0.016;0.971 ± 0.000;0.974 ± 0.001;0.872 ± 0.040
btad/02;50;padim;5;0.688 ± 0.026;0.948 ± 0.005;0.546 ± 0.020;0.513 ± 0.026;0.943 ± 0.005;0.865 ± 0.015;0.706 ± 0.024
btad/02;50;patchcore;5;0.889 ± 0.005;0.982 ± 0.001;0.708 ± 0.049;0.602 ± 0.016;0.965 ± 0.000;0.937 ± 0.004;0.823 ± 0.045
btad/02;50;reverse_distillation;5;0.837 ± 0.010;0.972 ± 0.002;0.540 ± 0.008;0.522 ± 0.014;0.969 ± 0.001;0.947 ± 0.003;0.797 ± 0.031
btad/03;2;galad;5;0.997 ± 0.004;0.978 ± 0.027;0.994 ± 0.014;0.981 ± 0.029;0.996 ± 0.004;1.000 ± 0.000;0.904 ± 0.052
btad/03;2;patchcore;5;0.972 ± 0.021;0.805 ± 0.069;0.916 ± 0.084;0.858 ± 0.106;0.963 ± 0.007;0.987 ± 0.009;0.792 ± 0.043
btad/03;2;reverse_distillation;5;0.998 ± 0.001;0.979 ± 0.010;1.000;0.994 ± 0.014;0.989 ± 0.002;0.983 ± 0.010;0.904 ± 0.024
btad/03;5;dinomaly;5;0.998 ± 0.001;0.973 ± 0.007;1.000;1.000;0.991 ± 0.001;0.984 ± 0.008;0.903 ± 0.032
btad/03;5;galad;5;1.000 ± 0.000;1.000 ± 0.001;1.000;1.000;0.998 ± 0.001;1.000;0.929 ± 0.041
btad/03;5;padim;5;0.495 ± 0.098;0.129 ± 0.078;0.161 ± 0.082;0.103 ± 0.074;0.783 ± 0.043;0.679 ± 0.077;0.234 ± 0.088
btad/03;5;patchcore;5;0.950 ± 0.046;0.802 ± 0.086;0.903 ± 0.094;0.806 ± 0.102;0.963 ± 0.003;0.995 ± 0.002;0.785 ± 0.042
btad/03;5;reverse_distillation;5;0.999 ± 0.001;0.991 ± 0.015;1.000;1.000;0.984 ± 0.008;0.984 ± 0.013;0.889 ± 0.023
btad/03;10;dinomaly;5;0.898 ± 0.220;0.847 ± 0.272;0.871 ± 0.271;0.845 ± 0.274;0.978 ± 0.033;0.970 ± 0.042;0.847 ± 0.114
btad/03;10;galad;5;1.000 ± 0.000;0.997 ± 0.003;1.000;1.000;0.999 ± 0.000;1.000;0.896 ± 0.077
btad/03;10;padim;5;0.521 ± 0.097;0.120 ± 0.045;0.219 ± 0.090;0.123 ± 0.083;0.786 ± 0.042;0.731 ± 0.076;0.240 ± 0.089
btad/03;10;patchcore;5;0.943 ± 0.031;0.832 ± 0.026;0.916 ± 0.049;0.897 ± 0.058;0.963 ± 0.003;0.996 ± 0.001;0.805 ± 0.023
btad/03;10;reverse_distillation;5;1.000 ± 0.000;0.997 ± 0.004;1.000;1.000;0.980 ± 0.003;0.987 ± 0.012;0.873 ± 0.012
btad/03;20;dinomaly;5;0.999 ± 0.000;0.985 ± 0.005;1.000;1.000;0.989 ± 0.001;0.985 ± 0.007;0.897 ± 0.025
btad/03;20;galad;5;1.000 ± 0.000;0.995 ± 0.003;1.000;1.000;0.999 ± 0.000;1.000;0.893 ± 0.069
btad/03;20;padim;5;0.509 ± 0.111;0.153 ± 0.080;0.187 ± 0.122;0.142 ± 0.087;0.780 ± 0.035;0.711 ± 0.078;0.209 ± 0.092
btad/03;20;patchcore;5;0.901 ± 0.035;0.800 ± 0.017;0.852 ± 0.029;0.800 ± 0.027;0.959 ± 0.001;0.996 ± 0.001;0.787 ± 0.017
btad/03;20;reverse_distillation;5;0.999 ± 0.001;0.993 ± 0.004;1.000;1.000;0.975 ± 0.004;0.984 ± 0.009;0.837 ± 0.021
btad/03;50;dinomaly;5;0.998 ± 0.000;0.978 ± 0.004;1.000;1.000;0.982 ± 0.003;0.988 ± 0.008;0.865 ± 0.039
btad/03;50;galad;5;1.000 ± 0.000;0.996 ± 0.002;1.000;1.000;0.999 ± 0.000;1.000;0.838 ± 0.094
btad/03;50;padim;5;0.512 ± 0.108;0.142 ± 0.085;0.213 ± 0.115;0.135 ± 0.087;0.748 ± 0.018;0.679 ± 0.069;0.143 ± 0.034
btad/03;50;patchcore;5;0.892 ± 0.045;0.816 ± 0.050;0.813 ± 0.062;0.794 ± 0.054;0.958 ± 0.001;0.996 ± 0.001;0.760 ± 0.022
btad/03;50;reverse_distillation;5;0.967 ± 0.021;0.929 ± 0.031;0.929 ± 0.042;0.923 ± 0.029;0.960 ± 0.003;0.987 ± 0.012;0.774 ± 0.020
mvtec_AD/bottle;2;galad;5;0.998 ± 0.001;0.999 ± 0.000;0.997 ± 0.007;0.990 ± 0.009;0.988 ± 0.003;1.000;0.958 ± 0.019
mvtec_AD/bottle;2;patchcore;5;0.996 ± 0.002;0.999 ± 0.001;0.987 ± 0.007;0.981 ± 0.013;0.953 ± 0.003;0.988 ± 0.003;0.902 ± 0.033
mvtec_AD/bottle;2;reverse_distillation;5;0.995 ± 0.004;0.998 ± 0.001;0.997 ± 0.007;0.981 ± 0.013;0.956 ± 0.004;0.982 ± 0.004;0.920 ± 0.018
mvtec_AD/bottle;5;dinomaly;5;1.000;1.000;1.000;1.000;0.988 ± 0.001;1.000 ± 0.000;0.950 ± 0.027
mvtec_AD/bottle;5;galad;5;0.988 ± 0.007;0.996 ± 0.002;0.987 ± 0.007;0.956 ± 0.048;0.989 ± 0.000;1.000;0.914 ± 0.060
mvtec_AD/bottle;5;padim;5;0.953 ± 0.020;0.987 ± 0.006;0.911 ± 0.038;0.892 ± 0.036;0.810 ± 0.042;0.868 ± 0.044;0.736 ± 0.074
mvtec_AD/bottle;5;patchcore;5;0.995 ± 0.006;0.999 ± 0.002;0.997 ± 0.007;0.987 ± 0.013;0.953 ± 0.003;0.990 ± 0.002;0.898 ± 0.020
mvtec_AD/bottle;5;reverse_distillation;5;0.994 ± 0.004;0.998 ± 0.001;0.987 ± 0.007;0.984 ± 0.011;0.955 ± 0.003;0.983 ± 0.004;0.922 ± 0.021
mvtec_AD/bottle;10;dinomaly;5;0.996 ± 0.007;0.999 ± 0.002;0.994 ± 0.014;0.990 ± 0.014;0.983 ± 0.006;0.999 ± 0.002;0.921 ± 0.040
mvtec_AD/bottle;10;galad;5;0.993 ± 0.005;0.998 ± 0.002;0.987 ± 0.007;0.981 ± 0.007;0.989 ± 0.000;1.000;0.917 ± 0.025
mvtec_AD/bottle;10;padim;5;0.924 ± 0.037;0.980 ± 0.010;0.883 ± 0.057;0.876 ± 0.057;0.801 ± 0.050;0.854 ± 0.067;0.722 ± 0.129
mvtec_AD/bottle;10;patchcore;5;0.993 ± 0.006;0.998 ± 0.001;0.987 ± 0.007;0.987 ± 0.007;0.952 ± 0.001;0.990 ± 0.001;0.892 ± 0.032
mvtec_AD/bottle;10;reverse_distillation;5;0.993 ± 0.004;0.998 ± 0.001;0.984;0.984;0.950 ± 0.002;0.982 ± 0.001;0.911 ± 0.015
mvtec_AD/bottle;20;dinomaly;5;0.995 ± 0.012;0.999 ± 0.003;0.990 ± 0.021;0.990 ± 0.021;0.980 ± 0.016;0.996 ± 0.007;0.925 ± 0.047
mvtec_AD/bottle;20;galad;5;0.994 ± 0.004;0.998 ± 0.001;0.990 ± 0.009;0.978 ± 0.009;0.990 ± 0.000;1.000;0.888 ± 0.061
mvtec_AD/bottle;20;padim;5;0.858 ± 0.072;0.960 ± 0.022;0.771 ± 0.103;0.762 ± 0.112;0.772 ± 0.068;0.818 ± 0.105;0.620 ± 0.173
mvtec_AD/bottle;20;patchcore;5;0.992 ± 0.012;0.998 ± 0.003;0.987 ± 0.013;0.987 ± 0.013;0.951 ± 0.001;0.991 ± 0.001;0.912 ± 0.022
mvtec_AD/bottle;20;reverse_distillation;5;0.991 ± 0.002;0.998 ± 0.000;0.984;0.981 ± 0.007;0.945 ± 0.002;0.980 ± 0.002;0.909 ± 0.028
mvtec_AD/bottle;50;dinomaly;5;0.999 ± 0.001;1.000 ± 0.000;1.000;1.000;0.985 ± 0.004;0.999 ± 0.000;0.941 ± 0.018
mvtec_AD/bottle;50;galad;5;0.994 ± 0.004;0.998 ± 0.001;0.994 ± 0.009;0.978 ± 0.009;0.990 ± 0.000;1.000;0.887 ± 0.097
mvtec_AD/bottle;50;padim;5;0.566 ± 0.160;0.844 ± 0.073;0.390 ± 0.219;0.359 ± 0.221;0.682 ± 0.076;0.617 ± 0.227;0.359 ± 0.182
mvtec_AD/bottle;50;patchcore;5;0.993 ± 0.007;0.998 ± 0.002;0.987 ± 0.013;0.981 ± 0.007;0.949 ± 0.001;0.991 ± 0.001;0.916 ± 0.018
mvtec_AD/bottle;50;reverse_distillation;5;0.994 ± 0.003;0.998 ± 0.001;0.984;0.984;0.928 ± 0.002;0.970 ± 0.002;0.870 ± 0.018
mvtec_AD/cable;2;galad;5;0.847 ± 0.058;0.913 ± 0.030;0.633 ± 0.101;0.563 ± 0.080;0.958 ± 0.009;0.984 ± 0.011;0.920 ± 0.016
mvtec_AD/cable;2;patchcore;5;0.861 ± 0.044;0.924 ± 0.023;0.665 ± 0.095;0.615 ± 0.076;0.945 ± 0.005;0.971 ± 0.011;0.830 ± 0.027
mvtec_AD/cable;2;reverse_distillation;5;0.855 ± 0.026;0.911 ± 0.018;0.620 ± 0.112;0.515 ± 0.097;0.929 ± 0.004;0.955 ± 0.006;0.797 ± 0.013
mvtec_AD/cable;5;dinomaly;5;0.932 ± 0.020;0.968 ± 0.009;0.863 ± 0.034;0.850 ± 0.037;0.950 ± 0.005;0.967 ± 0.006;0.856 ± 0.024
mvtec_AD/cable;5;galad;5;0.907 ± 0.051;0.946 ± 0.030;0.752 ± 0.121;0.665 ± 0.133;0.965 ± 0.008;0.993 ± 0.009;0.925 ± 0.018
mvtec_AD/cable;5;padim;5;0.630 ± 0.098;0.725 ± 0.069;0.252 ± 0.081;0.139 ± 0.103;0.895 ± 0.021;0.923 ± 0.038;0.614 ± 0.073
mvtec_AD/cable;5;patchcore;5;0.883 ± 0.034;0.935 ± 0.018;0.704 ± 0.106;0.624 ± 0.066;0.953 ± 0.005;0.980 ± 0.008;0.850 ± 0.021
mvtec_AD/cable;5;reverse_distillation;5;0.856 ± 0.038;0.919 ± 0.025;0.685 ± 0.092;0.633 ± 0.073;0.922 ± 0.005;0.951 ± 0.006;0.813 ± 0.032
mvtec_AD/cable;10;dinomaly;5;0.898 ± 0.066;0.949 ± 0.038;0.807 ± 0.141;0.793 ± 0.146;0.944 ± 0.010;0.965 ± 0.005;0.831 ± 0.041
mvtec_AD/cable;10;galad;5;0.940 ± 0.023;0.965 ± 0.013;0.791 ± 0.107;0.717 ± 0.076;0.970 ± 0.004;0.997 ± 0.002;0.906 ± 0.039
mvtec_AD/cable;10;padim;5;0.664 ± 0.106;0.742 ± 0.082;0.283 ± 0.121;0.102 ± 0.072;0.911 ± 0.018;0.951 ± 0.010;0.693 ± 0.046
mvtec_AD/cable;10;patchcore;5;0.900 ± 0.026;0.946 ± 0.013;0.789 ± 0.048;0.696 ± 0.048;0.959 ± 0.002;0.987 ± 0.006;0.873 ± 0.043
mvtec_AD/cable;10;reverse_distillation;5;0.837 ± 0.039;0.909 ± 0.022;0.613 ± 0.080;0.567 ± 0.064;0.919 ± 0.003;0.949 ± 0.004;0.803 ± 0.013
mvtec_AD/cable;20;dinomaly;5;0.890 ± 0.094;0.944 ± 0.054;0.796 ± 0.177;0.787 ± 0.173;0.940 ± 0.012;0.961 ± 0.012;0.838 ± 0.066
mvtec_AD/cable;20;galad;5;0.951 ± 0.013;0.970 ± 0.008;0.796 ± 0.076;0.733 ± 0.055;0.972 ± 0.002;0.998 ± 0.001;0.904 ± 0.018
mvtec_AD/cable;20;padim;5;0.690 ± 0.097;0.750 ± 0.071;0.296 ± 0.119;0.093 ± 0.079;0.922 ± 0.014;0.961 ± 0.010;0.724 ± 0.025
mvtec_AD/cable;20;patchcore;5;0.905 ± 0.011;0.949 ± 0.005;0.793 ± 0.043;0.693 ± 0.021;0.962 ± 0.001;0.986 ± 0.003;0.852 ± 0.041
mvtec_AD/cable;20;reverse_distillation;5;0.813 ± 0.026;0.900 ± 0.012;0.628 ± 0.025;0.587 ± 0.020;0.912 ± 0.002;0.944 ± 0.001;0.803 ± 0.023
mvtec_AD/cable;50;dinomaly;5;0.949 ± 0.024;0.976 ± 0.011;0.913 ± 0.020;0.896 ± 0.035;0.953 ± 0.009;0.969 ± 0.004;0.875 ± 0.029
mvtec_AD/cable;50;galad;5;0.961 ± 0.008;0.976 ± 0.005;0.861 ± 0.044;0.800 ± 0.050;0.973 ± 0.001;0.998 ± 0.001;0.915 ± 0.037
mvtec_AD/cable;50;padim;5;0.745 ± 0.045;0.796 ± 0.024;0.354 ± 0.062;0.137 ± 0.114;0.933 ± 0.010;0.962 ± 0.014;0.738 ± 0.046
mvtec_AD/cable;50;patchcore;5;0.922 ± 0.009;0.958 ± 0.004;0.815 ± 0.045;0.735 ± 0.041;0.965 ± 0.001;0.989 ± 0.000;0.881 ± 0.038
mvtec_AD/cable;50;reverse_distillation;5;0.814 ± 0.034;0.897 ± 0.017;0.598 ± 0.053;0.524 ± 0.055;0.912 ± 0.003;0.942 ± 0.002;0.782 ± 0.007
mvtec_AD/capsule;2;galad;5;0.859 ± 0.035;0.967 ± 0.011;0.611 ± 0.115;0.591 ± 0.144;0.987 ± 0.002;1.000;0.941 ± 0.022
mvtec_AD/capsule;2;patchcore;5;0.713 ± 0.060;0.912 ± 0.024;0.261 ± 0.085;0.200 ± 0.085;0.959 ± 0.002;0.985 ± 0.004;0.780 ± 0.044
mvtec_AD/capsule;2;reverse_distillation;5;0.737 ± 0.040;0.927 ± 0.014;0.367 ± 0.061;0.281 ± 0.077;0.964 ± 0.002;0.946 ± 0.010;0.831 ± 0.023
mvtec_AD/capsule;5;dinomaly;5;0.827 ± 0.061;0.958 ± 0.020;0.593 ± 0.156;0.527 ± 0.120;0.965 ± 0.002;0.999 ± 0.000;0.885 ± 0.039
mvtec_AD/capsule;5;galad;5;0.869 ± 0.040;0.968 ± 0.011;0.653 ± 0.134;0.578 ± 0.148;0.988 ± 0.002;1.000;0.943 ± 0.007
mvtec_AD/capsule;5;padim;5;0.635 ± 0.051;0.862 ± 0.015;0.125 ± 0.046;0.042 ± 0.033;0.930 ± 0.015;0.961 ± 0.023;0.721 ± 0.070
mvtec_AD/capsule;5;patchcore;5;0.787 ± 0.025;0.942 ± 0.011;0.470 ± 0.124;0.374 ± 0.153;0.962 ± 0.002;0.984 ± 0.011;0.797 ± 0.039
mvtec_AD/capsule;5;reverse_distillation;5;0.829 ± 0.010;0.958 ± 0.003;0.565 ± 0.051;0.457 ± 0.067;0.968 ± 0.005;0.954 ± 0.016;0.842 ± 0.033
mvtec_AD/capsule;10;dinomaly;5;0.790 ± 0.038;0.947 ± 0.015;0.450 ± 0.127;0.439 ± 0.118;0.965 ± 0.003;0.999 ± 0.000;0.871 ± 0.053
mvtec_AD/capsule;10;galad;5;0.818 ± 0.118;0.946 ± 0.050;0.525 ± 0.259;0.462 ± 0.212;0.977 ± 0.018;1.000;0.895 ± 0.136
mvtec_AD/capsule;10;padim;5;0.633 ± 0.050;0.864 ± 0.013;0.149 ± 0.120;0.092 ± 0.099;0.929 ± 0.018;0.960 ± 0.018;0.730 ± 0.076
mvtec_AD/capsule;10;patchcore;5;0.791 ± 0.024;0.944 ± 0.010;0.481 ± 0.088;0.415 ± 0.081;0.963 ± 0.002;0.987 ± 0.004;0.805 ± 0.031
mvtec_AD/capsule;10;reverse_distillation;5;0.865 ± 0.072;0.966 ± 0.021;0.611 ± 0.225;0.585 ± 0.245;0.965 ± 0.004;0.963 ± 0.011;0.830 ± 0.029
mvtec_AD/capsule;20;dinomaly;5;0.786 ± 0.024;0.945 ± 0.010;0.461 ± 0.092;0.420 ± 0.100;0.966 ± 0.003;0.999 ± 0.000;0.892 ± 0.021
mvtec_AD/capsule;20;galad;5;0.877 ± 0.015;0.971 ± 0.004;0.655 ± 0.049;0.613 ± 0.030;0.988 ± 0.002;1.000;0.972 ± 0.016
mvtec_AD/capsule;20;padim;5;0.606 ± 0.081;0.855 ± 0.019;0.117 ± 0.070;0.062 ± 0.086;0.926 ± 0.018;0.947 ± 0.019;0.690 ± 0.032
mvtec_AD/capsule;20;patchcore;5;0.834 ± 0.024;0.957 ± 0.010;0.620 ± 0.035;0.517 ± 0.090;0.966 ± 0.002;0.990 ± 0.000;0.865 ± 0.046
mvtec_AD/capsule;20;reverse_distillation;5;0.934 ± 0.028;0.985 ± 0.008;0.826 ± 0.163;0.752 ± 0.136;0.962 ± 0.003;0.962 ± 0.008;0.834 ± 0.024
mvtec_AD/capsule;50;dinomaly;5;0.785 ± 0.079;0.940 ± 0.039;0.468 ± 0.191;0.433 ± 0.202;0.962 ± 0.009;0.999 ± 0.000;0.896 ± 0.025
mvtec_AD/capsule;50;galad;5;0.904 ± 0.015;0.978 ± 0.004;0.743 ± 0.061;0.727 ± 0.074;0.989 ± 0.001;1.000;0.971 ± 0.018
mvtec_AD/capsule;50;padim;5;0.629 ± 0.144;0.865 ± 0.042;0.174 ± 0.119;0.083 ± 0.034;0.912 ± 0.023;0.924 ± 0.038;0.602 ± 0.087
mvtec_AD/capsule;50;patchcore;5;0.859 ± 0.013;0.968 ± 0.003;0.655 ± 0.026;0.560 ± 0.041;0.967 ± 0.001;0.991 ± 0.000;0.864 ± 0.039
mvtec_AD/capsule;50;reverse_distillation;5;0.944 ± 0.016;0.989 ± 0.004;0.883 ± 0.041;0.848 ± 0.064;0.962 ± 0.002;0.986 ± 0.004;0.901 ± 0.015
mvtec_AD/carpet;2;galad;5;0.970 ± 0.003;0.990 ± 0.001;0.924 ± 0.034;0.769 ± 0.049;0.997 ± 0.000;1.000;0.915 ± 0.028
mvtec_AD/carpet;2;patchcore;5;0.989 ± 0.003;0.997 ± 0.001;0.953 ± 0.005;0.930 ± 0.005;0.992 ± 0.000;0.998 ± 0.001;0.914 ± 0.029
mvtec_AD/carpet;2;reverse_distillation;5;0.980 ± 0.004;0.994 ± 0.001;0.955 ± 0.008;0.948 ± 0.013;0.991 ± 0.000;0.998 ± 0.001;0.957 ± 0.031
mvtec_AD/carpet;5;dinomaly;5;1.000 ± 0.001;1.000 ± 0.000;0.998 ± 0.005;0.998 ± 0.005;0.994 ± 0.001;1.000 ± 0.000;0.956 ± 0.051
mvtec_AD/carpet;5;galad;5;0.977 ± 0.002;0.993 ± 0.001;0.939 ± 0.020;0.881 ± 0.022;0.996 ± 0.000;1.000;0.910 ± 0.056
mvtec_AD/carpet;5;padim;5;0.839 ± 0.055;0.946 ± 0.023;0.605 ± 0.165;0.575 ± 0.170;0.890 ± 0.049;0.885 ± 0.069;0.717 ± 0.108
mvtec_AD/carpet;5;patchcore;5;0.991 ± 0.001;0.997 ± 0.000;0.955 ± 0.008;0.933 ± 0.016;0.991 ± 0.001;0.998 ± 0.001;0.917 ± 0.059
mvtec_AD/carpet;5;reverse_distillation;5;0.964 ± 0.009;0.990 ± 0.002;0.939 ± 0.017;0.926 ± 0.017;0.988 ± 0.002;0.994 ± 0.001;0.921 ± 0.034
mvtec_AD/carpet;10;dinomaly;5;0.999 ± 0.001;1.000 ± 0.000;0.998 ± 0.005;0.996 ± 0.006;0.990 ± 0.005;0.998 ± 0.001;0.928 ± 0.039
mvtec_AD/carpet;10;galad;5;0.980 ± 0.005;0.994 ± 0.002;0.946 ± 0.012;0.901 ± 0.045;0.996 ± 0.000;1.000;0.934 ± 0.046
mvtec_AD/carpet;10;padim;5;0.845 ± 0.053;0.951 ± 0.020;0.654 ± 0.116;0.607 ± 0.123;0.899 ± 0.048;0.901 ± 0.061;0.721 ± 0.085
mvtec_AD/carpet;10;patchcore;5;0.990 ± 0.002;0.997 ± 0.001;0.960 ± 0.013;0.935 ± 0.012;0.991 ± 0.000;0.999 ± 0.000;0.937 ± 0.034
mvtec_AD/carpet;10;reverse_distillation;5;0.972 ± 0.007;0.992 ± 0.002;0.937 ± 0.017;0.935 ± 0.017;0.988 ± 0.001;0.995 ± 0.002;0.891 ± 0.021
mvtec_AD/carpet;20;dinomaly;5;0.998 ± 0.003;0.999 ± 0.001;0.996 ± 0.010;0.987 ± 0.018;0.990 ± 0.007;0.998 ± 0.002;0.955 ± 0.045
mvtec_AD/carpet;20;galad;5;0.982 ± 0.002;0.994 ± 0.001;0.944 ± 0.008;0.921 ± 0.000;0.997 ± 0.000;1.000;0.895 ± 0.028
mvtec_AD/carpet;20;padim;5;0.862 ± 0.054;0.957 ± 0.018;0.701 ± 0.074;0.652 ± 0.085;0.901 ± 0.048;0.895 ± 0.065;0.733 ± 0.110
mvtec_AD/carpet;20;patchcore;5;0.992 ± 0.002;0.998 ± 0.001;0.966 ± 0.014;0.937 ± 0.010;0.992 ± 0.000;0.998 ± 0.000;0.908 ± 0.053
mvtec_AD/carpet;20;reverse_distillation;5;0.949 ± 0.011;0.986 ± 0.003;0.915 ± 0.017;0.901 ± 0.030;0.988 ± 0.001;0.995 ± 0.001;0.908 ± 0.034
mvtec_AD/carpet;50;dinomaly;5;0.988 ± 0.026;0.996 ± 0.008;0.966 ± 0.075;0.964 ± 0.080;0.990 ± 0.007;0.998 ± 0.003;0.924 ± 0.037
mvtec_AD/carpet;50;galad;5;0.983 ± 0.001;0.995 ± 0.000;0.946 ± 0.005;0.921 ± 0.000;0.996 ± 0.000;1.000;0.885 ± 0.048
mvtec_AD/carpet;50;padim;5;0.876 ± 0.017;0.963 ± 0.006;0.739 ± 0.056;0.692 ± 0.052;0.901 ± 0.043;0.892 ± 0.047;0.733 ± 0.025
mvtec_AD/carpet;50;patchcore;5;0.993 ± 0.001;0.998 ± 0.000;0.971 ± 0.015;0.939 ± 0.017;0.992 ± 0.000;0.998 ± 0.001;0.855 ± 0.022
mvtec_AD/carpet;50;reverse_distillation;5;0.957 ± 0.007;0.988 ± 0.002;0.915 ± 0.015;0.910 ± 0.011;0.989 ± 0.000;0.995 ± 0.001;0.904 ± 0.010
mvtec_AD/grid;2;galad;5;0.867 ± 0.081;0.949 ± 0.034;0.653 ± 0.215;0.635 ± 0.205;0.989 ± 0.001;0.998 ± 0.003;0.955 ± 0.011
mvtec_AD/grid;2;patchcore;5;0.761 ± 0.084;0.876 ± 0.060;0.407 ± 0.245;0.270 ± 0.207;0.829 ± 0.044;0.632 ± 0.160;0.382 ± 0.141
mvtec_AD/grid;2;reverse_distillation;5;0.862 ± 0.045;0.949 ± 0.017;0.684 ± 0.094;0.642 ± 0.085;0.926 ± 0.015;0.831 ± 0.084;0.671 ± 0.063
mvtec_AD/grid;5;dinomaly;5;0.996 ± 0.003;0.999 ± 0.001;0.986 ± 0.015;0.982 ± 0.021;0.993 ± 0.001;0.994 ± 0.005;0.943 ± 0.026
mvtec_AD/grid;5;galad;5;0.976 ± 0.010;0.992 ± 0.004;0.930 ± 0.035;0.895 ± 0.058;0.991 ± 0.000;1.000;0.945 ± 0.037
mvtec_AD/grid;5;padim;5;0.610 ± 0.029;0.813 ± 0.022;0.246 ± 0.033;0.179 ± 0.029;0.779 ± 0.075;0.629 ± 0.134;0.390 ± 0.123
mvtec_AD/grid;5;patchcore;5;0.915 ± 0.031;0.968 ± 0.014;0.761 ± 0.084;0.674 ± 0.138;0.936 ± 0.012;0.857 ± 0.048;0.648 ± 0.082
mvtec_AD/grid;5;reverse_distillation;5;0.946 ± 0.023;0.980 ± 0.009;0.835 ± 0.097;0.804 ± 0.074;0.978 ± 0.004;0.976 ± 0.020;0.854 ± 0.048
mvtec_AD/grid;10;dinomaly;5;0.904 ± 0.214;0.945 ± 0.122;0.807 ± 0.432;0.804 ± 0.430;0.974 ± 0.045;0.988 ± 0.026;0.867 ± 0.151
mvtec_AD/grid;10;galad;5;0.982 ± 0.011;0.993 ± 0.004;0.933 ± 0.072;0.888 ± 0.081;0.991 ± 0.000;1.000;0.940 ± 0.024
mvtec_AD/grid;10;padim;5;0.620 ± 0.060;0.815 ± 0.031;0.246 ± 0.067;0.165 ± 0.124;0.819 ± 0.067;0.672 ± 0.128;0.435 ± 0.127
mvtec_AD/grid;10;patchcore;5;0.939 ± 0.028;0.978 ± 0.011;0.839 ± 0.085;0.782 ± 0.092;0.953 ± 0.014;0.900 ± 0.044;0.734 ± 0.083
mvtec_AD/grid;10;reverse_distillation;5;0.955 ± 0.020;0.984 ± 0.008;0.888 ± 0.040;0.821 ± 0.093;0.986 ± 0.003;0.987 ± 0.009;0.899 ± 0.018
mvtec_AD/grid;20;dinomaly;5;1.000;1.000;1.000;1.000;0.994 ± 0.000;0.997 ± 0.003;0.913 ± 0.048
mvtec_AD/grid;20;galad;5;0.989 ± 0.010;0.996 ± 0.003;0.954 ± 0.040;0.944 ± 0.055;0.991 ± 0.000;1.000;0.954 ± 0.031
mvtec_AD/grid;20;padim;5;0.646 ± 0.063;0.838 ± 0.044;0.281 ± 0.147;0.232 ± 0.163;0.855 ± 0.051;0.738 ± 0.106;0.507 ± 0.110
mvtec_AD/grid;20;patchcore;5;0.971 ± 0.006;0.990 ± 0.003;0.937 ± 0.020;0.895 ± 0.073;0.973 ± 0.004;0.937 ± 0.015;0.848 ± 0.012
mvtec_AD/grid;20;reverse_distillation;5;0.967 ± 0.013;0.989 ± 0.004;0.912 ± 0.051;0.895 ± 0.048;0.992 ± 0.001;0.996 ± 0.006;0.938 ± 0.025
mvtec_AD/grid;50;dinomaly;5;0.999 ± 0.001;1.000 ± 0.000;1.000;0.996 ± 0.008;0.994 ± 0.000;0.998 ± 0.002;0.960 ± 0.020
mvtec_AD/grid;50;galad;5;0.998 ± 0.003;0.999 ± 0.001;0.989 ± 0.016;0.989 ± 0.016;0.991 ± 0.000;1.000;0.967 ± 0.018
mvtec_AD/grid;50;padim;5;0.525 ± 0.122;0.785 ± 0.073;0.256 ± 0.112;0.218 ± 0.111;0.867 ± 0.037;0.738 ± 0.106;0.514 ± 0.105
mvtec_AD/grid;50;patchcore;5;0.987 ± 0.004;0.996 ± 0.001;0.972 ± 0.010;0.968 ± 0.015;0.986 ± 0.002;0.958 ± 0.007;0.868 ± 0.039
mvtec_AD/grid;50;reverse_distillation;5;0.977 ± 0.021;0.991 ± 0.010;0.954 ± 0.034;0.877 ± 0.187;0.995 ± 0.000;1.000 ± 0.000;0.920 ± 0.054
mvtec_AD/hazelnut;2;galad;5;0.745 ± 0.142;0.839 ± 0.095;0.437 ± 0.260;0.380 ± 0.237;0.985 ± 0.009;0.997 ± 0.006;0.838 ± 0.091
mvtec_AD/hazelnut;2;patchcore;5;0.976 ± 0.015;0.987 ± 0.008;0.949 ± 0.024;0.909 ± 0.036;0.961 ± 0.008;0.947 ± 0.005;0.860 ± 0.017
mvtec_AD/hazelnut;2;reverse_distillation;5;0.978 ± 0.010;0.989 ± 0.005;0.946 ± 0.033;0.931 ± 0.033;0.952 ± 0.007;0.939 ± 0.014;0.874 ± 0.022
mvtec_AD/hazelnut;5;dinomaly;5;0.993 ± 0.008;0.996 ± 0.004;0.986 ± 0.020;0.963 ± 0.039;0.986 ± 0.002;0.970 ± 0.018;0.831 ± 0.063
mvtec_AD/hazelnut;5;galad;5;0.906 ± 0.022;0.952 ± 0.012;0.797 ± 0.052;0.737 ± 0.077;0.994 ± 0.001;1.000 ± 0.000;0.957 ± 0.016
mvtec_AD/hazelnut;5;padim;5;0.794 ± 0.037;0.882 ± 0.019;0.540 ± 0.031;0.429 ± 0.048;0.693 ± 0.115;0.684 ± 0.191;0.330 ± 0.195
mvtec_AD/hazelnut;5;patchcore;5;0.990 ± 0.005;0.994 ± 0.003;0.974 ± 0.012;0.954 ± 0.033;0.961 ± 0.005;0.933 ± 0.011;0.837 ± 0.037
mvtec_AD/hazelnut;5;reverse_distillation;5;0.992 ± 0.005;0.996 ± 0.002;0.983 ± 0.012;0.971 ± 0.014;0.956 ± 0.003;0.931 ± 0.004;0.863 ± 0.024
mvtec_AD/hazelnut;10;dinomaly;5;0.985 ± 0.030;0.992 ± 0.014;0.971 ± 0.064;0.951 ± 0.085;0.983 ± 0.013;0.973 ± 0.036;0.872 ± 0.075
mvtec_AD/hazelnut;10;galad;5;0.927 ± 0.027;0.961 ± 0.016;0.800 ± 0.077;0.754 ± 0.096;0.995 ± 0.001;1.000 ± 0.000;0.967 ± 0.025
mvtec_AD/hazelnut;10;padim;5;0.805 ± 0.043;0.890 ± 0.025;0.571 ± 0.055;0.486 ± 0.071;0.675 ± 0.117;0.631 ± 0.225;0.297 ± 0.198
mvtec_AD/hazelnut;10;patchcore;5;0.995 ± 0.003;0.997 ± 0.002;0.986 ± 0.018;0.969 ± 0.012;0.966 ± 0.004;0.940 ± 0.012;0.842 ± 0.020
mvtec_AD/hazelnut;10;reverse_distillation;5;0.983 ± 0.008;0.993 ± 0.003;0.969 ± 0.012;0.960 ± 0.006;0.952 ± 0.002;0.933 ± 0.009;0.865 ± 0.014
mvtec_AD/hazelnut;20;dinomaly;5;0.998 ± 0.003;0.999 ± 0.001;0.997 ± 0.006;0.997 ± 0.006;0.987 ± 0.005;0.987 ± 0.028;0.896 ± 0.071
mvtec_AD/hazelnut;20;galad;5;0.937 ± 0.018;0.968 ± 0.008;0.826 ± 0.043;0.783 ± 0.040;0.996 ± 0.000;1.000 ± 0.000;0.971 ± 0.015
mvtec_AD/hazelnut;20;padim;5;0.776 ± 0.006;0.873 ± 0.003;0.503 ± 0.057;0.429 ± 0.033;0.649 ± 0.131;0.578 ± 0.293;0.260 ± 0.182
mvtec_AD/hazelnut;20;patchcore;5;0.993 ± 0.005;0.997 ± 0.002;0.986 ± 0.010;0.980 ± 0.013;0.965 ± 0.001;0.939 ± 0.011;0.848 ± 0.023
mvtec_AD/hazelnut;20;reverse_distillation;5;0.966 ± 0.009;0.984 ± 0.005;0.923 ± 0.028;0.914 ± 0.020;0.937 ± 0.007;0.919 ± 0.005;0.817 ± 0.020
mvtec_AD/hazelnut;50;dinomaly;5;0.998 ± 0.002;0.999 ± 0.001;0.991 ± 0.013;0.986 ± 0.014;0.986 ± 0.006;0.974 ± 0.046;0.870 ± 0.059
mvtec_AD/hazelnut;50;galad;5;0.959 ± 0.008;0.977 ± 0.004;0.849 ± 0.041;0.817 ± 0.036;0.996 ± 0.000;1.000 ± 0.000;0.972 ± 0.023
mvtec_AD/hazelnut;50;padim;5;0.773 ± 0.004;0.871 ± 0.002;0.489 ± 0.038;0.429 ± 0.040;0.566 ± 0.127;0.420 ± 0.285;0.179 ± 0.148
mvtec_AD/hazelnut;50;patchcore;5;0.992 ± 0.003;0.996 ± 0.001;0.971 ± 0.010;0.969 ± 0.006;0.964 ± 0.003;0.927 ± 0.002;0.836 ± 0.025
mvtec_AD/hazelnut;50;reverse_distillation;5;0.897 ± 0.031;0.947 ± 0.017;0.734 ± 0.070;0.703 ± 0.077;0.912 ± 0.002;0.909 ± 0.003;0.771 ± 0.015
mvtec_AD/leather;2;galad;5;1.000 ± 0.001;1.000 ± 0.000;0.998 ± 0.005;0.998 ± 0.005;0.991 ± 0.001;1.000;0.946 ± 0.061
mvtec_AD/leather;2;patchcore;5;0.988 ± 0.004;0.996 ± 0.001;0.976 ± 0.005;0.963 ± 0.010;0.992 ± 0.001;0.999 ± 0.001;0.924 ± 0.025
mvtec_AD/leather;2;reverse_distillation;5;0.993 ± 0.002;0.998 ± 0.000;0.989 ± 0.008;0.980 ± 0.014;0.988 ± 0.003;0.998 ± 0.001;0.942 ± 0.035
mvtec_AD/leather;5;dinomaly;5;1.000;1.000;1.000;1.000;0.991 ± 0.001;1.000;0.890 ± 0.050
mvtec_AD/leather;5;galad;5;1.000;1.000;1.000;1.000;0.991 ± 0.000;1.000;0.903 ± 0.045
mvtec_AD/leather;5;padim;5;0.892 ± 0.032;0.965 ± 0.011;0.765 ± 0.092;0.715 ± 0.094;0.912 ± 0.029;0.933 ± 0.034;0.808 ± 0.069
mvtec_AD/leather;5;patchcore;5;0.992 ± 0.003;0.997 ± 0.001;0.985 ± 0.006;0.972 ± 0.010;0.992 ± 0.001;0.999 ± 0.001;0.926 ± 0.034
mvtec_AD/leather;5;reverse_distillation;5;0.993 ± 0.002;0.998 ± 0.001;0.989 ± 0.011;0.983 ± 0.016;0.988 ± 0.002;0.998 ± 0.001;0.924 ± 0.048
mvtec_AD/leather;10;dinomaly;5;1.000;1.000;1.000;1.000;0.993 ± 0.000;1.000;0.898 ± 0.039
mvtec_AD/leather;10;galad;5;1.000;1.000;1.000;1.000;0.991 ± 0.000;1.000;0.918 ± 0.076
mvtec_AD/leather;10;padim;5;0.896 ± 0.023;0.966 ± 0.009;0.776 ± 0.065;0.724 ± 0.119;0.920 ± 0.026;0.943 ± 0.026;0.834 ± 0.026
mvtec_AD/leather;10;patchcore;5;0.991 ± 0.003;0.997 ± 0.001;0.983 ± 0.010;0.974 ± 0.015;0.992 ± 0.000;0.999 ± 0.001;0.942 ± 0.037
mvtec_AD/leather;10;reverse_distillation;5;0.995 ± 0.002;0.998 ± 0.001;0.998 ± 0.005;0.980 ± 0.014;0.988 ± 0.002;0.998 ± 0.001;0.924 ± 0.044
mvtec_AD/leather;20;dinomaly;5;1.000;1.000;1.000;1.000;0.993 ± 0.000;1.000;0.907 ± 0.051
mvtec_AD/leather;20;galad;5;1.000;1.000;1.000;1.000;0.992 ± 0.001;1.000;0.944 ± 0.035
mvtec_AD/leather;20;padim;5;0.898 ± 0.020;0.967 ± 0.008;0.800 ± 0.051;0.713 ± 0.106;0.922 ± 0.022;0.947 ± 0.022;0.820 ± 0.030
mvtec_AD/leather;20;patchcore;5;0.994 ± 0.000;0.998 ± 0.000;0.987 ± 0.005;0.980 ± 0.009;0.992 ± 0.000;1.000 ± 0.000;0.930 ± 0.033
mvtec_AD/leather;20;reverse_distillation;5;0.995 ± 0.002;0.998 ± 0.001;0.998 ± 0.005;0.978 ± 0.028;0.991 ± 0.000;0.999 ± 0.000;0.912 ± 0.054
mvtec_AD/leather;50;dinomaly;5;1.000;1.000;1.000;1.000;0.993 ± 0.001;1.000;0.916 ± 0.068
mvtec_AD/leather;50;galad;5;1.000 ± 0.000;1.000 ± 0.000;1.000;1.000;0.992 ± 0.000;1.000;0.963 ± 0.032
mvtec_AD/leather;50;padim;5;0.887 ± 0.026;0.963 ± 0.009;0.748 ± 0.064;0.702 ± 0.082;0.926 ± 0.018;0.951 ± 0.014;0.833 ± 0.029
mvtec_AD/leather;50;patchcore;5;0.995 ± 0.002;0.999 ± 0.001;0.987 ± 0.005;0.978 ± 0.008;0.993 ± 0.000;1.000 ± 0.000;0.920 ± 0.046
mvtec_AD/leather;50;reverse_distillation;5;0.955 ± 0.093;0.983 ± 0.036;0.907 ± 0.209;0.880 ± 0.255;0.991 ± 0.001;0.999 ± 0.000;0.920 ± 0.048
mvtec_AD/metal_nut;2;galad;5;0.901 ± 0.046;0.977 ± 0.011;0.785 ± 0.088;0.742 ± 0.077;0.964 ± 0.015;0.999 ± 0.001;0.945 ± 0.036
mvtec_AD/metal_nut;2;patchcore;5;0.927 ± 0.056;0.981 ± 0.016;0.806 ± 0.159;0.757 ± 0.199;0.895 ± 0.013;0.942 ± 0.020;0.774 ± 0.051
mvtec_AD/metal_nut;2;reverse_distillation;5;0.920 ± 0.033;0.973 ± 0.019;0.867 ± 0.060;0.742 ± 0.184;0.779 ± 0.009;0.916 ± 0.008;0.728 ± 0.034
mvtec_AD/metal_nut;5;dinomaly;5;0.999 ± 0.003;1.000 ± 0.001;0.996 ± 0.010;0.996 ± 0.010;0.923 ± 0.028;0.972 ± 0.004;0.913 ± 0.031
mvtec_AD/metal_nut;5;galad;5;0.939 ± 0.018;0.986 ± 0.004;0.845 ± 0.018;0.822 ± 0.022;0.972 ± 0.004;1.000 ± 0.000;0.918 ± 0.026
mvtec_AD/metal_nut;5;padim;5;0.489 ± 0.021;0.832 ± 0.003;0.170 ± 0.023;0.114 ± 0.028;0.550 ± 0.102;0.344 ± 0.227;0.111 ± 0.090
mvtec_AD/metal_nut;5;patchcore;5;0.980 ± 0.008;0.995 ± 0.002;0.948 ± 0.023;0.914 ± 0.029;0.907 ± 0.010;0.958 ± 0.008;0.805 ± 0.015
mvtec_AD/metal_nut;5;reverse_distillation;5;0.898 ± 0.138;0.966 ± 0.052;0.845 ± 0.184;0.738 ± 0.348;0.765 ± 0.056;0.897 ± 0.061;0.690 ± 0.120
mvtec_AD/metal_nut;10;dinomaly;5;0.938 ± 0.139;0.976 ± 0.054;0.819 ± 0.404;0.817 ± 0.409;0.892 ± 0.085;0.922 ± 0.148;0.800 ± 0.223
mvtec_AD/metal_nut;10;galad;5;0.951 ± 0.025;0.989 ± 0.006;0.867 ± 0.044;0.852 ± 0.055;0.980 ± 0.000;1.000 ± 0.000;0.956 ± 0.017
mvtec_AD/metal_nut;10;padim;5;0.500 ± 0.029;0.834 ± 0.003;0.187 ± 0.043;0.110 ± 0.030;0.556 ± 0.103;0.366 ± 0.281;0.115 ± 0.098
mvtec_AD/metal_nut;10;patchcore;5;0.986 ± 0.004;0.997 ± 0.001;0.953 ± 0.012;0.933 ± 0.016;0.913 ± 0.005;0.969 ± 0.010;0.824 ± 0.024
mvtec_AD/metal_nut;10;reverse_distillation;5;0.899 ± 0.063;0.975 ± 0.017;0.789 ± 0.110;0.729 ± 0.140;0.795 ± 0.026;0.941 ± 0.009;0.716 ± 0.029
mvtec_AD/metal_nut;20;dinomaly;5;0.938 ± 0.139;0.975 ± 0.055;0.822 ± 0.399;0.822 ± 0.399;0.897 ± 0.093;0.919 ± 0.141;0.813 ± 0.221
mvtec_AD/metal_nut;20;galad;5;0.961 ± 0.011;0.991 ± 0.002;0.903 ± 0.019;0.884 ± 0.021;0.980 ± 0.001;1.000 ± 0.000;0.947 ± 0.033
mvtec_AD/metal_nut;20;padim;5;0.494 ± 0.018;0.837 ± 0.006;0.194 ± 0.036;0.127 ± 0.023;0.551 ± 0.099;0.353 ± 0.277;0.100 ± 0.085
mvtec_AD/metal_nut;20;patchcore;5;0.976 ± 0.009;0.995 ± 0.002;0.923 ± 0.034;0.912 ± 0.043;0.911 ± 0.006;0.977 ± 0.002;0.803 ± 0.023
mvtec_AD/metal_nut;20;reverse_distillation;5;0.855 ± 0.029;0.965 ± 0.009;0.692 ± 0.098;0.626 ± 0.108;0.780 ± 0.010;0.942 ± 0.002;0.707 ± 0.015
mvtec_AD/metal_nut;50;dinomaly;5;0.939 ± 0.136;0.976 ± 0.052;0.822 ± 0.399;0.822 ± 0.399;0.888 ± 0.080;0.911 ± 0.143;0.775 ± 0.211
mvtec_AD/metal_nut;50;galad;5;0.960 ± 0.007;0.991 ± 0.002;0.905 ± 0.012;0.895 ± 0.021;0.980 ± 0.001;1.000 ± 0.000;0.939 ± 0.026
mvtec_AD/metal_nut;50;padim;5;0.482 ± 0.016;0.829 ± 0.005;0.181 ± 0.034;0.129 ± 0.054;0.495 ± 0.076;0.251 ± 0.222;0.066 ± 0.064
mvtec_AD/metal_nut;50;patchcore;5;0.971 ± 0.010;0.993 ± 0.002;0.914 ± 0.040;0.880 ± 0.040;0.910 ± 0.004;0.983 ± 0.001;0.817 ± 0.022
mvtec_AD/metal_nut;50;reverse_distillation;5;0.693 ± 0.040;0.912 ± 0.012;0.383 ± 0.084;0.338 ± 0.051;0.762 ± 0.016;0.942 ± 0.006;0.662 ± 0.023
mvtec_AD/pill;2;galad;5;0.892 ± 0.012;0.979 ± 0.002;0.709 ± 0.087;0.670 ± 0.067;0.963 ± 0.009;1.000 ± 0.000;0.905 ± 0.049
mvtec_AD/pill;2;patchcore;5;0.445 ± 0.013;0.839 ± 0.007;0.111 ± 0.014;0.067 ± 0.014;0.780 ± 0.016;0.928 ± 0.011;0.560 ± 0.032
mvtec_AD/pill;2;reverse_distillation;5;0.317 ± 0.037;0.767 ± 0.017;0.020 ± 0.006;0.016 ± 0.003;0.734 ± 0.015;0.897 ± 0.018;0.559 ± 0.051
mvtec_AD/pill;5;dinomaly;5;0.758 ± 0.078;0.952 ± 0.017;0.576 ± 0.077;0.545 ± 0.097;0.713 ± 0.038;0.821 ± 0.082;0.680 ± 0.125
mvtec_AD/pill;5;galad;5;0.904 ± 0.012;0.982 ± 0.002;0.731 ± 0.048;0.679 ± 0.043;0.968 ± 0.012;1.000 ± 0.000;0.955 ± 0.016
mvtec_AD/pill;5;padim;5;0.311 ± 0.016;0.759 ± 0.014;0.014 ± 0.010;0.011 ± 0.011;0.396 ± 0.074;0.389 ± 0.198;0.129 ± 0.092
mvtec_AD/pill;5;patchcore;5;0.434 ± 0.009;0.835 ± 0.005;0.108 ± 0.035;0.055 ± 0.014;0.772 ± 0.010;0.926 ± 0.013;0.544 ± 0.027
mvtec_AD/pill;5;reverse_distillation;5;0.316 ± 0.049;0.772 ± 0.024;0.031 ± 0.010;0.018 ± 0.006;0.753 ± 0.011;0.915 ± 0.012;0.578 ± 0.049
mvtec_AD/pill;10;dinomaly;5;0.852 ± 0.028;0.971 ± 0.006;0.648 ± 0.093;0.618 ± 0.074;0.774 ± 0.013;0.954 ± 0.014;0.843 ± 0.037
mvtec_AD/pill;10;galad;5;0.909 ± 0.015;0.983 ± 0.003;0.742 ± 0.037;0.711 ± 0.017;0.977 ± 0.002;1.000 ± 0.000;0.927 ± 0.033
mvtec_AD/pill;10;padim;5;0.316 ± 0.012;0.760 ± 0.012;0.014 ± 0.010;0.010 ± 0.011;0.387 ± 0.068;0.332 ± 0.204;0.100 ± 0.077
mvtec_AD/pill;10;patchcore;5;0.385 ± 0.028;0.819 ± 0.009;0.081 ± 0.017;0.041 ± 0.008;0.770 ± 0.009;0.923 ± 0.010;0.545 ± 0.018
mvtec_AD/pill;10;reverse_distillation;5;0.275 ± 0.013;0.758 ± 0.011;0.021;0.017 ± 0.004;0.743 ± 0.011;0.883 ± 0.015;0.493 ± 0.045
mvtec_AD/pill;20;dinomaly;5;0.858 ± 0.026;0.973 ± 0.006;0.662 ± 0.060;0.637 ± 0.066;0.779 ± 0.007;0.957 ± 0.011;0.843 ± 0.030
mvtec_AD/pill;20;galad;5;0.912 ± 0.008;0.984 ± 0.002;0.753 ± 0.042;0.723 ± 0.013;0.979 ± 0.001;1.000 ± 0.000;0.927 ± 0.044
mvtec_AD/pill;20;padim;5;0.319 ± 0.018;0.761 ± 0.013;0.014 ± 0.010;0.009 ± 0.008;0.379 ± 0.057;0.285 ± 0.221;0.080 ± 0.076
mvtec_AD/pill;20;patchcore;5;0.380 ± 0.019;0.815 ± 0.006;0.078 ± 0.017;0.037 ± 0.011;0.770 ± 0.008;0.918 ± 0.003;0.515 ± 0.013
mvtec_AD/pill;20;reverse_distillation;5;0.293 ± 0.008;0.761 ± 0.010;0.018 ± 0.004;0.014;0.751 ± 0.010;0.882 ± 0.015;0.481 ± 0.016
mvtec_AD/pill;50;dinomaly;5;0.801 ± 0.018;0.960 ± 0.004;0.570 ± 0.018;0.512 ± 0.018;0.759 ± 0.013;0.930 ± 0.008;0.816 ± 0.019
mvtec_AD/pill;50;galad;5;0.916 ± 0.001;0.984 ± 0.000;0.765 ± 0.032;0.728 ± 0.027;0.979 ± 0.002;1.000 ± 0.000;0.946 ± 0.046
mvtec_AD/pill;50;padim;5;0.316 ± 0.016;0.761 ± 0.011;0.014 ± 0.011;0.009 ± 0.012;0.339 ± 0.029;0.145 ± 0.142;0.033 ± 0.037
mvtec_AD/pill;50;patchcore;5;0.370 ± 0.013;0.802 ± 0.007;0.047 ± 0.018;0.014 ± 0.009;0.764 ± 0.008;0.914 ± 0.005;0.496 ± 0.015
mvtec_AD/pill;50;reverse_distillation;5;0.316 ± 0.018;0.775 ± 0.007;0.014;0.009 ± 0.006;0.730 ± 0.007;0.813 ± 0.013;0.366 ± 0.015
mvtec_AD/screw;2;galad;5;0.523 ± 0.037;0.767 ± 0.032;0.158 ± 0.076;0.096 ± 0.062;0.935 ± 0.014;0.982 ± 0.017;0.710 ± 0.061
mvtec_AD/screw;2;patchcore;5;0.517 ± 0.030;0.750 ± 0.017;0.071 ± 0.021;0.050 ± 0.008;0.944 ± 0.005;0.984 ± 0.007;0.706 ± 0.050
mvtec_AD/screw;2;reverse_distillation;5;0.503 ± 0.032;0.742 ± 0.020;0.079 ± 0.023;0.060 ± 0.031;0.952 ± 0.005;0.988 ± 0.008;0.773 ± 0.024
mvtec_AD/screw;5;dinomaly;5;0.573 ± 0.061;0.778 ± 0.030;0.116 ± 0.060;0.072 ± 0.050;0.975 ± 0.006;0.998 ± 0.001;0.848 ± 0.046
mvtec_AD/screw;5;galad;5;0.551 ± 0.039;0.766 ± 0.034;0.104 ± 0.058;0.067 ± 0.054;0.961 ± 0.017;0.998 ± 0.002;0.780 ± 0.069
mvtec_AD/screw;5;padim;5;0.520 ± 0.022;0.756 ± 0.012;0.101 ± 0.046;0.057 ± 0.015;0.944 ± 0.007;0.997 ± 0.001;0.766 ± 0.014
mvtec_AD/screw;5;patchcore;5;0.563 ± 0.041;0.761 ± 0.017;0.079 ± 0.041;0.052 ± 0.039;0.962 ± 0.004;0.989 ± 0.006;0.766 ± 0.028
mvtec_AD/screw;5;reverse_distillation;5;0.622 ± 0.060;0.817 ± 0.045;0.245 ± 0.122;0.153 ± 0.105;0.973 ± 0.003;0.995 ± 0.004;0.835 ± 0.016
mvtec_AD/screw;10;dinomaly;5;0.591 ± 0.060;0.823 ± 0.042;0.257 ± 0.105;0.212 ± 0.117;0.978 ± 0.003;0.999 ± 0.000;0.859 ± 0.019
mvtec_AD/screw;10;galad;5;0.659 ± 0.108;0.825 ± 0.066;0.225 ± 0.190;0.146 ± 0.176;0.980 ± 0.008;1.000 ± 0.000;0.834 ± 0.051
mvtec_AD/screw;10;padim;5;0.524 ± 0.044;0.763 ± 0.026;0.118 ± 0.053;0.067 ± 0.030;0.950 ± 0.005;0.995 ± 0.005;0.795 ± 0.039
mvtec_AD/screw;10;patchcore;5;0.720 ± 0.054;0.850 ± 0.044;0.244 ± 0.130;0.155 ± 0.125;0.973 ± 0.002;0.991 ± 0.004;0.805 ± 0.055
mvtec_AD/screw;10;reverse_distillation;5;0.731 ± 0.044;0.882 ± 0.034;0.339 ± 0.130;0.255 ± 0.101;0.981 ± 0.001;0.998 ± 0.001;0.883 ± 0.017
mvtec_AD/screw;20;dinomaly;5;0.580 ± 0.059;0.809 ± 0.043;0.200 ± 0.096;0.155 ± 0.088;0.978 ± 0.004;0.999 ± 0.000;0.874 ± 0.006
mvtec_AD/screw;20;galad;5;0.724 ± 0.060;0.869 ± 0.049;0.338 ± 0.170;0.250 ± 0.138;0.988 ± 0.001;1.000 ± 0.000;0.880 ± 0.038
mvtec_AD/screw;20;padim;5;0.490 ± 0.054;0.746 ± 0.035;0.104 ± 0.067;0.069 ± 0.042;0.956 ± 0.006;0.995 ± 0.004;0.800 ± 0.043
mvtec_AD/screw;20;patchcore;5;0.832 ± 0.045;0.928 ± 0.021;0.528 ± 0.112;0.439 ± 0.079;0.981 ± 0.002;0.990 ± 0.003;0.826 ± 0.060
mvtec_AD/screw;20;reverse_distillation;5;0.834 ± 0.034;0.937 ± 0.019;0.602 ± 0.036;0.472 ± 0.135;0.987 ± 0.001;0.998 ± 0.001;0.879 ± 0.023
mvtec_AD/screw;50;dinomaly;5;0.665 ± 0.032;0.861 ± 0.017;0.339 ± 0.057;0.262 ± 0.080;0.984 ± 0.001;0.999 ± 0.000;0.892 ± 0.028
mvtec_AD/screw;50;galad;5;0.801 ± 0.036;0.912 ± 0.022;0.437 ± 0.031;0.334 ± 0.079;0.987 ± 0.002;1.000 ± 0.000;0.914 ± 0.011
mvtec_AD/screw;50;padim;5;0.515 ± 0.060;0.747 ± 0.035;0.092 ± 0.025;0.059 ± 0.028;0.965 ± 0.006;0.995 ± 0.004;0.828 ± 0.048
mvtec_AD/screw;50;patchcore;5;0.929 ± 0.028;0.972 ± 0.012;0.755 ± 0.126;0.666 ± 0.147;0.987 ± 0.001;0.992 ± 0.003;0.879 ± 0.055
mvtec_AD/screw;50;reverse_distillation;5;0.767 ± 0.023;0.921 ± 0.009;0.578 ± 0.043;0.558 ± 0.046;0.990 ± 0.001;0.998 ± 0.001;0.888 ± 0.042
mvtec_AD/tile;2;galad;5;1.000;1.000;1.000;1.000;0.983 ± 0.002;1.000;0.946 ± 0.033
mvtec_AD/tile;2;patchcore;5;0.986 ± 0.002;0.994 ± 0.001;0.976 ± 0.008;0.936 ± 0.026;0.946 ± 0.001;0.989 ± 0.002;0.917 ± 0.042
mvtec_AD/tile;2;reverse_distillation;5;0.958 ± 0.012;0.983 ± 0.005;0.876 ± 0.043;0.807 ± 0.021;0.929 ± 0.007;0.988 ± 0.003;0.858 ± 0.041
mvtec_AD/tile;5;dinomaly;5;0.998 ± 0.001;0.999 ± 0.000;0.995 ± 0.007;0.990 ± 0.005;0.976 ± 0.001;1.000 ± 0.000;0.960 ± 0.024
mvtec_AD/tile;5;galad;5;1.000;1.000;1.000;1.000;0.983 ± 0.001;1.000;0.950 ± 0.051
mvtec_AD/tile;5;padim;5;0.846 ± 0.028;0.941 ± 0.012;0.645 ± 0.096;0.552 ± 0.072;0.753 ± 0.041;0.777 ± 0.058;0.577 ± 0.070
mvtec_AD/tile;5;patchcore;5;0.987 ± 0.008;0.995 ± 0.003;0.974 ± 0.023;0.945 ± 0.034;0.945 ± 0.002;0.991 ± 0.000;0.911 ± 0.044
mvtec_AD/tile;5;reverse_distillation;5;0.961 ± 0.006;0.985 ± 0.002;0.902 ± 0.035;0.817 ± 0.023;0.924 ± 0.004;0.984 ± 0.004;0.879 ± 0.051
mvtec_AD/tile;10;dinomaly;5;1.000 ± 0.001;1.000 ± 0.000;1.000;0.995 ± 0.011;0.972 ± 0.003;0.999 ± 0.001;0.936 ± 0.022
mvtec_AD/tile;10;galad;5;1.000;1.000;1.000;1.000;0.981 ± 0.000;1.000;0.956 ± 0.034
mvtec_AD/tile;10;padim;5;0.864 ± 0.043;0.947 ± 0.018;0.667 ± 0.065;0.607 ± 0.116;0.774 ± 0.038;0.804 ± 0.054;0.628 ± 0.069
mvtec_AD/tile;10;patchcore;5;0.988 ± 0.005;0.995 ± 0.002;0.974 ± 0.013;0.941 ± 0.033;0.945 ± 0.002;0.990 ± 0.002;0.926 ± 0.020
mvtec_AD/tile;10;reverse_distillation;5;0.968 ± 0.006;0.987 ± 0.002;0.888 ± 0.018;0.831 ± 0.042;0.917 ± 0.005;0.974 ± 0.003;0.841 ± 0.030
mvtec_AD/tile;20;dinomaly;5;0.999 ± 0.000;1.000 ± 0.000;1.000;0.993 ± 0.007;0.973 ± 0.003;0.999 ± 0.000;0.919 ± 0.031
mvtec_AD/tile;20;galad;5;1.000;1.000;1.000;1.000;0.981 ± 0.001;1.000;0.912 ± 0.037
mvtec_AD/tile;20;padim;5;0.872 ± 0.023;0.951 ± 0.012;0.729 ± 0.083;0.624 ± 0.113;0.789 ± 0.038;0.818 ± 0.052;0.640 ± 0.063
mvtec_AD/tile;20;patchcore;5;0.995 ± 0.001;0.998 ± 0.000;0.981 ± 0.007;0.976 ± 0.000;0.944 ± 0.002;0.988 ± 0.002;0.894 ± 0.036
mvtec_AD/tile;20;reverse_distillation;5;0.973 ± 0.011;0.990 ± 0.004;0.898 ± 0.045;0.864 ± 0.018;0.921 ± 0.001;0.977 ± 0.006;0.866 ± 0.009
mvtec_AD/tile;50;dinomaly;5;0.959 ± 0.090;0.983 ± 0.036;0.902 ± 0.212;0.881 ± 0.240;0.920 ± 0.123;0.910 ± 0.200;0.828 ± 0.272
mvtec_AD/tile;50;galad;5;1.000;1.000;1.000;1.000;0.980 ± 0.001;1.000;0.924 ± 0.028
mvtec_AD/tile;50;padim;5;0.878 ± 0.022;0.955 ± 0.008;0.726 ± 0.037;0.636 ± 0.068;0.801 ± 0.039;0.834 ± 0.049;0.666 ± 0.062
mvtec_AD/tile;50;patchcore;5;0.994 ± 0.003;0.998 ± 0.001;0.986 ± 0.010;0.971 ± 0.011;0.944 ± 0.001;0.988 ± 0.001;0.923 ± 0.036
mvtec_AD/tile;50;reverse_distillation;5;0.977 ± 0.005;0.991 ± 0.002;0.926 ± 0.021;0.881 ± 0.049;0.929 ± 0.004;0.982 ± 0.009;0.865 ± 0.021
mvtec_AD/toothbrush;2;galad;5;0.887 ± 0.041;0.958 ± 0.016;0.727 ± 0.095;0.680 ± 0.099;0.989 ± 0.008;1.000;0.940 ± 0.040
mvtec_AD/toothbrush;2;patchcore;5;0.919 ± 0.020;0.970 ± 0.007;0.833 ± 0.105;0.707 ± 0.037;0.812 ± 0.015;0.371 ± 0.028;0.243 ± 0.024
mvtec_AD/toothbrush;2;reverse_distillation;5;0.923 ± 0.025;0.971 ± 0.011;0.773 ± 0.112;0.760 ± 0.114;0.960 ± 0.007;0.929 ± 0.032;0.784 ± 0.050
mvtec_AD/toothbrush;5;dinomaly;5;1.000;1.000;1.000;1.000;0.964 ± 0.011;0.935 ± 0.033;0.834 ± 0.036
mvtec_AD/toothbrush;5;galad;5;0.945 ± 0.041;0.980 ± 0.017;0.860 ± 0.114;0.833 ± 0.139;0.992 ± 0.004;1.000;0.953 ± 0.038
mvtec_AD/toothbrush;5;padim;5;0.487 ± 0.019;0.785 ± 0.004;0.320 ± 0.018;0.280 ± 0.045;0.697 ± 0.166;0.508 ± 0.324;0.175 ± 0.150
mvtec_AD/toothbrush;5;patchcore;5;0.908 ± 0.021;0.965 ± 0.008;0.767 ± 0.091;0.673 ± 0.028;0.792 ± 0.015;0.328 ± 0.018;0.215 ± 0.011
mvtec_AD/toothbrush;5;reverse_distillation;5;0.971 ± 0.018;0.989 ± 0.007;0.913 ± 0.051;0.880 ± 0.080;0.963 ± 0.010;0.929 ± 0.039;0.784 ± 0.042
mvtec_AD/toothbrush;10;dinomaly;5;0.998 ± 0.002;0.999 ± 0.001;0.993 ± 0.015;0.980 ± 0.018;0.977 ± 0.008;0.987 ± 0.013;0.910 ± 0.037
mvtec_AD/toothbrush;10;galad;5;0.979 ± 0.011;0.993 ± 0.003;0.967;0.953 ± 0.030;0.994 ± 0.000;1.000;0.977 ± 0.012
mvtec_AD/toothbrush;10;padim;5;0.482 ± 0.031;0.784 ± 0.006;0.320 ± 0.018;0.280 ± 0.051;0.664 ± 0.175;0.453 ± 0.312;0.145 ± 0.122
mvtec_AD/toothbrush;10;patchcore;5;0.903 ± 0.015;0.963 ± 0.006;0.740 ± 0.055;0.687 ± 0.065;0.768 ± 0.017;0.298 ± 0.027;0.191 ± 0.015
mvtec_AD/toothbrush;10;reverse_distillation;5;0.968 ± 0.014;0.988 ± 0.005;0.900 ± 0.053;0.853 ± 0.030;0.949 ± 0.005;0.926 ± 0.014;0.755 ± 0.030
mvtec_AD/toothbrush;20;dinomaly;5;0.994 ± 0.007;0.998 ± 0.003;0.987 ± 0.018;0.967 ± 0.041;0.942 ± 0.052;0.919 ± 0.096;0.799 ± 0.131
mvtec_AD/toothbrush;20;galad;5;0.972 ± 0.004;0.991 ± 0.001;0.953 ± 0.030;0.953 ± 0.030;0.994 ± 0.001;1.000;0.983 ± 0.010
mvtec_AD/toothbrush;20;padim;5;0.480 ± 0.031;0.783 ± 0.007;0.320 ± 0.018;0.280 ± 0.051;0.625 ± 0.186;0.365 ± 0.288;0.111 ± 0.108
mvtec_AD/toothbrush;20;patchcore;5;0.883 ± 0.020;0.956 ± 0.007;0.707 ± 0.043;0.673 ± 0.028;0.756 ± 0.009;0.277 ± 0.011;0.180 ± 0.012
mvtec_AD/toothbrush;20;reverse_distillation;5;0.966 ± 0.009;0.987 ± 0.004;0.880 ± 0.051;0.840 ± 0.060;0.942 ± 0.005;0.917 ± 0.013;0.767 ± 0.025
mvtec_AD/toothbrush;50;dinomaly;5;0.996 ± 0.005;0.999 ± 0.002;0.993 ± 0.015;0.973 ± 0.028;0.925 ± 0.074;0.864 ± 0.161;0.759 ± 0.183
mvtec_AD/toothbrush;50;galad;5;0.973 ± 0.003;0.992 ± 0.001;0.967;0.967;0.994 ± 0.001;1.000;0.980 ± 0.007
mvtec_AD/toothbrush;50;padim;5;0.476 ± 0.030;0.782 ± 0.007;0.320 ± 0.018;0.287 ± 0.051;0.512 ± 0.154;0.159 ± 0.149;0.040 ± 0.043
mvtec_AD/toothbrush;50;patchcore;5;0.892 ± 0.020;0.958 ± 0.008;0.700 ± 0.067;0.673 ± 0.072;0.737 ± 0.004;0.252 ± 0.004;0.160 ± 0.003
mvtec_AD/toothbrush;50;reverse_distillation;5;0.937 ± 0.020;0.976 ± 0.007;0.820 ± 0.069;0.733 ± 0.033;0.898 ± 0.002;0.868 ± 0.013;0.660 ± 0.020
mvtec_AD/transistor;2;galad;5;0.695 ± 0.284;0.705 ± 0.265;0.510 ± 0.330;0.450 ± 0.357;0.846 ± 0.052;0.795 ± 0.049;0.585 ± 0.165
mvtec_AD/transistor;2;patchcore;5;0.722 ± 0.052;0.692 ± 0.068;0.415 ± 0.170;0.335 ± 0.115;0.796 ± 0.015;0.812 ± 0.033;0.647 ± 0.027
mvtec_AD/transistor;2;reverse_distillation;5;0.763 ± 0.068;0.677 ± 0.085;0.435 ± 0.183;0.290 ± 0.055;0.715 ± 0.019;0.729 ± 0.014;0.605 ± 0.020
mvtec_AD/transistor;5;dinomaly;5;0.843 ± 0.251;0.838 ± 0.225;0.760 ± 0.329;0.605 ± 0.283;0.826 ± 0.078;0.805 ± 0.042;0.646 ± 0.101
mvtec_AD/transistor;5;galad;5;0.966 ± 0.006;0.961 ± 0.004;0.920 ± 0.021;0.845 ± 0.033;0.928 ± 0.012;0.866 ± 0.031;0.754 ± 0.028
mvtec_AD/transistor;5;padim;5;0.777 ± 0.019;0.751 ± 0.026;0.505 ± 0.072;0.425 ± 0.077;0.871 ± 0.011;0.900 ± 0.022;0.661 ± 0.048
mvtec_AD/transistor;5;patchcore;5;0.763 ± 0.082;0.734 ± 0.091;0.495 ± 0.164;0.360 ± 0.141;0.811 ± 0.012;0.847 ± 0.023;0.681 ± 0.027
mvtec_AD/transistor;5;reverse_distillation;5;0.833 ± 0.039;0.786 ± 0.058;0.550 ± 0.102;0.450 ± 0.143;0.738 ± 0.013;0.748 ± 0.016;0.630 ± 0.022
mvtec_AD/transistor;10;dinomaly;5;0.796 ± 0.222;0.764 ± 0.186;0.525 ± 0.228;0.460 ± 0.210;0.774 ± 0.053;0.716 ± 0.018;0.553 ± 0.073
mvtec_AD/transistor;10;galad;5;0.965 ± 0.006;0.960 ± 0.008;0.915 ± 0.022;0.855 ± 0.037;0.934 ± 0.007;0.880 ± 0.017;0.767 ± 0.025
mvtec_AD/transistor;10;padim;5;0.788 ± 0.029;0.783 ± 0.045;0.590 ± 0.110;0.515 ± 0.095;0.890 ± 0.009;0.935 ± 0.020;0.726 ± 0.048
mvtec_AD/transistor;10;patchcore;5;0.761 ± 0.026;0.712 ± 0.028;0.425 ± 0.059;0.280 ± 0.037;0.818 ± 0.009;0.860 ± 0.015;0.677 ± 0.023
mvtec_AD/transistor;10;reverse_distillation;5;0.885 ± 0.021;0.844 ± 0.022;0.655 ± 0.091;0.555 ± 0.054;0.748 ± 0.004;0.744 ± 0.003;0.637 ± 0.006
mvtec_AD/transistor;20;dinomaly;5;0.760 ± 0.245;0.744 ± 0.211;0.550 ± 0.315;0.480 ± 0.283;0.777 ± 0.060;0.728 ± 0.025;0.564 ± 0.055
mvtec_AD/transistor;20;galad;5;0.974 ± 0.004;0.969 ± 0.002;0.940 ± 0.014;0.910 ± 0.045;0.935 ± 0.005;0.875 ± 0.022;0.771 ± 0.033
mvtec_AD/transistor;20;padim;5;0.800 ± 0.026;0.798 ± 0.050;0.620 ± 0.111;0.555 ± 0.135;0.891 ± 0.010;0.938 ± 0.011;0.688 ± 0.023
mvtec_AD/transistor;20;patchcore;5;0.753 ± 0.023;0.705 ± 0.032;0.405 ± 0.084;0.295 ± 0.065;0.821 ± 0.007;0.870 ± 0.011;0.685 ± 0.018
mvtec_AD/transistor;20;reverse_distillation;5;0.924 ± 0.019;0.904 ± 0.050;0.835 ± 0.084;0.700 ± 0.145;0.756 ± 0.005;0.750 ± 0.005;0.646 ± 0.017
mvtec_AD/transistor;50;dinomaly;5;0.940 ± 0.023;0.920 ± 0.041;0.800 ± 0.100;0.735 ± 0.115;0.848 ± 0.028;0.800 ± 0.056;0.649 ± 0.042
mvtec_AD/transistor;50;galad;5;0.969 ± 0.002;0.965 ± 0.002;0.915 ± 0.014;0.905 ± 0.011;0.937 ± 0.004;0.874 ± 0.012;0.767 ± 0.018
mvtec_AD/transistor;50;padim;5;0.751 ± 0.093;0.771 ± 0.064;0.565 ± 0.101;0.530 ± 0.102;0.886 ± 0.019;0.936 ± 0.015;0.681 ± 0.076
mvtec_AD/transistor;50;patchcore;5;0.768 ± 0.010;0.716 ± 0.015;0.440 ± 0.038;0.275 ± 0.047;0.830 ± 0.002;0.884 ± 0.005;0.698 ± 0.016
mvtec_AD/transistor;50;reverse_distillation;5;0.922 ± 0.018;0.913 ± 0.023;0.840 ± 0.063;0.755 ± 0.093;0.756 ± 0.002;0.751 ± 0.006;0.639 ± 0.018
mvtec_AD/wood;2;galad;5;0.963 ± 0.014;0.988 ± 0.005;0.857 ± 0.123;0.693 ± 0.092;0.968 ± 0.003;0.997 ± 0.005;0.913 ± 0.036
mvtec_AD/wood;2;patchcore;5;0.983 ± 0.004;0.995 ± 0.001;0.963 ± 0.007;0.883 ± 0.062;0.914 ± 0.009;0.976 ± 0.009;0.880 ± 0.055
mvtec_AD/wood;2;reverse_distillation;5;0.983 ± 0.004;0.995 ± 0.001;0.960 ± 0.009;0.957 ± 0.009;0.934 ± 0.007;0.988 ± 0.005;0.934 ± 0.030
mvtec_AD/wood;5;dinomaly;5;0.984 ± 0.006;0.995 ± 0.002;0.940 ± 0.009;0.863 ± 0.040;0.960 ± 0.007;0.993 ± 0.004;0.918 ± 0.026
mvtec_AD/wood;5;galad;5;0.961 ± 0.015;0.986 ± 0.005;0.823 ± 0.066;0.650 ± 0.072;0.969 ± 0.003;0.999 ± 0.000;0.926 ± 0.019
mvtec_AD/wood;5;padim;5;0.962 ± 0.012;0.988 ± 0.003;0.850 ± 0.029;0.787 ± 0.057;0.858 ± 0.012;0.945 ± 0.010;0.837 ± 0.038
mvtec_AD/wood;5;patchcore;5;0.983 ± 0.005;0.995 ± 0.001;0.953 ± 0.014;0.890 ± 0.052;0.917 ± 0.004;0.977 ± 0.003;0.892 ± 0.046
mvtec_AD/wood;5;reverse_distillation;5;0.989 ± 0.003;0.997 ± 0.001;0.960 ± 0.015;0.947 ± 0.014;0.938 ± 0.002;0.986 ± 0.004;0.884 ± 0.037
mvtec_AD/wood;10;dinomaly;5;0.985 ± 0.002;0.995 ± 0.001;0.950;0.893 ± 0.019;0.959 ± 0.006;0.992 ± 0.002;0.912 ± 0.050
mvtec_AD/wood;10;galad;5;0.956 ± 0.010;0.985 ± 0.003;0.780 ± 0.049;0.630 ± 0.043;0.966 ± 0.002;0.999 ± 0.000;0.939 ± 0.029
mvtec_AD/wood;10;padim;5;0.969 ± 0.012;0.990 ± 0.003;0.900 ± 0.050;0.813 ± 0.079;0.864 ± 0.012;0.951 ± 0.011;0.848 ± 0.033
mvtec_AD/wood;10;patchcore;5;0.983 ± 0.005;0.995 ± 0.002;0.950 ± 0.017;0.883 ± 0.065;0.919 ± 0.002;0.978 ± 0.003;0.872 ± 0.039
mvtec_AD/wood;10;reverse_distillation;5;0.988 ± 0.003;0.996 ± 0.001;0.963 ± 0.007;0.947 ± 0.018;0.938 ± 0.001;0.986 ± 0.002;0.888 ± 0.030
mvtec_AD/wood;20;dinomaly;5;0.973 ± 0.031;0.992 ± 0.010;0.897 ± 0.119;0.857 ± 0.098;0.953 ± 0.016;0.991 ± 0.004;0.908 ± 0.050
mvtec_AD/wood;20;galad;5;0.956 ± 0.008;0.985 ± 0.003;0.777 ± 0.065;0.657 ± 0.043;0.966 ± 0.002;0.999 ± 0.000;0.949 ± 0.034
mvtec_AD/wood;20;padim;5;0.973 ± 0.013;0.992 ± 0.004;0.907 ± 0.048;0.850 ± 0.070;0.869 ± 0.017;0.954 ± 0.014;0.858 ± 0.041
mvtec_AD/wood;20;patchcore;5;0.986 ± 0.003;0.996 ± 0.001;0.953 ± 0.007;0.917 ± 0.039;0.921 ± 0.001;0.980 ± 0.002;0.898 ± 0.038
mvtec_AD/wood;20;reverse_distillation;5;0.989 ± 0.002;0.997 ± 0.001;0.960 ± 0.009;0.953 ± 0.014;0.943 ± 0.002;0.989 ± 0.001;0.897 ± 0.023
mvtec_AD/wood;50;dinomaly;5;0.921 ± 0.147;0.965 ± 0.069;0.797 ± 0.352;0.727 ± 0.343;0.924 ± 0.084;0.910 ± 0.188;0.804 ± 0.273
mvtec_AD/wood;50;galad;5;0.956 ± 0.005;0.985 ± 0.002;0.780 ± 0.025;0.647 ± 0.032;0.966 ± 0.001;0.997 ± 0.003;0.921 ± 0.030
mvtec_AD/wood;50;padim;5;0.970 ± 0.015;0.991 ± 0.005;0.907 ± 0.035;0.833 ± 0.099;0.873 ± 0.015;0.954 ± 0.011;0.852 ± 0.041
mvtec_AD/wood;50;patchcore;5;0.985 ± 0.003;0.995 ± 0.001;0.950;0.900 ± 0.051;0.922 ± 0.001;0.980 ± 0.001;0.913 ± 0.041
mvtec_AD/wood;50;reverse_distillation;5;0.989 ± 0.003;0.997 ± 0.001;0.957 ± 0.009;0.953 ± 0.007;0.948 ± 0.002;0.992 ± 0.002;0.887 ± 0.044
mvtec_AD/zipper;2;galad;5;0.993 ± 0.003;0.998 ± 0.001;0.983 ± 0.013;0.950 ± 0.017;0.989 ± 0.002;1.000;0.950 ± 0.035
mvtec_AD/zipper;2;patchcore;5;0.931 ± 0.041;0.973 ± 0.020;0.726 ± 0.272;0.496 ± 0.388;0.979 ± 0.002;0.990 ± 0.001;0.875 ± 0.065
mvtec_AD/zipper;2;reverse_distillation;5;0.822 ± 0.041;0.943 ± 0.017;0.538 ± 0.177;0.336 ± 0.131;0.959 ± 0.002;0.991 ± 0.002;0.852 ± 0.049
mvtec_AD/zipper;5;dinomaly;5;0.984 ± 0.013;0.995 ± 0.005;0.985 ± 0.015;0.877 ± 0.178;0.978 ± 0.005;0.998 ± 0.001;0.950 ± 0.034
mvtec_AD/zipper;5;galad;5;0.994 ± 0.004;0.998 ± 0.001;0.983 ± 0.020;0.968 ± 0.015;0.990 ± 0.002;1.000;0.913 ± 0.035
mvtec_AD/zipper;5;padim;5;0.691 ± 0.088;0.877 ± 0.035;0.292 ± 0.127;0.133 ± 0.099;0.897 ± 0.057;0.910 ± 0.051;0.661 ± 0.111
mvtec_AD/zipper;5;patchcore;5;0.946 ± 0.032;0.982 ± 0.015;0.871 ± 0.158;0.597 ± 0.306;0.980 ± 0.001;0.992 ± 0.001;0.875 ± 0.031
mvtec_AD/zipper;5;reverse_distillation;5;0.872 ± 0.029;0.959 ± 0.011;0.694 ± 0.078;0.419 ± 0.167;0.963 ± 0.005;0.993 ± 0.002;0.842 ± 0.022
mvtec_AD/zipper;10;dinomaly;5;0.863 ± 0.142;0.958 ± 0.043;0.738 ± 0.306;0.531 ± 0.234;0.894 ± 0.116;0.928 ± 0.137;0.687 ± 0.291
mvtec_AD/zipper;10;galad;5;0.998 ± 0.002;0.999 ± 0.000;0.997 ± 0.008;0.973 ± 0.016;0.994 ± 0.001;1.000;0.962 ± 0.012
mvtec_AD/zipper;10;padim;5;0.700 ± 0.124;0.879 ± 0.043;0.267 ± 0.078;0.104 ± 0.093;0.896 ± 0.065;0.909 ± 0.063;0.679 ± 0.165
mvtec_AD/zipper;10;patchcore;5;0.957 ± 0.017;0.987 ± 0.007;0.940 ± 0.004;0.704 ± 0.218;0.981 ± 0.001;0.992 ± 0.001;0.895 ± 0.028
mvtec_AD/zipper;10;reverse_distillation;5;0.911 ± 0.019;0.973 ± 0.007;0.776 ± 0.081;0.566 ± 0.146;0.963 ± 0.003;0.994 ± 0.002;0.854 ± 0.044
mvtec_AD/zipper;20;dinomaly;5;0.872 ± 0.152;0.961 ± 0.047;0.743 ± 0.326;0.622 ± 0.328;0.898 ± 0.118;0.931 ± 0.135;0.683 ± 0.278
mvtec_AD/zipper;20;galad;5;0.998 ± 0.001;1.000 ± 0.000;0.997 ± 0.008;0.985 ± 0.014;0.994 ± 0.001;1.000;0.895 ± 0.049
mvtec_AD/zipper;20;padim;5;0.620 ± 0.103;0.853 ± 0.037;0.227 ± 0.095;0.079 ± 0.069;0.873 ± 0.074;0.895 ± 0.069;0.599 ± 0.144
mvtec_AD/zipper;20;patchcore;5;0.967 ± 0.007;0.991 ± 0.002;0.948 ± 0.011;0.820 ± 0.081;0.981 ± 0.001;0.993 ± 0.001;0.878 ± 0.016
mvtec_AD/zipper;20;reverse_distillation;5;0.919 ± 0.012;0.974 ± 0.005;0.810 ± 0.083;0.476 ± 0.103;0.957 ± 0.003;0.991 ± 0.002;0.858 ± 0.029
mvtec_AD/zipper;50;dinomaly;5;0.922 ± 0.101;0.976 ± 0.034;0.830 ± 0.263;0.729 ± 0.267;0.881 ± 0.126;0.906 ± 0.133;0.695 ± 0.287
mvtec_AD/zipper;50;galad;5;0.998 ± 0.001;0.999 ± 0.000;1.000;0.988 ± 0.005;0.994 ± 0.000;1.000;0.929 ± 0.047
mvtec_AD/zipper;50;padim;5;0.473 ± 0.090;0.801 ± 0.045;0.170 ± 0.105;0.094 ± 0.084;0.766 ± 0.080;0.797 ± 0.155;0.386 ± 0.116
mvtec_AD/zipper;50;patchcore;5;0.973 ± 0.004;0.993 ± 0.001;0.946 ± 0.005;0.891 ± 0.059;0.981 ± 0.000;0.993 ± 0.000;0.920 ± 0.038
mvtec_AD/zipper;50;reverse_distillation;5;0.939 ± 0.016;0.983 ± 0.005;0.810 ± 0.058;0.745 ± 0.080;0.955 ± 0.004;0.994 ± 0.001;0.849 ± 0.022
mvtec_ad_2/can;2;galad;5;0.511 ± 0.142;0.564 ± 0.106;0.153 ± 0.184;0.033 ± 0.057;0.727 ± 0.161;0.583 ± 0.156;0.327 ± 0.137
mvtec_ad_2/can;2;patchcore;5;0.576 ± 0.160;0.632 ± 0.147;0.184 ± 0.148;0.096 ± 0.085;0.718 ± 0.018;0.632 ± 0.074;0.430 ± 0.086
mvtec_ad_2/can;2;reverse_distillation;5;0.536 ± 0.120;0.582 ± 0.106;0.091 ± 0.088;0.060 ± 0.084;0.765 ± 0.034;0.628 ± 0.080;0.425 ± 0.061
mvtec_ad_2/can;5;galad;5;0.562 ± 0.052;0.627 ± 0.052;0.191 ± 0.128;0.087 ± 0.040;0.782 ± 0.027;0.698 ± 0.090;0.396 ± 0.101
mvtec_ad_2/can;5;patchcore;5;0.556 ± 0.064;0.619 ± 0.057;0.169 ± 0.080;0.078 ± 0.050;0.706 ± 0.059;0.549 ± 0.159;0.397 ± 0.144
mvtec_ad_2/can;5;reverse_distillation;5;0.566 ± 0.070;0.634 ± 0.063;0.180 ± 0.110;0.107 ± 0.058;0.742 ± 0.032;0.564 ± 0.072;0.323 ± 0.086
mvtec_ad_2/can;10;dinomaly;5;0.480 ± 0.030;0.539 ± 0.031;0.069 ± 0.067;0.024 ± 0.032;0.573 ± 0.024;0.322 ± 0.077;0.142 ± 0.033
mvtec_ad_2/can;10;galad;5;0.514 ± 0.091;0.599 ± 0.088;0.140 ± 0.098;0.080 ± 0.049;0.763 ± 0.045;0.615 ± 0.171;0.347 ± 0.137
mvtec_ad_2/can;10;padim;5;0.539 ± 0.062;0.615 ± 0.077;0.151 ± 0.110;0.118 ± 0.097;0.844 ± 0.052;0.723 ± 0.132;0.413 ± 0.089
mvtec_ad_2/can;10;patchcore;5;0.547 ± 0.054;0.608 ± 0.031;0.116 ± 0.023;0.073 ± 0.010;0.699 ± 0.043;0.500 ± 0.156;0.349 ± 0.105
mvtec_ad_2/can;10;reverse_distillation;5;0.551 ± 0.048;0.611 ± 0.039;0.144 ± 0.060;0.082 ± 0.062;0.729 ± 0.023;0.508 ± 0.121;0.314 ± 0.096
mvtec_ad_2/can;20;dinomaly;5;0.538 ± 0.051;0.580 ± 0.044;0.107 ± 0.055;0.044 ± 0.024;0.544 ± 0.019;0.263 ± 0.034;0.131 ± 0.028
mvtec_ad_2/can;20;galad;5;0.513 ± 0.066;0.582 ± 0.062;0.122 ± 0.061;0.080 ± 0.064;0.758 ± 0.022;0.618 ± 0.126;0.331 ± 0.090
mvtec_ad_2/can;20;padim;5;0.481 ± 0.095;0.545 ± 0.060;0.076 ± 0.053;0.040 ± 0.049;0.787 ± 0.040;0.560 ± 0.056;0.336 ± 0.065
mvtec_ad_2/can;20;patchcore;2;0.565 ± 0.015;0.615 ± 0.004;0.128 ± 0.024;0.072 ± 0.008;0.663 ± 0.018;0.404 ± 0.000;0.268 ± 0.058
mvtec_ad_2/can;20;reverse_distillation;2;0.526 ± 0.016;0.600 ± 0.043;0.139 ± 0.055;0.044 ± 0.047;0.668 ± 0.000;0.346 ± 0.021;0.228 ± 0.015
mvtec_ad_2/can;50;galad;5;0.526 ± 0.053;0.593 ± 0.058;0.133 ± 0.112;0.091 ± 0.072;0.757 ± 0.050;0.721 ± 0.077;0.315 ± 0.047
mvtec_ad_2/fabric;2;galad;5;0.497 ± 0.072;0.606 ± 0.048;0.116 ± 0.040;0.080 ± 0.027;0.929 ± 0.044;0.740 ± 0.074;0.510 ± 0.053
mvtec_ad_2/fabric;2;patchcore;5;0.543 ± 0.118;0.651 ± 0.073;0.180 ± 0.054;0.116 ± 0.048;0.685 ± 0.091;0.486 ± 0.114;0.267 ± 0.095
mvtec_ad_2/fabric;2;reverse_distillation;5;0.468 ± 0.091;0.570 ± 0.048;0.087 ± 0.047;0.036 ± 0.031;0.649 ± 0.089;0.561 ± 0.079;0.338 ± 0.051
mvtec_ad_2/fabric;5;galad;5;0.436 ± 0.072;0.583 ± 0.028;0.118 ± 0.026;0.089 ± 0.014;0.964 ± 0.008;0.800 ± 0.032;0.549 ± 0.048
mvtec_ad_2/fabric;5;patchcore;5;0.577 ± 0.052;0.675 ± 0.054;0.173 ± 0.072;0.149 ± 0.058;0.693 ± 0.060;0.483 ± 0.110;0.274 ± 0.077
mvtec_ad_2/fabric;5;reverse_distillation;5;0.505 ± 0.201;0.630 ± 0.116;0.149 ± 0.098;0.118 ± 0.075;0.637 ± 0.076;0.605 ± 0.055;0.386 ± 0.041
mvtec_ad_2/fabric;10;dinomaly;5;0.704 ± 0.048;0.745 ± 0.046;0.256 ± 0.088;0.209 ± 0.055;0.819 ± 0.039;0.738 ± 0.061;0.492 ± 0.086
mvtec_ad_2/fabric;10;galad;5;0.438 ± 0.039;0.596 ± 0.023;0.153 ± 0.024;0.091 ± 0.020;0.976 ± 0.004;0.746 ± 0.017;0.505 ± 0.037
mvtec_ad_2/fabric;10;padim;5;0.594 ± 0.086;0.646 ± 0.102;0.116 ± 0.133;0.104 ± 0.127;0.594 ± 0.048;0.428 ± 0.047;0.255 ± 0.030
mvtec_ad_2/fabric;10;patchcore;5;0.617 ± 0.088;0.717 ± 0.083;0.253 ± 0.128;0.198 ± 0.092;0.721 ± 0.061;0.532 ± 0.112;0.304 ± 0.119
mvtec_ad_2/fabric;10;reverse_distillation;5;0.518 ± 0.129;0.632 ± 0.086;0.158 ± 0.070;0.093 ± 0.049;0.642 ± 0.057;0.646 ± 0.073;0.386 ± 0.048
mvtec_ad_2/fabric;20;dinomaly;4;0.770 ± 0.050;0.793 ± 0.058;0.333 ± 0.257;0.292 ± 0.208;0.848 ± 0.028;0.782 ± 0.061;0.557 ± 0.091
mvtec_ad_2/fabric;20;galad;5;0.474 ± 0.037;0.617 ± 0.018;0.176 ± 0.014;0.089 ± 0.008;0.979 ± 0.002;0.767 ± 0.029;0.518 ± 0.024
mvtec_ad_2/fabric;20;padim;5;0.580 ± 0.091;0.641 ± 0.097;0.138 ± 0.125;0.107 ± 0.124;0.613 ± 0.032;0.454 ± 0.041;0.267 ± 0.040
mvtec_ad_2/fabric;20;patchcore;2;0.660 ± 0.037;0.725 ± 0.027;0.183 ± 0.024;0.150 ± 0.024;0.749 ± 0.028;0.660 ± 0.056;0.456 ± 0.149
mvtec_ad_2/fabric;20;reverse_distillation;2;0.688 ± 0.069;0.731 ± 0.100;0.372 ± 0.306;0.117 ± 0.102;0.664 ± 0.041;0.708 ± 0.043;0.490 ± 0.039
mvtec_ad_2/fabric;50;galad;5;0.469 ± 0.019;0.615 ± 0.010;0.171 ± 0.013;0.093 ± 0.010;0.980 ± 0.001;0.772 ± 0.012;0.538 ± 0.029
mvtec_ad_2/fruit_jelly;2;galad;5;0.702 ± 0.068;0.876 ± 0.055;0.350 ± 0.232;0.327 ± 0.222;0.899 ± 0.019;0.945 ± 0.051;0.555 ± 0.062
mvtec_ad_2/fruit_jelly;2;patchcore;5;0.902 ± 0.048;0.970 ± 0.013;0.783 ± 0.051;0.767 ± 0.039;0.771 ± 0.032;0.622 ± 0.034;0.479 ± 0.028
mvtec_ad_2/fruit_jelly;2;reverse_distillation;5;0.752 ± 0.089;0.905 ± 0.040;0.453 ± 0.210;0.427 ± 0.218;0.872 ± 0.014;0.805 ± 0.030;0.592 ± 0.030
mvtec_ad_2/fruit_jelly;5;galad;5;0.802 ± 0.027;0.931 ± 0.010;0.553 ± 0.061;0.523 ± 0.078;0.946 ± 0.007;0.972 ± 0.020;0.664 ± 0.060
mvtec_ad_2/fruit_jelly;5;patchcore;5;0.912 ± 0.038;0.972 ± 0.012;0.793 ± 0.084;0.747 ± 0.072;0.747 ± 0.010;0.587 ± 0.048;0.440 ± 0.021
mvtec_ad_2/fruit_jelly;5;reverse_distillation;5;0.837 ± 0.042;0.942 ± 0.021;0.623 ± 0.213;0.543 ± 0.197;0.873 ± 0.009;0.819 ± 0.017;0.637 ± 0.023
mvtec_ad_2/fruit_jelly;10;dinomaly;5;0.557 ± 0.050;0.798 ± 0.022;0.147 ± 0.027;0.127 ± 0.028;0.903 ± 0.009;0.897 ± 0.019;0.632 ± 0.024
mvtec_ad_2/fruit_jelly;10;galad;5;0.764 ± 0.015;0.905 ± 0.015;0.380 ± 0.070;0.347 ± 0.080;0.956 ± 0.023;0.972 ± 0.044;0.701 ± 0.090
mvtec_ad_2/fruit_jelly;10;padim;5;0.840 ± 0.056;0.940 ± 0.024;0.557 ± 0.168;0.510 ± 0.180;0.678 ± 0.121;0.544 ± 0.154;0.342 ± 0.093
mvtec_ad_2/fruit_jelly;10;patchcore;5;0.855 ± 0.050;0.951 ± 0.016;0.627 ± 0.063;0.600 ± 0.053;0.738 ± 0.009;0.553 ± 0.007;0.395 ± 0.026
mvtec_ad_2/fruit_jelly;10;reverse_distillation;5;0.728 ± 0.057;0.894 ± 0.028;0.417 ± 0.170;0.373 ± 0.185;0.837 ± 0.033;0.742 ± 0.090;0.562 ± 0.116
mvtec_ad_2/fruit_jelly;20;dinomaly;4;0.530 ± 0.050;0.785 ± 0.018;0.137 ± 0.021;0.129 ± 0.021;0.895 ± 0.007;0.873 ± 0.021;0.594 ± 0.020
mvtec_ad_2/fruit_jelly;20;galad;5;0.754 ± 0.013;0.905 ± 0.005;0.350 ± 0.033;0.343 ± 0.038;0.963 ± 0.005;0.980 ± 0.009;0.701 ± 0.018
mvtec_ad_2/fruit_jelly;20;padim;5;0.820 ± 0.085;0.932 ± 0.038;0.537 ± 0.231;0.483 ± 0.215;0.622 ± 0.121;0.407 ± 0.207;0.232 ± 0.117
mvtec_ad_2/fruit_jelly;20;patchcore;2;0.841 ± 0.005;0.949 ± 0.001;0.658 ± 0.012;0.617 ± 0.047;0.728 ± 0.005;0.546 ± 0.007;0.394 ± 0.005
mvtec_ad_2/fruit_jelly;20;reverse_distillation;2;0.719 ± 0.086;0.883 ± 0.065;0.375 ± 0.342;0.350 ± 0.354;0.841 ± 0.001;0.734 ± 0.044;0.548 ± 0.102
mvtec_ad_2/fruit_jelly;50;galad;5;0.726 ± 0.030;0.895 ± 0.015;0.390 ± 0.047;0.370 ± 0.025;0.952 ± 0.011;0.976 ± 0.006;0.669 ± 0.024
mvtec_ad_2/rice;2;galad;5;0.733 ± 0.040;0.854 ± 0.021;0.367 ± 0.018;0.260 ± 0.055;0.907 ± 0.010;0.794 ± 0.078;0.533 ± 0.084
mvtec_ad_2/rice;2;patchcore;5;0.603 ± 0.063;0.759 ± 0.047;0.178 ± 0.085;0.118 ± 0.112;0.782 ± 0.004;0.495 ± 0.036;0.298 ± 0.022
mvtec_ad_2/rice;2;reverse_distillation;5;0.655 ± 0.067;0.814 ± 0.036;0.313 ± 0.048;0.218 ± 0.062;0.798 ± 0.032;0.606 ± 0.088;0.409 ± 0.075
mvtec_ad_2/rice;5;galad;5;0.651 ± 0.018;0.822 ± 0.010;0.313 ± 0.021;0.287 ± 0.031;0.938 ± 0.003;0.895 ± 0.007;0.743 ± 0.031
mvtec_ad_2/rice;5;patchcore;5;0.600 ± 0.032;0.753 ± 0.019;0.147 ± 0.041;0.082 ± 0.044;0.782 ± 0.008;0.499 ± 0.026;0.302 ± 0.017
mvtec_ad_2/rice;5;reverse_distillation;5;0.591 ± 0.054;0.765 ± 0.042;0.196 ± 0.082;0.129 ± 0.051;0.812 ± 0.013;0.571 ± 0.029;0.423 ± 0.018
mvtec_ad_2/rice;10;dinomaly;5;0.739 ± 0.021;0.878 ± 0.015;0.458 ± 0.073;0.409 ± 0.054;0.929 ± 0.008;0.841 ± 0.052;0.625 ± 0.082
mvtec_ad_2/rice;10;galad;5;0.655 ± 0.018;0.826 ± 0.009;0.324 ± 0.014;0.298 ± 0.014;0.947 ± 0.001;0.913 ± 0.005;0.783 ± 0.053
mvtec_ad_2/rice;10;padim;5;0.587 ± 0.058;0.768 ± 0.034;0.207 ± 0.074;0.156 ± 0.077;0.629 ± 0.037;0.272 ± 0.106;0.148 ± 0.090
mvtec_ad_2/rice;10;patchcore;5;0.605 ± 0.024;0.766 ± 0.028;0.178 ± 0.080;0.140 ± 0.058;0.779 ± 0.005;0.496 ± 0.030;0.308 ± 0.026
mvtec_ad_2/rice;10;reverse_distillation;5;0.567 ± 0.039;0.750 ± 0.041;0.173 ± 0.112;0.138 ± 0.112;0.758 ± 0.019;0.484 ± 0.083;0.335 ± 0.092
mvtec_ad_2/rice;20;dinomaly;4;0.736 ± 0.043;0.879 ± 0.020;0.478 ± 0.051;0.450 ± 0.058;0.930 ± 0.006;0.806 ± 0.044;0.589 ± 0.056
mvtec_ad_2/rice;20;galad;5;0.657 ± 0.011;0.830 ± 0.006;0.353 ± 0.025;0.302 ± 0.036;0.948 ± 0.002;0.915 ± 0.007;0.760 ± 0.050
mvtec_ad_2/rice;20;padim;5;0.595 ± 0.096;0.777 ± 0.074;0.296 ± 0.182;0.222 ± 0.204;0.655 ± 0.035;0.348 ± 0.049;0.168 ± 0.063
mvtec_ad_2/rice;20;patchcore;2;0.627 ± 0.028;0.780 ± 0.044;0.167 ± 0.126;0.133 ± 0.110;0.775 ± 0.005;0.486 ± 0.004;0.309 ± 0.016
mvtec_ad_2/rice;20;reverse_distillation;2;0.696 ± 0.062;0.798 ± 0.051;0.283 ± 0.196;0.178 ± 0.126;0.763 ± 0.020;0.564 ± 0.055;0.350 ± 0.036
mvtec_ad_2/rice;50;galad;5;0.652 ± 0.007;0.829 ± 0.004;0.362 ± 0.010;0.316 ± 0.026;0.949 ± 0.001;0.917 ± 0.002;0.776 ± 0.045
mvtec_ad_2/sheet_metal;2;galad;5;0.690 ± 0.043;0.904 ± 0.017;0.380 ± 0.039;0.349 ± 0.052;0.886 ± 0.011;0.532 ± 0.071;0.368 ± 0.072
mvtec_ad_2/sheet_metal;2;patchcore;5;0.717 ± 0.091;0.919 ± 0.025;0.464 ± 0.063;0.451 ± 0.061;0.751 ± 0.004;0.490 ± 0.039;0.299 ± 0.043
mvtec_ad_2/sheet_metal;2;reverse_distillation;5;0.725 ± 0.037;0.903 ± 0.013;0.249 ± 0.094;0.236 ± 0.097;0.763 ± 0.034;0.591 ± 0.031;0.359 ± 0.032
mvtec_ad_2/sheet_metal;5;galad;5;0.757 ± 0.010;0.930 ± 0.004;0.524 ± 0.048;0.507 ± 0.034;0.901 ± 0.005;0.628 ± 0.030;0.470 ± 0.028
mvtec_ad_2/sheet_metal;5;patchcore;5;0.757 ± 0.033;0.932 ± 0.010;0.504 ± 0.051;0.476 ± 0.064;0.761 ± 0.005;0.507 ± 0.012;0.328 ± 0.012
mvtec_ad_2/sheet_metal;5;reverse_distillation;5;0.684 ± 0.092;0.883 ± 0.037;0.200 ± 0.085;0.198 ± 0.081;0.799 ± 0.035;0.597 ± 0.043;0.345 ± 0.047
mvtec_ad_2/sheet_metal;10;dinomaly;5;0.658 ± 0.048;0.897 ± 0.021;0.404 ± 0.085;0.380 ± 0.085;0.853 ± 0.009;0.485 ± 0.019;0.332 ± 0.029
mvtec_ad_2/sheet_metal;10;galad;5;0.730 ± 0.024;0.919 ± 0.013;0.449 ± 0.075;0.431 ± 0.108;0.896 ± 0.003;0.645 ± 0.015;0.485 ± 0.029
mvtec_ad_2/sheet_metal;10;padim;5;0.506 ± 0.063;0.804 ± 0.040;0.147 ± 0.087;0.096 ± 0.083;0.779 ± 0.035;0.485 ± 0.039;0.238 ± 0.026
mvtec_ad_2/sheet_metal;10;patchcore;5;0.772 ± 0.050;0.936 ± 0.017;0.527 ± 0.127;0.513 ± 0.120;0.774 ± 0.006;0.494 ± 0.022;0.315 ± 0.027
mvtec_ad_2/sheet_metal;10;reverse_distillation;5;0.775 ± 0.060;0.926 ± 0.019;0.311 ± 0.082;0.296 ± 0.073;0.840 ± 0.009;0.596 ± 0.021;0.362 ± 0.020
mvtec_ad_2/sheet_metal;20;dinomaly;4;0.642 ± 0.036;0.888 ± 0.013;0.353 ± 0.055;0.331 ± 0.053;0.854 ± 0.004;0.494 ± 0.018;0.341 ± 0.017
mvtec_ad_2/sheet_metal;20;galad;5;0.698 ± 0.015;0.906 ± 0.006;0.389 ± 0.026;0.360 ± 0.036;0.895 ± 0.006;0.629 ± 0.017;0.436 ± 0.035
mvtec_ad_2/sheet_metal;20;padim;5;0.514 ± 0.067;0.805 ± 0.036;0.133 ± 0.072;0.091 ± 0.083;0.768 ± 0.037;0.480 ± 0.039;0.241 ± 0.031
mvtec_ad_2/sheet_metal;20;patchcore;2;0.755 ± 0.065;0.931 ± 0.020;0.567 ± 0.079;0.539 ± 0.118;0.790 ± 0.002;0.500 ± 0.009;0.339 ± 0.007
mvtec_ad_2/sheet_metal;20;reverse_distillation;1;0.691;0.873;0.200;0.200;0.866;0.630;0.371
mvtec_ad_2/sheet_metal;50;galad;5;0.709 ± 0.023;0.912 ± 0.010;0.451 ± 0.041;0.429 ± 0.065;0.895 ± 0.005;0.637 ± 0.025;0.447 ± 0.048
mvtec_ad_2/vial;2;galad;5;0.684 ± 0.095;0.860 ± 0.056;0.303 ± 0.203;0.198 ± 0.151;0.904 ± 0.043;0.994 ± 0.006;0.790 ± 0.124
mvtec_ad_2/vial;2;patchcore;5;0.646 ± 0.058;0.835 ± 0.059;0.229 ± 0.239;0.211 ± 0.227;0.828 ± 0.029;0.924 ± 0.014;0.810 ± 0.040
mvtec_ad_2/vial;2;reverse_distillation;5;0.522 ± 0.151;0.767 ± 0.101;0.130 ± 0.172;0.124 ± 0.172;0.898 ± 0.027;0.990 ± 0.006;0.844 ± 0.029
mvtec_ad_2/vial;5;galad;5;0.796 ± 0.110;0.919 ± 0.062;0.533 ± 0.237;0.438 ± 0.280;0.916 ± 0.030;0.997 ± 0.004;0.852 ± 0.084
mvtec_ad_2/vial;5;patchcore;5;0.821 ± 0.070;0.934 ± 0.031;0.524 ± 0.125;0.470 ± 0.152;0.800 ± 0.025;0.907 ± 0.015;0.779 ± 0.038
mvtec_ad_2/vial;5;reverse_distillation;5;0.685 ± 0.124;0.856 ± 0.078;0.255 ± 0.164;0.240 ± 0.172;0.872 ± 0.026;0.977 ± 0.010;0.834 ± 0.046
mvtec_ad_2/vial;10;dinomaly;5;0.859 ± 0.024;0.950 ± 0.009;0.632 ± 0.071;0.516 ± 0.086;0.879 ± 0.015;0.979 ± 0.005;0.857 ± 0.008
mvtec_ad_2/vial;10;galad;5;0.663 ± 0.052;0.838 ± 0.039;0.177 ± 0.096;0.131 ± 0.111;0.891 ± 0.024;0.990 ± 0.008;0.771 ± 0.080
mvtec_ad_2/vial;10;padim;5;0.449 ± 0.077;0.737 ± 0.034;0.069 ± 0.064;0.063 ± 0.055;0.839 ± 0.092;0.928 ± 0.107;0.709 ± 0.118
mvtec_ad_2/vial;10;patchcore;5;0.873 ± 0.105;0.953 ± 0.043;0.657 ± 0.241;0.610 ± 0.257;0.771 ± 0.025;0.896 ± 0.009;0.749 ± 0.036
mvtec_ad_2/vial;10;reverse_distillation;5;0.678 ± 0.136;0.869 ± 0.073;0.373 ± 0.201;0.314 ± 0.187;0.864 ± 0.022;0.974 ± 0.008;0.862 ± 0.026
mvtec_ad_2/vial;20;dinomaly;4;0.782 ± 0.049;0.919 ± 0.018;0.469 ± 0.055;0.348 ± 0.072;0.861 ± 0.011;0.973 ± 0.003;0.851 ± 0.025
mvtec_ad_2/vial;20;galad;5;0.787 ± 0.086;0.903 ± 0.059;0.381 ± 0.246;0.330 ± 0.239;0.925 ± 0.017;0.998 ± 0.002;0.886 ± 0.058
mvtec_ad_2/vial;20;padim;5;0.397 ± 0.118;0.723 ± 0.075;0.097 ± 0.077;0.086 ± 0.073;0.746 ± 0.124;0.835 ± 0.174;0.607 ± 0.176
mvtec_ad_2/vial;20;patchcore;2;0.947 ± 0.003;0.984 ± 0.001;0.876 ± 0.013;0.843 ± 0.020;0.740 ± 0.002;0.885 ± 0.005;0.724 ± 0.044
mvtec_ad_2/vial;20;reverse_distillation;1;0.766;0.919;0.476;0.457;0.824;0.954;0.795
mvtec_ad_2/vial;50;galad;5;0.762 ± 0.048;0.889 ± 0.040;0.291 ± 0.213;0.213 ± 0.203;0.923 ± 0.010;0.998 ± 0.002;0.875 ± 0.037
mvtec_ad_2/wallplugs;2;galad;5;0.484 ± 0.051;0.572 ± 0.033;0.036 ± 0.040;0.004 ± 0.006;0.856 ± 0.026;0.518 ± 0.045;0.289 ± 0.030
mvtec_ad_2/wallplugs;2;patchcore;5;0.397 ± 0.010;0.522 ± 0.007;0.029 ± 0.010;0.009 ± 0.009;0.782 ± 0.022;0.458 ± 0.081;0.247 ± 0.058
mvtec_ad_2/wallplugs;2;reverse_distillation;5;0.513 ± 0.060;0.620 ± 0.053;0.124 ± 0.056;0.087 ± 0.063;0.761 ± 0.029;0.395 ± 0.028;0.216 ± 0.023
mvtec_ad_2/wallplugs;5;galad;5;0.414 ± 0.025;0.534 ± 0.019;0.029 ± 0.027;0.009 ± 0.012;0.874 ± 0.019;0.558 ± 0.015;0.313 ± 0.027
mvtec_ad_2/wallplugs;5;patchcore;5;0.413 ± 0.006;0.525 ± 0.003;0.029 ± 0.006;0.002 ± 0.005;0.794 ± 0.016;0.427 ± 0.037;0.242 ± 0.030
mvtec_ad_2/wallplugs;5;reverse_distillation;5;0.432 ± 0.099;0.570 ± 0.074;0.082 ± 0.078;0.053 ± 0.054;0.786 ± 0.018;0.375 ± 0.033;0.205 ± 0.023
mvtec_ad_2/wallplugs;10;dinomaly;5;0.377 ± 0.014;0.513 ± 0.005;0.000;0.000;0.680 ± 0.032;0.306 ± 0.022;0.126 ± 0.021
mvtec_ad_2/wallplugs;10;galad;5;0.436 ± 0.017;0.559 ± 0.010;0.107 ± 0.006;0.027 ± 0.013;0.847 ± 0.022;0.542 ± 0.029;0.285 ± 0.044
mvtec_ad_2/wallplugs;10;padim;5;0.292 ± 0.103;0.514 ± 0.068;0.062 ± 0.048;0.033 ± 0.030;0.534 ± 0.086;0.345 ± 0.156;0.121 ± 0.074
mvtec_ad_2/wallplugs;10;patchcore;5;0.417 ± 0.025;0.526 ± 0.008;0.022 ± 0.014;0.004 ± 0.010;0.800 ± 0.018;0.426 ± 0.030;0.244 ± 0.031
mvtec_ad_2/wallplugs;10;reverse_distillation;5;0.342 ± 0.041;0.508 ± 0.023;0.024 ± 0.012;0.018 ± 0.013;0.774 ± 0.017;0.436 ± 0.048;0.214 ± 0.023
mvtec_ad_2/wallplugs;20;dinomaly;4;0.389 ± 0.008;0.522 ± 0.004;0.000;0.000;0.658 ± 0.010;0.274 ± 0.030;0.120 ± 0.013
mvtec_ad_2/wallplugs;20;galad;5;0.438 ± 0.007;0.560 ± 0.005;0.109 ± 0.005;0.033 ± 0.011;0.846 ± 0.008;0.543 ± 0.011;0.271 ± 0.024
mvtec_ad_2/wallplugs;20;padim;5;0.313 ± 0.100;0.526 ± 0.068;0.082 ± 0.038;0.042 ± 0.051;0.531 ± 0.068;0.337 ± 0.164;0.119 ± 0.085
mvtec_ad_2/wallplugs;20;patchcore;2;0.407 ± 0.019;0.523 ± 0.009;0.017 ± 0.024;0.000;0.805 ± 0.001;0.424 ± 0.007;0.231 ± 0.015
mvtec_ad_2/wallplugs;20;reverse_distillation;1;0.314;0.508;0.044;0.044;0.776;0.529;0.269
mvtec_ad_2/wallplugs;50;galad;5;0.432 ± 0.005;0.554 ± 0.005;0.104 ± 0.006;0.016 ± 0.017;0.853 ± 0.005;0.548 ± 0.008;0.291 ± 0.016
mvtec_ad_2/walnuts;2;galad;5;0.819 ± 0.020;0.886 ± 0.013;0.542 ± 0.086;0.484 ± 0.051;0.957 ± 0.015;0.951 ± 0.037;0.701 ± 0.045
mvtec_ad_2/walnuts;2;patchcore;5;0.715 ± 0.042;0.812 ± 0.034;0.353 ± 0.056;0.327 ± 0.065;0.916 ± 0.020;0.699 ± 0.123;0.417 ± 0.071
mvtec_ad_2/walnuts;2;reverse_distillation;5;0.699 ± 0.099;0.757 ± 0.096;0.380 ± 0.247;0.120 ± 0.104;0.911 ± 0.012;0.794 ± 0.080;0.497 ± 0.051
mvtec_ad_2/walnuts;5;galad;5;0.779 ± 0.034;0.859 ± 0.029;0.482 ± 0.090;0.436 ± 0.094;0.964 ± 0.008;0.964 ± 0.024;0.663 ± 0.052
mvtec_ad_2/walnuts;5;patchcore;5;0.747 ± 0.049;0.838 ± 0.040;0.456 ± 0.120;0.391 ± 0.111;0.928 ± 0.006;0.699 ± 0.055;0.434 ± 0.035
mvtec_ad_2/walnuts;5;reverse_distillation;5;0.746 ± 0.066;0.813 ± 0.060;0.349 ± 0.150;0.273 ± 0.150;0.928 ± 0.007;0.832 ± 0.033;0.566 ± 0.030
mvtec_ad_2/walnuts;10;dinomaly;5;0.768 ± 0.024;0.837 ± 0.025;0.407 ± 0.076;0.331 ± 0.078;0.926 ± 0.006;0.765 ± 0.022;0.525 ± 0.045
mvtec_ad_2/walnuts;10;galad;5;0.716 ± 0.016;0.777 ± 0.017;0.249 ± 0.030;0.207 ± 0.023;0.961 ± 0.002;0.928 ± 0.028;0.592 ± 0.019
mvtec_ad_2/walnuts;10;padim;5;0.398 ± 0.059;0.579 ± 0.055;0.127 ± 0.068;0.091 ± 0.056;0.669 ± 0.103;0.395 ± 0.189;0.162 ± 0.115
mvtec_ad_2/walnuts;10;patchcore;5;0.749 ± 0.025;0.837 ± 0.023;0.449 ± 0.073;0.407 ± 0.079;0.922 ± 0.008;0.671 ± 0.039;0.394 ± 0.034
mvtec_ad_2/walnuts;10;reverse_distillation;5;0.683 ± 0.051;0.765 ± 0.051;0.347 ± 0.082;0.280 ± 0.078;0.919 ± 0.005;0.838 ± 0.036;0.575 ± 0.056
mvtec_ad_2/walnuts;20;dinomaly;4;0.743 ± 0.032;0.789 ± 0.054;0.328 ± 0.157;0.206 ± 0.129;0.923 ± 0.012;0.755 ± 0.029;0.544 ± 0.032
mvtec_ad_2/walnuts;20;galad;5;0.729 ± 0.017;0.789 ± 0.021;0.278 ± 0.067;0.213 ± 0.021;0.963 ± 0.002;0.963 ± 0.008;0.649 ± 0.013
mvtec_ad_2/walnuts;20;padim;5;0.410 ± 0.061;0.585 ± 0.057;0.142 ± 0.092;0.082 ± 0.052;0.654 ± 0.123;0.361 ± 0.198;0.131 ± 0.091
mvtec_ad_2/walnuts;20;patchcore;2;0.762 ± 0.026;0.851 ± 0.022;0.483 ± 0.086;0.439 ± 0.055;0.928 ± 0.002;0.656 ± 0.034;0.410 ± 0.053
mvtec_ad_2/walnuts;20;reverse_distillation;1;0.646;0.737;0.267;0.156;0.921;0.859;0.578
mvtec_ad_2/walnuts;50;galad;5;0.743 ± 0.008;0.803 ± 0.008;0.291 ± 0.033;0.233 ± 0.014;0.962 ± 0.001;0.967 ± 0.002;0.667 ± 0.011
mvtec_loco_AD/breakfast_box;2;galad;5;0.667 ± 0.080;0.796 ± 0.050;0.331 ± 0.083;0.281 ± 0.100;0.814 ± 0.050;0.824 ± 0.066;0.500 ± 0.141
mvtec_loco_AD/breakfast_box;2;patchcore;5;0.717 ± 0.030;0.832 ± 0.019;0.417 ± 0.057;0.335 ± 0.062;0.857 ± 0.005;0.874 ± 0.013;0.659 ± 0.019
mvtec_loco_AD/breakfast_box;2;reverse_distillation;5;0.567 ± 0.036;0.734 ± 0.023;0.255 ± 0.041;0.201 ± 0.041;0.805 ± 0.006;0.858 ± 0.012;0.581 ± 0.023
mvtec_loco_AD/breakfast_box;5;dinomaly;5;0.643 ± 0.026;0.778 ± 0.016;0.290 ± 0.049;0.228 ± 0.033;0.762 ± 0.006;0.797 ± 0.011;0.474 ± 0.026
mvtec_loco_AD/breakfast_box;5;galad;5;0.764 ± 0.074;0.867 ± 0.044;0.514 ± 0.104;0.438 ± 0.082;0.890 ± 0.020;0.911 ± 0.009;0.620 ± 0.068
mvtec_loco_AD/breakfast_box;5;padim;5;0.409 ± 0.009;0.578 ± 0.017;0.076 ± 0.034;0.036 ± 0.021;0.772 ± 0.017;0.745 ± 0.045;0.395 ± 0.081
mvtec_loco_AD/breakfast_box;5;patchcore;5;0.720 ± 0.028;0.840 ± 0.017;0.434 ± 0.041;0.373 ± 0.040;0.862 ± 0.001;0.880 ± 0.013;0.681 ± 0.017
mvtec_loco_AD/breakfast_box;5;reverse_distillation;5;0.582 ± 0.031;0.750 ± 0.020;0.308 ± 0.032;0.250 ± 0.035;0.802 ± 0.010;0.842 ± 0.024;0.580 ± 0.040
mvtec_loco_AD/breakfast_box;10;dinomaly;5;0.661 ± 0.035;0.789 ± 0.026;0.360 ± 0.065;0.243 ± 0.042;0.767 ± 0.014;0.798 ± 0.025;0.522 ± 0.033
mvtec_loco_AD/breakfast_box;10;galad;5;0.819 ± 0.016;0.906 ± 0.009;0.622 ± 0.044;0.583 ± 0.026;0.911 ± 0.005;0.934 ± 0.007;0.721 ± 0.056
mvtec_loco_AD/breakfast_box;10;padim;5;0.406 ± 0.015;0.576 ± 0.018;0.075 ± 0.030;0.035 ± 0.020;0.775 ± 0.018;0.763 ± 0.029;0.421 ± 0.071
mvtec_loco_AD/breakfast_box;10;patchcore;5;0.727 ± 0.013;0.847 ± 0.010;0.460 ± 0.066;0.391 ± 0.045;0.863 ± 0.003;0.889 ± 0.009;0.705 ± 0.021
mvtec_loco_AD/breakfast_box;10;reverse_distillation;5;0.567 ± 0.036;0.737 ± 0.026;0.245 ± 0.047;0.202 ± 0.017;0.800 ± 0.008;0.818 ± 0.007;0.581 ± 0.022
mvtec_loco_AD/breakfast_box;20;dinomaly;5;0.633 ± 0.051;0.772 ± 0.028;0.314 ± 0.061;0.208 ± 0.037;0.730 ± 0.079;0.690 ± 0.209;0.433 ± 0.162
mvtec_loco_AD/breakfast_box;20;galad;5;0.835 ± 0.016;0.915 ± 0.008;0.652 ± 0.031;0.600 ± 0.038;0.912 ± 0.008;0.936 ± 0.008;0.706 ± 0.026
mvtec_loco_AD/breakfast_box;20;padim;5;0.412 ± 0.018;0.578 ± 0.024;0.073 ± 0.033;0.029 ± 0.024;0.779 ± 0.018;0.755 ± 0.027;0.410 ± 0.053
mvtec_loco_AD/breakfast_box;20;patchcore;5;0.734 ± 0.029;0.854 ± 0.017;0.495 ± 0.052;0.431 ± 0.032;0.864 ± 0.000;0.886 ± 0.005;0.692 ± 0.016
mvtec_loco_AD/breakfast_box;20;reverse_distillation;5;0.585 ± 0.029;0.759 ± 0.022;0.307 ± 0.054;0.257 ± 0.021;0.786 ± 0.002;0.776 ± 0.005;0.547 ± 0.016
mvtec_loco_AD/breakfast_box;50;dinomaly;5;0.609 ± 0.055;0.759 ± 0.026;0.306 ± 0.032;0.192 ± 0.030;0.751 ± 0.018;0.775 ± 0.016;0.443 ± 0.064
mvtec_loco_AD/breakfast_box;50;galad;5;0.831 ± 0.008;0.913 ± 0.003;0.649 ± 0.015;0.586 ± 0.010;0.913 ± 0.005;0.938 ± 0.009;0.706 ± 0.069
mvtec_loco_AD/breakfast_box;50;padim;5;0.411 ± 0.018;0.578 ± 0.024;0.075 ± 0.030;0.029 ± 0.024;0.750 ± 0.017;0.697 ± 0.035;0.332 ± 0.062
mvtec_loco_AD/breakfast_box;50;patchcore;5;0.735 ± 0.021;0.854 ± 0.013;0.477 ± 0.038;0.446 ± 0.021;0.863 ± 0.001;0.890 ± 0.006;0.718 ± 0.029
mvtec_loco_AD/breakfast_box;50;reverse_distillation;5;0.510 ± 0.022;0.687 ± 0.019;0.177 ± 0.027;0.160 ± 0.021;0.786 ± 0.003;0.774 ± 0.006;0.534 ± 0.016
mvtec_loco_AD/juice_bottle;2;galad;5;0.686 ± 0.112;0.853 ± 0.062;0.358 ± 0.162;0.284 ± 0.174;0.777 ± 0.038;0.858 ± 0.064;0.425 ± 0.150
mvtec_loco_AD/juice_bottle;2;patchcore;5;0.493 ± 0.024;0.752 ± 0.024;0.165 ± 0.048;0.135 ± 0.051;0.458 ± 0.008;0.233 ± 0.028;0.089 ± 0.014
mvtec_loco_AD/juice_bottle;2;reverse_distillation;5;0.557 ± 0.063;0.769 ± 0.031;0.154 ± 0.039;0.112 ± 0.029;0.536 ± 0.070;0.519 ± 0.056;0.390 ± 0.073
mvtec_loco_AD/juice_bottle;5;dinomaly;5;0.578 ± 0.015;0.802 ± 0.014;0.236 ± 0.045;0.195 ± 0.043;0.352 ± 0.010;0.197 ± 0.011;0.146 ± 0.005
mvtec_loco_AD/juice_bottle;5;galad;5;0.811 ± 0.035;0.921 ± 0.021;0.531 ± 0.120;0.464 ± 0.114;0.881 ± 0.013;0.966 ± 0.007;0.704 ± 0.062
mvtec_loco_AD/juice_bottle;5;padim;5;0.413 ± 0.037;0.670 ± 0.017;0.052 ± 0.015;0.033 ± 0.006;0.429 ± 0.127;0.330 ± 0.182;0.120 ± 0.093
mvtec_loco_AD/juice_bottle;5;patchcore;5;0.485 ± 0.028;0.733 ± 0.021;0.141 ± 0.032;0.081 ± 0.024;0.435 ± 0.005;0.159 ± 0.019;0.052 ± 0.008
mvtec_loco_AD/juice_bottle;5;reverse_distillation;5;0.678 ± 0.025;0.842 ± 0.017;0.306 ± 0.061;0.204 ± 0.063;0.495 ± 0.039;0.500 ± 0.048;0.392 ± 0.040
mvtec_loco_AD/juice_bottle;10;dinomaly;5;0.654 ± 0.054;0.857 ± 0.026;0.389 ± 0.053;0.334 ± 0.060;0.486 ± 0.111;0.445 ± 0.163;0.322 ± 0.115
mvtec_loco_AD/juice_bottle;10;galad;5;0.880 ± 0.027;0.953 ± 0.013;0.703 ± 0.071;0.604 ± 0.077;0.908 ± 0.003;0.977 ± 0.004;0.842 ± 0.020
mvtec_loco_AD/juice_bottle;10;padim;5;0.420 ± 0.045;0.676 ± 0.022;0.057 ± 0.019;0.033 ± 0.006;0.406 ± 0.121;0.287 ± 0.202;0.097 ± 0.089
mvtec_loco_AD/juice_bottle;10;patchcore;5;0.488 ± 0.020;0.736 ± 0.012;0.127 ± 0.011;0.094 ± 0.014;0.432 ± 0.003;0.177 ± 0.019;0.060 ± 0.009
mvtec_loco_AD/juice_bottle;10;reverse_distillation;5;0.710 ± 0.011;0.871 ± 0.009;0.418 ± 0.036;0.297 ± 0.058;0.446 ± 0.016;0.420 ± 0.036;0.326 ± 0.036
mvtec_loco_AD/juice_bottle;20;dinomaly;5;0.618 ± 0.097;0.820 ± 0.073;0.301 ± 0.136;0.225 ± 0.123;0.471 ± 0.178;0.411 ± 0.229;0.269 ± 0.127
mvtec_loco_AD/juice_bottle;20;galad;5;0.903 ± 0.018;0.964 ± 0.007;0.779 ± 0.042;0.737 ± 0.034;0.918 ± 0.003;0.985 ± 0.002;0.879 ± 0.014
mvtec_loco_AD/juice_bottle;20;padim;5;0.420 ± 0.050;0.677 ± 0.027;0.068 ± 0.036;0.033 ± 0.009;0.377 ± 0.102;0.210 ± 0.177;0.058 ± 0.060
mvtec_loco_AD/juice_bottle;20;patchcore;5;0.493 ± 0.018;0.744 ± 0.012;0.148 ± 0.029;0.095 ± 0.014;0.427 ± 0.006;0.174 ± 0.019;0.059 ± 0.006
mvtec_loco_AD/juice_bottle;20;reverse_distillation;5;0.723 ± 0.011;0.888 ± 0.006;0.481 ± 0.025;0.453 ± 0.026;0.436 ± 0.017;0.406 ± 0.023;0.315 ± 0.024
mvtec_loco_AD/juice_bottle;50;dinomaly;5;0.572 ± 0.078;0.794 ± 0.061;0.246 ± 0.114;0.175 ± 0.099;0.438 ± 0.196;0.338 ± 0.269;0.220 ± 0.154
mvtec_loco_AD/juice_bottle;50;galad;5;0.913 ± 0.015;0.968 ± 0.006;0.775 ± 0.041;0.743 ± 0.053;0.921 ± 0.003;0.984 ± 0.002;0.885 ± 0.016
mvtec_loco_AD/juice_bottle;50;padim;5;0.409 ± 0.032;0.666 ± 0.014;0.056 ± 0.022;0.027 ± 0.004;0.311 ± 0.057;0.085 ± 0.094;0.019 ± 0.023
mvtec_loco_AD/juice_bottle;50;patchcore;5;0.474 ± 0.018;0.734 ± 0.011;0.144 ± 0.025;0.089 ± 0.024;0.416 ± 0.005;0.150 ± 0.006;0.051 ± 0.002
mvtec_loco_AD/juice_bottle;50;reverse_distillation;5;0.594 ± 0.007;0.816 ± 0.003;0.283 ± 0.023;0.213 ± 0.029;0.386 ± 0.004;0.316 ± 0.012;0.232 ± 0.012
mvtec_loco_AD/pushpins;2;galad;5;0.528 ± 0.050;0.596 ± 0.028;0.121 ± 0.035;0.066 ± 0.031;0.586 ± 0.053;0.652 ± 0.124;0.329 ± 0.175
mvtec_loco_AD/pushpins;2;patchcore;5;0.509 ± 0.028;0.597 ± 0.011;0.130 ± 0.013;0.088 ± 0.017;0.627 ± 0.015;0.712 ± 0.011;0.428 ± 0.021
mvtec_loco_AD/pushpins;2;reverse_distillation;5;0.548 ± 0.049;0.611 ± 0.030;0.143 ± 0.051;0.081 ± 0.048;0.524 ± 0.009;0.706 ± 0.013;0.509 ± 0.025
mvtec_loco_AD/pushpins;5;dinomaly;5;0.540 ± 0.035;0.605 ± 0.032;0.131 ± 0.056;0.076 ± 0.051;0.553 ± 0.019;0.305 ± 0.092;0.111 ± 0.034
mvtec_loco_AD/pushpins;5;galad;5;0.563 ± 0.031;0.627 ± 0.026;0.123 ± 0.011;0.096 ± 0.011;0.675 ± 0.011;0.820 ± 0.018;0.609 ± 0.031
mvtec_loco_AD/pushpins;5;padim;5;0.496 ± 0.070;0.563 ± 0.060;0.124 ± 0.045;0.050 ± 0.040;0.506 ± 0.026;0.642 ± 0.042;0.351 ± 0.055
mvtec_loco_AD/pushpins;5;patchcore;5;0.545 ± 0.027;0.612 ± 0.022;0.147 ± 0.030;0.060 ± 0.017;0.630 ± 0.005;0.712 ± 0.013;0.421 ± 0.026
mvtec_loco_AD/pushpins;5;reverse_distillation;5;0.595 ± 0.023;0.674 ± 0.020;0.203 ± 0.038;0.152 ± 0.050;0.553 ± 0.006;0.699 ± 0.005;0.493 ± 0.011
mvtec_loco_AD/pushpins;10;dinomaly;5;0.567 ± 0.040;0.632 ± 0.031;0.146 ± 0.029;0.079 ± 0.021;0.527 ± 0.034;0.456 ± 0.129;0.209 ± 0.123
mvtec_loco_AD/pushpins;10;galad;5;0.552 ± 0.026;0.606 ± 0.029;0.109 ± 0.018;0.080 ± 0.017;0.707 ± 0.015;0.810 ± 0.016;0.563 ± 0.059
mvtec_loco_AD/pushpins;10;padim;5;0.491 ± 0.057;0.563 ± 0.058;0.128 ± 0.049;0.050 ± 0.042;0.518 ± 0.025;0.644 ± 0.052;0.372 ± 0.058
mvtec_loco_AD/pushpins;10;patchcore;5;0.523 ± 0.030;0.593 ± 0.016;0.114 ± 0.020;0.063 ± 0.013;0.634 ± 0.005;0.721 ± 0.010;0.432 ± 0.022
mvtec_loco_AD/pushpins;10;reverse_distillation;5;0.619 ± 0.032;0.691 ± 0.038;0.228 ± 0.049;0.169 ± 0.051;0.569 ± 0.010;0.691 ± 0.016;0.469 ± 0.021
mvtec_loco_AD/pushpins;20;dinomaly;5;0.561 ± 0.018;0.626 ± 0.020;0.163 ± 0.042;0.081 ± 0.030;0.542 ± 0.040;0.398 ± 0.144;0.182 ± 0.117
mvtec_loco_AD/pushpins;20;galad;5;0.558 ± 0.012;0.609 ± 0.010;0.123 ± 0.016;0.088 ± 0.010;0.723 ± 0.012;0.828 ± 0.009;0.573 ± 0.032
mvtec_loco_AD/pushpins;20;padim;5;0.490 ± 0.051;0.557 ± 0.043;0.128 ± 0.040;0.045 ± 0.032;0.540 ± 0.023;0.634 ± 0.077;0.359 ± 0.071
mvtec_loco_AD/pushpins;20;patchcore;5;0.537 ± 0.030;0.616 ± 0.027;0.135 ± 0.031;0.086 ± 0.030;0.638 ± 0.002;0.722 ± 0.009;0.423 ± 0.027
mvtec_loco_AD/pushpins;20;reverse_distillation;5;0.638 ± 0.008;0.710 ± 0.010;0.251 ± 0.018;0.162 ± 0.028;0.588 ± 0.011;0.686 ± 0.015;0.461 ± 0.027
mvtec_loco_AD/pushpins;50;dinomaly;5;0.540 ± 0.018;0.607 ± 0.027;0.110 ± 0.039;0.071 ± 0.029;0.544 ± 0.041;0.385 ± 0.156;0.174 ± 0.119
mvtec_loco_AD/pushpins;50;galad;5;0.561 ± 0.005;0.613 ± 0.004;0.121 ± 0.009;0.094 ± 0.005;0.732 ± 0.007;0.832 ± 0.015;0.584 ± 0.038
mvtec_loco_AD/pushpins;50;padim;5;0.478 ± 0.024;0.543 ± 0.014;0.099 ± 0.011;0.036 ± 0.010;0.572 ± 0.030;0.558 ± 0.136;0.285 ± 0.102
mvtec_loco_AD/pushpins;50;patchcore;5;0.527 ± 0.013;0.606 ± 0.011;0.137 ± 0.026;0.083 ± 0.018;0.647 ± 0.004;0.721 ± 0.007;0.423 ± 0.019
mvtec_loco_AD/pushpins;50;reverse_distillation;5;0.602 ± 0.011;0.673 ± 0.018;0.209 ± 0.026;0.120 ± 0.028;0.600 ± 0.004;0.639 ± 0.009;0.383 ± 0.017
mvtec_loco_AD/screw_bag;2;galad;5;0.592 ± 0.049;0.737 ± 0.038;0.243 ± 0.063;0.162 ± 0.060;0.659 ± 0.034;0.661 ± 0.093;0.425 ± 0.076
mvtec_loco_AD/screw_bag;2;patchcore;5;0.605 ± 0.021;0.711 ± 0.013;0.140 ± 0.012;0.079 ± 0.031;0.652 ± 0.005;0.780 ± 0.011;0.548 ± 0.018
mvtec_loco_AD/screw_bag;2;reverse_distillation;5;0.563 ± 0.047;0.693 ± 0.032;0.157 ± 0.050;0.083 ± 0.036;0.580 ± 0.025;0.729 ± 0.037;0.508 ± 0.045
mvtec_loco_AD/screw_bag;5;dinomaly;5;0.602 ± 0.051;0.725 ± 0.027;0.183 ± 0.026;0.121 ± 0.045;0.508 ± 0.054;0.506 ± 0.150;0.329 ± 0.119
mvtec_loco_AD/screw_bag;5;galad;5;0.561 ± 0.051;0.718 ± 0.040;0.195 ± 0.043;0.142 ± 0.056;0.681 ± 0.044;0.777 ± 0.036;0.495 ± 0.068
mvtec_loco_AD/screw_bag;5;padim;5;0.456 ± 0.067;0.650 ± 0.068;0.166 ± 0.125;0.114 ± 0.098;0.314 ± 0.019;0.433 ± 0.135;0.153 ± 0.098
mvtec_loco_AD/screw_bag;5;patchcore;5;0.639 ± 0.019;0.752 ± 0.026;0.209 ± 0.096;0.131 ± 0.074;0.649 ± 0.009;0.778 ± 0.013;0.569 ± 0.021
mvtec_loco_AD/screw_bag;5;reverse_distillation;5;0.536 ± 0.017;0.683 ± 0.021;0.166 ± 0.055;0.085 ± 0.041;0.537 ± 0.013;0.645 ± 0.024;0.443 ± 0.022
mvtec_loco_AD/screw_bag;10;dinomaly;5;0.576 ± 0.036;0.721 ± 0.021;0.221 ± 0.040;0.127 ± 0.013;0.533 ± 0.016;0.737 ± 0.082;0.525 ± 0.068
mvtec_loco_AD/screw_bag;10;galad;5;0.637 ± 0.028;0.781 ± 0.019;0.282 ± 0.020;0.230 ± 0.039;0.701 ± 0.016;0.859 ± 0.017;0.643 ± 0.040
mvtec_loco_AD/screw_bag;10;padim;5;0.456 ± 0.073;0.650 ± 0.072;0.150 ± 0.106;0.114 ± 0.098;0.310 ± 0.017;0.418 ± 0.135;0.145 ± 0.097
mvtec_loco_AD/screw_bag;10;patchcore;5;0.658 ± 0.011;0.778 ± 0.031;0.250 ± 0.097;0.189 ± 0.090;0.631 ± 0.003;0.754 ± 0.015;0.547 ± 0.032
mvtec_loco_AD/screw_bag;10;reverse_distillation;5;0.502 ± 0.028;0.680 ± 0.033;0.183 ± 0.051;0.121 ± 0.048;0.520 ± 0.017;0.610 ± 0.033;0.408 ± 0.036
mvtec_loco_AD/screw_bag;20;dinomaly;5;0.615 ± 0.045;0.739 ± 0.029;0.220 ± 0.065;0.138 ± 0.035;0.521 ± 0.035;0.521 ± 0.274;0.355 ± 0.221
mvtec_loco_AD/screw_bag;20;galad;5;0.627 ± 0.021;0.769 ± 0.007;0.248 ± 0.015;0.192 ± 0.015;0.719 ± 0.005;0.873 ± 0.009;0.649 ± 0.035
mvtec_loco_AD/screw_bag;20;padim;5;0.458 ± 0.079;0.649 ± 0.075;0.144 ± 0.117;0.107 ± 0.100;0.314 ± 0.016;0.408 ± 0.150;0.134 ± 0.095
mvtec_loco_AD/screw_bag;20;patchcore;5;0.664 ± 0.025;0.787 ± 0.036;0.288 ± 0.105;0.198 ± 0.088;0.619 ± 0.005;0.740 ± 0.020;0.526 ± 0.033
mvtec_loco_AD/screw_bag;20;reverse_distillation;5;0.498 ± 0.029;0.677 ± 0.024;0.156 ± 0.041;0.097 ± 0.034;0.501 ± 0.007;0.570 ± 0.016;0.376 ± 0.017
mvtec_loco_AD/screw_bag;50;dinomaly;5;0.604 ± 0.035;0.728 ± 0.027;0.212 ± 0.041;0.125 ± 0.031;0.468 ± 0.049;0.458 ± 0.217;0.275 ± 0.201
mvtec_loco_AD/screw_bag;50;galad;5;0.623 ± 0.014;0.771 ± 0.007;0.264 ± 0.024;0.211 ± 0.018;0.722 ± 0.006;0.874 ± 0.006;0.649 ± 0.030
mvtec_loco_AD/screw_bag;50;padim;5;0.488 ± 0.080;0.661 ± 0.073;0.152 ± 0.117;0.102 ± 0.096;0.330 ± 0.017;0.331 ± 0.166;0.085 ± 0.074
mvtec_loco_AD/screw_bag;50;patchcore;5;0.647 ± 0.018;0.796 ± 0.011;0.318 ± 0.041;0.238 ± 0.025;0.602 ± 0.010;0.703 ± 0.017;0.496 ± 0.027
mvtec_loco_AD/screw_bag;50;reverse_distillation;5;0.470 ± 0.020;0.648 ± 0.019;0.110 ± 0.024;0.069 ± 0.025;0.477 ± 0.004;0.525 ± 0.011;0.326 ± 0.014
mvtec_loco_AD/splicing_connectors;2;galad;5;0.667 ± 0.043;0.779 ± 0.038;0.285 ± 0.085;0.224 ± 0.081;0.661 ± 0.026;0.883 ± 0.029;0.610 ± 0.091
mvtec_loco_AD/splicing_connectors;2;patchcore;5;0.653 ± 0.046;0.751 ± 0.050;0.235 ± 0.096;0.147 ± 0.084;0.566 ± 0.005;0.574 ± 0.061;0.348 ± 0.019
mvtec_loco_AD/splicing_connectors;2;reverse_distillation;5;0.560 ± 0.043;0.686 ± 0.043;0.179 ± 0.074;0.101 ± 0.056;0.545 ± 0.006;0.889 ± 0.003;0.630 ± 0.019
mvtec_loco_AD/splicing_connectors;5;dinomaly;5;0.758 ± 0.089;0.845 ± 0.083;0.457 ± 0.203;0.380 ± 0.205;0.645 ± 0.030;0.767 ± 0.088;0.467 ± 0.047
mvtec_loco_AD/splicing_connectors;5;galad;5;0.711 ± 0.049;0.814 ± 0.047;0.370 ± 0.119;0.293 ± 0.081;0.695 ± 0.010;0.912 ± 0.003;0.732 ± 0.016
mvtec_loco_AD/splicing_connectors;5;padim;5;0.561 ± 0.018;0.666 ± 0.020;0.134 ± 0.025;0.059 ± 0.018;0.617 ± 0.035;0.546 ± 0.066;0.336 ± 0.058
mvtec_loco_AD/splicing_connectors;5;patchcore;5;0.678 ± 0.030;0.783 ± 0.037;0.319 ± 0.125;0.191 ± 0.067;0.565 ± 0.006;0.502 ± 0.026;0.332 ± 0.028
mvtec_loco_AD/splicing_connectors;5;reverse_distillation;5;0.606 ± 0.022;0.727 ± 0.019;0.239 ± 0.045;0.145 ± 0.037;0.555 ± 0.007;0.891 ± 0.002;0.621 ± 0.034
mvtec_loco_AD/splicing_connectors;10;dinomaly;5;0.674 ± 0.088;0.783 ± 0.073;0.311 ± 0.201;0.252 ± 0.198;0.591 ± 0.044;0.773 ± 0.192;0.504 ± 0.151
mvtec_loco_AD/splicing_connectors;10;galad;5;0.696 ± 0.122;0.807 ± 0.094;0.407 ± 0.174;0.310 ± 0.171;0.687 ± 0.018;0.913 ± 0.003;0.712 ± 0.055
mvtec_loco_AD/splicing_connectors;10;padim;5;0.582 ± 0.021;0.685 ± 0.020;0.143 ± 0.043;0.066 ± 0.024;0.615 ± 0.022;0.603 ± 0.128;0.376 ± 0.089
mvtec_loco_AD/splicing_connectors;10;patchcore;5;0.713 ± 0.006;0.820 ± 0.011;0.367 ± 0.068;0.277 ± 0.063;0.565 ± 0.006;0.439 ± 0.021;0.299 ± 0.017
mvtec_loco_AD/splicing_connectors;10;reverse_distillation;5;0.689 ± 0.021;0.799 ± 0.011;0.352 ± 0.031;0.225 ± 0.069;0.558 ± 0.005;0.891 ± 0.002;0.605 ± 0.041
mvtec_loco_AD/splicing_connectors;20;dinomaly;5;0.623 ± 0.029;0.736 ± 0.022;0.204 ± 0.048;0.139 ± 0.022;0.585 ± 0.012;0.856 ± 0.089;0.497 ± 0.110
mvtec_loco_AD/splicing_connectors;20;galad;5;0.795 ± 0.020;0.881 ± 0.015;0.536 ± 0.049;0.446 ± 0.024;0.703 ± 0.004;0.913 ± 0.003;0.732 ± 0.013
mvtec_loco_AD/splicing_connectors;20;padim;5;0.592 ± 0.032;0.700 ± 0.029;0.190 ± 0.060;0.108 ± 0.035;0.620 ± 0.022;0.638 ± 0.129;0.400 ± 0.091
mvtec_loco_AD/splicing_connectors;20;patchcore;5;0.723 ± 0.007;0.838 ± 0.004;0.438 ± 0.021;0.356 ± 0.060;0.567 ± 0.002;0.406 ± 0.021;0.290 ± 0.023
mvtec_loco_AD/splicing_connectors;20;reverse_distillation;5;0.708 ± 0.018;0.823 ± 0.016;0.413 ± 0.034;0.310 ± 0.079;0.560 ± 0.002;0.890 ± 0.001;0.592 ± 0.014
mvtec_loco_AD/splicing_connectors;50;dinomaly;5;0.716 ± 0.102;0.814 ± 0.088;0.404 ± 0.219;0.312 ± 0.235;0.619 ± 0.033;0.784 ± 0.183;0.492 ± 0.131
mvtec_loco_AD/splicing_connectors;50;galad;5;0.811 ± 0.010;0.890 ± 0.006;0.553 ± 0.023;0.458 ± 0.029;0.699 ± 0.002;0.912 ± 0.001;0.744 ± 0.011
mvtec_loco_AD/splicing_connectors;50;padim;5;0.620 ± 0.044;0.735 ± 0.027;0.216 ± 0.032;0.150 ± 0.033;0.629 ± 0.014;0.731 ± 0.123;0.448 ± 0.090
mvtec_loco_AD/splicing_connectors;50;patchcore;5;0.737 ± 0.005;0.848 ± 0.003;0.464 ± 0.022;0.367 ± 0.017;0.568 ± 0.003;0.372 ± 0.015;0.268 ± 0.030
mvtec_loco_AD/splicing_connectors;50;reverse_distillation;5;0.753 ± 0.008;0.856 ± 0.023;0.527 ± 0.043;0.393 ± 0.158;0.560 ± 0.008;0.890 ± 0.001;0.596 ± 0.030
